user_id,acquisition_channel,risk_profile,city_tier,initial_cash_balance,visits_lifetime,visits_90d,content_views,buys_lifetime,buys_90d,aum,days_since_last_visit,churned_next_90d
1,referral,aggressive,T3+,79146.96,1,0,0,0,0,0.0,91,0
2,referral,balanced,T2,8201.97,9,5,2,0,0,0.0,26,0
4,referral,aggressive,T1,13110.98,6,0,5,0,0,0.0,109,1
5,bank_partner,cautious,T1,3423.82,1,0,0,0,0,0.0,149,1
6,bank_partner,cautious,T2,3420.07,1,0,0,0,0,0.0,179,0
7,referral,balanced,T1,4670.83,4,1,0,0,0,0.0,74,1
8,organic,cautious,T2,4413.8,3,1,1,0,0,0.0,73,1
9,bank_partner,aggressive,T3+,8118.29,4,0,2,0,0,0.0,196,1
10,paid_search,balanced,T1,985.05,1,0,1,0,0,0.0,175,1
11,organic,balanced,T2,76058.26,4,0,1,0,0,0.0,202,0
12,social,cautious,T2,5703.54,3,2,2,0,0,0.0,16,1
13,paid_search,cautious,T1,27424.31,1,1,0,0,0,0.0,78,1
15,paid_search,balanced,T2,19772.8,3,0,1,0,0,0.0,296,1
16,referral,aggressive,T1,69495.39,4,2,0,0,0,0.0,12,0
17,social,balanced,T3+,10811.07,2,0,1,0,0,0.0,164,1
18,paid_search,balanced,T1,24350.04,6,0,2,5,0,16458.71,170,0
19,paid_search,balanced,T2,29983.28,3,0,1,0,0,0.0,187,1
20,referral,balanced,T2,16406.24,8,4,3,2,0,7228.38,3,0
21,organic,cautious,T3+,3186.78,1,0,0,0,0,0.0,96,1
24,paid_search,balanced,T2,3258.86,1,0,1,0,0,0.0,314,1
27,paid_search,cautious,T3+,12026.69,6,0,4,2,0,7266.379999999999,154,0
28,paid_search,balanced,T1,7320.72,3,0,0,0,0,0.0,113,0
29,organic,cautious,T1,115952.65,2,0,1,0,0,0.0,187,1
31,organic,cautious,T1,3629.75,1,1,0,0,0,0.0,86,1
34,organic,cautious,T3+,2578.8,3,0,1,0,0,0.0,283,1
35,organic,cautious,T3+,7072.32,4,0,1,0,0,0.0,137,1
36,organic,balanced,T3+,1661.14,2,0,1,0,0,0.0,179,1
37,social,balanced,T2,11212.22,3,2,3,0,0,0.0,73,1
38,organic,cautious,T3+,9791.19,9,9,3,2,2,4109.45,32,0
39,referral,balanced,T2,7967.09,5,3,1,0,0,0.0,4,1
40,paid_search,balanced,T3+,5729.06,4,0,1,0,0,0.0,281,1
41,paid_search,balanced,T2,5451.52,1,1,0,0,0,0.0,84,1
42,referral,cautious,T1,11235.45,4,0,0,0,0,0.0,172,1
43,paid_search,aggressive,T1,20109.7,3,0,2,0,0,0.0,94,0
44,organic,cautious,T3+,16732.1,4,1,1,0,0,0.0,46,0
46,social,cautious,T2,6896.7,4,1,1,0,0,0.0,54,1
48,organic,balanced,T2,109811.11,2,0,2,0,0,0.0,297,1
49,paid_search,balanced,T2,9124.36,0,0,0,0,0,0.0,292,1
50,organic,balanced,T3+,7623.46,5,0,3,0,0,0.0,174,1
51,bank_partner,cautious,T1,9796.56,4,0,3,0,0,0.0,131,1
52,bank_partner,aggressive,T2,26414.03,3,1,2,0,0,0.0,80,1
53,referral,aggressive,T3+,48718.65,0,0,0,0,0,0.0,181,1
54,organic,cautious,T2,5218.33,2,0,2,0,0,0.0,175,1
55,organic,aggressive,T2,7865.09,4,0,2,2,0,1969.7400000000002,214,1
56,paid_search,balanced,T2,3081.79,4,0,0,0,0,0.0,144,1
57,paid_search,cautious,T2,21596.14,2,1,1,0,0,0.0,23,1
58,organic,aggressive,T2,1953.59,5,1,2,0,0,0.0,69,1
59,bank_partner,balanced,T2,6420.23,3,1,0,0,0,0.0,86,1
60,referral,cautious,T2,17988.88,4,4,2,0,0,0.0,8,1
61,bank_partner,balanced,T1,5399.97,5,4,0,0,0,0.0,4,0
63,bank_partner,cautious,T1,6140.64,2,0,2,0,0,0.0,138,1
64,paid_search,cautious,T2,24068.46,1,0,0,0,0,0.0,92,0
65,organic,balanced,T3+,16711.69,9,2,6,4,0,9344.85,18,1
68,bank_partner,balanced,T1,7322.05,3,1,1,0,0,0.0,81,1
69,paid_search,cautious,T2,25557.36,1,0,1,0,0,0.0,274,1
70,bank_partner,aggressive,T2,13315.01,2,1,0,0,0,0.0,69,1
71,referral,balanced,T2,6657.03,2,1,1,0,0,0.0,11,0
72,referral,aggressive,T3+,3354.52,2,0,1,0,0,0.0,297,0
74,referral,cautious,T2,1779.98,1,1,1,0,0,0.0,59,1
76,organic,balanced,T2,5545.43,9,1,6,2,0,1509.3899999999999,44,0
77,paid_search,cautious,T2,14911.29,2,0,1,0,0,0.0,116,1
78,organic,cautious,T2,1822.8,8,2,2,1,0,359.23,48,0
79,paid_search,aggressive,T3+,2831.99,4,2,1,1,0,543.73,1,0
80,organic,balanced,T1,10724.73,2,1,1,0,0,0.0,12,1
81,social,cautious,T1,2182.85,1,0,0,0,0,0.0,311,1
83,social,balanced,T3+,11368.24,1,1,0,0,0,0.0,87,1
84,organic,cautious,T2,4861.1,3,0,1,0,0,0.0,102,1
86,paid_search,balanced,T3+,21135.6,4,0,1,0,0,0.0,141,1
87,social,balanced,T2,909.69,2,0,1,0,0,0.0,303,1
89,referral,aggressive,T2,6897.79,15,1,9,1,0,2473.49,61,1
90,paid_search,balanced,T2,5240.33,13,3,7,3,2,3214.08,20,1
92,organic,cautious,T2,23182.67,1,0,0,0,0,0.0,99,1
94,bank_partner,aggressive,T1,9688.44,11,1,5,2,0,2523.59,35,1
95,social,balanced,T2,8088.4,4,0,1,0,0,0.0,100,1
96,paid_search,balanced,T2,22722.18,4,2,2,0,0,0.0,49,1
97,social,balanced,T2,80216.04,2,0,1,0,0,0.0,155,1
100,paid_search,balanced,T3+,18755.97,3,1,1,0,0,0.0,74,1
101,organic,balanced,T3+,13147.05,4,1,2,0,0,0.0,67,1
102,referral,balanced,T2,15798.24,0,0,0,0,0,0.0,150,1
103,social,cautious,T1,4873.04,0,0,0,0,0,0.0,136,1
104,referral,cautious,T1,2740.3,3,1,1,0,0,0.0,36,1
105,social,balanced,T2,3003.35,1,0,0,0,0,0.0,291,0
107,referral,cautious,T3+,27708.51,1,0,0,0,0,0.0,144,1
108,organic,balanced,T3+,186763.97,7,2,2,0,0,0.0,82,1
109,paid_search,cautious,T3+,8339.99,2,2,2,0,0,0.0,17,0
110,referral,balanced,T1,6842.04,2,1,0,0,0,0.0,54,1
111,social,balanced,T2,6103.18,2,0,0,0,0,0.0,122,1
112,social,balanced,T1,17701.46,1,1,1,0,0,0.0,86,1
114,organic,cautious,T3+,19674.64,8,4,6,2,1,4407.280000000001,0,0
115,referral,aggressive,T3+,9451.58,0,0,0,0,0,0.0,328,1
116,paid_search,cautious,T3+,9451.19,1,0,1,0,0,0.0,103,0
118,organic,balanced,T3+,651.94,4,1,2,0,0,0.0,54,1
120,organic,cautious,T3+,4317.76,4,0,2,0,0,0.0,109,0
121,paid_search,aggressive,T3+,11151.5,3,0,0,0,0,0.0,177,0
122,paid_search,cautious,T2,13842.52,4,0,0,0,0,0.0,210,1
123,social,balanced,T3+,7370.04,3,2,1,0,0,0.0,47,0
124,organic,balanced,T3+,7189.24,1,1,0,0,0,0.0,56,1
125,organic,cautious,T1,13862.46,4,1,0,0,0,0.0,35,1
126,social,aggressive,T1,36623.3,0,0,0,0,0,0.0,131,1
127,paid_search,aggressive,T3+,5102.32,4,0,2,0,0,0.0,163,0
128,paid_search,aggressive,T3+,1519.63,2,1,1,0,0,0.0,25,0
129,paid_search,aggressive,T2,3290.07,1,0,0,0,0,0.0,153,1
130,social,balanced,T3+,12011.2,4,1,0,0,0,0.0,14,1
131,organic,cautious,T1,41304.47,2,0,0,0,0,0.0,152,1
132,organic,balanced,T1,19153.46,4,0,1,0,0,0.0,265,1
133,paid_search,cautious,T1,2339.65,0,0,0,0,0,0.0,178,1
134,social,cautious,T1,36098.21,3,1,0,0,0,0.0,50,1
135,social,aggressive,T1,5623.88,1,0,1,0,0,0.0,236,1
137,organic,balanced,T3+,10561.94,1,0,0,0,0,0.0,106,1
138,bank_partner,balanced,T2,7379.79,4,1,1,0,0,0.0,11,1
139,organic,cautious,T2,4036.47,5,0,2,0,0,0.0,120,1
141,social,balanced,T3+,20505.19,6,0,1,0,0,0.0,105,1
142,paid_search,aggressive,T1,18671.37,0,0,0,0,0,0.0,205,1
143,organic,aggressive,T3+,12200.61,3,0,3,0,0,0.0,118,1
146,paid_search,balanced,T1,5096.5,2,0,1,0,0,0.0,140,1
147,organic,cautious,T1,4653.29,2,0,1,0,0,0.0,104,1
149,paid_search,balanced,T2,10432.67,7,0,0,0,0,0.0,221,1
150,organic,balanced,T2,13794.78,7,2,2,0,0,0.0,19,1
152,social,cautious,T1,6726.03,5,1,1,0,0,0.0,21,1
153,referral,balanced,T3+,24175.86,7,5,2,2,2,4567.82,24,1
154,bank_partner,balanced,T3+,2035.91,1,0,0,0,0,0.0,231,1
156,referral,aggressive,T3+,9762.59,1,0,0,0,0,0.0,235,1
157,referral,balanced,T3+,10580.86,3,0,1,0,0,0.0,126,0
158,referral,cautious,T3+,14076.33,1,1,1,0,0,0.0,11,1
159,paid_search,cautious,T3+,25350.21,3,0,2,0,0,0.0,164,0
160,organic,cautious,T1,7936.46,3,0,0,0,0,0.0,170,1
161,organic,aggressive,T1,59125.43,3,0,0,0,0,0.0,155,1
162,paid_search,cautious,T2,10159.56,1,0,1,0,0,0.0,311,1
165,paid_search,cautious,T2,6839.82,4,0,1,0,0,0.0,229,1
166,social,balanced,T2,33332.36,0,0,0,0,0,0.0,323,1
167,referral,cautious,T1,5008.15,2,0,1,0,0,0.0,101,1
168,organic,balanced,T3+,8610.37,3,1,1,0,0,0.0,15,1
169,referral,balanced,T1,13183.6,9,0,4,1,0,1509.19,95,1
170,referral,aggressive,T3+,27050.02,4,2,2,3,2,12804.300000000001,75,1
173,organic,cautious,T3+,5751.93,4,0,1,0,0,0.0,103,0
175,organic,balanced,T1,13918.53,3,1,0,0,0,0.0,63,1
176,paid_search,cautious,T3+,5301.6,4,1,2,0,0,0.0,90,0
178,paid_search,balanced,T3+,5077.35,6,4,2,0,0,0.0,67,1
181,social,balanced,T3+,580.7,2,0,2,0,0,0.0,174,1
182,referral,cautious,T1,4764.07,2,0,0,0,0,0.0,151,0
184,social,cautious,T3+,45236.84,1,0,0,0,0,0.0,143,1
185,paid_search,cautious,T1,6897.65,2,0,1,0,0,0.0,207,1
187,organic,balanced,T1,8275.32,5,1,2,0,0,0.0,1,1
189,bank_partner,balanced,T1,968.47,4,4,1,0,0,0.0,0,0
190,organic,balanced,T2,5216.06,7,2,4,1,0,1141.47,1,1
192,social,cautious,T1,11679.86,1,1,0,0,0,0.0,80,1
193,organic,balanced,T2,19054.97,0,0,0,0,0,0.0,220,1
194,organic,balanced,T3+,8087.45,2,0,0,0,0,0.0,126,1
195,organic,balanced,T2,13517.44,3,2,1,0,0,0.0,22,0
196,organic,balanced,T2,3755.77,4,1,1,0,0,0.0,16,0
197,organic,balanced,T1,3968.56,0,0,0,0,0,0.0,171,1
198,paid_search,balanced,T3+,29615.94,1,1,0,0,0,0.0,72,1
200,organic,aggressive,T2,17663.04,2,2,1,0,0,0.0,48,0
201,bank_partner,balanced,T3+,1871.53,2,0,0,0,0,0.0,135,1
205,bank_partner,balanced,T2,1441.84,9,0,2,6,2,1591.47,170,1
206,paid_search,aggressive,T2,1001.03,4,2,2,0,0,0.0,50,1
207,organic,balanced,T3+,3038.38,2,0,0,0,0,0.0,274,1
208,organic,cautious,T3+,9695.22,0,0,0,0,0,0.0,296,0
209,paid_search,cautious,T2,22422.14,5,0,3,0,0,0.0,216,1
210,referral,cautious,T2,21542.15,1,0,0,0,0,0.0,235,1
211,referral,cautious,T3+,20446.19,1,0,0,0,0,0.0,91,1
212,organic,balanced,T2,22675.4,0,0,0,0,0,0.0,315,0
214,organic,cautious,T3+,20645.91,1,0,1,0,0,0.0,223,1
215,organic,balanced,T2,77773.18,4,0,2,0,0,0.0,109,0
216,paid_search,cautious,T1,12234.72,9,2,1,0,0,0.0,2,0
217,bank_partner,cautious,T3+,877.75,6,1,0,0,0,0.0,64,1
218,organic,balanced,T1,6475.44,3,1,2,0,0,0.0,16,0
219,social,balanced,T2,5354.68,0,0,0,0,0,0.0,236,0
220,organic,aggressive,T2,16567.53,6,0,2,3,0,8846.130000000001,156,1
224,paid_search,aggressive,T2,25875.67,10,1,6,0,0,0.0,83,1
225,paid_search,balanced,T3+,9809.44,0,0,0,0,0,0.0,95,0
226,paid_search,aggressive,T1,6942.79,2,0,1,0,0,0.0,221,1
227,bank_partner,balanced,T2,6260.01,5,0,1,0,0,0.0,110,0
228,organic,cautious,T3+,8742.08,3,0,1,0,0,0.0,155,0
229,organic,aggressive,T1,3922.46,2,0,1,0,0,0.0,129,1
230,referral,balanced,T1,10121.13,1,0,0,0,0,0.0,134,1
231,referral,balanced,T2,20253.92,2,1,1,0,0,0.0,49,1
232,paid_search,aggressive,T2,6527.78,3,2,1,0,0,0.0,7,1
233,referral,balanced,T2,7136.73,3,0,0,0,0,0.0,129,1
234,organic,balanced,T2,12252.99,1,0,0,0,0,0.0,259,1
236,paid_search,aggressive,T2,8646.2,1,0,0,0,0,0.0,183,1
237,organic,balanced,T2,27861.65,0,0,0,0,0,0.0,188,1
239,social,balanced,T2,42738.89,3,0,1,0,0,0.0,139,1
240,organic,cautious,T1,12297.05,3,0,1,0,0,0.0,126,1
241,referral,cautious,T2,38585.68,7,3,5,2,1,13150.560000000001,53,1
242,organic,balanced,T2,32397.2,7,0,3,1,0,6371.35,98,0
243,paid_search,aggressive,T2,1209.17,5,0,0,0,0,0.0,145,1
244,organic,aggressive,T1,13381.49,3,2,2,0,0,0.0,74,0
245,organic,aggressive,T2,8948.23,2,0,0,0,0,0.0,91,1
247,referral,cautious,T3+,9054.27,1,0,0,0,0,0.0,175,0
248,paid_search,balanced,T2,7568.48,1,0,1,0,0,0.0,181,1
250,bank_partner,balanced,T1,10268.42,2,0,0,0,0,0.0,248,1
251,paid_search,aggressive,T3+,3954.93,1,0,0,0,0,0.0,116,1
252,organic,cautious,T2,1684.43,5,1,2,0,0,0.0,21,0
253,organic,cautious,T3+,5442.14,3,1,1,0,0,0.0,89,1
256,paid_search,balanced,T3+,8580.7,4,2,2,0,0,0.0,42,0
257,social,cautious,T3+,6917.56,2,0,0,0,0,0.0,262,1
260,organic,cautious,T2,7781.13,0,0,0,0,0,0.0,358,1
261,organic,cautious,T1,1817.17,3,0,1,0,0,0.0,275,1
262,referral,aggressive,T2,21532.31,1,1,0,0,0,0.0,65,0
263,bank_partner,balanced,T3+,39132.63,8,1,3,0,0,0.0,77,1
264,organic,cautious,T1,5353.75,5,3,0,0,0,0.0,57,1
265,bank_partner,balanced,T2,6795.91,1,0,0,0,0,0.0,261,1
266,social,cautious,T1,14463.05,2,2,2,0,0,0.0,47,1
267,organic,balanced,T1,10258.92,2,0,0,0,0,0.0,229,1
268,bank_partner,balanced,T2,29028.92,1,0,0,0,0,0.0,124,0
270,paid_search,balanced,T3+,11012.54,1,0,0,0,0,0.0,107,1
271,paid_search,aggressive,T1,27958.58,1,0,0,0,0,0.0,326,1
272,bank_partner,cautious,T2,4460.97,2,2,2,0,0,0.0,63,0
275,referral,cautious,T3+,25933.55,5,4,2,0,0,0.0,27,0
276,social,balanced,T1,17177.48,2,0,1,0,0,0.0,116,1
277,paid_search,balanced,T1,4670.78,4,1,2,0,0,0.0,63,1
278,referral,balanced,T2,13081.34,2,0,0,0,0,0.0,238,1
279,bank_partner,cautious,T2,7034.85,1,1,0,0,0,0.0,41,0
280,referral,aggressive,T2,11111.52,8,1,3,0,0,0.0,82,1
281,social,cautious,T1,7935.65,7,0,4,0,0,0.0,134,1
282,organic,aggressive,T2,2642.27,3,3,2,0,0,0.0,49,1
283,referral,balanced,T1,18681.24,1,0,0,0,0,0.0,165,1
284,paid_search,balanced,T1,7581.93,10,3,5,1,0,1322.28,15,0
285,bank_partner,cautious,T2,6768.9,2,0,1,0,0,0.0,94,1
286,organic,balanced,T2,42792.86,5,1,3,0,0,0.0,47,0
287,organic,balanced,T2,3944.49,2,0,1,0,0,0.0,206,1
288,referral,cautious,T1,2398.58,1,0,1,0,0,0.0,106,1
289,social,cautious,T1,3668.17,6,0,3,0,0,0.0,160,1
290,organic,balanced,T3+,30121.99,3,0,1,0,0,0.0,132,0
291,referral,balanced,T1,21317.9,5,0,1,0,0,0.0,91,0
292,organic,cautious,T2,16264.89,0,0,0,0,0,0.0,168,0
294,referral,cautious,T1,2398.17,2,0,0,0,0,0.0,96,1
295,social,cautious,T1,9652.14,11,3,5,1,0,1726.83,20,1
296,social,aggressive,T1,20965.82,3,0,2,0,0,0.0,232,1
297,organic,cautious,T3+,1466.01,10,10,6,2,2,310.53999999999996,38,0
298,organic,aggressive,T2,19222.28,5,0,1,0,0,0.0,178,1
299,organic,balanced,T2,33116.0,0,0,0,0,0,0.0,117,1
300,organic,balanced,T1,2335.07,0,0,0,0,0,0.0,228,1
301,organic,cautious,T1,8915.8,2,1,1,0,0,0.0,41,1
303,organic,balanced,T1,19030.82,2,0,0,0,0,0.0,151,1
305,referral,aggressive,T2,33898.69,4,0,3,0,0,0.0,193,1
306,paid_search,balanced,T3+,3568.77,5,0,1,0,0,0.0,105,1
307,referral,balanced,T2,3946.33,5,0,0,0,0,0.0,91,0
308,organic,aggressive,T1,7879.61,4,4,1,0,0,0.0,14,0
309,paid_search,cautious,T1,5468.18,1,1,1,0,0,0.0,84,1
310,referral,cautious,T3+,12455.26,7,0,4,3,0,5074.22,106,1
311,organic,balanced,T1,14948.97,2,0,0,0,0,0.0,144,1
314,organic,balanced,T1,24831.82,7,2,4,0,0,0.0,54,0
315,organic,aggressive,T3+,18197.9,2,2,2,0,0,0.0,79,0
316,bank_partner,balanced,T3+,500.0,2,0,0,0,0,0.0,107,0
317,paid_search,cautious,T1,2662.49,4,1,0,0,0,0.0,57,0
318,organic,cautious,T1,3279.11,3,0,1,0,0,0.0,169,1
319,organic,cautious,T1,28062.81,9,0,4,2,0,15021.67,91,0
320,organic,cautious,T1,33566.9,11,1,4,0,0,0.0,51,1
321,paid_search,balanced,T3+,13011.68,6,3,0,0,0,0.0,11,1
322,referral,cautious,T1,31879.21,3,0,3,0,0,0.0,302,1
323,paid_search,balanced,T1,3308.71,4,1,1,0,0,0.0,47,1
324,bank_partner,balanced,T2,9827.33,4,0,2,0,0,0.0,120,1
325,bank_partner,cautious,T2,7162.33,6,4,2,0,0,0.0,12,0
326,organic,cautious,T2,53690.21,0,0,0,0,0,0.0,257,1
330,paid_search,cautious,T3+,23634.04,3,0,1,0,0,0.0,97,1
332,social,cautious,T2,6715.86,2,2,0,0,0,0.0,14,1
334,paid_search,balanced,T2,136956.53,1,0,0,0,0,0.0,166,1
335,paid_search,aggressive,T2,6859.57,3,0,1,0,0,0.0,137,1
337,bank_partner,cautious,T3+,10857.32,2,2,1,0,0,0.0,6,0
338,social,balanced,T2,9065.43,3,2,2,0,0,0.0,57,0
339,paid_search,balanced,T3+,34641.9,4,2,2,0,0,0.0,80,0
341,bank_partner,cautious,T2,6028.95,2,0,1,0,0,0.0,177,1
342,paid_search,balanced,T1,20201.39,3,1,1,0,0,0.0,77,1
343,social,balanced,T3+,37953.37,11,1,2,2,0,14534.94,17,1
344,bank_partner,balanced,T1,15126.98,1,0,0,0,0,0.0,257,0
346,organic,cautious,T2,2832.34,3,0,2,0,0,0.0,185,1
347,social,cautious,T1,3841.48,2,1,1,0,0,0.0,66,1
348,paid_search,balanced,T3+,34723.14,1,0,0,0,0,0.0,294,1
353,paid_search,cautious,T1,12859.87,3,2,1,0,0,0.0,74,0
354,bank_partner,cautious,T3+,9946.89,4,0,1,0,0,0.0,151,1
356,organic,balanced,T3+,4974.17,4,0,1,0,0,0.0,135,1
357,bank_partner,aggressive,T3+,1797.01,1,0,0,0,0,0.0,326,1
358,bank_partner,aggressive,T1,24351.07,0,0,0,0,0,0.0,208,1
359,referral,balanced,T1,4072.49,1,1,0,0,0,0.0,0,1
360,paid_search,cautious,T2,1444.27,2,0,2,0,0,0.0,107,0
361,paid_search,aggressive,T1,2879.64,1,1,0,0,0,0.0,65,1
362,referral,aggressive,T2,156037.66,2,0,1,0,0,0.0,113,1
363,organic,cautious,T1,12550.53,3,1,0,0,0,0.0,24,1
366,organic,balanced,T2,678.18,1,0,1,0,0,0.0,92,0
367,referral,aggressive,T3+,9272.73,4,0,1,0,0,0.0,108,1
368,referral,balanced,T2,60152.93,6,2,1,0,0,0.0,1,0
369,organic,cautious,T3+,8866.02,0,0,0,0,0,0.0,116,0
370,organic,cautious,T3+,23584.63,6,2,1,0,0,0.0,8,1
372,organic,cautious,T3+,2590.04,5,1,5,1,0,684.23,0,1
373,social,balanced,T2,6778.47,4,2,0,0,0,0.0,89,0
374,social,balanced,T1,6159.97,3,1,2,0,0,0.0,80,1
376,social,balanced,T1,3315.2,5,2,0,0,0,0.0,55,0
378,social,balanced,T3+,4327.22,1,0,0,0,0,0.0,209,1
379,organic,balanced,T3+,8748.61,0,0,0,0,0,0.0,113,0
380,organic,cautious,T3+,80829.98,10,6,3,1,1,22687.8,43,0
381,social,balanced,T3+,7632.36,3,0,0,0,0,0.0,241,1
382,paid_search,balanced,T2,19635.25,3,0,1,0,0,0.0,121,1
384,social,balanced,T1,11468.78,3,0,3,0,0,0.0,140,1
385,paid_search,balanced,T1,1672.66,0,0,0,0,0,0.0,143,1
386,bank_partner,balanced,T3+,12519.56,8,0,4,0,0,0.0,162,0
388,paid_search,balanced,T1,18400.29,2,2,2,0,0,0.0,47,0
389,social,cautious,T1,7736.15,2,0,2,0,0,0.0,94,0
390,referral,balanced,T1,19442.13,0,0,0,0,0,0.0,339,1
391,paid_search,balanced,T2,7155.0,3,1,1,0,0,0.0,43,1
392,social,balanced,T1,8322.07,10,0,5,1,0,2777.08,95,1
393,paid_search,balanced,T2,15921.67,1,0,0,0,0,0.0,209,1
394,paid_search,cautious,T1,3511.08,4,0,1,0,0,0.0,276,1
396,organic,cautious,T2,10221.16,17,1,13,2,1,2841.96,86,1
397,organic,aggressive,T2,1064.08,0,0,0,0,0,0.0,245,0
398,bank_partner,aggressive,T2,34427.5,3,0,1,0,0,0.0,137,1
399,organic,cautious,T1,501.27,1,0,1,0,0,0.0,259,0
400,social,cautious,T2,8292.77,2,0,0,0,0,0.0,155,1
401,paid_search,cautious,T2,2129.58,8,2,3,2,1,838.5,47,0
402,paid_search,balanced,T3+,1748.22,5,0,2,0,0,0.0,288,1
403,organic,balanced,T2,20507.16,1,1,1,0,0,0.0,61,1
404,organic,balanced,T1,13404.5,1,0,1,0,0,0.0,301,1
405,paid_search,cautious,T2,22466.02,1,0,0,0,0,0.0,112,1
406,organic,cautious,T2,8898.25,2,1,1,0,0,0.0,51,0
407,organic,balanced,T1,8995.7,5,1,2,0,0,0.0,32,1
408,organic,balanced,T3+,3018.88,3,0,2,0,0,0.0,144,1
409,organic,cautious,T3+,66336.65,6,1,1,0,0,0.0,84,0
411,social,balanced,T2,54962.8,3,0,2,0,0,0.0,142,1
413,organic,balanced,T2,4624.63,7,0,0,0,0,0.0,201,1
416,paid_search,aggressive,T2,10005.7,0,0,0,0,0,0.0,192,0
417,referral,aggressive,T3+,1939.73,1,0,0,0,0,0.0,184,1
418,paid_search,balanced,T2,96292.99,3,1,0,2,0,19993.82,29,1
420,bank_partner,balanced,T1,16015.61,1,0,0,0,0,0.0,130,1
421,paid_search,cautious,T2,17177.99,3,1,2,0,0,0.0,50,1
422,social,cautious,T1,12425.65,5,0,1,0,0,0.0,103,1
425,paid_search,balanced,T3+,1398.19,3,0,1,0,0,0.0,98,1
426,paid_search,balanced,T3+,5797.85,0,0,0,0,0,0.0,236,1
427,organic,cautious,T2,19642.74,5,1,1,0,0,0.0,88,1
428,organic,balanced,T1,9188.35,1,0,0,0,0,0.0,144,1
429,organic,balanced,T3+,7255.45,7,1,3,0,0,0.0,65,0
430,social,balanced,T1,17497.18,0,0,0,0,0,0.0,140,1
433,social,aggressive,T1,29677.28,1,0,0,0,0,0.0,100,0
435,paid_search,balanced,T2,7951.35,0,0,0,0,0,0.0,137,1
436,organic,balanced,T3+,6744.6,4,1,2,0,0,0.0,22,1
437,organic,balanced,T2,7121.38,0,0,0,0,0,0.0,135,1
439,organic,cautious,T1,3421.22,4,2,2,0,0,0.0,27,1
440,referral,balanced,T1,12535.54,4,1,0,0,0,0.0,64,0
442,referral,balanced,T3+,6694.51,3,1,0,0,0,0.0,12,1
443,paid_search,cautious,T2,2654.7,4,0,1,0,0,0.0,210,1
444,social,aggressive,T3+,55077.42,5,0,2,0,0,0.0,103,1
445,paid_search,balanced,T1,2845.42,2,0,0,0,0,0.0,241,0
446,organic,balanced,T3+,27210.02,4,0,1,0,0,0.0,190,0
447,organic,cautious,T3+,1222.2,6,0,3,0,0,0.0,152,1
448,bank_partner,balanced,T2,14970.01,2,2,1,0,0,0.0,14,1
450,referral,balanced,T2,29622.01,2,2,1,0,0,0.0,48,0
451,social,aggressive,T3+,4307.7,3,1,1,0,0,0.0,72,1
453,referral,cautious,T2,8345.2,4,0,1,0,0,0.0,126,0
454,paid_search,aggressive,T1,3896.99,4,0,1,0,0,0.0,168,1
456,organic,balanced,T3+,977.68,0,0,0,0,0,0.0,133,0
457,referral,balanced,T2,5661.77,1,1,0,0,0,0.0,35,1
458,organic,aggressive,T1,6125.2,4,4,2,1,1,603.19,4,0
459,organic,balanced,T3+,14705.73,3,0,2,0,0,0.0,195,1
460,paid_search,cautious,T3+,4302.85,2,1,0,0,0,0.0,70,1
462,bank_partner,aggressive,T3+,31084.66,5,1,4,0,0,0.0,30,1
463,organic,balanced,T2,7026.59,6,0,2,4,1,3336.55,148,0
466,paid_search,balanced,T2,1451.2,4,0,1,0,0,0.0,162,0
467,organic,balanced,T3+,30513.92,0,0,0,0,0,0.0,227,1
468,organic,cautious,T2,63824.45,2,1,1,0,0,0.0,39,1
469,social,cautious,T2,38756.15,9,0,3,4,0,16521.19,158,1
470,paid_search,balanced,T2,35274.14,3,0,0,0,0,0.0,164,1
472,organic,balanced,T3+,11568.7,5,5,2,0,0,0.0,56,0
473,referral,aggressive,T2,500.0,3,1,2,0,0,0.0,72,1
475,social,cautious,T3+,4305.85,0,0,0,0,0,0.0,215,1
476,organic,cautious,T2,4211.66,2,0,1,0,0,0.0,174,1
477,organic,cautious,T3+,18983.58,3,0,1,0,0,0.0,192,0
478,referral,cautious,T2,10936.33,4,0,1,0,0,0.0,250,1
480,organic,balanced,T2,20522.99,2,0,0,0,0,0.0,184,0
481,paid_search,balanced,T1,17939.27,0,0,0,0,0,0.0,174,1
482,paid_search,cautious,T2,7146.62,2,1,1,0,0,0.0,11,1
483,social,cautious,T2,2115.92,2,1,1,0,0,0.0,83,1
484,bank_partner,cautious,T3+,2205.96,1,0,0,0,0,0.0,106,1
485,social,cautious,T2,9335.09,2,0,0,0,0,0.0,152,1
486,paid_search,balanced,T2,14940.56,3,1,2,0,0,0.0,44,1
487,social,aggressive,T2,1282.58,1,0,0,0,0,0.0,119,1
488,organic,balanced,T2,5464.57,1,0,0,0,0,0.0,133,1
489,organic,cautious,T2,5720.63,5,0,2,0,0,0.0,110,0
490,organic,cautious,T2,11049.36,7,1,2,4,2,7658.49,33,0
491,organic,aggressive,T2,27061.19,2,0,0,0,0,0.0,154,1
492,referral,balanced,T2,4332.41,0,0,0,0,0,0.0,221,0
493,social,balanced,T1,3200.72,1,0,1,0,0,0.0,221,0
494,bank_partner,balanced,T2,27478.16,7,1,1,0,0,0.0,14,1
496,social,cautious,T3+,24071.42,3,0,2,0,0,0.0,208,1
497,paid_search,balanced,T2,1510.75,5,2,4,3,3,932.35,55,1
498,social,cautious,T1,4846.34,4,2,0,0,0,0.0,9,1
499,paid_search,balanced,T2,3377.34,5,0,3,0,0,0.0,158,1
500,social,balanced,T1,8473.21,2,0,0,0,0,0.0,175,1
501,organic,cautious,T2,2738.01,5,4,4,0,0,0.0,47,1
502,paid_search,balanced,T1,100006.91,9,3,4,3,0,60854.71,14,1
503,bank_partner,aggressive,T2,4081.1,2,0,1,0,0,0.0,155,1
505,paid_search,balanced,T3+,23263.39,2,0,1,0,0,0.0,182,1
507,paid_search,cautious,T2,2982.75,2,1,1,0,0,0.0,20,1
508,bank_partner,balanced,T3+,842.56,2,0,1,0,0,0.0,201,0
510,referral,aggressive,T3+,2420.29,4,0,0,0,0,0.0,206,0
512,paid_search,aggressive,T2,3973.85,12,8,9,1,0,1547.78,33,1
515,referral,balanced,T1,25243.39,3,0,1,0,0,0.0,288,1
516,paid_search,cautious,T3+,44759.1,3,0,0,0,0,0.0,100,1
517,bank_partner,aggressive,T2,4897.94,3,1,0,0,0,0.0,86,1
520,paid_search,cautious,T1,8438.2,3,0,1,0,0,0.0,188,1
521,organic,cautious,T2,2049.95,2,0,2,0,0,0.0,163,1
523,bank_partner,balanced,T3+,4192.5,0,0,0,0,0,0.0,164,1
524,social,aggressive,T2,13870.46,5,1,1,4,1,7952.8,23,0
525,social,cautious,T2,1089.36,3,1,0,0,0,0.0,68,1
526,referral,balanced,T3+,8375.4,6,1,3,0,0,0.0,82,1
528,bank_partner,balanced,T2,5430.53,5,1,3,0,0,0.0,60,0
529,bank_partner,aggressive,T3+,1012.57,4,0,1,0,0,0.0,204,0
530,organic,balanced,T3+,2957.4,1,0,0,0,0,0.0,167,1
531,bank_partner,balanced,T2,16836.17,2,2,0,0,0,0.0,32,0
532,bank_partner,balanced,T1,55690.72,0,0,0,0,0,0.0,126,0
533,social,balanced,T3+,5308.43,4,0,2,0,0,0.0,142,1
535,bank_partner,balanced,T3+,18214.28,1,0,0,0,0,0.0,172,0
539,paid_search,balanced,T2,1127.39,1,1,1,0,0,0.0,89,1
541,organic,balanced,T2,2982.75,5,2,3,0,0,0.0,62,0
542,social,cautious,T3+,46142.24,3,0,0,0,0,0.0,170,1
543,paid_search,cautious,T3+,3526.3,5,0,1,0,0,0.0,91,1
544,organic,aggressive,T3+,4767.28,2,0,0,0,0,0.0,312,1
545,organic,aggressive,T2,14990.19,4,0,1,0,0,0.0,182,1
547,organic,cautious,T3+,40121.5,1,1,0,0,0,0.0,58,1
548,organic,cautious,T3+,14368.98,1,0,0,0,0,0.0,98,1
550,paid_search,balanced,T1,4263.13,6,2,1,0,0,0.0,39,0
552,paid_search,balanced,T2,17279.86,3,0,1,0,0,0.0,122,0
554,paid_search,aggressive,T3+,25715.83,3,3,0,0,0,0.0,62,0
555,social,cautious,T2,10473.52,6,0,2,0,0,0.0,150,1
556,organic,balanced,T2,2664.38,0,0,0,0,0,0.0,348,1
557,referral,cautious,T3+,38927.8,1,0,0,0,0,0.0,117,1
560,organic,cautious,T2,9403.9,4,0,1,0,0,0.0,250,1
561,referral,balanced,T2,2567.68,2,0,1,0,0,0.0,118,1
562,organic,balanced,T1,4535.27,2,0,2,0,0,0.0,131,1
563,referral,cautious,T2,3482.74,4,0,3,0,0,0.0,247,1
566,paid_search,cautious,T2,4194.13,3,1,0,0,0,0.0,76,0
569,social,cautious,T1,3902.4,3,1,2,0,0,0.0,74,1
570,organic,cautious,T3+,34559.31,5,3,2,2,2,6980.1,32,0
571,organic,balanced,T2,10284.36,2,0,1,1,0,3458.0,160,1
572,referral,balanced,T2,12475.51,0,0,0,0,0,0.0,280,1
573,referral,balanced,T1,1543.88,6,0,2,3,0,706.76,114,0
574,social,cautious,T1,31404.98,3,1,1,0,0,0.0,45,1
575,paid_search,balanced,T1,15315.66,6,3,2,0,0,0.0,60,0
577,organic,balanced,T1,3017.81,2,0,1,0,0,0.0,96,1
578,social,cautious,T1,12434.4,1,0,1,0,0,0.0,219,1
579,bank_partner,balanced,T3+,3978.63,4,0,2,0,0,0.0,283,0
580,social,aggressive,T3+,3316.7,0,0,0,0,0,0.0,243,0
583,paid_search,cautious,T1,7348.62,1,0,1,0,0,0.0,294,1
584,social,balanced,T2,12118.19,2,1,0,0,0,0.0,71,1
585,organic,cautious,T3+,20900.03,3,1,2,0,0,0.0,85,0
586,paid_search,balanced,T2,5486.86,2,1,1,0,0,0.0,78,0
587,paid_search,aggressive,T1,34539.51,1,1,0,0,0,0.0,67,1
588,social,cautious,T2,6262.69,1,0,0,0,0,0.0,93,0
589,referral,cautious,T2,4187.98,2,0,1,0,0,0.0,209,1
590,paid_search,cautious,T1,12438.09,1,0,0,0,0,0.0,170,1
591,organic,aggressive,T1,12740.48,8,0,5,3,0,5679.200000000001,139,1
592,paid_search,balanced,T3+,1616.53,3,0,1,0,0,0.0,195,1
593,social,cautious,T2,3749.89,5,0,2,0,0,0.0,157,1
594,referral,balanced,T2,5277.45,8,0,5,0,0,0.0,95,1
595,referral,balanced,T3+,2113.48,3,2,1,0,0,0.0,39,1
596,referral,aggressive,T3+,10727.42,4,0,0,0,0,0.0,95,1
597,organic,balanced,T2,27558.22,10,1,5,4,1,18394.68,67,1
598,bank_partner,aggressive,T1,13516.08,2,0,0,0,0,0.0,325,1
599,referral,cautious,T2,21636.92,7,5,5,2,1,5715.139999999999,5,0
600,organic,balanced,T3+,187627.55,4,0,1,0,0,0.0,100,1
602,social,cautious,T1,14545.38,3,0,1,0,0,0.0,112,1
603,paid_search,aggressive,T1,7061.9,2,0,0,0,0,0.0,226,1
605,bank_partner,balanced,T1,91917.91,2,1,1,0,0,0.0,62,1
607,referral,balanced,T3+,41892.61,3,3,1,0,0,0.0,50,0
608,bank_partner,balanced,T2,25844.51,1,0,0,0,0,0.0,237,1
610,social,aggressive,T3+,2270.32,1,0,0,0,0,0.0,103,0
611,referral,cautious,T3+,10345.46,4,0,1,0,0,0.0,106,1
614,paid_search,balanced,T1,40892.94,0,0,0,0,0,0.0,336,1
615,social,aggressive,T3+,7873.65,2,0,0,0,0,0.0,191,1
616,referral,balanced,T2,4880.74,3,0,1,0,0,0.0,338,1
618,paid_search,aggressive,T3+,72060.7,1,1,0,0,0,0.0,78,1
619,organic,balanced,T3+,11961.34,0,0,0,0,0,0.0,131,1
620,paid_search,balanced,T3+,6481.87,2,0,1,0,0,0.0,116,1
621,paid_search,balanced,T2,22849.14,3,0,0,0,0,0.0,269,1
622,organic,balanced,T1,25031.78,3,1,3,0,0,0.0,50,1
626,social,balanced,T1,31560.9,3,1,2,0,0,0.0,62,1
630,referral,balanced,T3+,1182.23,3,2,2,0,0,0.0,42,1
634,referral,aggressive,T2,5940.05,1,1,0,0,0,0.0,20,1
635,organic,balanced,T2,1679.72,1,0,0,0,0,0.0,214,1
636,social,aggressive,T2,22524.88,2,0,1,0,0,0.0,197,0
637,bank_partner,balanced,T3+,73725.24,12,0,8,1,0,27219.95,91,1
638,paid_search,balanced,T3+,31191.99,2,1,1,0,0,0.0,30,1
639,referral,balanced,T3+,5073.76,1,0,0,0,0,0.0,277,1
640,organic,balanced,T1,4974.36,1,0,0,0,0,0.0,286,1
641,referral,balanced,T2,9318.11,5,0,2,0,0,0.0,230,1
642,organic,balanced,T2,3425.94,3,0,0,0,0,0.0,100,1
643,paid_search,cautious,T1,5925.67,4,0,2,0,0,0.0,189,1
645,organic,cautious,T3+,9271.44,1,1,0,0,0,0.0,58,1
646,paid_search,balanced,T3+,2406.95,5,2,1,2,1,766.8199999999999,7,1
647,organic,cautious,T2,2228.8,13,12,6,2,2,432.8,7,0
648,paid_search,cautious,T1,6107.17,1,0,1,0,0,0.0,101,1
649,referral,balanced,T2,8705.9,4,1,2,0,0,0.0,9,1
650,organic,cautious,T2,1542.45,3,0,0,0,0,0.0,138,0
651,social,aggressive,T3+,4220.81,3,0,1,0,0,0.0,261,1
652,paid_search,aggressive,T1,22012.99,1,1,1,0,0,0.0,88,1
653,paid_search,aggressive,T1,21534.09,2,0,0,0,0,0.0,261,1
654,paid_search,aggressive,T2,13634.13,8,3,0,0,0,0.0,20,0
655,organic,cautious,T2,43908.36,6,0,5,0,0,0.0,123,0
657,organic,balanced,T3+,22912.24,3,0,2,0,0,0.0,117,1
658,social,cautious,T1,8414.51,6,1,2,0,0,0.0,48,0
659,paid_search,cautious,T2,20354.36,0,0,0,0,0,0.0,348,1
660,social,balanced,T1,12723.37,4,0,1,0,0,0.0,148,0
662,social,aggressive,T1,4682.91,2,1,0,0,0,0.0,83,0
663,social,cautious,T2,13010.47,3,0,0,0,0,0.0,207,1
664,referral,balanced,T1,10357.97,16,3,7,4,2,4970.21,41,0
665,paid_search,balanced,T1,10021.22,8,0,2,0,0,0.0,91,1
666,referral,cautious,T2,1759.01,0,0,0,0,0,0.0,350,1
668,paid_search,aggressive,T2,638.91,3,2,1,0,0,0.0,33,1
669,paid_search,aggressive,T2,6778.8,6,4,1,0,0,0.0,22,0
670,organic,balanced,T1,1506.98,1,0,1,0,0,0.0,265,1
671,referral,balanced,T1,32039.61,5,1,0,0,0,0.0,6,1
672,organic,aggressive,T1,37500.49,4,1,1,0,0,0.0,59,1
673,organic,balanced,T3+,23959.36,2,0,1,0,0,0.0,130,1
674,bank_partner,aggressive,T1,7077.88,3,1,1,0,0,0.0,85,1
675,paid_search,aggressive,T3+,2258.74,2,1,0,0,0,0.0,86,1
676,bank_partner,cautious,T2,7130.01,3,0,0,0,0,0.0,308,1
678,social,cautious,T1,21409.8,0,0,0,0,0,0.0,143,1
679,organic,balanced,T3+,13979.8,3,2,3,0,0,0.0,61,0
680,referral,aggressive,T1,11789.18,8,3,6,2,0,4079.48,9,0
681,paid_search,balanced,T2,1985.53,0,0,0,0,0,0.0,131,0
683,bank_partner,aggressive,T3+,12815.96,5,1,3,0,0,0.0,56,1
686,social,cautious,T2,1128.29,4,0,0,0,0,0.0,295,1
687,organic,cautious,T2,2692.39,1,0,0,0,0,0.0,123,0
688,paid_search,cautious,T2,28187.97,5,3,1,0,0,0.0,31,0
689,paid_search,cautious,T2,6027.78,8,1,2,0,0,0.0,75,0
690,social,aggressive,T2,17522.94,0,0,0,0,0,0.0,93,1
691,referral,cautious,T3+,9086.32,4,0,1,0,0,0.0,213,0
692,paid_search,balanced,T3+,29776.86,3,2,0,0,0,0.0,84,1
693,paid_search,cautious,T2,13524.9,5,0,0,0,0,0.0,133,1
694,organic,cautious,T2,34023.42,11,1,6,2,0,13450.69,25,0
695,referral,aggressive,T2,12026.64,5,1,2,0,0,0.0,16,1
696,referral,cautious,T3+,1921.16,1,1,0,0,0,0.0,89,1
697,bank_partner,cautious,T3+,51113.74,8,5,5,3,2,23610.03,52,0
698,organic,balanced,T1,12695.7,0,0,0,0,0,0.0,111,0
700,referral,cautious,T2,2897.83,3,0,0,0,0,0.0,268,1
702,social,balanced,T2,21342.19,2,1,1,0,0,0.0,74,1
704,paid_search,balanced,T3+,4856.03,3,0,1,0,0,0.0,123,1
705,social,cautious,T2,10210.2,2,0,1,0,0,0.0,184,1
706,organic,balanced,T1,14048.51,2,0,1,0,0,0.0,105,1
708,organic,aggressive,T1,30669.12,1,0,1,0,0,0.0,124,1
709,paid_search,balanced,T2,3439.85,2,0,0,0,0,0.0,125,1
710,social,cautious,T2,62401.75,2,2,0,0,0,0.0,71,0
711,organic,balanced,T3+,17881.79,5,2,2,0,0,0.0,67,0
712,bank_partner,cautious,T1,1750.62,0,0,0,0,0,0.0,270,1
713,paid_search,cautious,T1,10692.54,2,0,1,0,0,0.0,252,1
714,paid_search,aggressive,T3+,4204.88,1,0,0,0,0,0.0,239,1
715,organic,aggressive,T2,1072.77,2,0,1,0,0,0.0,259,1
716,referral,cautious,T2,13050.39,4,1,0,0,0,0.0,21,0
717,bank_partner,cautious,T1,54593.72,1,0,1,0,0,0.0,263,1
718,paid_search,cautious,T2,3363.15,5,0,3,0,0,0.0,235,1
719,organic,balanced,T2,2432.97,4,1,2,1,0,347.87,20,1
720,bank_partner,balanced,T1,19102.63,5,0,3,3,1,10522.449999999999,104,1
721,paid_search,balanced,T1,16279.55,1,0,1,0,0,0.0,159,1
722,bank_partner,balanced,T3+,19483.07,8,3,5,1,0,2538.81,2,1
723,paid_search,aggressive,T3+,15340.75,2,0,0,0,0,0.0,110,1
724,paid_search,cautious,T3+,14423.04,10,6,6,3,1,7771.61,33,1
725,organic,balanced,T3+,13527.03,2,0,1,0,0,0.0,170,1
727,social,aggressive,T3+,2218.27,10,2,3,1,0,564.32,30,1
728,organic,balanced,T1,21047.86,4,0,4,0,0,0.0,130,0
729,organic,balanced,T3+,21172.07,6,2,2,0,0,0.0,64,0
730,social,balanced,T2,3180.17,4,0,0,0,0,0.0,167,0
732,social,aggressive,T2,43046.66,2,0,0,0,0,0.0,218,1
734,organic,balanced,T1,1165.31,3,1,1,0,0,0.0,81,1
736,paid_search,aggressive,T2,14522.0,1,0,1,0,0,0.0,128,1
737,bank_partner,balanced,T1,16804.5,5,0,2,0,0,0.0,126,0
738,bank_partner,balanced,T2,8206.98,3,0,2,0,0,0.0,110,0
739,bank_partner,balanced,T3+,36208.52,1,1,0,0,0,0.0,73,1
741,paid_search,balanced,T1,23557.74,9,2,5,2,0,4133.47,13,1
742,social,aggressive,T1,4903.52,0,0,0,0,0,0.0,341,1
743,referral,balanced,T1,16934.66,8,0,4,3,0,6130.77,178,1
744,organic,balanced,T1,11384.76,0,0,0,0,0,0.0,127,1
745,bank_partner,cautious,T1,37897.41,1,0,1,0,0,0.0,136,1
746,bank_partner,balanced,T1,3619.38,0,0,0,0,0,0.0,151,1
747,social,balanced,T2,3833.12,1,0,0,0,0,0.0,332,1
748,referral,balanced,T3+,15650.4,1,0,0,0,0,0.0,344,0
749,social,cautious,T1,12618.43,7,1,4,2,0,6453.99,26,1
750,paid_search,cautious,T2,39707.54,1,0,0,0,0,0.0,130,0
751,paid_search,balanced,T3+,23572.19,3,0,1,0,0,0.0,255,1
753,bank_partner,cautious,T2,41502.74,3,0,1,0,0,0.0,211,1
755,bank_partner,cautious,T2,7711.42,4,0,3,0,0,0.0,153,1
756,social,aggressive,T1,3858.41,1,0,1,0,0,0.0,163,0
757,paid_search,aggressive,T1,9737.56,1,0,0,0,0,0.0,343,1
758,organic,cautious,T3+,7155.81,1,1,0,0,0,0.0,86,1
759,social,balanced,T2,9756.21,1,0,1,0,0,0.0,140,1
760,social,balanced,T2,22425.04,0,0,0,0,0,0.0,275,1
761,organic,cautious,T2,28275.07,3,0,2,0,0,0.0,139,1
762,bank_partner,balanced,T1,6262.89,4,0,2,0,0,0.0,195,1
764,organic,balanced,T3+,1312.62,4,1,1,0,0,0.0,35,1
765,organic,cautious,T3+,17220.16,4,1,2,0,0,0.0,81,1
766,referral,balanced,T3+,16990.93,2,0,1,0,0,0.0,278,1
767,referral,balanced,T3+,12977.24,4,0,1,0,0,0.0,190,1
768,paid_search,balanced,T2,15023.11,4,2,1,0,0,0.0,36,0
769,organic,aggressive,T2,4241.57,1,0,1,0,0,0.0,274,1
770,paid_search,balanced,T3+,13608.05,3,0,2,0,0,0.0,223,1
771,paid_search,cautious,T1,1145.38,0,0,0,0,0,0.0,309,1
772,paid_search,aggressive,T3+,15558.48,1,1,0,0,0,0.0,29,1
774,organic,balanced,T2,18915.03,3,0,1,0,0,0.0,126,1
776,referral,cautious,T3+,18648.44,3,1,1,0,0,0.0,73,1
779,bank_partner,balanced,T3+,5179.9,1,0,0,0,0,0.0,328,1
780,paid_search,cautious,T2,4269.49,8,2,4,0,0,0.0,12,1
781,organic,balanced,T1,8347.73,2,0,1,0,0,0.0,145,1
783,referral,balanced,T2,5571.89,3,1,2,0,0,0.0,50,0
784,paid_search,cautious,T1,13365.58,5,3,2,0,0,0.0,30,1
785,referral,balanced,T1,16746.93,5,1,2,0,0,0.0,5,1
786,organic,balanced,T3+,3491.76,1,0,0,0,0,0.0,92,0
787,organic,balanced,T1,1530.65,1,0,0,0,0,0.0,154,1
788,referral,balanced,T1,4231.22,3,2,1,0,0,0.0,6,1
789,organic,aggressive,T2,15173.92,2,0,1,0,0,0.0,134,1
790,bank_partner,balanced,T1,16010.01,6,0,3,0,0,0.0,173,1
791,social,aggressive,T2,29557.56,1,0,1,0,0,0.0,107,1
792,organic,balanced,T2,30888.8,0,0,0,0,0,0.0,286,1
794,social,aggressive,T3+,42970.39,3,1,0,0,0,0.0,13,1
795,organic,balanced,T1,46444.08,2,0,0,0,0,0.0,137,1
796,organic,cautious,T2,71643.36,0,0,0,0,0,0.0,311,1
798,social,balanced,T1,3089.73,2,2,1,0,0,0.0,82,0
799,social,balanced,T1,11575.76,0,0,0,0,0,0.0,150,1
801,social,balanced,T2,1163.76,4,1,0,0,0,0.0,14,1
802,paid_search,balanced,T1,7521.76,4,0,4,0,0,0.0,218,1
803,paid_search,balanced,T1,3901.51,1,1,0,0,0,0.0,20,1
806,paid_search,cautious,T3+,38934.84,2,0,0,0,0,0.0,196,1
808,social,cautious,T3+,9493.0,3,0,1,0,0,0.0,196,1
809,organic,cautious,T2,12103.21,2,0,0,0,0,0.0,191,1
810,organic,balanced,T1,754.7,4,0,2,0,0,0.0,250,1
811,organic,cautious,T1,2629.33,1,1,0,0,0,0.0,81,1
812,social,balanced,T3+,86243.18,2,0,1,0,0,0.0,119,1
813,social,aggressive,T3+,38417.69,4,0,0,0,0,0.0,196,1
814,paid_search,cautious,T3+,7619.66,3,3,1,0,0,0.0,46,0
815,organic,aggressive,T1,46911.88,4,1,2,0,0,0.0,76,1
816,social,cautious,T1,2631.75,9,5,5,1,0,258.19,24,0
819,organic,balanced,T1,10549.57,4,1,2,0,0,0.0,88,0
820,referral,cautious,T3+,33818.42,11,10,6,2,2,14438.810000000001,6,0
821,social,cautious,T3+,1858.47,1,0,0,0,0,0.0,207,1
822,bank_partner,balanced,T2,1606.35,0,0,0,0,0,0.0,237,1
823,bank_partner,aggressive,T3+,994.48,4,1,2,4,2,586.79,7,1
824,referral,aggressive,T2,3563.88,4,1,2,0,0,0.0,56,0
826,referral,cautious,T1,5548.46,3,0,1,0,0,0.0,176,1
828,organic,aggressive,T1,3196.75,5,2,2,0,0,0.0,19,0
830,bank_partner,aggressive,T3+,751.38,4,2,1,0,0,0.0,64,1
831,referral,cautious,T2,13030.92,2,0,0,0,0,0.0,122,0
832,organic,balanced,T1,3928.87,3,0,1,0,0,0.0,173,1
833,referral,balanced,T2,30936.17,6,1,3,0,0,0.0,37,1
834,organic,balanced,T3+,8575.3,4,0,1,0,0,0.0,111,0
836,organic,balanced,T1,31793.68,3,1,0,0,0,0.0,61,1
837,social,balanced,T2,6551.49,1,0,0,0,0,0.0,150,1
838,organic,balanced,T2,67664.59,6,1,1,2,1,29807.65,4,0
839,organic,balanced,T1,3398.37,2,0,1,0,0,0.0,286,1
840,bank_partner,balanced,T3+,12216.89,1,0,0,0,0,0.0,250,0
842,organic,balanced,T1,5016.15,2,1,0,0,0,0.0,63,1
843,paid_search,balanced,T1,1127.55,1,0,0,0,0,0.0,353,1
844,bank_partner,cautious,T3+,14211.79,6,1,1,0,0,0.0,24,1
845,organic,cautious,T3+,10194.08,3,0,0,0,0,0.0,110,1
847,organic,cautious,T3+,2110.19,1,0,1,0,0,0.0,133,1
848,social,balanced,T2,2595.39,4,0,1,0,0,0.0,229,0
849,organic,aggressive,T1,69916.29,1,1,1,0,0,0.0,37,1
850,bank_partner,aggressive,T1,4192.17,6,1,2,0,0,0.0,15,0
851,bank_partner,balanced,T2,20427.16,2,0,0,0,0,0.0,246,1
852,social,balanced,T1,1688.97,2,0,1,0,0,0.0,209,1
853,organic,balanced,T2,28179.31,12,1,7,2,0,16816.98,56,0
855,paid_search,balanced,T3+,3551.91,4,1,1,0,0,0.0,45,1
857,paid_search,cautious,T3+,14441.53,3,0,0,0,0,0.0,110,1
859,referral,cautious,T3+,14937.7,4,1,1,0,0,0.0,51,0
860,paid_search,cautious,T2,3726.86,1,0,0,0,0,0.0,212,1
862,social,cautious,T3+,2561.54,2,1,1,0,0,0.0,15,1
863,social,cautious,T3+,1711.05,2,1,0,0,0,0.0,14,1
864,organic,cautious,T3+,36476.58,2,1,2,0,0,0.0,4,1
865,paid_search,balanced,T2,45904.03,1,1,0,0,0,0.0,37,0
866,social,cautious,T1,25942.85,2,0,0,0,0,0.0,207,1
869,paid_search,cautious,T3+,11537.91,2,1,1,0,0,0.0,75,1
870,paid_search,balanced,T3+,2793.71,5,1,2,0,0,0.0,90,1
871,social,cautious,T3+,3846.12,1,0,0,0,0,0.0,162,0
872,bank_partner,aggressive,T3+,4151.24,9,6,2,0,0,0.0,20,1
876,organic,aggressive,T3+,5370.69,3,1,1,0,0,0.0,42,1
878,organic,cautious,T3+,23423.25,4,0,3,2,0,10456.05,218,1
879,bank_partner,balanced,T3+,25088.14,1,0,1,0,0,0.0,214,1
880,organic,cautious,T3+,5588.76,1,0,0,0,0,0.0,231,0
881,paid_search,cautious,T1,7110.19,3,1,1,0,0,0.0,66,1
883,paid_search,aggressive,T3+,14463.17,2,0,0,0,0,0.0,123,1
884,referral,balanced,T1,14283.39,15,14,8,2,2,2641.88,12,0
885,organic,balanced,T3+,31199.19,3,0,0,0,0,0.0,164,0
886,social,aggressive,T3+,4123.57,5,0,2,0,0,0.0,133,1
888,social,cautious,T2,5666.47,2,0,0,0,0,0.0,164,1
889,social,aggressive,T3+,9383.04,6,4,2,0,0,0.0,37,1
890,bank_partner,cautious,T3+,22280.7,6,0,1,0,0,0.0,133,0
891,organic,aggressive,T3+,2236.18,3,1,2,0,0,0.0,12,1
892,paid_search,cautious,T1,43106.26,8,2,2,0,0,0.0,34,1
893,referral,balanced,T2,2447.84,1,1,1,0,0,0.0,65,1
894,paid_search,balanced,T3+,1961.04,3,0,0,0,0,0.0,248,1
895,organic,balanced,T2,5894.86,15,0,7,3,0,2794.56,148,1
898,social,balanced,T1,5536.59,4,0,3,0,0,0.0,215,0
902,social,cautious,T1,26779.09,0,0,0,0,0,0.0,263,1
904,paid_search,balanced,T3+,3271.82,8,1,2,0,0,0.0,11,1
905,paid_search,balanced,T3+,14130.77,2,0,1,0,0,0.0,105,1
906,referral,balanced,T2,19719.9,5,2,3,2,2,9213.49,10,0
907,paid_search,balanced,T1,872.97,2,0,2,0,0,0.0,188,1
908,organic,balanced,T2,10453.38,5,1,2,0,0,0.0,52,1
909,social,aggressive,T1,20241.93,3,0,0,0,0,0.0,221,1
910,paid_search,balanced,T1,1428.98,3,0,1,0,0,0.0,146,1
911,referral,aggressive,T1,11572.15,1,1,0,0,0,0.0,86,0
912,bank_partner,cautious,T2,21993.32,3,2,1,0,0,0.0,31,0
913,organic,balanced,T1,11595.59,0,0,0,0,0,0.0,330,1
914,social,cautious,T2,66333.1,3,0,0,0,0,0.0,320,1
915,referral,cautious,T3+,15229.4,1,1,0,0,0,0.0,60,0
917,organic,aggressive,T2,4029.73,2,1,0,0,0,0.0,26,1
919,paid_search,balanced,T1,11010.33,8,0,2,0,0,0.0,139,1
920,organic,cautious,T2,4969.72,4,1,0,0,0,0.0,15,1
923,organic,cautious,T3+,1332.12,2,0,0,0,0,0.0,284,0
924,referral,cautious,T1,640.41,1,0,0,0,0,0.0,171,0
925,organic,balanced,T1,9430.89,4,1,2,0,0,0.0,68,1
926,bank_partner,cautious,T3+,5363.53,2,1,1,0,0,0.0,8,1
927,paid_search,aggressive,T3+,10657.53,8,1,5,0,0,0.0,18,1
929,organic,cautious,T1,2157.55,6,1,1,0,0,0.0,77,1
931,referral,cautious,T2,5327.93,2,0,0,0,0,0.0,116,1
932,bank_partner,aggressive,T3+,35358.28,2,0,0,0,0,0.0,149,1
933,bank_partner,cautious,T3+,8249.81,1,0,0,0,0,0.0,121,1
934,organic,aggressive,T1,22892.19,2,1,1,0,0,0.0,73,0
935,organic,balanced,T1,7441.22,2,0,0,0,0,0.0,257,1
936,bank_partner,cautious,T2,1302.92,1,0,0,0,0,0.0,187,1
937,social,aggressive,T2,9403.34,2,0,1,0,0,0.0,166,1
938,paid_search,balanced,T1,14129.17,3,0,1,0,0,0.0,107,1
939,paid_search,cautious,T3+,34489.1,1,1,0,0,0,0.0,18,0
941,referral,balanced,T2,4163.85,1,0,0,0,0,0.0,216,1
943,paid_search,cautious,T1,37084.84,2,0,1,0,0,0.0,325,1
945,organic,cautious,T3+,4341.25,1,0,1,0,0,0.0,343,0
946,organic,cautious,T3+,1706.57,6,2,3,0,0,0.0,28,1
949,social,balanced,T2,8507.99,2,0,1,0,0,0.0,137,1
950,organic,balanced,T1,12838.87,3,0,3,0,0,0.0,213,1
951,organic,balanced,T1,12346.46,3,2,1,0,0,0.0,12,1
953,organic,balanced,T2,15543.56,1,0,1,0,0,0.0,128,0
954,organic,aggressive,T3+,7155.9,4,3,1,0,0,0.0,6,1
956,social,balanced,T2,3719.38,2,0,0,0,0,0.0,107,0
958,paid_search,cautious,T2,13498.97,11,2,6,2,0,2905.76,20,1
959,organic,cautious,T1,5201.89,2,0,0,0,0,0.0,234,1
960,social,balanced,T1,3816.31,2,0,1,0,0,0.0,218,1
962,paid_search,balanced,T3+,9761.4,4,3,1,0,0,0.0,48,1
963,paid_search,cautious,T1,11020.59,4,0,1,0,0,0.0,102,0
965,social,balanced,T3+,7256.73,1,0,0,0,0,0.0,198,1
966,social,cautious,T1,15699.54,5,0,1,0,0,0.0,133,1
968,bank_partner,aggressive,T2,93829.67,8,0,2,0,0,0.0,183,1
969,organic,balanced,T2,5480.17,3,2,0,0,0,0.0,72,0
970,bank_partner,balanced,T2,3729.29,2,0,1,0,0,0.0,104,1
971,paid_search,balanced,T2,15493.73,3,2,1,0,0,0.0,72,0
972,bank_partner,cautious,T1,20441.64,4,0,0,0,0,0.0,234,1
973,social,aggressive,T1,14613.3,0,0,0,0,0,0.0,218,1
974,organic,aggressive,T2,3205.41,2,1,0,0,0,0.0,46,1
975,social,cautious,T1,3969.59,4,0,2,0,0,0.0,107,1
976,paid_search,cautious,T3+,9140.25,4,3,1,0,0,0.0,14,0
977,paid_search,cautious,T1,3226.56,3,1,2,0,0,0.0,56,1
978,paid_search,balanced,T2,2983.59,1,0,1,0,0,0.0,245,1
979,referral,cautious,T2,2391.74,0,0,0,0,0,0.0,94,1
981,paid_search,aggressive,T3+,10999.75,13,2,8,4,0,8730.06,26,1
982,organic,cautious,T3+,9700.51,8,3,3,0,0,0.0,6,0
983,organic,balanced,T1,23679.75,3,0,1,0,0,0.0,216,1
984,organic,balanced,T3+,11914.25,2,1,0,0,0,0.0,22,1
985,organic,aggressive,T1,638.92,3,0,1,0,0,0.0,163,1
987,paid_search,cautious,T1,27418.72,7,1,2,0,0,0.0,22,1
988,organic,balanced,T3+,9780.68,4,0,0,0,0,0.0,218,1
989,social,cautious,T1,184356.46,2,0,1,0,0,0.0,240,1
991,social,balanced,T3+,18221.53,8,3,0,0,0,0.0,27,0
992,social,aggressive,T3+,7028.07,2,2,0,0,0,0.0,38,0
993,referral,balanced,T3+,3956.17,0,0,0,0,0,0.0,235,1
994,paid_search,cautious,T1,16946.62,2,1,1,0,0,0.0,25,1
995,paid_search,cautious,T3+,3091.06,3,0,2,0,0,0.0,152,1
996,referral,aggressive,T2,70375.5,5,3,1,0,0,0.0,41,1
997,bank_partner,balanced,T2,8078.89,3,0,1,0,0,0.0,95,1
999,paid_search,cautious,T3+,6275.08,6,0,3,1,0,862.49,173,0
1000,referral,aggressive,T1,4549.16,0,0,0,0,0,0.0,186,1
1003,organic,aggressive,T2,6579.92,3,0,1,0,0,0.0,165,1
1004,social,aggressive,T3+,2286.83,1,0,1,0,0,0.0,294,0
1005,organic,cautious,T2,4107.54,2,0,0,0,0,0.0,238,0
1007,organic,aggressive,T3+,46705.92,5,2,2,0,0,0.0,3,1
1008,paid_search,aggressive,T2,6365.05,2,0,1,0,0,0.0,188,1
1009,bank_partner,cautious,T1,16515.75,1,0,0,0,0,0.0,145,1
1011,organic,cautious,T1,5607.99,2,0,1,0,0,0.0,98,0
1013,organic,aggressive,T1,3052.27,1,0,0,0,0,0.0,137,1
1014,bank_partner,aggressive,T2,9054.33,2,1,1,0,0,0.0,77,1
1015,social,cautious,T2,1604.08,3,1,0,0,0,0.0,84,1
1017,organic,balanced,T2,14331.14,1,1,0,0,0,0.0,60,1
1018,paid_search,balanced,T2,8978.66,4,1,0,0,0,0.0,39,1
1019,organic,balanced,T1,26185.44,1,1,0,0,0,0.0,79,1
1020,paid_search,aggressive,T3+,14996.71,2,0,0,0,0,0.0,111,1
1022,social,cautious,T2,28575.69,3,0,1,3,2,5945.98,94,0
1024,social,balanced,T2,26490.76,2,0,2,0,0,0.0,154,1
1025,social,cautious,T1,10841.01,1,1,0,0,0,0.0,36,0
1027,organic,balanced,T3+,4497.43,1,1,1,0,0,0.0,86,1
1028,organic,balanced,T3+,11298.96,2,1,1,0,0,0.0,76,1
1029,paid_search,balanced,T2,5108.88,2,2,1,0,0,0.0,34,0
1030,social,balanced,T2,7423.48,3,0,3,0,0,0.0,230,1
1031,social,aggressive,T3+,113336.77,0,0,0,0,0,0.0,157,1
1032,organic,balanced,T2,4479.34,2,0,1,0,0,0.0,136,0
1033,referral,balanced,T2,15243.37,0,0,0,0,0,0.0,341,1
1034,referral,balanced,T3+,17299.31,3,0,0,0,0,0.0,250,1
1036,paid_search,balanced,T2,57878.58,2,1,1,0,0,0.0,6,1
1037,bank_partner,cautious,T3+,1094.33,0,0,0,0,0,0.0,241,1
1038,bank_partner,balanced,T3+,8433.34,1,0,0,0,0,0.0,122,1
1039,paid_search,cautious,T1,29926.14,1,0,0,0,0,0.0,94,1
1041,organic,cautious,T3+,9025.4,0,0,0,0,0,0.0,155,1
1043,organic,cautious,T1,1537.9,8,3,4,0,0,0.0,8,1
1045,bank_partner,cautious,T2,2249.37,6,0,1,0,0,0.0,188,1
1048,paid_search,balanced,T3+,19964.24,3,0,2,0,0,0.0,187,1
1052,organic,balanced,T3+,6919.5,2,0,0,0,0,0.0,247,1
1054,organic,aggressive,T2,11723.95,2,0,2,0,0,0.0,179,1
1055,referral,cautious,T2,2783.32,3,0,0,0,0,0.0,147,1
1056,bank_partner,balanced,T2,36760.64,2,0,0,0,0,0.0,132,1
1057,referral,balanced,T3+,16089.59,1,0,1,0,0,0.0,286,1
1058,paid_search,cautious,T2,11228.69,0,0,0,0,0,0.0,303,1
1059,bank_partner,cautious,T1,25652.64,10,4,5,1,0,8467.41,12,1
1060,organic,cautious,T2,5760.34,5,0,2,0,0,0.0,102,0
1061,organic,cautious,T1,5353.48,2,0,0,0,0,0.0,177,1
1062,organic,cautious,T2,8232.82,8,6,3,1,1,1955.23,8,0
1063,organic,cautious,T3+,10047.77,2,0,0,0,0,0.0,151,1
1064,social,cautious,T2,4283.19,2,0,1,0,0,0.0,214,1
1065,bank_partner,aggressive,T3+,3946.98,8,0,2,0,0,0.0,213,1
1066,bank_partner,balanced,T1,2338.51,3,3,1,0,0,0.0,36,1
1068,paid_search,cautious,T1,3831.62,2,0,2,0,0,0.0,279,0
1069,referral,balanced,T2,12142.62,2,0,0,0,0,0.0,123,1
1070,organic,cautious,T1,10112.03,4,0,1,0,0,0.0,245,0
1071,social,balanced,T1,3612.69,2,0,0,0,0,0.0,251,1
1072,bank_partner,aggressive,T2,28454.55,14,2,7,4,1,20172.68,76,1
1073,organic,aggressive,T3+,882.47,2,0,0,0,0,0.0,192,1
1074,social,balanced,T3+,846.73,3,1,2,0,0,0.0,74,1
1075,bank_partner,cautious,T1,23856.57,7,2,4,1,0,3480.94,8,1
1077,paid_search,aggressive,T3+,6407.13,2,0,1,0,0,0.0,131,1
1078,social,cautious,T2,3863.78,2,1,1,0,0,0.0,70,1
1079,bank_partner,cautious,T1,11796.04,7,2,3,2,0,5801.3099999999995,10,0
1080,paid_search,cautious,T1,4739.88,5,0,4,0,0,0.0,188,0
1081,organic,balanced,T2,10559.64,0,0,0,0,0,0.0,138,1
1082,organic,balanced,T3+,12801.31,2,2,0,0,0,0.0,55,0
1084,paid_search,cautious,T3+,14042.34,1,0,0,0,0,0.0,219,0
1085,social,aggressive,T2,10363.74,3,0,1,0,0,0.0,276,1
1086,organic,cautious,T2,6804.61,0,0,0,0,0,0.0,313,1
1088,bank_partner,balanced,T2,18391.58,4,0,2,1,0,3336.52,224,1
1089,paid_search,balanced,T2,79811.43,1,1,0,0,0,0.0,82,1
1091,paid_search,aggressive,T3+,4699.25,8,4,3,0,0,0.0,2,1
1092,paid_search,aggressive,T3+,7349.22,3,1,1,0,0,0.0,75,0
1095,referral,cautious,T3+,17903.77,2,0,1,0,0,0.0,165,1
1096,referral,balanced,T2,10618.08,3,1,0,0,0,0.0,10,0
1097,organic,cautious,T2,15771.69,6,2,1,0,0,0.0,47,1
1098,organic,balanced,T3+,5402.56,2,0,1,0,0,0.0,212,1
1099,organic,balanced,T3+,5100.85,1,0,1,0,0,0.0,163,0
1100,organic,cautious,T3+,10880.49,3,0,3,0,0,0.0,283,1
1101,social,balanced,T1,1147.24,6,1,1,0,0,0.0,88,1
1102,paid_search,cautious,T3+,6157.21,1,1,0,0,0,0.0,26,1
1103,bank_partner,cautious,T3+,7076.8,1,0,1,0,0,0.0,220,1
1104,paid_search,cautious,T3+,8901.37,1,0,1,0,0,0.0,103,1
1105,referral,balanced,T3+,8754.54,9,1,6,2,0,3741.96,7,1
1106,organic,balanced,T3+,44333.86,2,2,1,0,0,0.0,0,1
1108,organic,balanced,T3+,39886.64,12,3,5,1,0,10647.99,17,0
1110,social,balanced,T3+,9508.51,2,0,1,0,0,0.0,161,1
1111,referral,aggressive,T1,3997.86,6,0,2,0,0,0.0,163,1
1112,paid_search,cautious,T2,8941.75,2,2,0,0,0,0.0,54,1
1113,social,balanced,T2,25684.21,3,1,1,0,0,0.0,72,1
1114,organic,cautious,T1,15263.51,1,1,0,0,0,0.0,87,1
1116,bank_partner,balanced,T3+,43022.44,2,0,1,0,0,0.0,276,1
1117,social,balanced,T3+,7572.25,4,2,1,0,0,0.0,32,1
1118,paid_search,balanced,T1,17532.91,14,2,6,3,0,6598.25,55,1
1120,organic,cautious,T3+,4809.04,1,0,0,0,0,0.0,97,1
1121,paid_search,balanced,T2,9186.96,3,0,2,0,0,0.0,171,1
1125,organic,cautious,T3+,25942.81,5,0,0,4,0,16208.59,254,0
1126,referral,cautious,T3+,6963.76,0,0,0,0,0,0.0,291,1
1127,social,cautious,T2,30795.48,5,0,2,0,0,0.0,234,1
1128,referral,balanced,T1,9318.95,2,1,0,0,0,0.0,76,1
1130,organic,aggressive,T2,31325.83,6,0,2,0,0,0.0,212,1
1131,referral,aggressive,T3+,31341.81,4,0,0,0,0,0.0,286,1
1132,paid_search,balanced,T2,18267.39,5,1,3,0,0,0.0,14,1
1133,social,cautious,T2,27117.96,5,1,2,0,0,0.0,21,1
1134,social,balanced,T3+,13444.24,2,0,1,0,0,0.0,274,1
1135,organic,aggressive,T2,37863.81,7,1,4,2,0,18202.85,86,1
1141,paid_search,cautious,T2,5179.63,1,1,0,0,0,0.0,43,1
1142,paid_search,cautious,T3+,6975.82,2,0,0,0,0,0.0,287,1
1143,social,cautious,T3+,4004.07,8,0,4,2,0,1150.71,93,1
1144,referral,balanced,T3+,7306.07,1,0,0,0,0,0.0,180,1
1145,referral,balanced,T3+,14640.42,1,0,1,0,0,0.0,138,1
1146,social,cautious,T2,27200.35,1,0,1,0,0,0.0,92,1
1148,paid_search,balanced,T2,113817.43,4,2,1,0,0,0.0,33,1
1149,paid_search,aggressive,T3+,30513.32,0,0,0,0,0,0.0,332,1
1150,paid_search,aggressive,T3+,22214.85,3,0,1,0,0,0.0,187,1
1151,organic,balanced,T1,14062.32,2,0,2,0,0,0.0,178,1
1153,organic,balanced,T3+,14858.04,2,2,0,0,0,0.0,8,1
1154,organic,balanced,T1,33631.7,3,2,2,0,0,0.0,4,1
1155,referral,cautious,T1,6855.14,5,0,2,0,0,0.0,96,1
1157,organic,balanced,T2,21900.01,4,4,0,0,0,0.0,3,1
1158,organic,aggressive,T3+,2590.14,4,2,3,0,0,0.0,75,0
1161,organic,balanced,T1,33824.91,3,0,2,0,0,0.0,181,1
1164,bank_partner,cautious,T2,19961.01,6,0,2,3,0,9717.08,134,1
1166,paid_search,balanced,T3+,11291.44,2,0,2,0,0,0.0,130,1
1167,social,cautious,T2,8286.15,3,0,1,0,0,0.0,178,1
1168,organic,cautious,T3+,7897.77,1,1,0,0,0,0.0,84,1
1169,social,cautious,T3+,5083.66,3,0,0,0,0,0.0,270,1
1170,referral,cautious,T3+,4526.21,2,0,1,0,0,0.0,292,1
1172,referral,cautious,T3+,1281.67,2,0,0,0,0,0.0,197,0
1173,referral,aggressive,T1,2820.82,5,0,1,0,0,0.0,212,1
1177,social,balanced,T2,16460.35,3,0,2,0,0,0.0,101,1
1180,organic,balanced,T3+,1502.39,3,0,2,0,0,0.0,232,1
1181,organic,cautious,T1,16115.85,1,0,1,0,0,0.0,356,1
1182,referral,cautious,T1,8311.5,2,0,1,0,0,0.0,127,0
1183,organic,balanced,T2,11085.14,1,0,1,0,0,0.0,216,1
1184,paid_search,cautious,T2,4534.42,2,0,1,0,0,0.0,220,1
1185,referral,balanced,T3+,4678.95,4,0,0,0,0,0.0,186,1
1188,social,balanced,T1,26221.65,2,2,0,0,0,0.0,33,0
1190,paid_search,cautious,T1,16141.83,2,2,1,0,0,0.0,35,1
1191,social,cautious,T3+,1698.39,2,0,1,0,0,0.0,178,1
1192,referral,aggressive,T1,5456.39,7,1,1,0,0,0.0,76,0
1193,referral,balanced,T2,4109.81,8,2,4,3,0,1934.1699999999998,61,0
1194,social,cautious,T3+,6801.19,6,0,3,0,0,0.0,109,1
1195,bank_partner,balanced,T1,40069.8,3,1,0,0,0,0.0,74,1
1197,paid_search,aggressive,T3+,11532.93,2,0,0,0,0,0.0,261,1
1198,paid_search,balanced,T3+,5772.4,1,0,0,0,0,0.0,288,1
1200,paid_search,aggressive,T2,4088.09,9,2,4,0,0,0.0,3,1
1201,organic,balanced,T2,4358.86,2,0,1,0,0,0.0,134,1
1202,bank_partner,aggressive,T2,3025.17,1,0,1,0,0,0.0,216,1
1206,paid_search,balanced,T1,2967.54,6,3,1,0,0,0.0,15,1
1210,organic,cautious,T3+,67733.14,7,0,2,0,0,0.0,117,0
1211,social,balanced,T1,11156.53,5,1,2,1,0,2051.73,74,0
1212,bank_partner,cautious,T3+,29016.97,2,1,1,0,0,0.0,25,1
1214,organic,balanced,T1,3214.52,4,0,2,0,0,0.0,119,1
1216,bank_partner,cautious,T1,11665.5,9,2,5,1,0,4364.08,27,1
1217,bank_partner,balanced,T1,2864.66,4,0,1,0,0,0.0,130,0
1218,bank_partner,balanced,T3+,109827.97,1,0,1,0,0,0.0,312,1
1220,paid_search,cautious,T1,10131.73,2,1,0,0,0,0.0,16,0
1221,bank_partner,balanced,T2,3799.99,8,1,4,0,0,0.0,6,1
1222,social,cautious,T1,4473.48,2,0,1,0,0,0.0,237,0
1224,paid_search,balanced,T2,16280.55,4,1,1,0,0,0.0,72,1
1225,organic,balanced,T2,3662.49,13,4,4,3,2,2075.54,21,0
1226,organic,balanced,T2,2348.56,4,0,2,0,0,0.0,158,1
1228,paid_search,cautious,T2,3592.94,4,0,2,0,0,0.0,239,1
1229,organic,aggressive,T3+,47800.1,1,0,0,0,0,0.0,111,1
1232,organic,cautious,T1,29826.14,5,0,1,0,0,0.0,206,1
1233,bank_partner,cautious,T2,8225.16,1,0,0,0,0,0.0,275,1
1234,referral,balanced,T2,23376.56,7,0,2,2,0,8046.84,123,1
1235,organic,balanced,T3+,28400.62,6,5,2,4,2,16277.16,55,0
1236,social,balanced,T3+,45847.33,0,0,0,0,0,0.0,302,1
1237,social,balanced,T1,46931.5,2,1,0,0,0,0.0,39,0
1238,organic,cautious,T2,1684.61,4,0,1,0,0,0.0,243,1
1239,organic,cautious,T1,5916.24,1,0,1,0,0,0.0,244,1
1240,social,cautious,T2,11236.23,4,1,2,0,0,0.0,72,1
1241,referral,balanced,T1,1027.9,2,0,0,0,0,0.0,171,1
1243,social,balanced,T2,52750.6,10,1,4,1,0,14388.95,67,1
1248,organic,balanced,T3+,8244.79,0,0,0,0,0,0.0,291,1
1249,social,balanced,T3+,1663.34,8,0,3,0,0,0.0,227,1
1251,paid_search,balanced,T1,14604.35,4,1,1,0,0,0.0,6,1
1252,paid_search,balanced,T1,19514.0,3,0,2,0,0,0.0,106,1
1253,organic,cautious,T3+,12658.1,1,0,0,0,0,0.0,235,0
1254,organic,balanced,T1,1834.57,0,0,0,0,0,0.0,363,1
1258,bank_partner,balanced,T2,11402.35,1,0,0,0,0,0.0,152,1
1259,bank_partner,cautious,T3+,12788.53,1,0,0,0,0,0.0,285,1
1260,bank_partner,aggressive,T2,2350.62,2,1,0,0,0,0.0,51,1
1262,paid_search,aggressive,T3+,1180.74,1,0,0,0,0,0.0,100,0
1263,paid_search,balanced,T1,47756.28,0,0,0,0,0,0.0,114,1
1264,social,aggressive,T2,5451.64,3,3,1,0,0,0.0,45,0
1265,organic,cautious,T3+,26646.36,2,0,0,0,0,0.0,284,1
1266,organic,balanced,T2,10572.64,4,0,2,0,0,0.0,120,1
1267,referral,balanced,T2,24719.69,3,0,1,2,0,4699.72,113,1
1268,organic,cautious,T2,30997.15,6,0,0,0,0,0.0,227,1
1269,social,balanced,T2,18643.92,0,0,0,0,0,0.0,271,1
1270,bank_partner,aggressive,T3+,78853.48,4,1,1,0,0,0.0,24,1
1271,social,balanced,T1,28414.59,4,0,3,0,0,0.0,248,0
1272,paid_search,cautious,T2,15168.34,2,0,0,0,0,0.0,126,1
1273,paid_search,balanced,T1,50606.34,4,2,1,0,0,0.0,13,1
1274,paid_search,cautious,T2,60782.96,1,0,0,0,0,0.0,172,1
1275,referral,cautious,T2,3470.69,6,0,3,0,0,0.0,91,1
1276,organic,cautious,T3+,3750.92,2,0,0,0,0,0.0,96,1
1277,organic,balanced,T3+,6739.97,3,0,0,0,0,0.0,257,1
1278,bank_partner,aggressive,T3+,6529.99,7,0,1,0,0,0.0,119,1
1279,organic,cautious,T2,36424.1,1,1,0,0,0,0.0,5,1
1280,social,cautious,T3+,9395.16,4,0,1,0,0,0.0,103,1
1281,paid_search,cautious,T3+,6632.41,3,1,1,0,0,0.0,43,1
1282,social,aggressive,T1,14538.27,7,2,2,0,0,0.0,52,1
1283,paid_search,aggressive,T1,6621.69,1,0,1,0,0,0.0,105,1
1284,bank_partner,balanced,T3+,13229.63,8,2,4,1,0,5528.87,47,1
1287,referral,cautious,T3+,11875.16,3,0,2,0,0,0.0,265,0
1290,social,cautious,T1,4556.18,0,0,0,0,0,0.0,319,1
1291,referral,aggressive,T2,4925.08,2,0,0,0,0,0.0,140,1
1292,paid_search,cautious,T3+,14374.36,2,0,1,0,0,0.0,273,1
1294,organic,cautious,T1,3471.28,1,0,0,0,0,0.0,198,1
1295,organic,cautious,T1,18668.9,2,0,1,0,0,0.0,299,1
1296,organic,cautious,T3+,20187.22,3,0,0,0,0,0.0,94,0
1297,organic,cautious,T1,31974.92,0,0,0,0,0,0.0,107,0
1298,organic,balanced,T3+,51468.0,6,0,3,2,0,13227.3,112,0
1299,organic,cautious,T2,10258.02,5,0,3,0,0,0.0,146,1
1301,paid_search,balanced,T1,4631.21,1,0,1,0,0,0.0,166,0
1303,organic,cautious,T2,6841.46,8,3,3,0,0,0.0,22,1
1304,social,balanced,T1,2340.47,1,1,0,0,0,0.0,58,1
1305,referral,balanced,T2,7321.66,1,0,1,0,0,0.0,244,0
1306,bank_partner,cautious,T1,8939.61,8,0,6,3,0,5016.55,99,1
1307,social,balanced,T1,9333.4,3,2,2,0,0,0.0,23,0
1308,organic,cautious,T2,8342.92,0,0,0,0,0,0.0,348,1
1310,bank_partner,balanced,T3+,58458.88,3,0,0,0,0,0.0,281,1
1311,paid_search,balanced,T2,8421.42,1,0,0,0,0,0.0,94,1
1312,paid_search,balanced,T3+,2005.05,0,0,0,0,0,0.0,314,1
1313,social,balanced,T2,2740.42,0,0,0,0,0,0.0,165,1
1314,paid_search,cautious,T2,9391.06,0,0,0,0,0,0.0,339,1
1315,bank_partner,aggressive,T3+,1140.01,8,6,5,2,2,473.65,8,0
1316,referral,balanced,T3+,30566.72,1,0,0,0,0,0.0,203,1
1317,paid_search,balanced,T2,10946.46,1,0,0,0,0,0.0,177,1
1318,social,aggressive,T1,2403.08,7,1,1,0,0,0.0,80,1
1319,social,balanced,T2,5910.49,1,0,0,0,0,0.0,119,1
1320,bank_partner,balanced,T3+,30758.94,8,2,3,2,0,12424.119999999999,42,1
1321,social,balanced,T1,1302.88,0,0,0,0,0,0.0,340,1
1323,paid_search,cautious,T3+,10067.91,4,0,2,0,0,0.0,130,0
1324,bank_partner,balanced,T1,29294.75,4,1,1,0,0,0.0,44,1
1325,social,balanced,T3+,9936.71,10,0,5,1,0,1341.67,177,0
1329,referral,cautious,T1,68076.26,2,0,1,0,0,0.0,143,1
1330,organic,balanced,T2,3755.43,2,1,0,0,0,0.0,90,0
1331,referral,aggressive,T1,12616.1,3,0,0,0,0,0.0,129,1
1332,social,cautious,T2,18031.77,5,0,2,0,0,0.0,114,1
1334,paid_search,balanced,T1,6958.66,4,0,2,0,0,0.0,102,1
1336,social,cautious,T3+,16072.86,4,0,3,3,0,9076.17,170,1
1337,bank_partner,balanced,T3+,876.78,3,0,1,0,0,0.0,218,1
1339,paid_search,aggressive,T1,9958.69,4,1,0,0,0,0.0,67,1
1340,paid_search,balanced,T1,86416.21,9,4,6,3,1,56652.0,37,1
1341,bank_partner,aggressive,T3+,17006.7,5,0,2,0,0,0.0,148,0
1342,bank_partner,balanced,T1,11920.24,4,1,1,0,0,0.0,16,1
1345,paid_search,balanced,T2,2604.18,6,4,4,1,0,266.0,6,1
1346,paid_search,cautious,T1,11737.65,3,0,0,0,0,0.0,191,1
1347,organic,cautious,T3+,7229.07,11,0,4,1,0,1469.35,120,0
1348,organic,balanced,T2,4344.28,2,1,1,0,0,0.0,75,1
1349,referral,cautious,T2,22333.92,4,1,2,0,0,0.0,51,0
1351,paid_search,balanced,T1,22668.08,7,3,2,0,0,0.0,7,1
1353,organic,cautious,T2,5621.46,1,1,0,0,0,0.0,86,0
1354,referral,aggressive,T3+,6965.34,6,6,1,2,2,2065.09,2,0
1356,referral,cautious,T2,5833.55,5,1,2,0,0,0.0,71,1
1357,social,cautious,T2,31207.53,11,7,5,2,1,15267.68,22,1
1361,bank_partner,aggressive,T1,3173.55,1,0,0,0,0,0.0,123,1
1362,paid_search,cautious,T1,7763.77,0,0,0,0,0,0.0,117,0
1363,organic,balanced,T2,6964.68,0,0,0,0,0,0.0,193,1
1365,social,balanced,T1,2484.42,1,0,0,0,0,0.0,200,0
1366,referral,balanced,T3+,818.11,4,1,2,0,0,0.0,44,1
1368,organic,balanced,T1,6908.03,3,0,1,0,0,0.0,298,1
1369,referral,balanced,T1,12390.96,6,1,0,0,0,0.0,22,1
1370,paid_search,balanced,T3+,40397.45,5,1,2,0,0,0.0,6,1
1372,organic,cautious,T2,3849.26,1,0,0,0,0,0.0,316,1
1373,organic,aggressive,T2,2203.84,3,3,0,0,0,0.0,44,0
1374,paid_search,cautious,T2,20897.44,6,0,3,4,0,17042.45,99,1
1375,social,balanced,T3+,22193.22,2,0,0,0,0,0.0,174,1
1376,organic,cautious,T2,9512.51,5,4,3,2,2,1880.23,8,0
1377,social,aggressive,T2,2785.03,0,0,0,0,0,0.0,176,1
1378,organic,aggressive,T2,3242.76,2,0,0,0,0,0.0,216,1
1379,bank_partner,cautious,T1,40793.79,8,0,3,2,0,14196.779999999999,194,1
1380,bank_partner,balanced,T1,3780.63,5,4,2,0,0,0.0,4,1
1381,social,balanced,T1,21270.14,12,0,8,1,0,9113.59,115,1
1384,social,balanced,T3+,3889.69,6,3,1,0,0,0.0,57,0
1387,organic,aggressive,T3+,2412.28,8,1,3,3,0,1008.79,15,0
1388,social,balanced,T3+,18860.39,5,5,3,0,0,0.0,30,1
1389,organic,cautious,T2,16417.5,5,0,1,0,0,0.0,105,1
1390,organic,balanced,T3+,2974.37,0,0,0,0,0,0.0,106,0
1392,paid_search,cautious,T2,2455.95,2,1,1,0,0,0.0,88,1
1393,bank_partner,balanced,T1,14855.13,2,0,0,0,0,0.0,140,1
1394,organic,balanced,T3+,3412.43,1,0,0,0,0,0.0,110,1
1395,paid_search,aggressive,T3+,5059.12,0,0,0,0,0,0.0,131,1
1397,paid_search,balanced,T1,307484.48,2,0,1,0,0,0.0,155,0
1399,organic,balanced,T1,10046.68,1,1,0,0,0,0.0,53,1
1403,social,aggressive,T3+,8265.47,3,0,3,3,2,4896.29,104,0
1404,social,cautious,T1,52012.38,10,8,5,3,2,27464.97,7,0
1405,bank_partner,aggressive,T2,6862.84,2,0,1,0,0,0.0,210,1
1407,organic,aggressive,T1,11880.61,4,1,2,0,0,0.0,90,1
1409,social,cautious,T2,6848.36,8,0,1,0,0,0.0,160,1
1411,referral,cautious,T2,25440.67,7,1,4,2,0,10753.39,27,0
1413,paid_search,balanced,T3+,30918.36,7,2,4,1,0,13297.87,82,0
1414,social,balanced,T3+,10375.91,4,1,0,0,0,0.0,81,1
1415,bank_partner,cautious,T3+,12007.39,1,0,0,0,0,0.0,124,0
1416,organic,cautious,T1,16893.54,2,0,1,0,0,0.0,123,1
1417,organic,aggressive,T3+,8943.12,2,2,1,0,0,0.0,13,1
1418,organic,balanced,T3+,10419.51,1,0,1,0,0,0.0,280,1
1420,paid_search,aggressive,T3+,2620.28,1,0,0,0,0,0.0,205,1
1422,bank_partner,cautious,T3+,10166.05,3,2,2,2,1,4844.13,6,0
1424,bank_partner,aggressive,T2,4176.87,5,1,1,0,0,0.0,24,1
1426,paid_search,aggressive,T3+,33763.18,1,0,0,2,0,8305.7,240,1
1427,organic,balanced,T3+,15555.84,3,0,2,0,0,0.0,169,1
1428,social,cautious,T3+,6547.96,15,3,7,2,0,2681.78,48,0
1429,organic,aggressive,T2,23201.63,3,2,1,3,2,12447.09,26,0
1430,paid_search,balanced,T1,4314.09,1,0,0,0,0,0.0,241,0
1431,social,balanced,T1,2443.68,2,0,0,0,0,0.0,155,1
1433,paid_search,balanced,T3+,12392.09,0,0,0,0,0,0.0,239,1
1434,bank_partner,cautious,T2,3910.27,1,0,1,0,0,0.0,284,1
1437,organic,aggressive,T2,3272.92,2,0,0,0,0,0.0,260,1
1438,referral,aggressive,T2,7345.17,8,0,4,3,0,2761.69,149,1
1439,referral,balanced,T2,38501.15,2,1,1,0,0,0.0,88,1
1440,social,balanced,T3+,39995.97,2,0,1,0,0,0.0,154,1
1441,social,aggressive,T3+,13036.42,9,1,3,6,2,10038.68,30,1
1442,referral,balanced,T2,56770.78,3,0,2,3,0,24079.05,95,0
1443,paid_search,cautious,T1,608.56,3,0,1,0,0,0.0,253,1
1445,social,cautious,T2,3341.69,4,1,3,0,0,0.0,19,0
1447,referral,balanced,T2,1934.15,5,1,0,0,0,0.0,2,1
1449,referral,aggressive,T3+,5801.16,2,0,1,0,0,0.0,135,1
1450,paid_search,aggressive,T1,16426.52,2,0,0,0,0,0.0,157,1
1451,bank_partner,cautious,T2,2934.93,9,0,7,1,0,488.48,210,0
1452,organic,balanced,T3+,32064.97,3,0,1,3,0,14175.45,160,0
1453,paid_search,cautious,T3+,12371.85,3,0,2,0,0,0.0,133,1
1454,organic,cautious,T1,2198.76,2,0,1,0,0,0.0,256,0
1455,paid_search,cautious,T1,1176.87,4,3,2,0,0,0.0,10,1
1456,social,balanced,T2,10609.47,3,0,1,0,0,0.0,105,1
1457,bank_partner,aggressive,T3+,9046.03,3,0,0,0,0,0.0,108,0
1458,organic,balanced,T1,6355.4,3,0,2,0,0,0.0,201,1
1459,organic,cautious,T2,1578.76,2,0,2,0,0,0.0,94,0
1461,organic,balanced,T2,1397.79,2,1,1,0,0,0.0,86,1
1462,organic,balanced,T3+,12757.4,3,0,2,0,0,0.0,178,0
1463,referral,balanced,T3+,2545.16,2,1,0,0,0,0.0,77,1
1464,paid_search,cautious,T3+,5436.16,4,0,0,0,0,0.0,264,0
1465,organic,cautious,T1,9332.71,2,0,1,0,0,0.0,129,1
1466,organic,cautious,T3+,12664.0,2,1,0,0,0,0.0,72,0
1467,social,balanced,T3+,6977.55,6,0,3,0,0,0.0,131,1
1468,organic,cautious,T3+,21888.4,4,0,3,0,0,0.0,126,1
1469,organic,cautious,T2,2772.16,2,0,1,0,0,0.0,201,1
1470,organic,aggressive,T1,12387.15,1,0,1,0,0,0.0,100,0
1473,bank_partner,balanced,T3+,19701.45,2,0,0,0,0,0.0,129,0
1474,organic,cautious,T2,5138.28,4,0,2,0,0,0.0,313,1
1475,bank_partner,balanced,T3+,4452.22,5,0,0,0,0,0.0,97,0
1476,organic,aggressive,T1,29883.51,0,0,0,0,0,0.0,281,1
1478,organic,cautious,T3+,18855.43,6,2,3,3,3,8517.84,1,0
1479,organic,aggressive,T3+,13378.09,6,1,2,0,0,0.0,85,1
1480,paid_search,aggressive,T2,5248.88,2,0,1,0,0,0.0,231,1
1481,social,aggressive,T2,25615.43,4,1,1,0,0,0.0,42,1
1482,bank_partner,balanced,T2,1342.43,4,0,2,0,0,0.0,158,1
1483,paid_search,balanced,T3+,63082.66,0,0,0,0,0,0.0,156,0
1485,paid_search,cautious,T2,6828.98,2,1,1,0,0,0.0,80,0
1486,organic,balanced,T3+,5773.73,2,0,1,0,0,0.0,160,1
1487,paid_search,balanced,T1,2842.03,1,1,1,0,0,0.0,42,1
1489,paid_search,aggressive,T2,1816.63,1,1,0,0,0,0.0,78,1
1490,social,cautious,T2,2462.93,0,0,0,0,0,0.0,169,1
1491,organic,balanced,T2,4834.59,7,3,3,1,1,909.09,45,0
1492,referral,balanced,T3+,5690.64,9,0,5,2,0,1256.92,185,0
1493,paid_search,aggressive,T3+,9809.65,4,0,1,0,0,0.0,293,1
1494,referral,aggressive,T1,44661.51,2,0,0,0,0,0.0,308,1
1495,bank_partner,aggressive,T1,5786.99,7,0,5,0,0,0.0,99,1
1496,paid_search,cautious,T3+,32082.48,4,1,1,0,0,0.0,52,0
1497,paid_search,balanced,T2,12111.87,2,2,0,0,0,0.0,26,1
1498,paid_search,cautious,T3+,10445.71,0,0,0,0,0,0.0,139,1
1499,social,cautious,T3+,7038.74,0,0,0,0,0,0.0,325,1
1501,referral,cautious,T2,8723.85,0,0,0,0,0,0.0,223,1
1502,organic,balanced,T3+,16727.48,4,0,0,0,0,0.0,307,1
1503,referral,cautious,T3+,8204.9,6,1,0,0,0,0.0,90,1
1505,paid_search,balanced,T1,2244.97,2,0,0,1,0,932.01,134,0
1506,paid_search,balanced,T3+,8411.75,4,1,2,0,0,0.0,84,0
1508,social,balanced,T1,2117.39,6,0,3,0,0,0.0,147,1
1509,referral,balanced,T2,4468.23,1,1,0,0,0,0.0,27,1
1511,organic,aggressive,T1,938.8,5,1,4,0,0,0.0,67,0
1512,social,balanced,T1,9639.77,0,0,0,0,0,0.0,260,1
1513,social,cautious,T2,8661.16,1,0,0,0,0,0.0,134,1
1515,paid_search,balanced,T2,7403.18,4,1,0,2,0,3107.4,35,1
1516,bank_partner,balanced,T2,1581.98,4,1,2,0,0,0.0,58,1
1517,paid_search,balanced,T2,1701.3,2,0,0,0,0,0.0,208,1
1520,bank_partner,cautious,T1,19574.86,1,0,0,0,0,0.0,305,1
1521,social,balanced,T1,2556.81,2,0,2,0,0,0.0,278,1
1522,referral,cautious,T2,4567.71,2,2,0,0,0,0.0,21,0
1523,organic,aggressive,T3+,4866.31,8,0,6,3,1,3219.07,120,0
1526,social,balanced,T1,44386.4,3,0,2,0,0,0.0,94,1
1528,social,cautious,T3+,11217.47,2,0,0,0,0,0.0,163,1
1529,referral,aggressive,T3+,13689.7,0,0,0,0,0,0.0,132,1
1531,bank_partner,balanced,T2,18015.72,6,0,4,0,0,0.0,104,0
1532,paid_search,balanced,T3+,2445.39,5,5,1,0,0,0.0,5,0
1533,organic,aggressive,T1,130427.37,2,1,2,0,0,0.0,48,1
1536,referral,cautious,T2,9919.72,2,0,2,0,0,0.0,236,1
1537,referral,balanced,T2,12102.93,2,1,2,0,0,0.0,52,1
1538,organic,balanced,T2,50725.96,0,0,0,0,0,0.0,201,1
1539,organic,aggressive,T1,8818.47,1,0,0,0,0,0.0,233,1
1541,paid_search,balanced,T1,8139.3,3,3,1,0,0,0.0,56,1
1542,social,cautious,T2,13209.45,1,1,0,0,0,0.0,87,1
1543,social,balanced,T2,7111.97,1,0,0,0,0,0.0,166,1
1544,paid_search,balanced,T1,9572.01,2,1,0,0,0,0.0,22,1
1546,bank_partner,balanced,T2,4626.98,4,1,2,0,0,0.0,6,1
1547,referral,balanced,T2,20856.78,5,0,3,0,0,0.0,134,1
1548,social,cautious,T1,3853.01,2,2,2,0,0,0.0,63,0
1549,referral,aggressive,T3+,19750.88,4,1,0,0,0,0.0,38,1
1551,referral,cautious,T1,4685.2,4,0,2,0,0,0.0,163,1
1552,referral,cautious,T3+,13607.08,3,0,0,0,0,0.0,205,1
1556,social,balanced,T1,7430.98,2,0,1,0,0,0.0,114,1
1557,referral,aggressive,T1,13629.56,1,0,0,0,0,0.0,205,1
1559,bank_partner,balanced,T1,3010.15,4,3,0,0,0,0.0,28,0
1560,paid_search,aggressive,T2,8952.52,3,0,1,0,0,0.0,103,0
1562,social,aggressive,T1,4000.24,4,0,1,0,0,0.0,197,1
1563,bank_partner,aggressive,T3+,13982.93,1,0,1,0,0,0.0,153,1
1564,organic,cautious,T2,14279.69,3,1,1,0,0,0.0,67,1
1565,paid_search,balanced,T2,24986.9,5,2,4,0,0,0.0,26,1
1566,paid_search,cautious,T2,19586.37,2,0,0,0,0,0.0,220,1
1567,social,cautious,T2,8130.8,1,0,0,0,0,0.0,102,0
1568,organic,balanced,T1,6215.96,2,1,1,0,0,0.0,65,1
1569,social,balanced,T2,8201.86,2,1,2,0,0,0.0,7,1
1570,referral,cautious,T1,13828.41,2,1,0,0,0,0.0,56,1
1571,referral,balanced,T2,8010.94,3,0,1,0,0,0.0,99,0
1572,paid_search,cautious,T2,2797.0,3,0,1,0,0,0.0,284,1
1574,referral,cautious,T2,18455.61,2,2,0,0,0,0.0,81,0
1575,organic,balanced,T1,12478.16,2,2,0,0,0,0.0,67,1
1576,social,cautious,T2,5760.99,5,0,2,0,0,0.0,156,1
1578,bank_partner,aggressive,T1,4430.34,0,0,0,0,0,0.0,125,0
1579,referral,balanced,T1,5006.73,0,0,0,0,0,0.0,293,1
1581,organic,balanced,T2,3035.09,1,0,0,0,0,0.0,323,1
1582,bank_partner,balanced,T1,12823.64,3,0,1,0,0,0.0,178,1
1583,organic,cautious,T1,39168.77,7,0,2,2,0,12039.119999999999,123,1
1586,paid_search,cautious,T1,19159.06,6,0,0,0,0,0.0,191,1
1587,social,balanced,T2,2114.99,11,2,4,0,0,0.0,37,1
1590,organic,balanced,T1,14717.29,0,0,0,0,0,0.0,287,1
1593,organic,balanced,T1,24648.86,4,1,2,0,0,0.0,53,1
1594,social,cautious,T1,29961.07,3,1,0,0,0,0.0,21,1
1595,paid_search,balanced,T1,9021.98,6,0,1,0,0,0.0,234,1
1596,social,aggressive,T2,2306.08,5,3,3,0,0,0.0,4,0
1597,social,cautious,T1,104858.49,3,0,1,0,0,0.0,259,1
1598,referral,cautious,T1,4449.09,3,0,3,0,0,0.0,310,0
1599,social,balanced,T3+,47676.15,2,0,1,0,0,0.0,320,1
1600,paid_search,cautious,T1,8268.51,0,0,0,0,0,0.0,103,0
1601,bank_partner,cautious,T3+,14308.42,3,0,2,0,0,0.0,223,1
1602,organic,balanced,T1,67072.39,0,0,0,0,0,0.0,159,1
1606,paid_search,balanced,T1,3658.87,2,2,1,0,0,0.0,42,0
1607,referral,balanced,T1,15846.7,18,4,7,3,2,7727.07,26,1
1608,bank_partner,balanced,T2,16075.71,2,0,0,0,0,0.0,210,1
1609,social,cautious,T3+,4867.47,1,0,1,0,0,0.0,219,1
1610,referral,balanced,T3+,25769.65,2,1,1,0,0,0.0,46,1
1612,organic,balanced,T2,12856.75,2,0,1,0,0,0.0,202,1
1613,referral,balanced,T1,6333.82,3,0,2,0,0,0.0,190,1
1615,social,cautious,T2,27418.79,9,2,4,4,1,20940.69,74,0
1616,paid_search,balanced,T2,47336.96,11,1,8,4,1,33551.729999999996,44,1
1617,paid_search,balanced,T1,2711.5,4,2,2,0,0,0.0,15,1
1618,social,cautious,T2,34567.97,0,0,0,0,0,0.0,277,1
1619,bank_partner,balanced,T1,14673.09,1,1,0,0,0,0.0,45,1
1621,organic,cautious,T3+,9480.8,3,0,0,0,0,0.0,211,1
1622,paid_search,cautious,T2,82140.7,4,0,0,0,0,0.0,146,1
1623,referral,cautious,T1,8406.55,2,0,0,0,0,0.0,204,1
1624,referral,cautious,T3+,1024.86,0,0,0,0,0,0.0,284,1
1625,organic,cautious,T1,852.7,5,1,1,0,0,0.0,51,0
1626,organic,aggressive,T3+,2909.15,9,1,6,2,0,1669.6000000000001,28,1
1627,organic,balanced,T3+,17213.69,3,0,1,0,0,0.0,123,1
1628,organic,aggressive,T2,14415.06,4,1,1,0,0,0.0,41,1
1629,referral,cautious,T3+,14842.85,13,1,8,1,0,2521.39,19,0
1630,referral,cautious,T3+,6004.27,5,0,2,0,0,0.0,185,1
1631,paid_search,balanced,T1,3482.26,2,2,2,0,0,0.0,40,1
1632,referral,balanced,T2,18292.54,3,0,0,0,0,0.0,192,1
1635,bank_partner,aggressive,T3+,4825.37,1,0,0,0,0,0.0,138,1
1636,paid_search,cautious,T2,18260.53,2,1,1,0,0,0.0,48,1
1637,organic,balanced,T3+,3541.0,3,0,1,0,0,0.0,161,1
1638,paid_search,balanced,T1,3632.72,1,1,1,0,0,0.0,76,1
1639,paid_search,cautious,T1,7956.19,5,0,2,0,0,0.0,165,1
1640,bank_partner,balanced,T3+,810.84,2,1,1,0,0,0.0,7,1
1643,organic,cautious,T3+,5638.61,1,0,0,0,0,0.0,303,0
1644,paid_search,balanced,T1,12502.63,7,0,1,0,0,0.0,145,0
1645,social,balanced,T1,16399.97,5,0,3,0,0,0.0,94,0
1646,organic,balanced,T3+,17989.17,1,1,0,0,0,0.0,85,1
1647,social,balanced,T3+,5369.59,2,2,2,0,0,0.0,83,1
1648,social,cautious,T2,13919.31,2,0,2,0,0,0.0,206,1
1649,paid_search,cautious,T3+,25551.82,6,1,3,0,0,0.0,4,0
1650,bank_partner,balanced,T2,59341.89,1,1,0,0,0,0.0,55,1
1651,social,aggressive,T2,56659.76,0,0,0,0,0,0.0,124,0
1652,social,balanced,T1,4297.24,0,0,0,0,0,0.0,97,0
1653,social,cautious,T3+,1827.34,2,0,0,0,0,0.0,104,1
1654,organic,cautious,T1,2862.68,1,0,1,0,0,0.0,215,1
1655,referral,aggressive,T1,20850.81,4,0,1,0,0,0.0,133,1
1658,bank_partner,balanced,T3+,19795.9,5,0,3,5,1,11796.23,269,0
1659,organic,aggressive,T1,5069.66,8,2,3,2,1,1658.8400000000001,11,0
1660,referral,cautious,T3+,41214.96,0,0,0,0,0,0.0,342,1
1662,paid_search,cautious,T1,36802.8,2,0,2,0,0,0.0,228,1
1666,bank_partner,cautious,T1,1690.18,9,0,2,0,0,0.0,143,0
1668,referral,aggressive,T2,9132.94,2,2,1,0,0,0.0,12,1
1669,paid_search,balanced,T2,3892.13,6,0,2,0,0,0.0,100,1
1670,organic,aggressive,T1,28900.79,0,0,0,0,0,0.0,200,1
1671,organic,aggressive,T3+,2660.96,3,1,0,0,0,0.0,69,1
1672,organic,balanced,T2,1781.22,2,2,1,0,0,0.0,13,1
1673,paid_search,balanced,T3+,5948.01,1,0,1,0,0,0.0,211,1
1674,organic,balanced,T3+,11964.01,1,0,0,0,0,0.0,287,1
1675,referral,balanced,T1,33612.07,2,0,1,0,0,0.0,320,1
1676,organic,cautious,T3+,2011.4,0,0,0,0,0,0.0,339,1
1678,paid_search,aggressive,T3+,15912.08,1,0,0,0,0,0.0,300,1
1679,organic,aggressive,T1,29661.95,5,0,3,3,0,19736.510000000002,122,1
1680,bank_partner,cautious,T2,17989.64,0,0,0,0,0,0.0,195,1
1681,paid_search,aggressive,T2,7442.64,3,0,1,0,0,0.0,182,1
1682,referral,cautious,T3+,29632.93,4,0,1,0,0,0.0,120,1
1683,paid_search,cautious,T1,2176.9,5,4,1,0,0,0.0,43,0
1684,social,balanced,T2,18409.34,1,0,1,0,0,0.0,123,0
1685,organic,aggressive,T2,3716.25,8,0,2,0,0,0.0,168,1
1686,bank_partner,balanced,T3+,42432.11,1,0,0,0,0,0.0,279,1
1687,organic,cautious,T1,67329.89,2,0,0,0,0,0.0,110,1
1688,social,cautious,T2,30384.27,1,1,1,0,0,0.0,18,0
1690,social,cautious,T1,902.73,0,0,0,0,0,0.0,321,0
1691,social,balanced,T3+,5966.99,1,0,0,0,0,0.0,153,1
1692,referral,cautious,T2,11819.22,4,0,2,0,0,0.0,191,0
1693,organic,balanced,T1,8970.2,3,0,0,0,0,0.0,169,1
1696,social,cautious,T1,11418.6,5,2,3,1,0,3492.86,8,1
1698,social,balanced,T3+,1395.57,3,3,1,0,0,0.0,41,0
1699,bank_partner,aggressive,T2,38010.61,2,1,0,0,0,0.0,89,1
1700,paid_search,aggressive,T2,2428.65,1,0,0,0,0,0.0,184,0
1701,organic,aggressive,T2,2307.6,2,1,2,0,0,0.0,24,1
1702,paid_search,balanced,T2,3884.03,5,0,2,0,0,0.0,182,1
1703,organic,balanced,T2,4810.84,10,0,3,3,0,2079.61,102,0
1704,paid_search,cautious,T2,83322.35,9,0,4,2,0,40719.51,204,1
1705,referral,balanced,T1,12089.85,4,1,2,0,0,0.0,55,1
1707,bank_partner,balanced,T2,2089.47,2,0,0,0,0,0.0,108,1
1708,organic,cautious,T2,21674.26,2,2,1,0,0,0.0,33,0
1709,organic,balanced,T1,15561.47,3,0,2,0,0,0.0,259,0
1710,organic,aggressive,T3+,607.46,4,0,0,0,0,0.0,92,1
1711,paid_search,cautious,T1,1892.65,2,0,2,0,0,0.0,217,1
1712,organic,cautious,T1,1544.01,5,2,1,0,0,0.0,11,1
1713,paid_search,cautious,T2,46742.48,1,0,1,0,0,0.0,91,0
1714,referral,balanced,T3+,5150.01,1,1,0,0,0,0.0,65,1
1717,referral,aggressive,T2,9494.7,8,2,3,0,0,0.0,32,1
1718,referral,balanced,T3+,7446.33,6,2,5,0,0,0.0,11,0
1719,bank_partner,cautious,T2,774.05,1,0,0,0,0,0.0,240,1
1720,bank_partner,aggressive,T3+,1591.85,6,0,2,0,0,0.0,146,1
1725,social,balanced,T3+,198639.71,5,2,4,1,0,49496.9,22,1
1726,paid_search,cautious,T2,4165.86,5,2,4,0,0,0.0,37,1
1727,organic,cautious,T1,3556.93,9,0,3,3,1,1577.75,99,0
1729,referral,balanced,T1,31482.04,4,1,1,0,0,0.0,78,1
1731,organic,aggressive,T1,11683.89,5,2,2,0,0,0.0,55,1
1732,social,balanced,T2,4285.02,3,0,1,0,0,0.0,270,1
1733,bank_partner,aggressive,T3+,11948.85,5,0,1,0,0,0.0,177,1
1735,paid_search,cautious,T2,7526.01,2,0,2,0,0,0.0,174,1
1738,social,cautious,T2,4818.34,4,0,0,0,0,0.0,175,1
1739,organic,aggressive,T3+,4488.14,8,6,1,0,0,0.0,23,1
1740,bank_partner,cautious,T1,20335.43,1,0,0,0,0,0.0,310,1
1742,social,cautious,T1,12598.14,1,1,0,0,0,0.0,64,0
1743,social,cautious,T1,18565.71,2,0,1,0,0,0.0,195,0
1745,bank_partner,cautious,T1,18963.49,0,0,0,0,0,0.0,139,1
1747,bank_partner,balanced,T2,37953.97,3,1,0,0,0,0.0,78,1
1748,referral,aggressive,T2,11200.57,8,7,4,2,2,2182.1499999999996,15,1
1750,organic,cautious,T2,12609.95,1,0,0,0,0,0.0,180,1
1751,paid_search,cautious,T3+,10728.01,2,0,1,0,0,0.0,150,1
1752,referral,balanced,T2,9195.39,3,1,2,0,0,0.0,89,1
1753,referral,balanced,T3+,10660.02,5,5,1,0,0,0.0,12,0
1755,social,cautious,T2,1013.22,4,1,2,0,0,0.0,2,1
1756,social,balanced,T1,991.95,2,0,0,0,0,0.0,93,1
1757,referral,aggressive,T2,11610.57,5,4,3,1,0,1982.0,23,0
1758,organic,cautious,T2,2602.18,6,1,1,0,0,0.0,58,1
1759,paid_search,balanced,T1,2233.08,10,4,6,2,1,792.83,7,0
1760,paid_search,balanced,T3+,779.11,3,0,0,0,0,0.0,94,1
1761,organic,aggressive,T2,3194.24,6,0,1,0,0,0.0,109,1
1762,organic,cautious,T2,6959.46,1,0,0,0,0,0.0,142,1
1763,referral,cautious,T2,3451.19,6,0,3,0,0,0.0,110,0
1764,bank_partner,balanced,T2,7542.2,14,2,7,1,0,3107.39,38,1
1765,referral,balanced,T2,32124.04,2,0,0,0,0,0.0,191,1
1766,organic,cautious,T3+,16357.21,6,3,2,0,0,0.0,8,1
1767,paid_search,cautious,T3+,15470.71,3,0,1,0,0,0.0,108,1
1768,paid_search,cautious,T1,7573.49,2,1,1,0,0,0.0,32,1
1769,referral,cautious,T2,60646.61,2,0,2,0,0,0.0,213,1
1771,organic,balanced,T1,16819.59,6,5,3,0,0,0.0,15,1
1772,organic,cautious,T2,2888.41,2,0,1,0,0,0.0,262,1
1774,organic,balanced,T2,33445.65,2,2,0,0,0,0.0,38,0
1776,referral,balanced,T3+,13056.35,3,0,0,0,0,0.0,144,1
1777,bank_partner,balanced,T2,6281.09,1,0,1,0,0,0.0,186,1
1778,paid_search,aggressive,T1,4184.52,2,0,1,0,0,0.0,146,1
1779,bank_partner,cautious,T1,2419.75,2,0,1,0,0,0.0,110,1
1780,social,balanced,T1,1540.21,1,0,1,0,0,0.0,163,1
1781,organic,aggressive,T2,964.09,4,1,1,0,0,0.0,1,1
1782,bank_partner,aggressive,T3+,17374.4,7,0,4,0,0,0.0,173,1
1784,social,aggressive,T3+,9645.61,3,0,1,0,0,0.0,127,1
1785,organic,cautious,T3+,22678.27,2,0,1,0,0,0.0,126,1
1786,social,cautious,T1,5837.81,4,0,3,0,0,0.0,280,1
1787,paid_search,balanced,T3+,15155.13,4,0,2,0,0,0.0,337,1
1788,organic,cautious,T3+,1436.89,6,0,2,0,0,0.0,209,1
1789,social,cautious,T3+,21906.91,6,1,3,2,0,13376.32,12,1
1791,social,balanced,T2,6297.6,2,2,2,0,0,0.0,32,0
1792,bank_partner,aggressive,T3+,16090.29,5,5,1,0,0,0.0,24,0
1793,social,balanced,T3+,6889.61,5,0,4,3,1,3362.39,144,1
1794,social,balanced,T3+,7166.95,1,0,0,0,0,0.0,96,1
1795,paid_search,balanced,T3+,50684.67,10,0,7,3,0,33824.67,179,1
1796,organic,cautious,T2,10954.41,0,0,0,0,0,0.0,299,0
1797,bank_partner,balanced,T3+,19081.45,4,0,0,0,0,0.0,209,1
1798,paid_search,balanced,T3+,67504.01,8,0,3,3,1,15635.06,136,1
1800,paid_search,balanced,T3+,2747.82,3,0,0,0,0,0.0,108,0
1801,social,cautious,T2,3453.58,3,0,0,0,0,0.0,297,1
1802,bank_partner,aggressive,T1,37171.52,2,0,1,0,0,0.0,127,1
1803,social,balanced,T1,10117.8,3,2,2,0,0,0.0,64,0
1804,paid_search,balanced,T2,8209.64,12,0,7,3,0,4249.2,141,1
1805,organic,cautious,T2,2075.43,2,0,0,0,0,0.0,129,1
1806,organic,balanced,T3+,4318.21,2,0,2,0,0,0.0,140,1
1807,organic,aggressive,T2,5826.53,4,4,0,0,0,0.0,33,0
1808,referral,balanced,T2,12875.0,4,1,2,0,0,0.0,28,1
1811,paid_search,balanced,T1,12906.82,5,0,2,0,0,0.0,156,1
1812,social,cautious,T2,26125.4,2,0,0,0,0,0.0,148,1
1813,referral,cautious,T3+,2514.64,4,0,2,0,0,0.0,93,1
1814,paid_search,cautious,T1,4502.97,2,1,0,0,0,0.0,88,1
1815,paid_search,cautious,T1,3228.9,5,1,2,0,0,0.0,26,0
1816,bank_partner,aggressive,T2,10432.43,5,0,2,0,0,0.0,279,1
1818,paid_search,balanced,T1,5281.36,13,2,6,2,0,842.69,38,1
1819,social,cautious,T3+,4091.39,2,1,0,0,0,0.0,23,1
1820,paid_search,cautious,T2,11412.73,3,0,2,0,0,0.0,171,1
1822,bank_partner,balanced,T1,861.41,0,0,0,0,0,0.0,350,1
1823,bank_partner,balanced,T1,7955.84,0,0,0,0,0,0.0,298,1
1824,organic,cautious,T3+,5013.02,0,0,0,0,0,0.0,147,1
1828,social,balanced,T2,3849.21,1,0,0,0,0,0.0,263,1
1829,organic,balanced,T2,6513.25,3,3,1,0,0,0.0,18,0
1830,social,cautious,T1,56429.15,5,0,3,0,0,0.0,178,1
1831,social,balanced,T3+,6197.96,1,0,0,0,0,0.0,100,0
1832,referral,balanced,T1,9049.06,5,3,1,0,0,0.0,13,1
1833,organic,balanced,T2,853.06,3,1,3,0,0,0.0,62,0
1834,paid_search,cautious,T2,6824.91,2,0,0,0,0,0.0,136,1
1836,bank_partner,balanced,T1,1329.77,1,0,0,0,0,0.0,169,0
1837,organic,balanced,T2,9021.72,0,0,0,0,0,0.0,170,1
1838,organic,cautious,T2,6140.96,1,1,1,0,0,0.0,2,1
1839,referral,balanced,T3+,7742.72,3,1,1,0,0,0.0,47,0
1840,social,cautious,T2,35059.23,9,1,5,0,0,0.0,33,0
1841,paid_search,balanced,T2,26761.33,4,0,2,0,0,0.0,263,1
1842,organic,aggressive,T3+,40308.79,5,2,0,0,0,0.0,25,1
1843,social,balanced,T2,52808.99,1,0,1,0,0,0.0,293,1
1844,referral,cautious,T3+,22941.36,2,0,0,0,0,0.0,169,1
1845,organic,balanced,T3+,4635.15,6,2,2,0,0,0.0,57,1
1846,bank_partner,cautious,T1,17065.83,8,6,7,1,1,4686.82,27,0
1848,organic,balanced,T3+,20251.34,1,0,0,0,0,0.0,259,1
1849,social,cautious,T2,1368.39,3,2,1,0,0,0.0,76,1
1850,paid_search,cautious,T1,47472.42,2,1,0,0,0,0.0,66,1
1851,referral,cautious,T2,6620.35,1,1,0,0,0,0.0,86,0
1852,paid_search,balanced,T3+,4008.39,7,2,2,0,0,0.0,15,1
1855,social,aggressive,T3+,25616.08,1,0,0,0,0,0.0,124,1
1856,referral,cautious,T3+,2465.91,3,0,0,0,0,0.0,96,1
1858,referral,cautious,T2,33539.09,3,2,2,0,0,0.0,33,0
1859,paid_search,balanced,T3+,3861.73,1,1,1,0,0,0.0,56,1
1860,organic,cautious,T3+,23609.68,3,3,1,0,0,0.0,9,0
1861,paid_search,aggressive,T1,8397.31,2,1,1,0,0,0.0,60,1
1863,paid_search,aggressive,T1,39043.39,10,3,4,0,0,0.0,47,0
1865,referral,cautious,T1,36674.67,1,0,1,0,0,0.0,159,1
1866,paid_search,balanced,T2,9970.22,4,1,2,0,0,0.0,61,1
1868,referral,aggressive,T1,14767.69,4,1,1,0,0,0.0,43,1
1869,social,aggressive,T2,1596.58,0,0,0,0,0,0.0,316,1
1870,paid_search,cautious,T1,31488.95,2,1,1,0,0,0.0,25,1
1871,organic,balanced,T2,2033.58,1,1,0,0,0,0.0,68,1
1872,referral,cautious,T2,500.0,5,1,3,0,0,0.0,82,1
1875,organic,aggressive,T3+,4143.65,3,1,1,0,0,0.0,89,1
1877,social,balanced,T3+,5076.83,0,0,0,0,0,0.0,98,1
1878,social,aggressive,T3+,6818.6,2,0,1,0,0,0.0,303,1
1879,paid_search,cautious,T1,17315.65,10,1,6,4,0,9598.32,55,1
1880,paid_search,balanced,T1,16841.02,5,0,1,0,0,0.0,216,1
1881,organic,cautious,T2,7709.71,4,2,1,0,0,0.0,38,1
1884,organic,cautious,T2,51157.28,1,0,1,0,0,0.0,225,1
1885,bank_partner,balanced,T3+,32292.41,2,0,1,0,0,0.0,325,1
1887,bank_partner,cautious,T2,1511.85,3,0,2,0,0,0.0,98,0
1888,organic,balanced,T2,3898.69,0,0,0,0,0,0.0,307,1
1889,organic,balanced,T1,5309.83,2,1,1,0,0,0.0,88,0
1892,paid_search,aggressive,T2,69679.36,2,0,0,0,0,0.0,276,1
1894,referral,balanced,T3+,16956.58,4,0,0,0,0,0.0,127,0
1895,bank_partner,cautious,T1,73640.58,2,1,0,0,0,0.0,42,0
1896,organic,aggressive,T2,1101.21,5,1,3,0,0,0.0,41,1
1897,organic,cautious,T1,1137.72,1,0,0,0,0,0.0,196,1
1899,referral,aggressive,T1,32980.21,1,0,1,0,0,0.0,227,1
1900,paid_search,balanced,T1,6598.43,2,0,1,0,0,0.0,92,1
1901,bank_partner,aggressive,T2,13609.97,1,0,1,0,0,0.0,141,1
1905,social,aggressive,T1,4383.37,6,1,1,0,0,0.0,43,1
1907,social,cautious,T3+,13970.78,4,0,0,0,0,0.0,106,1
1909,paid_search,cautious,T3+,23427.47,3,1,0,0,0,0.0,68,1
1910,referral,cautious,T3+,37815.12,3,1,2,0,0,0.0,88,1
1911,referral,balanced,T2,5554.3,6,0,2,1,0,2131.14,147,0
1913,referral,balanced,T3+,2492.92,2,2,0,0,0,0.0,24,1
1914,referral,balanced,T1,3190.98,2,2,0,0,0,0.0,46,0
1916,bank_partner,aggressive,T3+,17327.72,4,0,2,2,0,8545.8,124,0
1917,referral,balanced,T3+,836.49,2,0,0,0,0,0.0,107,1
1921,social,aggressive,T1,23518.88,1,0,0,0,0,0.0,177,1
1922,referral,cautious,T2,12099.96,3,1,2,0,0,0.0,39,1
1925,social,cautious,T2,219914.59,2,0,0,0,0,0.0,262,0
1928,organic,cautious,T3+,4049.66,5,0,3,0,0,0.0,141,0
1929,organic,balanced,T2,18413.25,3,0,1,0,0,0.0,270,1
1930,organic,balanced,T2,3775.28,1,0,0,0,0,0.0,249,1
1931,bank_partner,balanced,T2,5323.55,2,0,1,0,0,0.0,177,1
1932,referral,cautious,T2,13701.06,2,2,1,0,0,0.0,47,1
1933,organic,balanced,T1,13153.89,3,1,1,0,0,0.0,58,1
1935,paid_search,balanced,T2,6389.58,1,0,1,0,0,0.0,167,1
1936,paid_search,balanced,T1,3261.13,2,0,2,0,0,0.0,258,1
1937,organic,aggressive,T3+,31108.32,1,0,0,0,0,0.0,138,1
1938,paid_search,balanced,T3+,20504.73,3,2,0,0,0,0.0,10,1
1939,organic,cautious,T2,12774.78,2,1,1,0,0,0.0,72,1
1940,organic,balanced,T3+,6654.43,2,0,0,0,0,0.0,120,1
1941,organic,cautious,T1,6117.82,2,2,1,0,0,0.0,56,0
1942,social,cautious,T1,3603.88,1,0,0,0,0,0.0,102,1
1943,social,balanced,T3+,1924.81,0,0,0,0,0,0.0,109,0
1944,organic,cautious,T1,34950.54,3,3,1,0,0,0.0,24,1
1945,referral,balanced,T3+,24861.32,4,4,1,0,0,0.0,7,1
1946,organic,aggressive,T2,7303.59,1,0,1,0,0,0.0,208,0
1947,organic,balanced,T2,24131.81,4,1,1,1,0,8851.14,87,1
1948,paid_search,balanced,T3+,27765.42,14,1,4,2,0,11616.24,29,1
1949,organic,balanced,T2,2391.27,2,0,0,0,0,0.0,154,0
1951,organic,aggressive,T1,2569.75,8,1,3,2,0,788.3100000000001,22,0
1952,referral,aggressive,T3+,2204.31,3,0,0,0,0,0.0,99,1
1953,organic,cautious,T2,1751.35,3,2,1,0,0,0.0,59,0
1954,organic,cautious,T3+,2556.17,4,0,2,0,0,0.0,149,1
1957,organic,aggressive,T1,7270.35,2,0,0,0,0,0.0,289,1
1958,referral,balanced,T2,5575.63,4,3,2,0,0,0.0,3,1
1959,organic,aggressive,T2,7124.0,3,1,1,0,0,0.0,51,1
1960,referral,balanced,T2,12799.93,1,1,0,0,0,0.0,44,1
1961,organic,balanced,T1,28292.62,4,3,1,0,0,0.0,15,1
1962,organic,balanced,T3+,8087.26,1,0,0,0,0,0.0,103,0
1966,organic,cautious,T2,5042.53,6,2,3,0,0,0.0,24,0
1968,organic,balanced,T3+,2119.9,5,1,1,0,0,0.0,53,1
1969,referral,cautious,T3+,17213.99,0,0,0,0,0,0.0,105,1
1970,paid_search,balanced,T2,11478.26,0,0,0,0,0,0.0,213,1
1971,organic,balanced,T1,30097.38,11,2,6,2,1,7141.3,18,1
1972,referral,balanced,T3+,15378.75,1,0,0,0,0,0.0,220,1
1974,paid_search,cautious,T3+,3573.28,1,0,1,0,0,0.0,295,1
1977,social,aggressive,T3+,10370.85,2,1,1,0,0,0.0,83,1
1978,paid_search,balanced,T3+,80975.14,0,0,0,0,0,0.0,93,0
1979,bank_partner,cautious,T3+,30437.47,2,0,1,0,0,0.0,97,1
1980,referral,cautious,T2,11750.13,4,0,3,0,0,0.0,178,0
1981,social,balanced,T2,5018.0,2,0,2,0,0,0.0,193,1
1983,social,cautious,T2,8505.66,8,4,2,2,1,3637.0,9,0
1984,paid_search,cautious,T1,9058.83,2,0,0,0,0,0.0,147,1
1985,paid_search,cautious,T1,20498.51,5,4,2,0,0,0.0,15,0
1987,organic,aggressive,T2,10636.06,2,0,0,0,0,0.0,181,1
1988,organic,balanced,T2,14216.79,3,0,1,0,0,0.0,216,1
1992,social,cautious,T1,20218.95,0,0,0,0,0,0.0,195,0
1993,bank_partner,balanced,T3+,5310.73,3,1,1,0,0,0.0,59,1
1994,organic,balanced,T1,20799.3,3,1,1,0,0,0.0,63,1
1995,organic,balanced,T3+,31421.61,3,0,0,0,0,0.0,283,1
1996,bank_partner,balanced,T2,10217.02,6,2,2,0,0,0.0,43,1
1997,referral,aggressive,T1,3641.69,2,0,0,0,0,0.0,98,1
1998,referral,cautious,T2,4041.75,1,0,0,0,0,0.0,142,1
2000,bank_partner,cautious,T3+,11100.27,2,0,1,0,0,0.0,269,1
2001,organic,aggressive,T1,5851.29,3,1,1,0,0,0.0,19,0
2002,bank_partner,cautious,T2,2941.69,4,2,4,0,0,0.0,54,1
2003,social,cautious,T3+,7852.18,1,0,0,0,0,0.0,153,0
2004,social,cautious,T3+,16242.0,3,1,1,0,0,0.0,37,1
2005,organic,cautious,T2,10121.74,5,2,3,0,0,0.0,6,1
2006,bank_partner,balanced,T2,781.52,3,0,2,0,0,0.0,102,1
2007,social,aggressive,T2,11165.58,3,0,1,0,0,0.0,105,1
2008,paid_search,balanced,T1,45457.43,4,1,1,0,0,0.0,38,1
2009,organic,cautious,T2,15845.31,1,0,0,0,0,0.0,317,1
2010,referral,balanced,T3+,5570.34,3,0,2,0,0,0.0,297,1
2011,social,balanced,T1,7639.87,3,0,0,0,0,0.0,93,1
2013,paid_search,aggressive,T3+,4672.34,13,0,6,3,0,1403.02,174,0
2014,social,cautious,T1,18893.26,2,0,0,0,0,0.0,121,1
2018,social,balanced,T2,182641.32,3,0,1,0,0,0.0,94,1
2019,referral,balanced,T2,56515.75,1,0,0,1,0,21197.46,172,1
2023,referral,cautious,T2,9291.45,5,2,0,0,0,0.0,69,1
2024,referral,aggressive,T2,78588.27,1,0,0,0,0,0.0,222,1
2025,referral,balanced,T2,8177.37,7,1,5,1,0,1611.05,16,1
2029,referral,cautious,T3+,26983.09,3,0,0,0,0,0.0,187,1
2031,referral,aggressive,T2,1423.26,1,0,0,0,0,0.0,347,1
2032,paid_search,balanced,T2,92520.96,1,0,0,0,0,0.0,198,1
2033,referral,cautious,T1,10996.24,4,0,1,0,0,0.0,236,1
2034,organic,cautious,T2,3026.85,3,0,1,0,0,0.0,243,1
2035,organic,balanced,T3+,2523.51,2,2,1,0,0,0.0,38,1
2036,social,balanced,T2,3578.11,5,3,1,0,0,0.0,13,1
2037,paid_search,cautious,T3+,52824.77,5,1,4,1,0,10822.38,65,1
2041,organic,balanced,T3+,11631.4,0,0,0,0,0,0.0,150,1
2042,bank_partner,cautious,T3+,12426.89,3,0,2,0,0,0.0,155,1
2043,referral,cautious,T2,38203.94,5,1,3,0,0,0.0,83,1
2045,paid_search,cautious,T2,2340.55,0,0,0,0,0,0.0,295,1
2046,social,balanced,T2,10269.81,1,0,0,0,0,0.0,248,1
2047,organic,aggressive,T3+,12577.18,4,1,1,0,0,0.0,86,1
2050,bank_partner,balanced,T1,79376.04,5,0,3,0,0,0.0,203,1
2051,referral,balanced,T2,13837.36,3,1,1,0,0,0.0,70,1
2052,social,balanced,T2,11790.73,5,2,0,0,0,0.0,9,1
2053,organic,cautious,T3+,13957.61,0,0,0,0,0,0.0,178,0
2054,social,balanced,T2,5779.97,4,0,0,0,0,0.0,124,1
2055,referral,balanced,T2,43919.46,4,2,1,0,0,0.0,60,0
2056,referral,aggressive,T1,3006.34,0,0,0,0,0,0.0,328,1
2058,bank_partner,balanced,T2,19109.82,12,4,4,1,0,5319.06,12,1
2059,referral,cautious,T2,12585.6,2,1,0,0,0,0.0,61,0
2060,bank_partner,aggressive,T3+,1983.31,1,0,1,0,0,0.0,222,0
2061,bank_partner,aggressive,T3+,6577.42,2,1,0,0,0,0.0,65,1
2063,organic,cautious,T2,2608.8,6,0,2,0,0,0.0,191,1
2064,referral,balanced,T2,26106.5,1,0,1,0,0,0.0,205,0
2065,social,cautious,T3+,11253.99,3,0,1,0,0,0.0,135,1
2067,organic,aggressive,T1,10832.13,2,1,0,0,0,0.0,90,0
2068,bank_partner,cautious,T3+,7614.67,2,0,0,0,0,0.0,230,1
2069,bank_partner,cautious,T2,2390.21,3,3,1,0,0,0.0,11,1
2072,organic,balanced,T2,1775.16,4,0,0,0,0,0.0,199,1
2075,bank_partner,balanced,T3+,7739.36,1,0,0,0,0,0.0,146,1
2076,organic,cautious,T1,4512.53,9,3,5,3,2,2051.13,77,0
2077,social,balanced,T3+,3946.66,1,0,0,0,0,0.0,150,1
2079,organic,cautious,T3+,4868.09,2,0,1,0,0,0.0,224,0
2080,organic,aggressive,T1,14401.35,1,0,1,0,0,0.0,197,0
2082,paid_search,balanced,T3+,3171.68,4,0,2,0,0,0.0,258,1
2085,organic,cautious,T2,4149.0,2,0,0,0,0,0.0,206,1
2087,organic,balanced,T2,9409.57,3,1,2,0,0,0.0,72,1
2088,organic,balanced,T2,50719.99,8,0,4,1,0,8314.49,117,1
2089,social,balanced,T3+,11238.09,8,0,6,0,0,0.0,103,1
2091,social,balanced,T1,13275.84,0,0,0,0,0,0.0,269,1
2092,organic,balanced,T2,12009.18,5,0,1,0,0,0.0,147,1
2093,social,balanced,T1,2836.87,1,0,0,0,0,0.0,174,1
2094,paid_search,aggressive,T1,25638.21,2,0,1,0,0,0.0,98,0
2095,organic,balanced,T2,10990.68,1,1,0,0,0,0.0,84,0
2099,paid_search,balanced,T2,776.68,1,1,1,0,0,0.0,71,1
2101,social,balanced,T2,38134.78,2,0,1,0,0,0.0,100,0
2102,paid_search,balanced,T1,50626.4,2,0,1,0,0,0.0,179,0
2103,paid_search,aggressive,T3+,14844.03,1,0,0,0,0,0.0,113,0
2104,paid_search,aggressive,T3+,1121.48,7,1,3,0,0,0.0,66,1
2105,bank_partner,balanced,T2,12274.13,1,0,0,0,0,0.0,164,1
2106,paid_search,balanced,T1,18968.7,3,0,1,0,0,0.0,176,1
2107,referral,cautious,T3+,10804.46,2,1,1,0,0,0.0,84,1
2108,organic,balanced,T1,46340.67,4,0,1,0,0,0.0,97,1
2109,referral,cautious,T3+,41414.46,2,0,1,0,0,0.0,111,0
2110,referral,balanced,T2,14401.31,1,0,0,0,0,0.0,297,1
2111,referral,cautious,T3+,11026.33,2,0,0,0,0,0.0,283,1
2115,organic,balanced,T1,7521.31,4,0,2,1,0,1671.95,160,0
2116,paid_search,cautious,T3+,4935.8,2,1,0,0,0,0.0,26,1
2119,bank_partner,cautious,T1,2881.64,2,1,0,0,0,0.0,89,1
2120,paid_search,balanced,T2,10153.94,5,1,1,0,0,0.0,2,0
2121,bank_partner,balanced,T2,14486.46,8,0,3,0,0,0.0,193,1
2122,organic,cautious,T2,5365.74,2,1,0,0,0,0.0,89,1
2123,bank_partner,balanced,T2,6064.56,3,1,0,0,0,0.0,50,1
2124,bank_partner,balanced,T1,4377.1,1,0,0,0,0,0.0,94,1
2125,bank_partner,balanced,T3+,9554.94,0,0,0,0,0,0.0,290,1
2127,organic,balanced,T3+,7442.53,0,0,0,0,0,0.0,358,1
2128,organic,cautious,T1,7011.75,2,2,0,0,0,0.0,3,0
2129,referral,balanced,T2,2970.94,0,0,0,0,0,0.0,365,1
2131,referral,balanced,T2,14158.81,1,1,0,0,0,0.0,32,1
2132,organic,cautious,T2,6471.04,6,1,1,0,0,0.0,88,1
2135,bank_partner,balanced,T3+,57348.16,14,1,9,3,0,17011.52,12,0
2136,paid_search,cautious,T3+,23189.97,3,0,2,0,0,0.0,289,1
2139,bank_partner,balanced,T3+,3510.8,6,1,3,0,0,0.0,35,1
2140,organic,balanced,T2,12933.99,7,0,4,0,0,0.0,116,0
2142,referral,cautious,T2,6667.37,5,3,2,0,0,0.0,41,0
2143,social,balanced,T3+,4500.09,4,1,1,0,0,0.0,7,0
2144,paid_search,aggressive,T1,8200.19,3,0,1,0,0,0.0,173,1
2146,social,balanced,T1,9090.73,2,1,0,0,0,0.0,67,1
2147,organic,balanced,T3+,28544.83,4,1,1,1,0,6551.26,56,1
2150,social,aggressive,T3+,3514.86,2,1,0,0,0,0.0,81,1
2151,referral,balanced,T1,9258.74,4,1,1,0,0,0.0,57,1
2152,organic,aggressive,T3+,3145.51,1,0,0,0,0,0.0,147,1
2153,social,balanced,T1,10322.94,4,0,2,3,2,4563.94,106,1
2154,paid_search,cautious,T2,13338.75,1,0,1,0,0,0.0,305,1
2157,paid_search,aggressive,T2,22626.55,8,1,3,0,0,0.0,86,1
2158,social,aggressive,T1,6265.85,2,2,0,0,0,0.0,3,0
2159,paid_search,balanced,T3+,7405.17,4,0,2,0,0,0.0,102,1
2160,paid_search,aggressive,T3+,6974.99,2,0,2,0,0,0.0,231,1
2161,bank_partner,cautious,T3+,1249.09,7,2,3,0,0,0.0,6,1
2162,social,aggressive,T1,2031.98,0,0,0,0,0,0.0,326,1
2163,organic,balanced,T3+,7881.2,14,10,8,3,1,4405.22,1,0
2164,social,balanced,T3+,23197.3,6,0,3,0,0,0.0,272,1
2165,referral,cautious,T1,40011.88,3,0,0,0,0,0.0,238,1
2167,paid_search,cautious,T1,7328.64,3,0,1,0,0,0.0,142,1
2169,paid_search,balanced,T2,7153.61,5,1,2,0,0,0.0,63,1
2170,bank_partner,cautious,T2,18555.74,1,0,0,0,0,0.0,336,1
2171,referral,balanced,T1,8087.03,4,0,1,0,0,0.0,98,1
2172,bank_partner,balanced,T1,6518.02,4,3,1,0,0,0.0,43,1
2173,social,balanced,T1,1591.64,6,2,3,3,0,415.06,15,1
2174,organic,cautious,T1,3494.12,6,0,4,3,0,1477.76,255,0
2175,organic,aggressive,T3+,2820.92,0,0,0,0,0,0.0,292,0
2176,organic,cautious,T3+,5227.74,2,1,1,0,0,0.0,28,0
2177,social,cautious,T3+,5476.46,5,1,3,0,0,0.0,72,1
2178,organic,cautious,T1,6765.25,2,0,0,0,0,0.0,92,1
2179,social,balanced,T2,13148.62,6,0,1,0,0,0.0,141,0
2180,organic,cautious,T2,3676.77,4,0,2,0,0,0.0,122,1
2181,organic,aggressive,T2,27520.72,0,0,0,0,0,0.0,102,0
2182,referral,cautious,T2,11610.63,5,0,1,0,0,0.0,180,0
2183,paid_search,balanced,T3+,4502.97,4,0,1,0,0,0.0,95,1
2184,paid_search,balanced,T2,11717.43,1,0,0,0,0,0.0,103,1
2187,referral,balanced,T2,28429.58,6,1,1,0,0,0.0,80,0
2188,paid_search,cautious,T2,4940.7,3,0,2,0,0,0.0,114,1
2189,paid_search,aggressive,T2,32947.54,2,0,0,0,0,0.0,228,1
2190,organic,balanced,T3+,3801.68,4,1,1,0,0,0.0,79,1
2191,social,cautious,T3+,11977.02,4,0,2,0,0,0.0,240,1
2192,paid_search,cautious,T3+,7454.64,4,4,2,0,0,0.0,15,0
2193,social,aggressive,T1,17349.82,4,0,2,0,0,0.0,331,1
2194,bank_partner,cautious,T3+,10490.31,2,0,1,0,0,0.0,108,1
2195,organic,balanced,T1,16310.31,2,0,1,0,0,0.0,121,1
2196,referral,cautious,T3+,10238.38,2,0,1,0,0,0.0,191,1
2198,social,balanced,T2,8887.49,3,2,2,2,2,3431.74,25,1
2199,referral,balanced,T2,7261.44,7,2,3,1,0,2963.97,52,0
2200,paid_search,balanced,T3+,7241.26,6,0,2,0,0,0.0,163,1
2201,social,balanced,T3+,926.88,2,0,1,0,0,0.0,209,1
2202,referral,aggressive,T2,8806.66,4,0,2,0,0,0.0,224,1
2203,bank_partner,balanced,T1,17030.84,6,4,0,0,0,0.0,19,0
2205,social,balanced,T2,1326.68,4,2,2,0,0,0.0,72,1
2206,referral,balanced,T1,26336.76,1,0,0,0,0,0.0,133,1
2208,organic,aggressive,T2,6962.05,7,1,3,0,0,0.0,9,1
2209,paid_search,cautious,T2,22614.98,2,0,1,0,0,0.0,230,0
2210,organic,aggressive,T3+,28893.14,2,1,2,0,0,0.0,68,0
2211,bank_partner,aggressive,T1,5323.29,6,4,4,3,2,1260.94,45,1
2214,paid_search,cautious,T3+,4151.16,4,2,2,0,0,0.0,43,1
2215,paid_search,balanced,T2,57103.45,4,0,2,0,0,0.0,105,1
2216,paid_search,balanced,T1,24966.79,7,4,6,1,0,9396.7,27,0
2218,social,aggressive,T2,16356.08,1,0,1,0,0,0.0,300,1
2219,organic,balanced,T1,4376.44,0,0,0,0,0,0.0,305,1
2220,organic,balanced,T3+,9850.67,9,0,6,1,0,3424.88,97,1
2221,referral,balanced,T2,1407.02,4,0,1,0,0,0.0,138,1
2222,referral,aggressive,T2,21650.4,5,0,2,3,0,12724.89,208,1
2223,paid_search,balanced,T2,2752.33,4,1,2,1,0,283.38,77,0
2224,organic,balanced,T1,63936.74,0,0,0,0,0,0.0,117,0
2225,organic,cautious,T2,7508.21,2,0,1,0,0,0.0,96,1
2226,paid_search,cautious,T2,11342.82,5,1,2,0,0,0.0,14,1
2227,organic,balanced,T1,33188.1,3,1,2,0,0,0.0,23,1
2228,organic,cautious,T1,15072.47,3,1,2,0,0,0.0,9,1
2229,paid_search,cautious,T3+,32955.78,2,1,1,0,0,0.0,12,1
2230,organic,balanced,T3+,14526.72,5,0,3,0,0,0.0,104,1
2231,organic,balanced,T2,2811.96,1,0,0,0,0,0.0,172,1
2232,referral,balanced,T1,10491.19,8,3,3,0,0,0.0,26,0
2234,bank_partner,aggressive,T1,1765.29,4,4,0,0,0,0.0,23,0
2235,organic,cautious,T3+,28181.9,1,0,1,0,0,0.0,248,1
2236,social,cautious,T2,5404.81,3,1,0,0,0,0.0,14,0
2237,organic,cautious,T1,4503.13,2,0,1,0,0,0.0,264,1
2238,organic,cautious,T1,4664.98,2,0,0,0,0,0.0,128,1
2240,organic,balanced,T1,38745.31,2,2,1,0,0,0.0,17,1
2242,organic,cautious,T1,6587.67,3,1,0,0,0,0.0,9,1
2243,paid_search,balanced,T3+,6987.18,4,0,1,0,0,0.0,219,1
2244,paid_search,cautious,T2,19738.01,1,0,1,0,0,0.0,169,1
2245,paid_search,balanced,T3+,257721.3,1,0,1,0,0,0.0,147,1
2246,organic,aggressive,T3+,3720.2,2,0,0,0,0,0.0,229,1
2247,organic,balanced,T2,51267.57,1,0,1,0,0,0.0,188,0
2248,bank_partner,cautious,T3+,9590.16,6,0,1,0,0,0.0,150,1
2250,referral,balanced,T3+,2851.63,3,0,0,0,0,0.0,117,0
2251,organic,balanced,T3+,9671.89,2,0,0,0,0,0.0,180,1
2252,social,balanced,T1,5520.24,2,1,1,0,0,0.0,67,0
2253,paid_search,balanced,T2,42444.31,6,0,2,1,0,4763.85,175,1
2254,bank_partner,balanced,T3+,3858.22,7,0,3,3,0,768.73,125,1
2256,bank_partner,balanced,T3+,4380.87,3,0,1,0,0,0.0,231,1
2257,organic,cautious,T3+,60327.24,14,1,2,3,0,19330.47,16,1
2261,paid_search,cautious,T2,4907.76,1,1,0,2,2,1843.19,70,0
2262,organic,balanced,T3+,7955.41,5,3,1,0,0,0.0,46,0
2263,paid_search,cautious,T2,24619.89,4,4,3,0,0,0.0,52,1
2264,organic,cautious,T2,4086.4,3,1,2,0,0,0.0,9,1
2267,organic,balanced,T2,11481.1,2,1,1,0,0,0.0,6,1
2268,referral,balanced,T2,15991.18,1,0,0,0,0,0.0,97,1
2269,paid_search,cautious,T3+,26796.51,5,1,1,0,0,0.0,76,1
2270,organic,cautious,T2,14132.03,2,0,0,0,0,0.0,227,1
2271,organic,balanced,T3+,2534.05,3,2,0,0,0,0.0,87,0
2273,bank_partner,balanced,T3+,769.17,4,0,2,0,0,0.0,118,1
2274,organic,cautious,T1,32949.92,2,0,0,0,0,0.0,121,1
2275,paid_search,cautious,T2,16700.88,1,1,0,0,0,0.0,63,1
2276,social,cautious,T3+,78818.78,3,2,0,0,0,0.0,4,1
2277,organic,cautious,T3+,172525.6,2,2,0,0,0,0.0,55,0
2279,bank_partner,cautious,T2,45380.09,4,1,3,0,0,0.0,29,1
2281,referral,balanced,T2,13243.31,2,1,1,0,0,0.0,4,1
2283,paid_search,cautious,T1,41703.82,1,1,0,0,0,0.0,59,1
2284,paid_search,balanced,T1,10452.59,2,0,0,0,0,0.0,130,1
2287,paid_search,balanced,T3+,5244.71,1,0,1,0,0,0.0,131,1
2288,paid_search,balanced,T1,3736.83,1,0,0,0,0,0.0,134,0
2289,social,balanced,T3+,10061.59,5,2,2,0,0,0.0,35,1
2290,organic,aggressive,T1,32302.06,4,1,1,0,0,0.0,32,1
2291,bank_partner,balanced,T2,8835.14,2,0,1,0,0,0.0,278,1
2293,organic,balanced,T1,8013.64,4,2,1,0,0,0.0,4,0
2294,bank_partner,cautious,T3+,2629.09,2,0,0,0,0,0.0,206,1
2295,organic,balanced,T1,62311.26,5,0,2,0,0,0.0,140,0
2296,paid_search,cautious,T3+,500.0,5,1,2,0,0,0.0,50,1
2297,organic,balanced,T3+,24647.1,4,0,1,0,0,0.0,139,1
2298,paid_search,balanced,T3+,1168.58,1,0,0,0,0,0.0,251,0
2299,paid_search,aggressive,T2,6781.8,5,1,1,0,0,0.0,77,1
2300,paid_search,balanced,T3+,28285.74,1,0,1,0,0,0.0,120,1
2301,social,cautious,T2,10273.13,3,3,1,0,0,0.0,40,1
2302,organic,cautious,T3+,80336.82,4,3,2,0,0,0.0,27,0
2304,organic,balanced,T2,47863.09,7,1,3,0,0,0.0,63,1
2305,organic,cautious,T1,4940.05,2,0,2,0,0,0.0,221,1
2306,referral,aggressive,T3+,16469.17,2,1,0,0,0,0.0,76,1
2307,organic,cautious,T1,4817.46,4,0,3,0,0,0.0,124,0
2309,bank_partner,cautious,T3+,6894.53,9,0,3,5,0,4502.96,208,1
2311,organic,aggressive,T1,3534.86,1,0,0,0,0,0.0,199,1
2312,social,balanced,T1,8810.36,4,1,0,0,0,0.0,79,1
2314,bank_partner,balanced,T2,34760.35,10,1,8,3,0,6385.299999999999,66,0
2315,organic,cautious,T2,2265.14,2,0,1,0,0,0.0,149,1
2316,referral,aggressive,T3+,18035.27,4,0,1,0,0,0.0,176,1
2318,paid_search,balanced,T2,11334.76,1,0,0,0,0,0.0,137,0
2319,paid_search,balanced,T1,7600.97,3,0,3,0,0,0.0,125,1
2320,paid_search,balanced,T2,7739.51,3,0,0,0,0,0.0,273,1
2321,organic,cautious,T1,6278.39,6,0,2,4,0,3478.9,107,0
2322,referral,aggressive,T2,33543.24,2,1,0,0,0,0.0,67,1
2324,bank_partner,balanced,T2,7421.08,2,0,1,0,0,0.0,249,0
2327,referral,balanced,T1,22058.88,13,0,7,3,0,7918.7699999999995,126,1
2328,bank_partner,cautious,T1,8752.8,6,2,4,0,0,0.0,82,1
2329,bank_partner,balanced,T1,42018.27,4,0,1,0,0,0.0,146,1
2331,paid_search,balanced,T3+,37768.76,4,0,1,0,0,0.0,169,0
2332,referral,aggressive,T2,10620.99,8,0,4,5,1,5440.17,101,1
2333,paid_search,cautious,T2,30979.51,2,0,0,0,0,0.0,154,0
2334,paid_search,aggressive,T2,2590.28,4,0,0,0,0,0.0,226,1
2335,referral,cautious,T2,15367.02,4,4,1,0,0,0.0,32,1
2337,paid_search,aggressive,T2,52707.13,15,13,8,1,1,13890.9,2,1
2338,referral,cautious,T3+,27095.22,6,0,2,0,0,0.0,124,1
2339,social,balanced,T2,11087.75,4,0,0,0,0,0.0,157,1
2340,organic,balanced,T3+,11610.36,2,0,0,0,0,0.0,157,1
2342,social,balanced,T2,9852.74,1,1,1,0,0,0.0,47,1
2343,paid_search,balanced,T2,33328.87,8,1,4,2,0,13832.29,53,1
2344,social,cautious,T1,3401.18,4,0,2,0,0,0.0,114,0
2345,paid_search,balanced,T3+,3123.97,3,0,2,0,0,0.0,116,1
2346,social,cautious,T2,12445.35,3,0,1,0,0,0.0,204,0
2347,paid_search,cautious,T2,2844.71,3,2,2,0,0,0.0,61,0
2348,paid_search,balanced,T3+,20572.44,2,1,2,0,0,0.0,79,1
2349,organic,balanced,T3+,837.75,3,0,1,0,0,0.0,250,1
2350,organic,aggressive,T1,8687.83,7,0,2,0,0,0.0,267,1
2351,paid_search,cautious,T1,20507.73,2,2,2,0,0,0.0,10,1
2353,referral,balanced,T1,3395.8,6,0,4,0,0,0.0,114,0
2354,bank_partner,cautious,T2,1601.32,2,0,1,0,0,0.0,234,1
2355,organic,balanced,T3+,1211.84,2,2,1,0,0,0.0,3,1
2357,bank_partner,balanced,T3+,3436.75,2,0,0,0,0,0.0,149,1
2359,bank_partner,aggressive,T2,14454.26,0,0,0,0,0,0.0,318,1
2360,social,balanced,T1,24129.02,0,0,0,0,0,0.0,186,1
2361,paid_search,cautious,T1,20010.27,3,0,1,0,0,0.0,267,1
2362,referral,cautious,T2,18265.69,5,3,2,0,0,0.0,24,1
2363,paid_search,balanced,T3+,3196.09,4,2,4,0,0,0.0,82,1
2364,organic,cautious,T3+,35925.64,4,0,1,0,0,0.0,203,0
2365,referral,cautious,T3+,42461.31,1,0,0,0,0,0.0,112,1
2366,paid_search,cautious,T3+,2178.39,2,0,1,0,0,0.0,214,1
2367,bank_partner,cautious,T3+,11923.51,8,2,2,0,0,0.0,30,1
2369,organic,cautious,T2,7316.48,2,0,0,0,0,0.0,131,1
2370,social,balanced,T3+,22935.19,1,0,1,0,0,0.0,96,0
2371,bank_partner,aggressive,T2,8599.02,3,0,2,0,0,0.0,108,1
2373,paid_search,cautious,T2,18805.5,6,1,1,0,0,0.0,10,1
2375,social,cautious,T1,4139.29,4,1,4,0,0,0.0,32,1
2376,paid_search,balanced,T2,6940.35,2,0,0,0,0,0.0,146,1
2377,organic,cautious,T3+,3596.59,9,1,7,1,0,1222.87,57,0
2378,paid_search,balanced,T2,4114.02,1,0,0,0,0,0.0,103,0
2379,referral,cautious,T1,5810.74,4,1,1,0,0,0.0,43,1
2380,social,cautious,T1,10422.66,3,0,2,0,0,0.0,113,1
2381,organic,balanced,T3+,7966.82,1,1,0,0,0,0.0,43,1
2382,paid_search,balanced,T3+,16959.55,1,1,1,0,0,0.0,79,1
2384,social,balanced,T3+,2566.16,2,0,1,0,0,0.0,298,1
2386,paid_search,balanced,T3+,3799.45,2,0,1,0,0,0.0,100,1
2387,referral,balanced,T3+,30018.2,3,1,1,0,0,0.0,80,1
2388,social,balanced,T2,6659.12,1,0,0,0,0,0.0,121,1
2389,organic,aggressive,T3+,9262.28,0,0,0,0,0,0.0,170,1
2390,paid_search,cautious,T1,38954.77,1,1,0,0,0,0.0,63,0
2392,social,cautious,T1,2154.5,1,0,0,0,0,0.0,260,1
2394,organic,balanced,T2,2034.13,2,0,0,0,0,0.0,135,1
2395,bank_partner,balanced,T2,3493.35,1,0,0,0,0,0.0,287,1
2396,organic,balanced,T2,3330.93,4,0,3,0,0,0.0,97,1
2397,organic,balanced,T2,9606.83,5,3,1,0,0,0.0,12,1
2398,social,balanced,T3+,11253.21,3,2,1,0,0,0.0,40,0
2400,paid_search,aggressive,T1,12321.26,2,0,0,0,0,0.0,210,1
2402,paid_search,cautious,T1,1280.4,6,0,0,0,0,0.0,167,1
2403,social,cautious,T1,7549.92,2,0,2,0,0,0.0,205,1
2404,social,balanced,T3+,2167.14,1,0,0,0,0,0.0,112,1
2405,social,balanced,T1,2233.78,2,0,0,0,0,0.0,93,0
2406,organic,balanced,T1,5443.89,1,0,0,0,0,0.0,211,0
2408,bank_partner,balanced,T1,5753.48,3,1,1,0,0,0.0,7,1
2409,social,balanced,T2,8338.52,2,0,1,0,0,0.0,154,0
2410,referral,balanced,T3+,41784.07,4,1,1,0,0,0.0,90,0
2411,bank_partner,aggressive,T2,9822.29,1,0,0,0,0,0.0,101,0
2413,organic,balanced,T3+,6148.14,4,1,0,0,0,0.0,75,1
2414,referral,aggressive,T2,5944.96,2,0,1,0,0,0.0,237,1
2415,bank_partner,balanced,T1,24123.41,3,1,1,0,0,0.0,9,1
2416,social,cautious,T3+,31234.59,1,0,0,0,0,0.0,293,1
2417,paid_search,cautious,T3+,37564.05,9,1,3,3,1,20585.629999999997,9,1
2418,organic,cautious,T3+,27826.75,1,1,0,0,0,0.0,82,0
2419,referral,cautious,T2,2282.34,4,0,2,0,0,0.0,135,1
2421,paid_search,balanced,T2,4372.94,2,0,1,0,0,0.0,247,1
2422,organic,balanced,T2,1829.27,6,0,2,0,0,0.0,148,1
2427,paid_search,balanced,T2,8724.93,1,1,0,0,0,0.0,76,1
2428,organic,cautious,T1,13507.13,2,1,2,0,0,0.0,78,1
2429,organic,cautious,T2,2598.84,7,0,2,0,0,0.0,212,1
2431,organic,cautious,T1,1319.64,3,0,1,0,0,0.0,113,1
2432,bank_partner,balanced,T3+,10970.31,7,0,4,2,0,3348.49,134,1
2433,referral,balanced,T3+,6012.97,6,2,3,1,0,1406.81,12,1
2434,organic,balanced,T2,3467.1,5,1,1,0,0,0.0,70,1
2435,social,cautious,T3+,1822.25,2,0,0,0,0,0.0,151,1
2436,organic,cautious,T3+,15606.43,1,0,0,0,0,0.0,222,1
2437,paid_search,cautious,T3+,22739.25,2,0,1,0,0,0.0,234,1
2438,organic,balanced,T2,36922.48,5,0,2,0,0,0.0,143,1
2439,organic,aggressive,T1,2770.91,2,0,1,0,0,0.0,285,1
2440,organic,balanced,T3+,65099.97,6,3,4,0,0,0.0,78,1
2441,social,balanced,T1,4515.22,1,0,1,0,0,0.0,215,1
2443,organic,cautious,T1,1585.47,3,2,1,0,0,0.0,50,1
2444,organic,cautious,T2,18566.0,2,0,0,0,0,0.0,105,1
2445,referral,balanced,T1,120204.32,1,0,0,0,0,0.0,215,1
2446,social,aggressive,T1,17951.32,4,0,1,0,0,0.0,200,0
2448,referral,balanced,T2,15058.96,5,1,2,0,0,0.0,80,1
2449,bank_partner,cautious,T2,11476.12,4,1,3,0,0,0.0,0,1
2450,social,aggressive,T3+,9352.8,2,0,1,0,0,0.0,226,1
2452,referral,balanced,T1,28974.16,4,0,2,0,0,0.0,161,1
2453,bank_partner,cautious,T3+,5485.05,5,1,1,0,0,0.0,34,1
2455,paid_search,cautious,T3+,9377.22,1,0,0,0,0,0.0,113,1
2456,organic,cautious,T3+,10761.33,4,2,0,0,0,0.0,85,1
2458,paid_search,cautious,T2,2591.65,4,1,2,0,0,0.0,77,1
2460,organic,cautious,T1,14026.39,5,0,2,0,0,0.0,104,1
2461,social,balanced,T1,9982.14,0,0,0,0,0,0.0,99,0
2462,organic,aggressive,T3+,47629.48,4,0,2,0,0,0.0,98,1
2463,paid_search,balanced,T1,1721.89,7,1,4,4,0,726.94,58,1
2464,organic,aggressive,T3+,3502.16,4,0,3,0,0,0.0,159,0
2465,organic,balanced,T2,6201.02,3,1,2,0,0,0.0,20,0
2466,organic,cautious,T2,9051.85,1,0,1,0,0,0.0,217,1
2472,organic,balanced,T3+,5642.26,5,3,5,0,0,0.0,13,0
2473,social,balanced,T1,17414.22,5,3,2,0,0,0.0,23,1
2474,bank_partner,cautious,T2,23199.8,2,0,2,0,0,0.0,102,1
2475,social,aggressive,T3+,3319.28,3,0,0,0,0,0.0,123,1
2477,bank_partner,balanced,T2,5022.65,2,0,1,0,0,0.0,126,1
2480,social,cautious,T2,1196.91,2,0,0,0,0,0.0,156,1
2481,organic,cautious,T3+,12386.4,6,1,0,0,0,0.0,55,1
2482,referral,cautious,T1,32041.18,3,0,1,0,0,0.0,104,1
2483,bank_partner,cautious,T2,3789.72,4,0,3,0,0,0.0,92,0
2484,paid_search,balanced,T1,3689.41,1,0,1,0,0,0.0,183,1
2485,social,cautious,T2,500.0,8,3,5,0,0,0.0,36,1
2486,paid_search,cautious,T2,27785.91,4,0,3,0,0,0.0,152,0
2487,paid_search,cautious,T2,20596.9,1,0,1,0,0,0.0,239,1
2490,paid_search,balanced,T3+,6921.55,14,3,9,1,0,944.24,47,1
2491,paid_search,cautious,T2,10313.54,3,1,1,0,0,0.0,16,1
2492,organic,cautious,T3+,2504.39,4,0,3,0,0,0.0,285,1
2493,social,balanced,T2,11791.84,1,1,1,0,0,0.0,85,1
2494,organic,cautious,T2,2087.75,0,0,0,0,0,0.0,215,0
2495,organic,balanced,T2,16770.0,13,3,7,2,0,8638.0,4,1
2496,paid_search,cautious,T2,63930.0,10,3,6,1,1,20192.16,73,0
2497,social,cautious,T1,17912.21,2,0,1,0,0,0.0,139,0
2499,organic,cautious,T2,35222.08,4,2,4,0,0,0.0,43,0
2500,paid_search,balanced,T2,5182.17,5,0,2,0,0,0.0,151,1
2502,organic,balanced,T3+,16686.34,2,0,1,0,0,0.0,274,1
2503,organic,cautious,T2,4162.95,2,1,0,0,0,0.0,65,1
2504,bank_partner,cautious,T1,3899.48,2,0,0,0,0,0.0,133,1
2505,organic,balanced,T1,3717.25,0,0,0,0,0,0.0,168,1
2506,referral,aggressive,T1,500.0,2,0,0,0,0,0.0,219,0
2507,organic,cautious,T1,9661.45,2,1,0,0,0,0.0,82,1
2508,paid_search,balanced,T2,2852.19,0,0,0,0,0,0.0,315,1
2509,referral,balanced,T3+,36515.85,7,0,4,1,0,3832.03,160,1
2513,social,cautious,T3+,60859.87,4,1,2,0,0,0.0,84,1
2514,organic,cautious,T2,4966.41,5,0,2,0,0,0.0,108,0
2515,referral,cautious,T2,6452.6,5,0,3,1,0,1422.22,113,0
2516,social,balanced,T1,13386.87,7,0,4,2,0,5088.09,167,1
2519,social,balanced,T1,13435.79,4,0,3,0,0,0.0,176,0
2520,referral,balanced,T3+,1868.4,4,1,1,0,0,0.0,13,1
2522,referral,cautious,T2,4408.14,1,0,1,0,0,0.0,222,1
2523,paid_search,cautious,T1,500.41,3,0,0,0,0,0.0,150,1
2524,referral,balanced,T1,11290.5,3,1,1,0,0,0.0,81,1
2526,paid_search,cautious,T1,989.0,5,2,2,0,0,0.0,38,1
2527,paid_search,aggressive,T3+,44525.35,5,1,4,0,0,0.0,44,0
2528,social,balanced,T1,3796.35,4,0,4,0,0,0.0,157,1
2529,paid_search,aggressive,T3+,4261.81,2,1,0,0,0,0.0,75,0
2530,organic,cautious,T1,2340.3,2,1,0,0,0,0.0,45,1
2531,social,cautious,T1,24077.46,1,0,0,0,0,0.0,123,1
2532,paid_search,cautious,T1,9595.86,1,0,0,0,0,0.0,133,1
2533,referral,balanced,T1,31370.23,3,0,1,0,0,0.0,233,0
2534,social,balanced,T3+,7716.74,4,1,1,2,0,3772.84,88,0
2536,organic,balanced,T2,69857.48,0,0,0,0,0,0.0,172,1
2537,organic,balanced,T1,1151.57,4,0,2,0,0,0.0,103,1
2538,paid_search,cautious,T1,5546.37,1,1,0,0,0,0.0,7,1
2539,social,balanced,T3+,15946.25,6,5,1,0,0,0.0,33,1
2540,organic,balanced,T2,41389.6,5,3,1,1,0,17723.12,46,0
2541,organic,cautious,T3+,10707.41,3,2,2,0,0,0.0,4,0
2542,referral,balanced,T2,8170.55,4,0,3,0,0,0.0,115,1
2543,social,cautious,T2,1980.37,1,0,0,0,0,0.0,332,1
2544,social,cautious,T1,4249.78,3,1,1,0,0,0.0,50,0
2546,paid_search,cautious,T3+,2719.32,2,0,1,0,0,0.0,113,1
2547,paid_search,aggressive,T3+,12932.4,4,1,1,3,0,7588.12,48,1
2548,referral,balanced,T1,3531.63,1,0,0,0,0,0.0,266,1
2549,social,cautious,T2,7158.62,9,9,3,0,0,0.0,23,0
2550,organic,balanced,T3+,4638.62,1,0,0,0,0,0.0,132,0
2551,organic,balanced,T1,71296.28,2,0,0,0,0,0.0,249,1
2553,referral,cautious,T3+,15666.45,11,1,6,2,0,7038.74,72,0
2554,paid_search,balanced,T2,6489.98,7,1,1,3,0,3608.15,90,0
2557,referral,cautious,T2,1907.01,5,0,0,0,0,0.0,124,0
2559,social,balanced,T2,61346.82,1,1,1,0,0,0.0,80,1
2560,social,aggressive,T1,40295.53,7,2,1,2,1,8162.84,54,0
2561,organic,cautious,T2,4287.33,3,1,3,0,0,0.0,26,1
2562,paid_search,balanced,T1,98741.54,2,1,1,0,0,0.0,76,0
2563,referral,balanced,T1,56833.04,2,2,1,0,0,0.0,75,1
2565,paid_search,balanced,T1,28685.16,1,0,0,0,0,0.0,198,1
2566,bank_partner,balanced,T1,2657.12,0,0,0,0,0,0.0,334,0
2567,referral,aggressive,T1,15796.87,4,0,2,0,0,0.0,147,1
2568,paid_search,cautious,T1,33201.35,2,1,0,0,0,0.0,29,1
2570,referral,cautious,T2,87685.02,1,1,0,0,0,0.0,48,0
2572,organic,cautious,T2,17673.68,3,0,1,0,0,0.0,149,1
2574,bank_partner,balanced,T2,15509.52,4,2,1,0,0,0.0,45,1
2576,bank_partner,cautious,T2,3137.69,4,1,1,0,0,0.0,82,1
2577,organic,cautious,T2,88958.81,1,0,0,0,0,0.0,128,1
2578,paid_search,cautious,T2,27343.99,5,1,1,1,0,9260.84,15,1
2579,referral,cautious,T3+,15211.65,5,2,2,0,0,0.0,25,1
2580,social,balanced,T1,15532.12,0,0,0,0,0,0.0,363,1
2581,paid_search,balanced,T2,22144.41,9,1,6,2,0,10568.380000000001,69,1
2582,paid_search,aggressive,T3+,17435.61,2,0,0,0,0,0.0,167,1
2583,paid_search,cautious,T1,954.8,4,0,1,0,0,0.0,143,1
2585,bank_partner,cautious,T2,19987.44,2,0,0,0,0,0.0,167,1
2586,referral,balanced,T2,33444.62,1,0,1,0,0,0.0,123,1
2588,referral,balanced,T2,22389.03,2,0,1,0,0,0.0,135,1
2590,social,aggressive,T3+,11483.13,3,1,2,0,0,0.0,71,1
2591,paid_search,balanced,T1,10754.45,10,1,5,1,0,4804.94,46,0
2592,paid_search,cautious,T2,2475.81,1,0,0,0,0,0.0,255,1
2593,organic,balanced,T1,5595.01,1,0,1,0,0,0.0,120,1
2594,paid_search,balanced,T3+,4494.08,4,0,1,0,0,0.0,106,1
2595,organic,aggressive,T3+,68777.82,11,0,7,2,1,20243.63,123,1
2597,referral,aggressive,T3+,914.61,3,2,1,0,0,0.0,44,1
2598,social,balanced,T1,8145.2,3,0,1,0,0,0.0,250,1
2599,referral,cautious,T1,13356.29,6,4,4,3,1,5606.879999999999,19,1
2600,organic,balanced,T1,14041.03,3,0,2,0,0,0.0,99,1
2601,paid_search,cautious,T2,3129.08,1,0,0,0,0,0.0,292,1
2602,organic,aggressive,T1,3041.78,1,1,0,0,0,0.0,1,1
2603,bank_partner,aggressive,T1,1071.27,5,3,1,0,0,0.0,7,0
2604,social,cautious,T1,10062.72,4,2,1,0,0,0.0,17,0
2606,paid_search,aggressive,T1,2118.37,5,0,1,0,0,0.0,282,1
2610,organic,cautious,T2,11481.99,4,0,4,0,0,0.0,148,1
2611,social,balanced,T1,2946.05,7,2,2,0,0,0.0,53,1
2612,paid_search,cautious,T3+,9137.31,1,0,1,0,0,0.0,102,0
2613,paid_search,cautious,T3+,500.0,4,0,2,0,0,0.0,108,0
2614,organic,aggressive,T3+,23031.64,4,0,0,0,0,0.0,158,1
2615,bank_partner,cautious,T2,7972.06,3,2,1,0,0,0.0,54,1
2617,organic,balanced,T2,4186.99,6,1,2,0,0,0.0,16,0
2618,paid_search,aggressive,T1,5141.4,3,1,1,0,0,0.0,25,1
2619,bank_partner,aggressive,T3+,1944.15,1,0,0,0,0,0.0,130,1
2620,paid_search,aggressive,T2,15187.96,2,0,2,0,0,0.0,228,1
2621,organic,cautious,T2,4394.45,1,0,1,0,0,0.0,113,1
2627,social,cautious,T2,7979.51,11,1,4,1,0,2136.47,81,0
2628,social,balanced,T1,17566.93,1,1,0,0,0,0.0,87,1
2629,organic,cautious,T2,4711.94,6,1,2,0,0,0.0,9,1
2630,paid_search,balanced,T2,4395.01,1,0,0,0,0,0.0,319,1
2631,organic,balanced,T2,5629.24,4,3,1,2,0,2303.0,79,0
2632,organic,balanced,T2,4984.53,2,1,0,0,0,0.0,73,1
2633,social,balanced,T2,4131.71,0,0,0,0,0,0.0,291,1
2634,paid_search,balanced,T1,6866.59,2,0,1,0,0,0.0,175,1
2635,bank_partner,aggressive,T3+,1575.14,4,1,0,0,0,0.0,4,1
2636,organic,cautious,T1,14661.99,6,0,4,1,0,5311.42,108,1
2637,social,balanced,T2,13765.22,4,0,2,0,0,0.0,141,1
2638,bank_partner,cautious,T1,2903.51,7,5,2,0,0,0.0,24,0
2639,paid_search,cautious,T2,6679.94,2,0,0,0,0,0.0,122,1
2640,bank_partner,cautious,T3+,24473.3,6,1,2,0,0,0.0,24,0
2642,paid_search,cautious,T2,1323.69,2,2,2,0,0,0.0,13,1
2643,paid_search,cautious,T3+,16339.72,2,1,0,0,0,0.0,50,1
2645,organic,aggressive,T1,1673.53,3,1,1,0,0,0.0,86,1
2647,bank_partner,balanced,T2,55289.91,1,1,1,0,0,0.0,15,1
2649,social,balanced,T2,4920.72,3,2,1,0,0,0.0,31,1
2651,social,aggressive,T2,25186.36,1,1,0,0,0,0.0,71,1
2652,organic,aggressive,T1,74174.67,2,0,1,0,0,0.0,268,1
2656,referral,cautious,T1,39593.83,3,0,0,0,0,0.0,108,1
2658,referral,cautious,T1,5813.11,0,0,0,0,0,0.0,257,1
2659,paid_search,cautious,T2,4117.87,2,0,0,0,0,0.0,163,1
2660,social,balanced,T2,25249.13,5,1,2,0,0,0.0,60,1
2662,referral,cautious,T2,5500.87,3,0,1,0,0,0.0,135,1
2663,social,cautious,T1,11182.18,1,0,1,0,0,0.0,181,1
2665,paid_search,balanced,T2,12389.24,5,1,1,0,0,0.0,54,0
2667,paid_search,balanced,T3+,74210.14,6,1,1,0,0,0.0,85,1
2668,referral,cautious,T2,5389.94,6,0,1,0,0,0.0,101,1
2670,organic,cautious,T2,500.0,2,0,0,0,0,0.0,243,1
2671,paid_search,balanced,T3+,1270.53,2,0,0,0,0,0.0,146,1
2672,referral,aggressive,T2,7259.26,4,1,3,1,0,1424.75,84,0
2673,organic,cautious,T1,42199.38,11,0,2,3,0,22148.86,106,0
2674,referral,aggressive,T3+,20950.39,1,1,1,0,0,0.0,58,1
2676,organic,balanced,T3+,2619.08,5,0,2,0,0,0.0,335,1
2678,paid_search,cautious,T3+,3013.31,2,0,1,0,0,0.0,96,1
2679,organic,aggressive,T3+,3635.02,4,0,2,0,0,0.0,167,1
2680,organic,balanced,T1,7111.85,6,1,3,3,0,2032.71,18,1
2681,paid_search,balanced,T1,27442.85,2,2,0,0,0,0.0,47,0
2682,paid_search,balanced,T3+,7086.77,3,0,2,2,0,2383.5,182,0
2683,paid_search,cautious,T3+,18568.46,1,1,0,0,0,0.0,47,0
2685,organic,balanced,T2,12641.22,2,0,1,0,0,0.0,138,0
2688,paid_search,cautious,T2,3347.21,2,0,0,0,0,0.0,323,0
2690,paid_search,aggressive,T3+,20953.53,3,2,2,0,0,0.0,81,0
2691,paid_search,balanced,T1,3375.13,1,1,0,0,0,0.0,77,1
2692,referral,cautious,T3+,33128.21,1,1,0,0,0,0.0,65,1
2693,referral,aggressive,T1,12853.26,1,0,1,0,0,0.0,120,1
2694,referral,aggressive,T3+,4737.4,10,5,2,0,0,0.0,36,0
2695,referral,cautious,T2,13577.25,3,0,0,0,0,0.0,98,0
2696,social,balanced,T2,11530.48,4,2,1,0,0,0.0,62,1
2697,organic,balanced,T2,7276.49,2,0,0,0,0,0.0,170,1
2698,social,cautious,T2,12639.42,3,0,2,0,0,0.0,143,1
2699,paid_search,balanced,T1,9628.92,4,1,2,0,0,0.0,83,1
2700,referral,cautious,T2,11147.21,4,0,0,0,0,0.0,149,1
2701,bank_partner,cautious,T3+,4032.87,3,0,0,0,0,0.0,196,1
2702,bank_partner,cautious,T2,35986.16,2,0,1,0,0,0.0,136,1
2704,organic,aggressive,T2,14440.3,2,1,1,0,0,0.0,6,1
2705,referral,cautious,T3+,29931.63,5,0,2,0,0,0.0,203,1
2706,social,balanced,T2,10932.12,0,0,0,0,0,0.0,250,1
2707,referral,aggressive,T1,5543.5,1,0,0,0,0,0.0,190,1
2708,social,balanced,T1,3880.06,5,1,1,0,0,0.0,88,1
2709,paid_search,balanced,T3+,7100.66,1,0,0,0,0,0.0,131,0
2711,paid_search,aggressive,T3+,12745.74,10,0,5,1,0,2994.08,128,0
2712,social,balanced,T1,1259.54,6,0,1,0,0,0.0,282,1
2713,paid_search,balanced,T3+,646.33,1,0,0,0,0,0.0,210,1
2717,paid_search,cautious,T1,4512.0,4,1,2,0,0,0.0,31,0
2718,social,aggressive,T1,27901.45,1,0,0,0,0,0.0,223,1
2719,bank_partner,cautious,T1,32381.01,5,0,3,0,0,0.0,124,1
2720,bank_partner,cautious,T2,7846.31,5,0,2,0,0,0.0,115,0
2721,social,cautious,T1,30580.12,4,0,2,0,0,0.0,213,1
2722,paid_search,aggressive,T3+,2685.2,2,1,2,0,0,0.0,26,1
2723,paid_search,cautious,T1,26330.84,2,0,2,0,0,0.0,154,1
2726,paid_search,balanced,T1,2160.93,1,0,1,0,0,0.0,216,1
2727,referral,cautious,T1,5320.53,10,3,7,1,0,2356.9,4,0
2728,bank_partner,balanced,T1,28823.46,7,0,6,2,0,13098.670000000002,283,0
2729,organic,aggressive,T1,8567.46,3,0,0,0,0,0.0,221,1
2730,referral,balanced,T1,8752.66,5,1,2,0,0,0.0,53,1
2732,bank_partner,cautious,T2,2293.81,6,0,3,3,0,1327.88,191,1
2734,paid_search,balanced,T3+,1912.28,2,1,1,0,0,0.0,68,1
2735,social,cautious,T2,4355.84,2,2,1,0,0,0.0,79,1
2738,social,aggressive,T1,49696.38,0,0,0,0,0,0.0,265,1
2739,organic,balanced,T2,5059.63,3,1,1,0,0,0.0,11,1
2741,social,balanced,T3+,8537.68,1,0,0,0,0,0.0,101,0
2742,referral,cautious,T3+,18045.04,3,0,1,0,0,0.0,173,1
2743,organic,balanced,T1,4219.9,3,0,1,0,0,0.0,204,1
2745,organic,cautious,T1,26482.89,1,0,0,0,0,0.0,207,1
2746,social,balanced,T3+,5040.92,4,0,1,0,0,0.0,117,1
2747,organic,aggressive,T3+,12623.51,1,0,0,0,0,0.0,228,1
2749,social,balanced,T2,5318.96,2,1,2,0,0,0.0,17,1
2750,paid_search,aggressive,T1,36185.29,2,0,1,0,0,0.0,203,1
2753,referral,balanced,T2,4288.55,2,1,1,0,0,0.0,45,1
2754,social,aggressive,T1,4158.78,1,0,0,0,0,0.0,260,1
2755,paid_search,balanced,T3+,1529.4,8,1,4,1,0,287.39,14,0
2757,social,cautious,T3+,14450.67,2,0,0,0,0,0.0,100,1
2758,organic,balanced,T2,4025.95,6,2,1,0,0,0.0,50,1
2761,social,balanced,T3+,10544.54,3,0,0,0,0,0.0,302,1
2763,organic,cautious,T2,5532.85,0,0,0,0,0,0.0,174,1
2764,social,cautious,T2,48185.09,3,2,1,0,0,0.0,4,1
2765,referral,cautious,T3+,29890.28,1,0,0,0,0,0.0,213,1
2766,paid_search,aggressive,T3+,37428.08,3,2,2,0,0,0.0,82,1
2767,paid_search,balanced,T2,4190.17,3,0,1,0,0,0.0,156,1
2768,organic,balanced,T3+,15790.64,3,0,1,0,0,0.0,232,1
2769,bank_partner,aggressive,T1,40340.82,2,0,0,0,0,0.0,193,1
2770,bank_partner,cautious,T1,2229.67,1,0,0,0,0,0.0,146,1
2771,organic,aggressive,T2,2702.84,8,0,4,0,0,0.0,101,1
2772,organic,balanced,T3+,20027.66,6,0,3,3,0,7992.34,168,1
2773,paid_search,cautious,T2,9287.26,3,1,2,0,0,0.0,29,1
2774,referral,cautious,T2,1832.11,5,3,2,0,0,0.0,17,1
2775,organic,cautious,T1,34846.22,2,1,1,0,0,0.0,22,1
2776,organic,balanced,T3+,5383.91,10,1,6,2,0,1655.45,7,0
2778,organic,balanced,T1,5054.73,2,0,0,0,0,0.0,102,1
2779,organic,aggressive,T2,34606.98,1,0,1,0,0,0.0,96,1
2780,paid_search,aggressive,T2,8424.33,1,0,0,0,0,0.0,116,0
2781,paid_search,balanced,T1,10452.86,1,0,0,0,0,0.0,137,1
2783,paid_search,cautious,T3+,8289.84,5,2,0,0,0,0.0,66,0
2784,bank_partner,balanced,T1,7843.83,3,1,0,0,0,0.0,80,1
2785,social,balanced,T2,8048.35,2,0,0,0,0,0.0,277,0
2787,organic,aggressive,T2,2334.68,2,1,0,0,0,0.0,53,1
2788,referral,balanced,T2,5219.42,1,0,0,0,0,0.0,194,0
2790,organic,cautious,T2,8280.91,7,0,4,4,0,3802.78,140,1
2791,referral,cautious,T1,15368.5,1,0,0,0,0,0.0,268,1
2792,social,cautious,T1,10063.24,2,0,0,0,0,0.0,323,1
2793,social,balanced,T1,13046.42,4,0,1,0,0,0.0,155,1
2796,paid_search,aggressive,T3+,6307.37,1,0,1,0,0,0.0,255,0
2797,organic,balanced,T1,28568.28,1,1,0,0,0,0.0,46,0
2798,social,aggressive,T1,8988.95,2,0,0,0,0,0.0,150,1
2799,bank_partner,balanced,T2,2886.76,2,1,1,0,0,0.0,58,0
2800,paid_search,cautious,T3+,139733.85,3,1,2,0,0,0.0,85,1
2802,organic,cautious,T2,16473.35,1,1,1,0,0,0.0,9,0
2803,organic,aggressive,T2,3914.03,7,4,4,1,1,1039.18,17,0
2804,paid_search,cautious,T1,125189.42,5,1,2,0,0,0.0,43,1
2805,organic,cautious,T3+,78796.54,2,0,0,0,0,0.0,309,1
2806,paid_search,balanced,T1,2609.55,1,0,0,0,0,0.0,112,0
2807,referral,balanced,T1,20195.18,3,2,1,0,0,0.0,2,0
2808,bank_partner,cautious,T1,3496.87,1,0,0,0,0,0.0,222,1
2809,bank_partner,balanced,T1,22196.81,2,2,0,0,0,0.0,70,1
2810,organic,balanced,T3+,1972.75,4,0,0,0,0,0.0,107,1
2811,organic,cautious,T2,2324.16,1,0,1,0,0,0.0,341,1
2812,paid_search,balanced,T1,4867.82,1,1,0,0,0,0.0,46,1
2813,bank_partner,balanced,T3+,57999.99,0,0,0,0,0,0.0,132,1
2814,paid_search,cautious,T3+,4759.43,2,0,2,0,0,0.0,135,1
2815,bank_partner,cautious,T1,1790.85,2,1,0,0,0,0.0,49,1
2816,organic,balanced,T1,12096.03,1,0,1,0,0,0.0,119,1
2817,organic,cautious,T3+,17743.41,2,1,1,0,0,0.0,61,1
2818,referral,balanced,T2,41985.67,1,0,0,0,0,0.0,125,1
2819,referral,cautious,T1,3414.75,4,0,2,0,0,0.0,183,1
2820,organic,aggressive,T1,10785.05,5,0,1,0,0,0.0,96,1
2821,social,cautious,T2,20039.29,7,0,3,2,0,10042.67,179,0
2823,bank_partner,cautious,T2,7899.95,1,0,0,0,0,0.0,268,1
2825,social,balanced,T3+,5374.2,5,2,3,0,0,0.0,5,0
2826,paid_search,balanced,T2,3964.58,2,0,1,0,0,0.0,149,1
2827,social,aggressive,T3+,2418.18,3,0,0,0,0,0.0,270,1
2829,referral,balanced,T1,1362.52,5,0,0,0,0,0.0,132,1
2832,organic,aggressive,T2,6569.29,4,0,1,3,1,4220.05,163,1
2833,organic,balanced,T1,13460.94,2,1,0,0,0,0.0,42,1
2835,organic,balanced,T1,21371.01,1,0,0,0,0,0.0,269,1
2836,paid_search,balanced,T3+,3459.06,1,0,0,0,0,0.0,150,1
2838,organic,cautious,T1,6903.74,1,0,0,0,0,0.0,158,1
2839,organic,balanced,T1,3339.77,5,0,1,0,0,0.0,96,1
2840,social,cautious,T2,1878.79,2,0,0,0,0,0.0,241,1
2841,social,balanced,T2,711.8,1,0,0,0,0,0.0,320,1
2842,bank_partner,aggressive,T2,500.0,0,0,0,0,0,0.0,227,0
2843,referral,aggressive,T2,21701.18,4,1,1,0,0,0.0,65,0
2844,referral,balanced,T2,8214.22,5,0,3,0,0,0.0,320,1
2845,organic,balanced,T2,5649.98,2,0,0,0,0,0.0,122,1
2846,social,balanced,T2,3810.74,6,3,3,1,1,743.55,61,1
2847,paid_search,balanced,T1,51315.68,1,1,0,0,0,0.0,24,1
2850,social,cautious,T3+,5817.33,1,0,0,0,0,0.0,309,1
2851,social,balanced,T1,2361.99,3,0,1,0,0,0.0,298,1
2853,bank_partner,cautious,T2,27061.27,1,0,1,0,0,0.0,222,1
2854,organic,cautious,T2,7308.82,2,0,0,0,0,0.0,226,1
2855,social,cautious,T3+,2341.52,1,0,0,0,0,0.0,224,1
2856,paid_search,aggressive,T3+,14193.34,1,0,0,0,0,0.0,173,1
2857,organic,balanced,T1,22013.69,0,0,0,0,0,0.0,189,1
2858,organic,balanced,T2,17174.24,1,0,0,0,0,0.0,252,1
2859,paid_search,balanced,T2,124064.95,3,1,1,0,0,0.0,55,1
2862,referral,balanced,T3+,18237.18,5,0,2,3,0,9639.91,230,0
2864,social,balanced,T2,3587.29,1,0,0,0,0,0.0,97,0
2865,referral,balanced,T2,46733.06,0,0,0,0,0,0.0,151,0
2866,organic,aggressive,T1,38838.03,3,1,0,0,0,0.0,89,1
2867,social,aggressive,T2,6917.95,1,0,0,0,0,0.0,350,1
2869,organic,balanced,T2,2380.88,2,1,1,0,0,0.0,38,1
2870,referral,balanced,T1,24562.3,2,0,1,0,0,0.0,209,1
2871,referral,cautious,T1,8162.31,5,0,2,0,0,0.0,192,0
2873,paid_search,cautious,T1,2638.99,1,0,0,0,0,0.0,343,1
2874,paid_search,balanced,T1,39639.06,3,3,2,0,0,0.0,2,1
2876,bank_partner,balanced,T2,8329.17,6,1,3,1,0,1753.65,88,1
2877,social,balanced,T1,13273.33,1,0,0,0,0,0.0,147,1
2878,bank_partner,balanced,T2,2475.74,4,0,1,0,0,0.0,275,1
2879,organic,balanced,T3+,2637.11,1,0,0,0,0,0.0,164,0
2880,social,cautious,T2,11874.3,3,0,0,0,0,0.0,121,0
2881,bank_partner,balanced,T3+,8540.8,3,0,1,0,0,0.0,108,1
2882,referral,balanced,T1,4623.18,3,1,1,0,0,0.0,57,1
2883,social,cautious,T3+,18821.94,2,0,0,0,0,0.0,308,1
2884,social,balanced,T3+,4312.52,3,0,2,0,0,0.0,253,1
2885,paid_search,balanced,T3+,9572.53,4,1,2,0,0,0.0,42,0
2886,organic,cautious,T2,18210.95,3,0,0,0,0,0.0,329,1
2887,paid_search,cautious,T3+,12028.18,1,1,0,0,0,0.0,77,1
2888,bank_partner,cautious,T3+,4559.96,3,0,1,0,0,0.0,110,1
2892,referral,aggressive,T1,8653.83,7,0,4,6,2,6957.99,229,0
2893,organic,balanced,T1,3409.79,0,0,0,0,0,0.0,218,1
2895,organic,balanced,T3+,52415.23,4,1,2,0,0,0.0,3,1
2896,referral,balanced,T2,16265.85,1,0,0,0,0,0.0,140,1
2898,organic,balanced,T2,1873.04,0,0,0,0,0,0.0,206,1
2900,paid_search,balanced,T1,23369.08,2,0,1,0,0,0.0,242,0
2901,social,aggressive,T3+,21447.46,1,0,1,0,0,0.0,133,1
2902,referral,cautious,T2,5028.36,6,1,3,0,0,0.0,4,0
2904,bank_partner,balanced,T1,7348.92,3,0,2,0,0,0.0,175,0
2905,bank_partner,cautious,T2,1584.74,3,0,0,0,0,0.0,242,1
2906,bank_partner,balanced,T1,51179.01,6,5,3,0,0,0.0,19,0
2910,organic,balanced,T3+,924.86,5,0,1,0,0,0.0,255,1
2911,organic,aggressive,T1,1674.77,5,4,2,1,0,421.28,37,0
2912,bank_partner,balanced,T2,9148.17,2,0,1,0,0,0.0,182,1
2913,social,balanced,T3+,10267.5,2,0,0,0,0,0.0,108,0
2914,organic,aggressive,T2,11737.83,2,2,2,0,0,0.0,41,0
2916,bank_partner,aggressive,T3+,73309.93,7,0,3,0,0,0.0,91,1
2917,paid_search,balanced,T2,10295.54,6,0,2,0,0,0.0,131,1
2918,referral,aggressive,T1,6845.5,5,0,2,0,0,0.0,95,1
2919,paid_search,balanced,T3+,25331.29,2,1,1,0,0,0.0,49,1
2920,social,cautious,T1,6301.0,2,1,1,0,0,0.0,71,1
2921,referral,balanced,T1,3841.56,2,0,1,0,0,0.0,269,1
2922,paid_search,cautious,T1,11551.63,3,1,3,0,0,0.0,50,0
2923,paid_search,aggressive,T2,26553.64,2,0,1,0,0,0.0,186,0
2924,social,cautious,T3+,33435.86,1,1,0,0,0,0.0,73,1
2926,organic,cautious,T2,129553.38,5,1,2,0,0,0.0,61,1
2928,organic,balanced,T1,9839.77,1,0,1,0,0,0.0,281,1
2929,referral,balanced,T3+,39238.91,7,1,4,3,1,20699.14,84,1
2930,referral,aggressive,T2,1500.1,2,0,1,0,0,0.0,191,1
2931,social,cautious,T3+,13701.55,3,0,2,0,0,0.0,232,1
2932,bank_partner,cautious,T1,5619.76,1,0,0,0,0,0.0,164,1
2933,paid_search,aggressive,T2,6882.43,1,1,0,0,0,0.0,3,1
2934,organic,cautious,T2,16161.45,2,0,0,0,0,0.0,175,1
2936,organic,cautious,T2,5137.09,0,0,0,0,0,0.0,346,1
2937,bank_partner,balanced,T2,88080.31,3,1,0,0,0,0.0,9,1
2938,social,balanced,T1,7588.03,3,1,0,0,0,0.0,27,1
2939,organic,balanced,T2,2573.22,5,0,1,0,0,0.0,97,0
2940,organic,balanced,T2,26776.59,2,0,0,0,0,0.0,245,1
2941,paid_search,balanced,T1,26507.04,1,0,1,0,0,0.0,138,1
2944,social,aggressive,T3+,4355.87,5,0,3,2,0,1718.73,199,0
2945,social,aggressive,T2,11826.55,4,1,2,0,0,0.0,71,1
2946,referral,cautious,T3+,40301.94,1,0,1,0,0,0.0,162,1
2947,referral,aggressive,T1,18969.28,1,0,0,0,0,0.0,201,1
2949,organic,aggressive,T2,18942.61,1,1,0,0,0,0.0,59,1
2951,organic,cautious,T1,1836.19,2,0,1,0,0,0.0,100,1
2952,organic,aggressive,T1,7632.86,5,4,2,0,0,0.0,9,1
2953,organic,balanced,T2,2823.85,3,0,0,0,0,0.0,289,0
2954,social,balanced,T3+,1282.13,1,0,0,0,0,0.0,249,1
2955,organic,cautious,T1,31633.65,3,2,0,0,0,0.0,28,1
2956,paid_search,cautious,T3+,15957.98,5,0,3,4,1,9482.22,115,1
2961,paid_search,balanced,T2,18343.65,3,0,0,0,0,0.0,313,1
2962,organic,balanced,T1,3308.19,1,0,1,0,0,0.0,267,1
2963,paid_search,cautious,T3+,1519.2,1,0,0,0,0,0.0,195,0
2964,paid_search,balanced,T3+,53161.97,3,0,1,0,0,0.0,131,1
2966,bank_partner,balanced,T3+,10418.07,1,0,0,0,0,0.0,174,1
2967,referral,balanced,T3+,25033.79,5,1,1,1,0,8557.24,28,0
2968,social,cautious,T1,5935.06,1,0,1,0,0,0.0,257,0
2970,paid_search,balanced,T3+,31490.98,5,1,4,0,0,0.0,30,1
2971,paid_search,balanced,T2,13139.91,2,0,1,0,0,0.0,283,1
2972,paid_search,cautious,T1,19856.6,3,0,1,0,0,0.0,166,0
2973,referral,balanced,T1,84597.83,3,0,0,0,0,0.0,226,1
2975,paid_search,aggressive,T3+,4932.15,2,1,0,0,0,0.0,74,0
2976,organic,cautious,T2,25841.83,1,1,0,0,0,0.0,60,1
2978,referral,balanced,T1,5447.91,2,1,1,0,0,0.0,52,1
2979,bank_partner,balanced,T3+,5989.78,8,5,1,0,0,0.0,60,1
2982,social,cautious,T2,3948.17,1,0,0,0,0,0.0,280,0
2985,organic,aggressive,T2,1007.85,1,0,1,0,0,0.0,163,1
2986,organic,cautious,T1,8213.66,2,0,0,0,0,0.0,274,1
2987,paid_search,cautious,T2,11469.57,2,1,0,0,0,0.0,72,1
2988,referral,aggressive,T3+,20841.17,1,1,0,0,0,0.0,67,1
2989,organic,cautious,T3+,9728.28,4,0,4,0,0,0.0,178,1
2990,paid_search,balanced,T2,2809.95,3,2,2,0,0,0.0,78,1
2991,paid_search,balanced,T3+,5291.11,3,1,0,0,0,0.0,46,1
2992,referral,balanced,T2,3131.29,8,2,3,0,0,0.0,62,0
2995,organic,balanced,T2,46612.18,4,1,3,0,0,0.0,41,0
2996,paid_search,balanced,T3+,16924.89,12,3,6,2,1,4983.93,18,0
2997,paid_search,balanced,T3+,6509.3,1,0,1,0,0,0.0,134,1
2998,referral,aggressive,T1,9306.87,4,0,2,0,0,0.0,105,0
2999,bank_partner,balanced,T2,7369.69,5,1,2,0,0,0.0,47,1
3000,paid_search,balanced,T2,3734.18,1,0,1,0,0,0.0,287,1
3001,social,balanced,T3+,58694.3,0,0,0,0,0,0.0,135,1
3002,organic,cautious,T2,10372.16,6,4,3,2,2,4428.65,3,0
3003,organic,balanced,T2,7166.84,3,1,1,0,0,0.0,38,1
3004,bank_partner,cautious,T1,3224.16,2,0,1,0,0,0.0,155,1
3005,organic,cautious,T1,5986.79,4,1,2,0,0,0.0,4,0
3006,paid_search,aggressive,T1,49774.11,2,0,2,0,0,0.0,184,0
3008,referral,cautious,T1,1839.91,5,0,1,0,0,0.0,129,1
3009,organic,balanced,T3+,1567.79,6,0,1,0,0,0.0,180,1
3010,social,balanced,T2,7830.55,3,0,0,0,0,0.0,196,0
3011,referral,cautious,T2,15386.61,4,1,1,0,0,0.0,1,1
3012,referral,balanced,T2,1808.75,6,1,2,0,0,0.0,67,1
3014,social,aggressive,T2,41081.2,1,0,0,0,0,0.0,199,0
3015,paid_search,aggressive,T2,11860.82,2,0,1,0,0,0.0,171,1
3016,organic,balanced,T2,3892.47,4,0,2,0,0,0.0,265,1
3017,social,cautious,T1,2652.23,5,0,2,0,0,0.0,139,1
3018,referral,aggressive,T1,6125.02,5,0,2,0,0,0.0,155,0
3019,organic,balanced,T2,22562.41,3,2,0,0,0,0.0,2,1
3020,bank_partner,balanced,T3+,2511.14,2,1,1,0,0,0.0,56,1
3021,social,aggressive,T2,13473.57,1,1,1,0,0,0.0,1,1
3022,social,cautious,T2,6638.41,1,0,1,0,0,0.0,107,1
3023,bank_partner,aggressive,T1,110270.61,3,2,1,0,0,0.0,37,1
3024,social,cautious,T3+,10526.73,4,0,0,0,0,0.0,142,1
3025,bank_partner,aggressive,T3+,8989.6,3,0,1,0,0,0.0,102,0
3026,paid_search,balanced,T2,1914.78,2,1,1,0,0,0.0,17,1
3027,paid_search,aggressive,T1,4197.16,4,2,1,0,0,0.0,25,0
3028,referral,cautious,T3+,27572.69,0,0,0,0,0,0.0,171,1
3029,social,balanced,T2,6264.61,0,0,0,0,0,0.0,150,0
3030,paid_search,balanced,T3+,58966.79,4,2,2,0,0,0.0,60,1
3032,bank_partner,cautious,T2,27191.35,0,0,0,0,0,0.0,138,1
3034,bank_partner,aggressive,T3+,2017.82,7,4,5,0,0,0.0,31,0
3035,paid_search,aggressive,T1,8093.45,8,0,5,6,0,5221.13,198,1
3037,organic,balanced,T3+,16307.48,3,0,0,0,0,0.0,176,1
3038,bank_partner,balanced,T2,10333.77,4,0,2,0,0,0.0,251,1
3039,paid_search,balanced,T3+,43201.46,5,1,2,0,0,0.0,24,1
3040,bank_partner,balanced,T1,26556.98,4,0,0,0,0,0.0,101,1
3041,social,cautious,T2,3300.2,2,0,0,0,0,0.0,122,1
3043,paid_search,aggressive,T2,1436.36,4,0,2,0,0,0.0,167,1
3044,referral,balanced,T1,9811.14,6,0,2,0,0,0.0,117,0
3045,paid_search,aggressive,T2,9154.95,3,1,2,0,0,0.0,47,1
3046,organic,aggressive,T2,9675.48,2,0,1,0,0,0.0,223,1
3047,bank_partner,balanced,T3+,10184.04,9,2,6,1,0,2344.17,27,0
3048,social,balanced,T3+,18828.49,2,0,0,0,0,0.0,230,0
3049,bank_partner,balanced,T1,15777.49,2,2,1,0,0,0.0,70,1
3050,organic,aggressive,T2,8450.29,0,0,0,0,0,0.0,354,1
3051,organic,cautious,T3+,8279.14,2,0,1,0,0,0.0,259,1
3052,organic,balanced,T3+,10957.74,4,0,0,1,0,2824.59,223,0
3054,social,cautious,T1,6099.41,1,1,0,0,0,0.0,89,1
3055,social,balanced,T2,2150.34,2,0,1,0,0,0.0,94,1
3056,referral,balanced,T2,2018.96,2,1,2,0,0,0.0,32,1
3057,social,cautious,T2,1223.45,2,0,0,0,0,0.0,107,0
3058,bank_partner,cautious,T3+,62049.38,1,0,0,0,0,0.0,203,1
3059,bank_partner,cautious,T3+,3654.21,3,0,2,0,0,0.0,154,1
3061,paid_search,cautious,T1,7095.07,5,0,0,0,0,0.0,148,1
3062,organic,cautious,T1,30212.66,2,0,1,0,0,0.0,228,0
3064,social,aggressive,T2,17883.97,5,0,1,0,0,0.0,188,1
3065,bank_partner,cautious,T3+,21201.56,4,0,1,0,0,0.0,204,1
3066,organic,balanced,T3+,15160.8,0,0,0,0,0,0.0,134,1
3067,paid_search,cautious,T3+,500.0,1,0,0,0,0,0.0,246,1
3068,referral,aggressive,T3+,75915.99,2,1,0,0,0,0.0,1,0
3070,paid_search,cautious,T2,37845.59,1,0,0,0,0,0.0,354,1
3071,organic,balanced,T3+,5375.63,1,0,1,0,0,0.0,173,1
3074,organic,balanced,T1,19699.22,0,0,0,0,0,0.0,186,1
3078,organic,balanced,T1,7583.77,5,1,2,0,0,0.0,41,1
3079,organic,balanced,T2,23260.58,7,0,2,0,0,0.0,92,1
3080,bank_partner,balanced,T1,13137.62,7,1,1,0,0,0.0,20,1
3082,paid_search,cautious,T1,6770.09,2,0,0,0,0,0.0,141,1
3083,paid_search,balanced,T3+,21044.64,2,0,2,0,0,0.0,93,1
3084,organic,aggressive,T2,31602.38,7,1,3,0,0,0.0,32,0
3085,bank_partner,cautious,T3+,11761.73,12,2,7,3,0,7380.49,49,1
3087,organic,balanced,T3+,12529.56,8,0,1,0,0,0.0,111,1
3088,paid_search,balanced,T3+,3067.75,3,3,2,0,0,0.0,18,0
3089,referral,balanced,T2,581.91,2,0,0,0,0,0.0,324,1
3090,bank_partner,cautious,T2,1380.59,0,0,0,0,0,0.0,347,1
3091,social,cautious,T2,24278.97,1,0,0,0,0,0.0,163,0
3092,organic,balanced,T1,1292.61,3,0,1,0,0,0.0,174,1
3094,referral,balanced,T2,13333.88,4,1,1,0,0,0.0,18,1
3095,organic,cautious,T1,16560.62,4,0,2,0,0,0.0,208,1
3097,organic,cautious,T2,3363.4,3,3,1,0,0,0.0,2,0
3098,paid_search,balanced,T3+,88834.31,3,0,1,0,0,0.0,261,1
3099,organic,cautious,T3+,32361.49,7,2,2,2,0,8165.530000000001,51,1
3100,organic,balanced,T1,5752.31,6,4,2,0,0,0.0,24,1
3101,referral,cautious,T1,12324.38,1,0,0,0,0,0.0,207,1
3103,organic,balanced,T2,12747.79,2,0,0,0,0,0.0,96,1
3104,organic,cautious,T1,5804.45,0,0,0,0,0,0.0,100,0
3105,social,cautious,T2,4643.27,1,0,0,0,0,0.0,236,1
3106,organic,balanced,T1,3366.88,6,0,3,0,0,0.0,211,1
3107,referral,cautious,T1,13626.65,5,1,3,0,0,0.0,35,0
3108,referral,cautious,T3+,11773.22,1,0,0,0,0,0.0,123,1
3110,referral,cautious,T3+,6442.39,1,0,0,0,0,0.0,150,0
3111,referral,balanced,T2,12950.98,5,3,3,0,0,0.0,25,0
3112,social,cautious,T1,7323.32,3,1,1,0,0,0.0,27,0
3114,organic,balanced,T3+,12549.2,1,0,1,0,0,0.0,91,1
3116,paid_search,balanced,T3+,35053.96,2,0,0,0,0,0.0,314,1
3118,social,cautious,T3+,26761.76,8,0,1,0,0,0.0,136,1
3119,organic,balanced,T3+,4467.92,1,0,1,0,0,0.0,185,0
3120,referral,cautious,T2,13843.24,1,0,0,0,0,0.0,269,1
3121,organic,cautious,T3+,6604.99,0,0,0,0,0,0.0,202,1
3122,organic,balanced,T1,4127.67,3,1,1,0,0,0.0,86,1
3123,organic,aggressive,T3+,47163.99,3,1,1,0,0,0.0,77,1
3124,referral,balanced,T3+,772.69,1,1,0,0,0,0.0,39,1
3125,paid_search,balanced,T1,17100.24,10,2,5,0,0,0.0,29,1
3126,social,cautious,T3+,3666.78,8,3,3,0,0,0.0,6,0
3128,paid_search,balanced,T1,5306.64,2,1,1,0,0,0.0,45,1
3129,organic,balanced,T3+,15432.33,2,0,0,0,0,0.0,126,1
3130,paid_search,balanced,T2,4608.94,2,1,0,0,0,0.0,47,0
3132,bank_partner,cautious,T2,18317.8,0,0,0,0,0,0.0,350,1
3133,organic,aggressive,T1,45854.53,3,0,1,0,0,0.0,260,1
3135,paid_search,aggressive,T3+,3657.64,3,1,2,0,0,0.0,13,1
3136,referral,balanced,T1,66183.88,8,2,0,0,0,0.0,71,1
3138,organic,balanced,T1,15385.92,3,0,2,0,0,0.0,116,1
3139,organic,cautious,T3+,32450.18,0,0,0,0,0,0.0,228,1
3140,paid_search,balanced,T2,36404.11,1,0,0,0,0,0.0,159,1
3141,organic,cautious,T2,12726.72,0,0,0,0,0,0.0,202,1
3142,paid_search,balanced,T2,4567.21,4,0,2,0,0,0.0,180,0
3143,organic,cautious,T1,7478.0,14,0,7,1,0,2298.04,141,0
3144,referral,balanced,T2,2538.16,0,0,0,0,0,0.0,336,1
3145,organic,balanced,T1,15004.93,2,1,0,0,0,0.0,45,0
3146,paid_search,aggressive,T2,27381.11,3,0,1,0,0,0.0,136,1
3147,referral,balanced,T2,11510.33,4,0,0,0,0,0.0,150,0
3149,organic,cautious,T1,21537.8,2,0,1,0,0,0.0,98,1
3150,social,cautious,T3+,13639.54,3,0,1,0,0,0.0,249,0
3151,organic,aggressive,T2,20472.33,4,1,2,0,0,0.0,66,1
3152,bank_partner,balanced,T1,3585.13,5,0,1,0,0,0.0,127,1
3153,referral,aggressive,T2,76793.35,5,0,0,0,0,0.0,190,1
3154,organic,aggressive,T2,83659.0,5,0,2,0,0,0.0,151,1
3155,social,balanced,T3+,4768.62,1,0,1,0,0,0.0,120,1
3156,bank_partner,cautious,T2,18391.9,1,0,1,0,0,0.0,112,1
3157,social,cautious,T2,12181.71,1,1,1,0,0,0.0,28,0
3158,paid_search,cautious,T1,9413.06,6,0,2,0,0,0.0,265,1
3159,paid_search,balanced,T3+,1103.67,4,0,0,0,0,0.0,204,1
3163,paid_search,cautious,T1,6148.36,4,0,1,0,0,0.0,288,1
3164,social,cautious,T2,12802.83,5,3,2,1,1,3649.84,17,1
3165,social,balanced,T3+,535.3,8,2,1,0,0,0.0,56,1
3166,referral,cautious,T1,39923.98,4,0,0,0,0,0.0,128,0
3170,bank_partner,cautious,T2,7763.01,2,0,0,0,0,0.0,265,0
3171,social,cautious,T3+,3613.94,2,0,0,0,0,0.0,114,1
3172,social,cautious,T3+,3953.34,3,0,0,0,0,0.0,211,0
3173,paid_search,balanced,T1,1237.99,3,0,1,0,0,0.0,189,1
3176,paid_search,balanced,T3+,13068.94,2,1,0,0,0,0.0,69,0
3178,social,balanced,T2,6663.76,3,0,0,0,0,0.0,102,0
3180,social,cautious,T3+,10795.91,10,0,2,1,0,969.19,92,0
3181,organic,cautious,T2,5707.81,8,3,4,3,1,3043.46,36,0
3185,organic,balanced,T1,25850.69,2,0,0,0,0,0.0,221,1
3186,social,cautious,T3+,2858.63,4,0,3,0,0,0.0,118,1
3187,organic,cautious,T1,26186.48,3,2,0,0,0,0.0,49,1
3188,paid_search,cautious,T2,7688.67,2,0,0,0,0,0.0,184,1
3189,organic,aggressive,T2,11020.22,0,0,0,0,0,0.0,311,1
3191,organic,balanced,T2,8814.42,1,0,0,0,0,0.0,91,0
3192,organic,balanced,T1,42687.4,10,1,6,1,0,15354.88,77,1
3193,organic,cautious,T1,12484.57,1,0,0,0,0,0.0,314,1
3194,paid_search,balanced,T3+,8974.86,5,1,2,0,0,0.0,70,1
3195,social,cautious,T3+,846.07,1,0,0,0,0,0.0,246,1
3196,organic,aggressive,T1,3263.87,8,5,6,3,1,924.11,15,0
3199,paid_search,balanced,T2,8056.53,1,0,0,0,0,0.0,132,1
3201,organic,balanced,T2,6368.01,5,2,2,0,0,0.0,57,1
3202,organic,balanced,T2,3116.5,1,0,1,0,0,0.0,97,1
3203,organic,aggressive,T1,6062.2,1,0,1,0,0,0.0,92,0
3204,paid_search,cautious,T1,3982.95,2,0,2,0,0,0.0,146,0
3205,social,balanced,T1,9228.65,3,1,2,0,0,0.0,85,1
3206,organic,cautious,T1,7983.42,5,1,4,0,0,0.0,38,0
3207,organic,balanced,T3+,4410.81,2,0,1,0,0,0.0,113,1
3210,bank_partner,balanced,T1,7645.64,6,5,2,0,0,0.0,44,0
3212,paid_search,aggressive,T2,8489.18,2,0,2,0,0,0.0,226,1
3213,referral,balanced,T2,70304.67,4,0,2,0,0,0.0,239,1
3215,bank_partner,aggressive,T2,9603.65,5,1,3,4,2,5522.0599999999995,60,0
3216,bank_partner,balanced,T2,1389.98,9,0,2,0,0,0.0,194,1
3218,social,balanced,T3+,29222.59,7,0,4,0,0,0.0,106,1
3220,bank_partner,aggressive,T2,16803.72,2,0,0,0,0,0.0,111,1
3221,social,balanced,T1,8252.18,4,3,1,0,0,0.0,34,0
3222,paid_search,cautious,T3+,26164.68,0,0,0,0,0,0.0,172,1
3225,referral,cautious,T2,5272.12,5,5,3,0,0,0.0,4,0
3226,social,balanced,T3+,510.86,2,0,1,0,0,0.0,296,1
3227,paid_search,balanced,T2,1522.65,1,0,1,0,0,0.0,137,1
3228,social,aggressive,T1,16524.75,7,1,4,0,0,0.0,79,1
3229,organic,aggressive,T2,16676.32,1,0,0,0,0,0.0,202,1
3230,social,aggressive,T1,20127.32,2,0,1,0,0,0.0,199,1
3231,organic,cautious,T3+,3174.91,2,0,1,0,0,0.0,191,1
3232,organic,cautious,T3+,15302.58,6,2,5,3,0,8759.89,6,1
3233,social,balanced,T2,7960.56,0,0,0,0,0,0.0,107,1
3234,social,aggressive,T2,10540.63,0,0,0,0,0,0.0,270,0
3235,paid_search,balanced,T2,19230.26,2,2,2,0,0,0.0,50,1
3236,organic,aggressive,T3+,3361.42,5,0,1,0,0,0.0,265,1
3237,paid_search,balanced,T2,3833.75,1,1,1,0,0,0.0,81,0
3238,referral,cautious,T3+,17842.4,0,0,0,0,0,0.0,313,1
3239,paid_search,cautious,T3+,3259.89,7,0,2,0,0,0.0,93,1
3240,bank_partner,cautious,T1,2451.72,2,0,1,0,0,0.0,156,0
3241,organic,balanced,T3+,3163.56,6,6,0,0,0,0.0,34,0
3244,social,balanced,T1,1766.44,1,0,0,0,0,0.0,103,1
3245,organic,cautious,T2,4433.93,1,0,1,0,0,0.0,231,1
3246,organic,cautious,T2,11586.52,2,0,0,0,0,0.0,177,1
3247,social,balanced,T3+,937.23,4,0,0,0,0,0.0,212,1
3248,social,cautious,T3+,4815.73,0,0,0,0,0,0.0,353,1
3249,social,cautious,T3+,6054.7,2,0,0,0,0,0.0,251,1
3251,social,cautious,T3+,26400.76,9,0,6,4,2,21925.260000000002,102,1
3252,social,balanced,T2,500.0,6,1,3,2,0,299.01,69,1
3253,referral,cautious,T1,2957.87,4,0,1,0,0,0.0,168,1
3254,organic,cautious,T2,10929.47,6,1,2,0,0,0.0,74,1
3257,referral,cautious,T3+,4669.47,2,0,1,0,0,0.0,166,1
3258,social,balanced,T2,15608.22,3,0,0,0,0,0.0,170,1
3259,social,cautious,T2,7004.01,3,0,0,0,0,0.0,172,1
3260,bank_partner,cautious,T2,14931.49,12,2,6,2,0,3039.67,39,0
3262,bank_partner,cautious,T2,4573.09,1,0,0,0,0,0.0,159,1
3264,social,balanced,T2,36355.52,3,0,0,0,0,0.0,254,1
3265,paid_search,cautious,T3+,4378.22,1,0,0,0,0,0.0,110,0
3266,paid_search,cautious,T3+,3664.63,4,1,1,0,0,0.0,36,1
3268,bank_partner,balanced,T3+,20977.22,0,0,0,0,0,0.0,227,1
3270,social,cautious,T2,11837.45,5,3,3,2,1,2982.88,33,0
3271,bank_partner,balanced,T2,8337.56,1,0,0,0,0,0.0,200,1
3272,paid_search,cautious,T2,5868.18,4,0,2,0,0,0.0,116,1
3274,organic,balanced,T1,18146.51,2,0,0,0,0,0.0,162,1
3276,bank_partner,balanced,T2,24316.17,0,0,0,0,0,0.0,163,1
3277,paid_search,aggressive,T1,24699.0,3,0,2,0,0,0.0,215,0
3280,referral,balanced,T1,11921.42,1,0,0,0,0,0.0,103,0
3281,social,balanced,T2,23585.59,4,0,3,0,0,0.0,206,1
3284,referral,balanced,T3+,2113.85,6,0,1,0,0,0.0,91,0
3285,social,cautious,T3+,15209.05,1,0,0,0,0,0.0,133,1
3286,referral,cautious,T3+,10700.27,6,3,3,2,1,3653.0200000000004,41,0
3287,bank_partner,balanced,T3+,12300.59,1,1,0,0,0,0.0,63,1
3288,organic,cautious,T1,6481.03,2,0,1,0,0,0.0,192,1
3289,bank_partner,cautious,T3+,24167.64,2,1,1,0,0,0.0,56,0
3290,organic,aggressive,T1,34086.67,1,0,1,0,0,0.0,124,1
3291,referral,balanced,T3+,7712.41,9,1,0,0,0,0.0,76,0
3292,social,balanced,T2,27866.75,11,1,2,1,0,11728.93,75,0
3293,organic,balanced,T1,7403.94,8,1,2,2,0,3902.43,76,1
3294,paid_search,aggressive,T2,10311.43,3,0,1,0,0,0.0,251,1
3295,paid_search,aggressive,T3+,12578.09,5,0,1,0,0,0.0,163,1
3297,organic,balanced,T2,37321.96,2,1,1,0,0,0.0,60,1
3298,organic,balanced,T2,4302.04,6,1,3,2,0,2189.58,87,1
3299,social,aggressive,T3+,6504.76,4,1,0,0,0,0.0,83,1
3300,bank_partner,balanced,T2,96371.99,1,0,0,0,0,0.0,257,1
3301,social,cautious,T2,4907.59,2,2,0,0,0,0.0,64,1
3302,paid_search,cautious,T1,10682.63,1,1,0,0,0,0.0,74,1
3303,organic,balanced,T2,66532.68,1,1,0,0,0,0.0,54,1
3304,referral,balanced,T1,5300.71,4,1,1,0,0,0.0,12,1
3305,bank_partner,balanced,T1,67845.16,5,1,1,0,0,0.0,42,0
3306,bank_partner,balanced,T2,6259.73,1,0,0,0,0,0.0,265,1
3308,organic,cautious,T2,3178.17,3,0,1,0,0,0.0,140,1
3309,referral,balanced,T2,730.38,2,0,0,0,0,0.0,108,1
3310,social,balanced,T2,9461.15,2,0,1,0,0,0.0,124,1
3311,paid_search,aggressive,T3+,7881.06,4,0,2,0,0,0.0,92,1
3312,bank_partner,cautious,T1,10897.63,0,0,0,0,0,0.0,160,1
3313,organic,balanced,T3+,16606.01,3,0,2,0,0,0.0,206,0
3314,organic,aggressive,T1,638.09,3,0,2,0,0,0.0,121,0
3317,organic,balanced,T2,985.75,1,0,0,0,0,0.0,299,1
3318,referral,cautious,T3+,8477.18,3,0,2,0,0,0.0,103,1
3321,social,balanced,T1,12544.92,2,0,1,0,0,0.0,128,1
3322,paid_search,cautious,T3+,4950.34,10,0,3,2,0,2404.1,148,1
3323,referral,balanced,T2,12156.04,2,1,0,0,0,0.0,8,1
3324,organic,balanced,T2,6646.73,7,0,3,3,0,3093.4900000000002,189,0
3325,social,balanced,T2,16504.22,8,4,5,2,1,7806.87,5,0
3329,paid_search,cautious,T2,10992.88,2,0,0,0,0,0.0,178,1
3330,social,balanced,T2,11681.06,4,0,1,0,0,0.0,112,1
3333,bank_partner,cautious,T2,14721.19,6,1,2,0,0,0.0,58,0
3334,social,aggressive,T2,7184.17,2,1,2,0,0,0.0,34,0
3335,organic,cautious,T1,45781.58,2,0,0,0,0,0.0,277,1
3336,bank_partner,cautious,T1,10253.4,2,0,1,0,0,0.0,99,1
3338,social,balanced,T1,7902.1,1,0,0,0,0,0.0,232,1
3341,bank_partner,balanced,T3+,3116.38,1,0,0,0,0,0.0,214,1
3342,organic,cautious,T1,16454.39,2,0,2,0,0,0.0,245,1
3344,organic,aggressive,T1,2166.82,3,0,2,0,0,0.0,269,0
3345,organic,cautious,T3+,3098.61,3,0,3,0,0,0.0,281,1
3346,referral,aggressive,T2,13896.9,3,0,0,0,0,0.0,236,1
3347,paid_search,cautious,T1,31825.29,6,0,2,0,0,0.0,139,1
3348,paid_search,aggressive,T1,5373.32,2,0,1,0,0,0.0,303,1
3349,social,balanced,T3+,7202.19,6,1,4,0,0,0.0,29,1
3350,bank_partner,cautious,T2,6187.9,5,1,1,0,0,0.0,41,1
3352,organic,balanced,T1,4191.84,2,0,0,0,0,0.0,95,1
3353,paid_search,balanced,T2,21797.63,1,0,0,0,0,0.0,105,1
3354,paid_search,cautious,T1,14214.46,6,3,1,0,0,0.0,24,1
3355,paid_search,cautious,T1,8135.36,2,1,0,0,0,0.0,3,1
3356,bank_partner,balanced,T1,4418.25,3,3,0,0,0,0.0,43,1
3357,organic,cautious,T1,14505.35,4,0,1,0,0,0.0,129,0
3358,paid_search,balanced,T3+,5184.24,4,1,3,0,0,0.0,82,0
3359,paid_search,balanced,T3+,1574.16,2,0,1,0,0,0.0,101,0
3360,organic,balanced,T1,1591.5,2,0,1,0,0,0.0,187,1
3361,organic,balanced,T2,14551.67,1,1,1,0,0,0.0,81,1
3363,referral,cautious,T1,3881.68,3,1,2,0,0,0.0,74,1
3365,paid_search,balanced,T3+,6608.5,2,0,2,0,0,0.0,274,1
3366,paid_search,cautious,T1,72110.92,6,0,2,0,0,0.0,107,1
3367,referral,aggressive,T3+,8059.41,8,1,4,3,1,3683.1,61,0
3368,referral,cautious,T1,30168.51,3,0,2,0,0,0.0,218,0
3369,bank_partner,cautious,T3+,22583.54,3,3,0,0,0,0.0,16,1
3371,social,cautious,T1,3581.93,4,0,1,0,0,0.0,127,0
3372,paid_search,cautious,T1,36192.04,5,0,1,0,0,0.0,152,1
3374,social,balanced,T1,25589.63,0,0,0,0,0,0.0,118,1
3375,organic,balanced,T3+,3734.5,1,0,0,0,0,0.0,235,1
3377,social,cautious,T1,8990.45,3,0,1,0,0,0.0,119,1
3378,organic,balanced,T1,16151.55,8,2,1,2,1,6248.92,70,0
3379,paid_search,cautious,T1,583.9,4,1,2,0,0,0.0,62,1
3380,organic,cautious,T2,7875.95,1,1,0,0,0,0.0,66,0
3381,organic,balanced,T1,9359.66,2,0,1,0,0,0.0,272,0
3382,paid_search,balanced,T1,38542.95,8,1,5,2,0,21277.870000000003,82,0
3386,bank_partner,cautious,T1,13833.34,0,0,0,0,0,0.0,113,1
3387,organic,aggressive,T3+,2655.01,3,0,0,0,0,0.0,140,0
3388,organic,balanced,T1,3496.31,4,1,1,0,0,0.0,13,0
3389,organic,cautious,T2,6070.07,3,3,0,0,0,0.0,0,1
3390,organic,aggressive,T3+,11152.01,7,0,4,3,0,4585.35,95,0
3391,organic,balanced,T3+,25599.36,2,0,1,0,0,0.0,201,1
3393,organic,balanced,T1,2817.71,4,0,1,0,0,0.0,140,0
3395,paid_search,balanced,T3+,7734.55,4,4,2,0,0,0.0,4,0
3396,bank_partner,cautious,T2,25799.75,1,0,1,0,0,0.0,91,1
3397,referral,cautious,T2,75110.6,3,0,1,0,0,0.0,134,1
3398,bank_partner,aggressive,T1,5939.94,1,0,0,0,0,0.0,128,1
3400,social,balanced,T1,16805.65,3,2,0,0,0,0.0,9,1
3401,organic,balanced,T2,4877.87,3,0,2,0,0,0.0,125,0
3402,organic,balanced,T3+,2564.22,2,0,2,0,0,0.0,95,0
3404,referral,balanced,T1,12922.4,3,0,0,0,0,0.0,99,1
3405,organic,balanced,T1,14935.97,2,0,1,0,0,0.0,206,1
3410,paid_search,balanced,T1,17220.95,1,0,1,0,0,0.0,107,1
3411,social,cautious,T1,6981.79,1,0,0,0,0,0.0,189,0
3412,organic,cautious,T1,11917.66,3,0,2,0,0,0.0,166,1
3413,social,aggressive,T1,749.45,2,0,1,0,0,0.0,239,1
3414,bank_partner,cautious,T2,9924.13,4,0,1,0,0,0.0,97,1
3415,social,cautious,T2,23634.39,3,0,2,0,0,0.0,201,0
3416,referral,cautious,T1,13402.13,5,2,0,0,0,0.0,42,1
3417,referral,balanced,T2,23713.28,8,0,3,0,0,0.0,99,1
3418,bank_partner,balanced,T1,13883.6,2,0,0,0,0,0.0,113,1
3422,organic,balanced,T2,21513.85,1,0,0,0,0,0.0,187,0
3423,referral,cautious,T1,3421.33,3,0,1,0,0,0.0,179,1
3424,organic,cautious,T3+,1935.61,4,0,1,0,0,0.0,93,0
3425,social,balanced,T1,1479.39,8,1,2,0,0,0.0,71,1
3426,organic,balanced,T2,31040.35,2,0,2,0,0,0.0,189,1
3427,organic,balanced,T3+,3426.56,4,0,0,0,0,0.0,95,1
3428,paid_search,cautious,T2,3912.57,7,0,6,3,1,2751.77,98,1
3429,paid_search,balanced,T2,3930.23,1,0,0,0,0,0.0,254,0
3430,bank_partner,aggressive,T1,6620.96,3,1,1,0,0,0.0,60,1
3433,referral,balanced,T3+,6583.62,4,2,1,0,0,0.0,2,1
3435,paid_search,aggressive,T1,7495.53,9,4,3,0,0,0.0,13,1
3436,social,balanced,T3+,20674.07,8,0,3,5,2,9464.27,101,1
3437,organic,aggressive,T2,4510.05,1,0,1,0,0,0.0,100,0
3439,referral,balanced,T2,4275.49,8,0,4,0,0,0.0,129,1
3440,referral,balanced,T3+,25818.45,7,2,2,0,0,0.0,47,0
3441,referral,cautious,T1,7845.35,1,0,0,0,0,0.0,115,1
3443,social,balanced,T2,2364.35,3,0,0,0,0,0.0,179,1
3444,organic,balanced,T2,7738.38,6,0,1,0,0,0.0,113,1
3446,referral,balanced,T3+,4102.15,4,0,2,0,0,0.0,136,1
3447,organic,cautious,T3+,4445.05,2,1,1,0,0,0.0,70,0
3448,referral,cautious,T3+,12634.44,1,0,0,0,0,0.0,219,1
3449,social,cautious,T1,7045.26,3,0,2,0,0,0.0,146,0
3450,social,aggressive,T1,4730.28,2,0,1,0,0,0.0,208,1
3453,paid_search,cautious,T3+,7644.87,3,0,1,0,0,0.0,237,1
3454,social,balanced,T2,2787.07,2,2,0,0,0,0.0,40,0
3455,bank_partner,cautious,T1,3175.33,7,5,4,2,2,1406.5500000000002,27,0
3456,organic,cautious,T2,7844.21,6,1,3,0,0,0.0,0,1
3457,paid_search,cautious,T2,8754.91,0,0,0,0,0,0.0,101,0
3458,organic,balanced,T2,43341.28,3,0,2,0,0,0.0,164,1
3459,referral,cautious,T2,8317.0,3,0,1,0,0,0.0,169,0
3460,bank_partner,balanced,T2,47635.91,2,0,0,0,0,0.0,143,1
3462,paid_search,aggressive,T3+,12233.96,8,0,3,1,0,5460.73,119,0
3463,organic,balanced,T2,5027.99,4,0,3,0,0,0.0,115,1
3464,bank_partner,balanced,T2,6920.27,6,1,1,0,0,0.0,18,1
3466,organic,cautious,T1,947.81,0,0,0,0,0,0.0,212,1
3467,social,balanced,T3+,14666.49,5,1,3,0,0,0.0,70,1
3468,paid_search,aggressive,T2,1841.44,7,2,3,0,0,0.0,48,1
3472,organic,cautious,T3+,1927.54,4,0,1,0,0,0.0,112,0
3473,bank_partner,balanced,T3+,4061.87,7,3,4,2,1,2257.6099999999997,14,1
3474,paid_search,balanced,T1,17604.68,1,0,0,0,0,0.0,321,1
3476,paid_search,balanced,T1,11839.13,2,0,2,0,0,0.0,94,0
3477,paid_search,cautious,T1,14024.23,3,0,2,0,0,0.0,103,1
3478,organic,balanced,T3+,7017.72,1,0,0,0,0,0.0,295,1
3479,social,cautious,T3+,23024.48,0,0,0,0,0,0.0,335,1
3480,paid_search,cautious,T2,6851.69,5,0,1,0,0,0.0,208,1
3481,social,balanced,T3+,13905.29,3,0,1,0,0,0.0,115,1
3483,paid_search,balanced,T1,3769.58,1,1,0,0,0,0.0,22,1
3484,bank_partner,cautious,T3+,27876.58,4,0,1,0,0,0.0,210,1
3486,organic,cautious,T1,16852.31,2,1,0,0,0,0.0,36,0
3487,organic,cautious,T1,3797.14,1,0,1,0,0,0.0,298,1
3488,organic,balanced,T3+,12510.56,5,3,2,0,0,0.0,33,0
3489,organic,balanced,T1,22493.73,3,1,0,0,0,0.0,36,0
3490,paid_search,aggressive,T2,13472.74,2,0,1,0,0,0.0,305,1
3491,organic,aggressive,T1,6092.86,0,0,0,0,0,0.0,247,0
3492,social,aggressive,T2,5032.77,3,1,1,0,0,0.0,63,0
3493,paid_search,balanced,T2,16456.12,2,0,1,0,0,0.0,136,1
3494,social,balanced,T3+,3538.34,3,0,1,0,0,0.0,142,1
3495,social,aggressive,T2,1434.97,0,0,0,0,0,0.0,141,1
3496,social,aggressive,T1,2433.92,1,0,1,0,0,0.0,91,0
3497,bank_partner,cautious,T3+,11962.39,2,0,1,0,0,0.0,141,1
3499,organic,balanced,T3+,5681.31,1,0,0,0,0,0.0,176,0
3500,organic,aggressive,T1,21273.45,2,1,1,0,0,0.0,7,1
3502,referral,aggressive,T2,8620.17,2,1,0,0,0,0.0,43,1
3503,paid_search,aggressive,T1,16461.48,0,0,0,0,0,0.0,191,1
3504,paid_search,cautious,T2,4965.82,2,0,0,0,0,0.0,272,0
3505,social,cautious,T2,54271.34,4,1,0,0,0,0.0,71,1
3506,referral,cautious,T1,2159.28,4,4,1,0,0,0.0,1,1
3507,social,balanced,T2,18032.84,5,2,2,0,0,0.0,35,0
3508,organic,balanced,T3+,15444.02,6,0,1,0,0,0.0,203,0
3509,organic,balanced,T3+,6637.52,8,1,6,0,0,0.0,1,1
3511,social,cautious,T3+,21189.75,3,0,0,0,0,0.0,115,0
3512,bank_partner,aggressive,T1,1539.6,0,0,0,0,0,0.0,212,1
3513,bank_partner,cautious,T1,619.09,5,2,2,0,0,0.0,1,0
3514,social,aggressive,T1,17764.52,3,0,1,0,0,0.0,204,1
3515,paid_search,balanced,T1,3847.64,4,4,3,0,0,0.0,32,1
3517,organic,balanced,T2,3523.58,4,0,2,0,0,0.0,182,1
3518,paid_search,balanced,T2,14118.85,2,0,2,0,0,0.0,116,1
3519,referral,aggressive,T2,12111.1,2,0,1,0,0,0.0,313,1
3520,bank_partner,cautious,T3+,30262.03,8,0,5,1,0,5751.76,103,1
3521,organic,balanced,T1,20213.32,2,0,1,0,0,0.0,172,1
3522,organic,cautious,T2,12928.54,1,0,0,0,0,0.0,223,1
3524,organic,cautious,T2,13635.76,1,1,0,0,0,0.0,42,0
3525,referral,cautious,T3+,3637.62,6,1,3,0,0,0.0,0,0
3527,referral,cautious,T2,8979.94,4,0,1,0,0,0.0,130,1
3528,referral,balanced,T2,65939.46,1,0,0,0,0,0.0,100,1
3529,bank_partner,balanced,T2,8660.78,7,0,3,0,0,0.0,99,0
3532,organic,balanced,T2,25697.48,0,0,0,0,0,0.0,172,0
3533,social,cautious,T2,11603.15,4,0,2,0,0,0.0,143,0
3534,organic,cautious,T2,10565.94,5,2,4,1,0,1905.27,60,0
3535,social,cautious,T3+,11145.96,2,0,0,0,0,0.0,137,1
3536,referral,cautious,T3+,7282.06,3,1,2,0,0,0.0,55,0
3538,bank_partner,cautious,T3+,7403.02,4,0,2,0,0,0.0,204,1
3542,paid_search,balanced,T2,41048.59,6,0,2,0,0,0.0,120,1
3544,organic,cautious,T3+,735.06,5,0,2,0,0,0.0,240,1
3545,bank_partner,balanced,T2,11258.54,5,5,3,0,0,0.0,6,1
3546,bank_partner,balanced,T1,19748.21,3,0,2,1,0,2212.89,205,1
3547,bank_partner,balanced,T3+,28968.24,1,0,0,0,0,0.0,158,1
3548,paid_search,cautious,T2,8963.28,4,0,2,0,0,0.0,141,1
3549,social,cautious,T2,6926.92,2,0,0,0,0,0.0,207,1
3551,bank_partner,cautious,T1,18846.89,6,1,1,0,0,0.0,52,1
3552,organic,balanced,T3+,6845.34,2,0,1,0,0,0.0,184,1
3553,referral,cautious,T2,3457.67,5,4,2,0,0,0.0,70,0
3555,social,balanced,T2,9787.03,1,0,1,0,0,0.0,185,1
3556,bank_partner,balanced,T1,59457.54,3,1,0,0,0,0.0,29,0
3558,social,aggressive,T2,7226.69,3,3,3,0,0,0.0,26,1
3559,paid_search,cautious,T2,2466.72,1,0,1,0,0,0.0,140,1
3561,paid_search,cautious,T1,4688.47,5,2,0,1,0,1032.92,51,1
3563,social,cautious,T1,31481.63,1,1,0,0,0,0.0,84,1
3564,referral,balanced,T2,113091.63,0,0,0,0,0,0.0,147,0
3565,paid_search,cautious,T1,1908.55,3,1,1,0,0,0.0,88,1
3566,organic,balanced,T3+,8951.44,3,0,0,0,0,0.0,168,0
3567,referral,cautious,T3+,2416.37,2,0,0,0,0,0.0,250,1
3568,paid_search,cautious,T3+,5107.28,2,0,1,0,0,0.0,184,1
3569,social,cautious,T2,24799.98,0,0,0,0,0,0.0,152,1
3572,organic,balanced,T2,10246.67,2,0,1,0,0,0.0,221,1
3575,referral,balanced,T1,4510.4,1,0,0,0,0,0.0,197,1
3576,organic,balanced,T3+,4364.37,3,0,1,0,0,0.0,100,0
3578,organic,cautious,T1,2407.0,2,0,1,0,0,0.0,196,1
3579,organic,balanced,T1,8115.63,4,1,1,0,0,0.0,68,1
3580,social,aggressive,T2,17770.39,2,0,1,0,0,0.0,191,1
3583,social,cautious,T3+,896.36,3,1,2,0,0,0.0,85,0
3584,paid_search,balanced,T1,3569.1,0,0,0,0,0,0.0,143,1
3585,referral,aggressive,T1,3370.77,1,0,0,0,0,0.0,227,1
3589,organic,balanced,T2,9819.08,3,0,2,0,0,0.0,302,1
3590,referral,balanced,T2,7174.46,11,3,5,2,0,1036.1399999999999,43,0
3592,bank_partner,cautious,T2,2400.58,2,0,1,0,0,0.0,250,1
3593,organic,balanced,T1,3429.68,1,1,0,0,0,0.0,59,1
3594,social,cautious,T2,4324.78,2,1,0,0,0,0.0,53,0
3595,bank_partner,balanced,T1,5282.13,3,1,1,0,0,0.0,25,1
3596,paid_search,cautious,T1,4520.61,6,1,2,0,0,0.0,85,1
3597,paid_search,balanced,T3+,6260.6,7,1,3,0,0,0.0,10,1
3598,organic,balanced,T2,4842.22,1,0,0,0,0,0.0,232,1
3600,paid_search,cautious,T1,3559.87,4,1,2,0,0,0.0,26,1
3601,organic,balanced,T3+,4441.98,5,0,5,2,0,1329.3,224,0
3602,referral,cautious,T1,5916.33,4,1,3,0,0,0.0,30,1
3605,paid_search,cautious,T1,20727.0,0,0,0,0,0,0.0,348,1
3606,social,balanced,T1,7825.55,0,0,0,0,0,0.0,270,1
3608,organic,cautious,T3+,15714.58,4,0,2,0,0,0.0,180,1
3609,organic,balanced,T2,4601.89,1,1,1,0,0,0.0,44,1
3610,paid_search,cautious,T3+,6003.86,4,0,0,0,0,0.0,148,1
3611,social,balanced,T1,6412.89,2,0,0,0,0,0.0,217,1
3613,social,cautious,T2,3341.88,9,0,4,0,0,0.0,104,0
3614,paid_search,balanced,T3+,821.55,8,5,2,0,0,0.0,11,0
3615,social,cautious,T1,21837.02,7,0,2,0,0,0.0,145,1
3616,paid_search,cautious,T3+,10481.48,2,0,1,0,0,0.0,100,1
3617,referral,cautious,T2,13319.93,5,5,0,0,0,0.0,24,1
3618,social,balanced,T3+,14021.69,2,1,1,0,0,0.0,75,1
3620,referral,cautious,T2,10688.72,11,1,5,0,0,0.0,75,0
3621,organic,balanced,T2,18625.92,3,0,1,0,0,0.0,104,1
3622,paid_search,aggressive,T1,6430.89,1,0,0,0,0,0.0,121,1
3623,social,cautious,T1,23588.29,4,1,0,0,0,0.0,49,0
3624,social,balanced,T2,22242.83,3,0,0,0,0,0.0,101,1
3625,organic,cautious,T3+,7205.73,2,0,0,0,0,0.0,128,1
3626,paid_search,balanced,T1,40708.8,2,1,2,0,0,0.0,78,1
3628,organic,cautious,T2,24421.37,6,0,3,0,0,0.0,125,0
3629,organic,cautious,T2,2400.96,5,0,1,0,0,0.0,220,1
3630,organic,balanced,T2,10274.93,4,1,3,0,0,0.0,42,1
3631,referral,balanced,T3+,2407.39,4,0,2,0,0,0.0,275,1
3632,organic,cautious,T1,12986.12,1,1,1,0,0,0.0,52,0
3633,paid_search,balanced,T1,6685.46,7,0,5,1,0,2019.78,112,1
3634,paid_search,balanced,T1,9989.9,2,0,0,0,0,0.0,146,1
3635,paid_search,balanced,T2,18665.81,6,4,4,1,0,4714.15,29,0
3636,bank_partner,balanced,T2,1392.09,11,0,6,3,0,861.8,251,0
3638,referral,cautious,T1,20737.39,3,1,1,0,0,0.0,42,1
3639,social,balanced,T2,68914.1,7,1,5,2,0,25984.6,0,1
3640,paid_search,balanced,T2,36689.56,1,0,1,0,0,0.0,180,1
3641,paid_search,balanced,T2,9873.99,1,0,1,0,0,0.0,276,1
3642,paid_search,cautious,T1,14837.69,8,2,3,0,0,0.0,40,1
3643,bank_partner,balanced,T2,14650.31,4,2,2,0,0,0.0,6,1
3644,bank_partner,cautious,T2,30420.85,1,0,0,0,0,0.0,108,1
3645,organic,balanced,T1,1421.35,3,0,1,0,0,0.0,281,1
3646,paid_search,balanced,T2,6093.95,0,0,0,0,0,0.0,119,0
3647,referral,balanced,T2,3619.54,15,2,8,1,0,752.79,20,0
3648,organic,balanced,T2,7235.75,4,2,0,0,0,0.0,63,1
3649,organic,cautious,T3+,17465.54,1,1,0,0,0,0.0,83,0
3650,organic,aggressive,T2,787.5,3,0,0,0,0,0.0,218,0
3652,referral,balanced,T2,4437.92,7,3,2,0,0,0.0,5,1
3653,paid_search,aggressive,T3+,8483.39,4,0,0,0,0,0.0,243,1
3654,organic,cautious,T1,2069.37,3,0,1,0,0,0.0,148,0
3656,organic,balanced,T3+,4542.32,3,2,2,0,0,0.0,78,1
3657,referral,aggressive,T2,2758.86,5,0,1,0,0,0.0,132,1
3658,organic,aggressive,T1,7513.13,4,2,1,0,0,0.0,49,1
3659,paid_search,aggressive,T3+,8066.46,0,0,0,0,0,0.0,238,1
3660,bank_partner,aggressive,T2,32488.04,1,0,0,0,0,0.0,264,0
3663,social,cautious,T3+,9762.35,0,0,0,0,0,0.0,265,1
3664,organic,balanced,T1,12396.92,9,0,4,3,0,7529.0599999999995,215,1
3666,bank_partner,cautious,T2,1275.48,7,1,4,4,0,770.3100000000001,9,1
3667,organic,balanced,T1,13863.79,2,0,0,0,0,0.0,175,1
3669,social,balanced,T2,23702.08,2,0,0,0,0,0.0,320,1
3670,paid_search,aggressive,T2,24164.91,9,1,4,4,0,10237.779999999999,10,1
3671,referral,cautious,T1,1065.17,4,2,2,0,0,0.0,3,1
3672,organic,cautious,T2,4332.92,0,0,0,0,0,0.0,316,1
3674,organic,aggressive,T1,17052.3,3,0,1,0,0,0.0,301,1
3675,organic,cautious,T2,4643.01,7,0,3,0,0,0.0,213,1
3676,referral,balanced,T3+,10940.55,1,1,0,0,0,0.0,26,1
3677,social,aggressive,T1,4987.8,1,0,1,0,0,0.0,197,1
3678,bank_partner,cautious,T3+,13971.48,3,0,1,0,0,0.0,246,1
3679,bank_partner,balanced,T3+,7761.42,1,1,0,0,0,0.0,17,1
3680,social,balanced,T3+,4758.1,6,1,3,1,0,1318.38,18,1
3682,paid_search,cautious,T2,16253.87,3,1,0,0,0,0.0,61,1
3683,organic,balanced,T3+,10357.36,2,1,1,0,0,0.0,41,1
3684,social,aggressive,T2,36385.17,3,0,1,0,0,0.0,287,1
3685,referral,aggressive,T2,5518.96,2,0,2,0,0,0.0,268,1
3686,bank_partner,cautious,T1,2425.28,3,0,2,0,0,0.0,176,1
3687,organic,balanced,T1,25995.93,6,0,1,0,0,0.0,93,1
3688,paid_search,cautious,T3+,6382.13,3,0,0,0,0,0.0,170,1
3689,organic,cautious,T2,4537.78,2,0,0,0,0,0.0,248,1
3691,organic,aggressive,T3+,1967.62,2,0,0,0,0,0.0,101,1
3692,bank_partner,cautious,T3+,2457.61,6,0,4,0,0,0.0,207,1
3693,organic,cautious,T3+,24018.93,3,0,2,0,0,0.0,109,1
3697,paid_search,aggressive,T3+,8999.79,1,0,1,0,0,0.0,304,1
3698,referral,cautious,T1,5664.36,0,0,0,0,0,0.0,213,1
3699,organic,balanced,T2,27511.6,2,1,1,0,0,0.0,43,1
3700,organic,cautious,T1,8688.51,1,1,0,0,0,0.0,33,1
3702,paid_search,balanced,T1,36377.55,0,0,0,0,0,0.0,258,1
3703,organic,cautious,T1,2128.48,2,0,0,0,0,0.0,214,1
3705,referral,balanced,T1,10019.11,2,2,1,0,0,0.0,41,1
3706,organic,cautious,T2,5757.15,7,5,5,1,1,2384.27,23,0
3707,paid_search,aggressive,T1,6458.88,2,0,1,0,0,0.0,110,1
3708,paid_search,balanced,T3+,127356.01,10,0,3,2,0,66905.77,113,1
3710,organic,cautious,T1,6133.53,6,4,2,3,2,3050.0099999999998,11,1
3711,social,balanced,T2,5851.68,0,0,0,0,0,0.0,166,1
3712,paid_search,balanced,T3+,11254.57,1,0,0,0,0,0.0,146,1
3713,bank_partner,cautious,T1,10449.07,4,0,2,0,0,0.0,320,1
3714,paid_search,cautious,T2,4975.96,2,0,0,0,0,0.0,101,1
3717,organic,cautious,T3+,13443.84,6,1,2,0,0,0.0,78,0
3718,organic,cautious,T3+,21127.04,1,0,0,0,0,0.0,315,1
3719,bank_partner,cautious,T2,17908.47,1,0,0,0,0,0.0,150,0
3722,paid_search,aggressive,T2,1697.09,0,0,0,0,0,0.0,279,1
3724,paid_search,balanced,T2,1652.9,0,0,0,0,0,0.0,259,1
3725,paid_search,cautious,T1,13055.87,2,0,1,0,0,0.0,91,1
3726,referral,cautious,T3+,500.0,5,4,1,0,0,0.0,15,1
3728,organic,cautious,T1,8538.53,1,0,0,0,0,0.0,157,0
3729,referral,cautious,T2,26451.25,4,0,1,0,0,0.0,217,1
3731,social,balanced,T2,3291.31,2,2,1,0,0,0.0,44,1
3734,referral,aggressive,T1,8756.16,3,1,1,0,0,0.0,88,0
3735,social,balanced,T1,2370.03,3,0,2,0,0,0.0,163,1
3736,bank_partner,cautious,T3+,3960.91,5,2,1,0,0,0.0,29,1
3737,organic,balanced,T3+,5890.41,3,0,3,0,0,0.0,215,1
3738,social,cautious,T1,4930.39,5,0,3,0,0,0.0,97,0
3739,paid_search,balanced,T3+,15903.73,2,0,0,0,0,0.0,188,1
3741,paid_search,cautious,T1,22888.22,4,0,2,0,0,0.0,197,1
3742,organic,cautious,T3+,24818.68,3,1,1,0,0,0.0,11,1
3743,organic,balanced,T1,2306.35,3,0,1,0,0,0.0,181,1
3744,referral,aggressive,T2,3660.72,8,2,5,2,0,1018.0799999999999,28,0
3746,referral,aggressive,T2,9072.03,6,1,1,0,0,0.0,16,1
3748,social,balanced,T1,12379.32,2,1,0,0,0,0.0,18,0
3750,organic,aggressive,T2,102701.79,3,0,1,0,0,0.0,137,1
3752,social,balanced,T3+,13005.56,1,0,0,0,0,0.0,94,0
3753,organic,aggressive,T2,5929.3,1,0,1,0,0,0.0,210,1
3755,organic,cautious,T3+,1719.32,3,0,1,0,0,0.0,126,1
3756,organic,balanced,T3+,8873.61,3,0,0,0,0,0.0,126,1
3757,referral,balanced,T2,6757.68,5,0,0,0,0,0.0,153,1
3759,bank_partner,cautious,T1,12087.77,1,0,1,0,0,0.0,281,1
3760,referral,aggressive,T1,22917.87,7,3,4,0,0,0.0,60,1
3761,paid_search,balanced,T3+,10762.26,3,1,1,0,0,0.0,8,1
3762,paid_search,cautious,T1,25768.15,3,1,1,0,0,0.0,52,0
3763,paid_search,cautious,T1,76835.44,2,0,1,0,0,0.0,240,1
3764,referral,aggressive,T3+,13196.61,2,0,0,0,0,0.0,249,1
3766,bank_partner,balanced,T1,8251.7,1,0,1,0,0,0.0,95,1
3767,referral,aggressive,T2,7358.36,6,1,4,3,1,4197.51,19,1
3768,social,balanced,T3+,3065.25,2,0,1,0,0,0.0,114,1
3769,paid_search,cautious,T1,4588.37,2,0,1,0,0,0.0,159,1
3771,bank_partner,cautious,T1,62475.94,5,0,1,0,0,0.0,191,1
3772,paid_search,balanced,T2,9107.15,6,5,4,1,0,1217.1,14,0
3773,paid_search,balanced,T3+,2887.54,0,0,0,0,0,0.0,136,1
3774,organic,balanced,T1,5088.25,1,0,1,0,0,0.0,303,1
3775,organic,cautious,T1,26078.49,0,0,0,0,0,0.0,354,1
3776,referral,aggressive,T1,5704.9,1,0,0,0,0,0.0,101,0
3777,organic,balanced,T1,2414.57,1,0,1,0,0,0.0,193,1
3778,bank_partner,cautious,T3+,40763.89,4,0,1,0,0,0.0,259,1
3780,paid_search,balanced,T2,6103.47,6,1,5,1,0,2021.05,88,0
3781,referral,balanced,T2,16256.65,5,0,3,2,0,2492.9900000000002,257,1
3783,referral,cautious,T1,5684.35,2,1,0,0,0,0.0,73,1
3784,organic,aggressive,T1,15776.09,13,1,6,2,0,3446.13,48,0
3785,organic,aggressive,T2,4257.99,1,1,1,0,0,0.0,85,1
3786,bank_partner,balanced,T2,112175.36,7,0,2,0,0,0.0,219,1
3787,referral,balanced,T3+,2458.36,6,2,5,0,0,0.0,58,1
3788,referral,cautious,T1,50018.79,2,2,0,0,0,0.0,39,0
3790,social,cautious,T2,12758.87,2,1,2,0,0,0.0,71,1
3791,social,aggressive,T2,500.0,3,0,0,0,0,0.0,191,1
3792,referral,balanced,T3+,49332.34,4,1,0,0,0,0.0,84,1
3794,paid_search,aggressive,T3+,2005.83,2,0,1,0,0,0.0,226,1
3795,paid_search,cautious,T2,3897.88,4,2,3,0,0,0.0,8,1
3796,paid_search,aggressive,T1,6767.55,2,1,0,0,0,0.0,64,1
3797,organic,balanced,T2,17367.24,2,0,1,0,0,0.0,246,1
3798,referral,balanced,T1,7986.06,4,1,0,2,0,2376.82,87,1
3799,social,cautious,T1,4745.32,1,0,0,0,0,0.0,96,1
3800,referral,balanced,T1,34302.12,3,0,2,0,0,0.0,243,1
3801,organic,balanced,T3+,6697.44,6,3,4,0,0,0.0,76,0
3802,organic,balanced,T3+,22039.05,7,1,2,0,0,0.0,18,0
3803,paid_search,cautious,T1,55524.83,3,0,1,0,0,0.0,311,0
3806,referral,cautious,T3+,1930.86,3,0,0,0,0,0.0,303,0
3807,referral,aggressive,T2,8471.93,12,0,6,1,0,3311.81,180,1
3808,social,aggressive,T2,6011.89,0,0,0,0,0,0.0,176,0
3810,bank_partner,cautious,T2,75409.2,2,0,0,0,0,0.0,250,1
3812,social,balanced,T3+,758.2,5,0,3,2,0,390.8,231,1
3813,organic,balanced,T2,39841.57,2,0,1,0,0,0.0,123,1
3814,referral,cautious,T3+,2558.06,2,0,0,0,0,0.0,126,1
3816,paid_search,cautious,T3+,8410.65,2,1,1,0,0,0.0,45,0
3818,paid_search,balanced,T3+,32511.6,5,0,3,4,0,26986.25,288,1
3819,organic,cautious,T2,7962.11,11,1,2,2,0,2599.4,7,0
3820,organic,balanced,T2,2250.66,0,0,0,0,0,0.0,103,1
3821,social,balanced,T2,16341.4,3,0,0,0,0,0.0,225,1
3822,referral,cautious,T1,11392.7,9,1,3,2,0,2845.81,37,1
3823,organic,aggressive,T2,4654.06,2,0,0,0,0,0.0,207,1
3824,bank_partner,aggressive,T1,84308.68,2,0,1,0,0,0.0,244,1
3825,organic,aggressive,T1,17415.86,1,1,0,3,1,10890.16,68,1
3826,bank_partner,balanced,T3+,7689.04,1,0,0,0,0,0.0,218,1
3827,bank_partner,balanced,T2,1889.8,3,1,0,0,0,0.0,75,1
3830,paid_search,balanced,T3+,10297.29,3,0,2,0,0,0.0,304,1
3832,social,cautious,T3+,5726.9,4,1,3,2,0,2424.4300000000003,74,1
3833,paid_search,balanced,T3+,14257.18,1,0,0,0,0,0.0,281,1
3834,referral,balanced,T3+,8277.24,5,1,3,0,0,0.0,10,1
3835,social,cautious,T3+,5033.73,1,0,1,0,0,0.0,220,1
3836,organic,aggressive,T2,6308.8,6,0,2,0,0,0.0,97,1
3838,referral,balanced,T3+,2062.13,5,1,2,0,0,0.0,79,1
3840,bank_partner,balanced,T3+,16946.51,4,0,1,0,0,0.0,94,1
3841,organic,balanced,T3+,5422.05,0,0,0,0,0,0.0,292,1
3843,organic,cautious,T2,6322.77,2,0,1,0,0,0.0,214,1
3844,referral,balanced,T1,2541.81,1,1,0,0,0,0.0,61,0
3845,referral,balanced,T1,3917.21,5,2,1,0,0,0.0,22,1
3846,paid_search,aggressive,T1,35713.67,1,1,0,0,0,0.0,9,1
3848,organic,cautious,T1,5111.82,4,0,3,0,0,0.0,159,1
3849,referral,aggressive,T2,15977.65,3,0,1,0,0,0.0,181,1
3850,organic,balanced,T1,4116.15,2,1,0,0,0,0.0,17,0
3851,referral,balanced,T3+,11397.43,5,2,2,0,0,0.0,36,0
3852,social,aggressive,T1,72275.68,8,0,5,5,2,51369.61,115,1
3853,bank_partner,balanced,T2,4782.7,4,1,2,0,0,0.0,81,1
3854,referral,cautious,T2,2236.2,2,2,1,0,0,0.0,79,0
3856,bank_partner,aggressive,T3+,6642.34,3,0,1,0,0,0.0,91,1
3858,social,balanced,T1,9160.96,1,0,1,0,0,0.0,179,1
3859,paid_search,balanced,T1,7718.67,6,1,4,0,0,0.0,88,1
3861,referral,cautious,T3+,11425.95,2,0,1,0,0,0.0,143,1
3862,paid_search,cautious,T2,1230.55,7,0,2,0,0,0.0,209,1
3864,social,cautious,T1,7530.48,5,3,3,0,0,0.0,25,1
3865,bank_partner,cautious,T2,23683.48,1,0,0,0,0,0.0,298,1
3867,organic,balanced,T1,3630.4,1,1,0,0,0,0.0,54,1
3869,referral,aggressive,T2,15255.29,3,0,1,0,0,0.0,145,1
3871,referral,aggressive,T1,6579.45,1,0,1,0,0,0.0,215,1
3872,organic,cautious,T1,70299.17,8,0,2,0,0,0.0,184,0
3873,organic,balanced,T3+,39891.94,5,1,3,0,0,0.0,17,1
3876,organic,cautious,T3+,18414.17,3,0,1,0,0,0.0,259,1
3878,social,balanced,T1,7600.39,6,1,2,0,0,0.0,67,1
3879,organic,cautious,T3+,6360.82,2,0,0,0,0,0.0,98,1
3881,social,balanced,T1,14897.47,1,1,0,0,0,0.0,87,0
3882,paid_search,aggressive,T2,14060.91,5,4,1,0,0,0.0,13,0
3883,social,cautious,T3+,2167.81,1,0,0,0,0,0.0,220,1
3884,bank_partner,aggressive,T3+,12913.05,3,0,1,0,0,0.0,286,1
3885,organic,cautious,T1,3198.11,0,0,0,0,0,0.0,232,1
3887,bank_partner,cautious,T3+,74956.87,0,0,0,0,0,0.0,95,1
3889,referral,cautious,T3+,1827.05,3,1,1,0,0,0.0,63,1
3890,social,cautious,T1,5509.1,2,0,0,0,0,0.0,122,1
3891,referral,cautious,T1,30064.86,1,0,0,0,0,0.0,189,1
3893,organic,cautious,T2,17145.27,6,0,1,3,0,6311.24,108,0
3894,paid_search,balanced,T3+,1987.19,6,0,3,1,0,716.47,167,1
3897,paid_search,cautious,T1,1574.61,2,0,0,0,0,0.0,183,1
3898,referral,balanced,T3+,31276.22,6,1,1,0,0,0.0,71,1
3899,referral,cautious,T1,15772.36,2,0,1,0,0,0.0,138,0
3900,social,balanced,T2,4689.68,3,2,1,0,0,0.0,35,1
3901,referral,cautious,T2,32861.48,11,1,5,2,0,5434.18,83,1
3902,paid_search,balanced,T3+,10803.11,3,0,1,0,0,0.0,230,0
3903,organic,balanced,T1,5714.2,3,2,0,0,0,0.0,58,1
3905,social,cautious,T2,14934.53,5,0,1,0,0,0.0,113,1
3906,social,cautious,T3+,8182.95,1,0,0,0,0,0.0,257,1
3907,bank_partner,balanced,T3+,1742.48,1,0,0,0,0,0.0,165,1
3908,bank_partner,balanced,T2,6309.04,3,0,1,0,0,0.0,283,1
3909,organic,aggressive,T1,9882.43,1,0,0,0,0,0.0,266,1
3911,paid_search,cautious,T3+,104337.32,3,0,1,0,0,0.0,187,1
3914,bank_partner,cautious,T3+,6452.9,2,0,1,0,0,0.0,302,1
3916,referral,balanced,T1,1511.72,4,1,2,0,0,0.0,72,0
3919,referral,cautious,T1,26646.63,5,0,1,3,1,13155.85,100,0
3920,referral,balanced,T3+,3467.49,2,1,0,0,0,0.0,54,1
3921,bank_partner,aggressive,T3+,4307.56,2,0,0,0,0,0.0,100,1
3922,organic,balanced,T2,3827.66,3,2,1,0,0,0.0,15,0
3923,paid_search,balanced,T2,11087.11,3,2,1,0,0,0.0,31,1
3925,organic,cautious,T3+,5337.6,14,0,9,4,0,3213.44,114,0
3926,organic,aggressive,T2,2077.46,0,0,0,0,0,0.0,209,0
3927,bank_partner,aggressive,T2,1863.48,4,0,3,2,0,820.93,227,0
3928,bank_partner,balanced,T3+,1081.63,9,3,5,3,2,468.21999999999997,54,1
3931,social,aggressive,T2,12384.53,4,0,1,0,0,0.0,270,0
3935,referral,balanced,T1,2026.72,5,0,2,0,0,0.0,183,1
3936,paid_search,balanced,T1,4006.59,0,0,0,0,0,0.0,227,1
3937,paid_search,balanced,T3+,3975.52,2,0,2,0,0,0.0,305,1
3938,bank_partner,cautious,T2,10265.23,3,1,2,0,0,0.0,49,1
3939,paid_search,balanced,T2,86331.62,7,3,3,0,0,0.0,2,0
3940,paid_search,cautious,T3+,12907.58,0,0,0,0,0,0.0,277,1
3941,paid_search,cautious,T2,11655.37,3,1,0,0,0,0.0,25,1
3944,paid_search,aggressive,T2,12592.19,6,1,1,0,0,0.0,80,0
3946,social,cautious,T3+,4024.51,2,0,1,0,0,0.0,124,0
3947,social,aggressive,T3+,29775.53,1,0,1,0,0,0.0,184,0
3950,paid_search,cautious,T1,5850.85,6,3,4,0,0,0.0,9,1
3951,paid_search,aggressive,T2,4681.22,0,0,0,0,0,0.0,116,1
3952,paid_search,balanced,T3+,20591.33,2,0,1,0,0,0.0,154,1
3954,referral,balanced,T2,11195.25,8,0,3,1,0,1682.35,95,0
3957,referral,balanced,T1,2627.25,1,0,0,0,0,0.0,200,1
3958,paid_search,balanced,T1,27407.09,3,0,0,0,0,0.0,241,1
3960,paid_search,cautious,T1,14881.2,2,1,0,0,0,0.0,46,0
3961,paid_search,aggressive,T2,28436.5,2,0,0,0,0,0.0,236,1
3965,referral,cautious,T2,5426.91,3,0,1,0,0,0.0,254,1
3966,organic,balanced,T2,12018.68,2,2,1,0,0,0.0,4,0
3968,organic,balanced,T1,37835.95,0,0,0,0,0,0.0,319,1
3969,paid_search,cautious,T3+,4800.7,2,0,0,0,0,0.0,223,1
3970,paid_search,balanced,T1,5318.7,4,0,0,0,0,0.0,247,0
3972,social,cautious,T1,11089.42,3,0,0,0,0,0.0,153,1
3974,social,cautious,T3+,2577.98,4,0,2,0,0,0.0,199,1
3975,social,aggressive,T1,12624.95,1,0,0,0,0,0.0,163,1
3976,organic,balanced,T3+,21580.03,3,2,0,0,0,0.0,26,1
3977,referral,aggressive,T1,4204.61,4,0,2,0,0,0.0,232,1
3978,paid_search,cautious,T1,5992.94,2,2,2,0,0,0.0,11,1
3980,organic,aggressive,T1,69246.0,3,3,1,0,0,0.0,56,0
3981,referral,cautious,T3+,9853.67,4,0,1,0,0,0.0,212,0
3982,referral,cautious,T1,300604.32,4,1,2,3,1,143863.55,83,0
3983,organic,balanced,T2,3346.72,2,0,0,0,0,0.0,269,1
3984,social,balanced,T2,132986.95,4,0,0,0,0,0.0,123,1
3985,referral,cautious,T3+,24780.1,10,0,4,2,0,7767.45,238,0
3986,organic,cautious,T1,44728.69,2,1,2,0,0,0.0,69,0
3987,organic,balanced,T2,4740.45,3,1,2,1,0,1759.61,83,0
3988,organic,aggressive,T2,69229.62,2,0,0,0,0,0.0,262,1
3989,paid_search,cautious,T3+,8712.11,1,0,0,0,0,0.0,118,1
3990,organic,cautious,T2,10017.55,0,0,0,0,0,0.0,243,1
3991,bank_partner,cautious,T1,4048.02,1,0,0,0,0,0.0,123,1
3992,paid_search,balanced,T2,8750.17,4,4,1,0,0,0.0,30,0
3994,referral,aggressive,T1,6841.39,5,1,1,0,0,0.0,84,1
3996,organic,balanced,T3+,4356.62,1,0,1,0,0,0.0,307,1
3997,paid_search,cautious,T3+,500.0,2,0,2,0,0,0.0,130,1
3998,social,balanced,T3+,19442.88,5,1,4,1,0,6306.58,56,0
3999,organic,balanced,T3+,11019.92,0,0,0,0,0,0.0,145,1
4000,organic,aggressive,T3+,58209.57,3,1,1,0,0,0.0,58,1
4001,bank_partner,balanced,T2,10683.58,4,0,3,0,0,0.0,164,1
4002,organic,cautious,T2,4269.41,4,0,2,0,0,0.0,202,1
4003,referral,balanced,T1,7576.87,5,1,2,0,0,0.0,42,1
4004,referral,cautious,T2,72900.32,4,0,2,3,1,34856.54,97,1
4005,organic,balanced,T2,13482.08,5,1,3,0,0,0.0,82,1
4008,social,cautious,T2,21421.94,4,0,2,0,0,0.0,201,1
4009,bank_partner,balanced,T1,6558.04,1,0,1,0,0,0.0,92,0
4010,social,balanced,T3+,29129.15,10,1,3,3,0,9224.09,75,1
4012,referral,aggressive,T3+,12829.66,4,0,3,0,0,0.0,180,1
4013,organic,aggressive,T1,71751.76,2,0,1,0,0,0.0,105,1
4014,paid_search,cautious,T1,5009.77,2,0,0,0,0,0.0,197,1
4016,social,aggressive,T3+,38100.81,3,0,1,0,0,0.0,119,1
4017,bank_partner,balanced,T1,7517.92,3,1,0,0,0,0.0,39,1
4019,paid_search,balanced,T2,3035.38,3,0,0,0,0,0.0,159,1
4024,referral,balanced,T2,21893.79,3,0,2,0,0,0.0,270,1
4025,referral,aggressive,T3+,63502.72,2,0,1,0,0,0.0,236,1
4026,organic,balanced,T3+,49811.41,2,2,1,0,0,0.0,73,1
4027,organic,balanced,T3+,8355.52,2,1,0,0,0,0.0,90,1
4028,organic,aggressive,T2,13093.01,2,0,0,0,0,0.0,136,1
4030,bank_partner,balanced,T3+,12628.42,2,2,0,0,0,0.0,49,1
4031,social,balanced,T2,3651.65,4,3,0,0,0,0.0,19,1
4032,organic,cautious,T2,8339.99,9,0,4,2,0,5016.18,107,0
4033,paid_search,cautious,T2,19074.39,2,1,1,0,0,0.0,32,1
4034,organic,cautious,T2,14354.03,3,0,0,0,0,0.0,154,0
4035,referral,cautious,T1,3850.8,6,1,3,0,0,0.0,90,0
4036,organic,balanced,T3+,29703.55,1,0,1,0,0,0.0,164,1
4037,organic,cautious,T2,12532.5,3,0,0,0,0,0.0,274,1
4039,bank_partner,cautious,T3+,2386.71,3,1,2,0,0,0.0,16,1
4040,social,aggressive,T3+,3000.86,2,2,0,0,0,0.0,15,1
4041,organic,balanced,T1,24759.98,3,2,1,0,0,0.0,8,1
4043,paid_search,balanced,T2,2335.01,5,1,2,0,0,0.0,49,1
4044,organic,aggressive,T2,5562.09,3,0,1,0,0,0.0,152,1
4045,referral,balanced,T2,3696.37,2,2,1,0,0,0.0,55,0
4046,organic,balanced,T1,15371.38,2,0,1,0,0,0.0,142,0
4047,organic,aggressive,T1,4580.66,1,0,0,0,0,0.0,215,1
4048,organic,cautious,T3+,3804.74,2,0,1,0,0,0.0,98,1
4050,organic,balanced,T1,7770.01,3,0,1,0,0,0.0,247,1
4051,paid_search,aggressive,T1,54391.75,3,2,2,0,0,0.0,19,0
4052,social,cautious,T2,5541.12,0,0,0,0,0,0.0,192,1
4053,organic,balanced,T2,5406.53,3,0,1,0,0,0.0,207,1
4054,referral,cautious,T1,1162.85,6,0,1,0,0,0.0,150,1
4055,social,aggressive,T3+,3522.26,2,0,1,0,0,0.0,129,1
4056,social,cautious,T3+,15248.58,3,1,1,0,0,0.0,68,1
4057,paid_search,balanced,T2,2499.55,5,0,3,0,0,0.0,225,1
4058,bank_partner,balanced,T3+,4075.0,1,0,0,0,0,0.0,246,1
4059,organic,cautious,T2,21406.24,0,0,0,0,0,0.0,178,0
4060,social,cautious,T3+,3170.87,7,0,3,0,0,0.0,248,1
4062,bank_partner,cautious,T2,25975.31,4,0,2,1,0,8167.42,96,0
4063,organic,cautious,T3+,13813.63,2,0,2,0,0,0.0,254,1
4064,paid_search,cautious,T1,18386.41,2,0,1,0,0,0.0,304,1
4065,organic,cautious,T2,6268.0,17,3,11,3,1,3840.7799999999997,9,0
4069,bank_partner,balanced,T3+,6675.08,5,3,2,0,0,0.0,23,1
4070,paid_search,aggressive,T3+,12007.54,2,0,0,0,0,0.0,135,1
4072,social,balanced,T1,6085.1,2,2,1,0,0,0.0,8,0
4073,referral,cautious,T1,4294.96,2,0,0,0,0,0.0,97,1
4077,referral,aggressive,T2,22088.61,7,1,4,2,0,6718.58,44,0
4080,social,aggressive,T2,16512.08,3,0,3,0,0,0.0,112,0
4082,bank_partner,aggressive,T3+,6901.93,3,2,1,0,0,0.0,67,0
4083,paid_search,cautious,T2,15614.53,3,0,0,0,0,0.0,103,1
4084,referral,cautious,T2,9022.27,2,0,0,0,0,0.0,209,0
4085,social,cautious,T1,4718.74,3,0,0,0,0,0.0,186,1
4086,social,aggressive,T2,4032.29,5,1,3,0,0,0.0,44,1
4087,bank_partner,balanced,T1,12484.68,2,0,0,0,0,0.0,123,1
4088,paid_search,aggressive,T2,2792.13,6,1,1,0,0,0.0,79,1
4089,bank_partner,cautious,T3+,53004.41,1,0,0,0,0,0.0,251,1
4090,paid_search,balanced,T1,7451.8,2,0,0,0,0,0.0,146,0
4094,social,cautious,T3+,3450.95,5,0,1,0,0,0.0,107,1
4097,organic,aggressive,T2,674.25,5,3,2,0,0,0.0,12,0
4098,referral,balanced,T2,10091.21,6,6,4,2,2,2817.17,18,0
4099,bank_partner,balanced,T3+,33223.77,0,0,0,0,0,0.0,128,1
4100,paid_search,balanced,T1,16698.09,1,0,1,0,0,0.0,157,1
4102,organic,cautious,T2,24318.3,4,0,0,2,0,8349.42,208,1
4104,paid_search,cautious,T3+,9698.6,2,0,0,0,0,0.0,208,0
4107,organic,cautious,T2,12744.58,2,1,1,0,0,0.0,74,1
4108,paid_search,cautious,T2,10852.78,4,0,1,0,0,0.0,199,0
4109,organic,cautious,T2,97114.03,5,0,2,0,0,0.0,195,1
4111,referral,cautious,T3+,13623.3,2,0,1,0,0,0.0,118,0
4112,organic,aggressive,T3+,19216.77,3,0,2,0,0,0.0,151,1
4113,social,cautious,T1,13797.36,1,0,0,0,0,0.0,282,1
4114,organic,balanced,T3+,8335.11,6,1,3,0,0,0.0,54,1
4115,social,aggressive,T2,3323.75,0,0,0,0,0,0.0,331,1
4116,referral,aggressive,T1,13344.69,3,0,1,0,0,0.0,280,1
4117,organic,balanced,T2,9263.54,1,0,0,0,0,0.0,252,1
4118,paid_search,cautious,T3+,52044.4,2,0,1,0,0,0.0,185,1
4119,bank_partner,balanced,T1,2105.24,3,2,1,0,0,0.0,36,1
4120,organic,balanced,T2,3504.3,1,0,1,0,0,0.0,143,1
4121,organic,balanced,T3+,92754.55,2,2,0,0,0,0.0,13,1
4122,social,aggressive,T2,20006.38,7,0,5,2,0,5385.42,159,0
4123,organic,cautious,T3+,22853.23,2,0,1,0,0,0.0,186,1
4124,social,balanced,T2,12717.78,0,0,0,0,0,0.0,105,1
4125,organic,balanced,T3+,10283.95,6,1,4,3,2,7305.31,90,1
4127,organic,aggressive,T3+,2873.58,5,4,0,0,0,0.0,27,0
4128,paid_search,balanced,T3+,2501.77,1,0,0,0,0,0.0,96,0
4132,organic,cautious,T1,35125.63,0,0,0,0,0,0.0,359,1
4134,bank_partner,cautious,T1,14400.1,4,2,1,0,0,0.0,13,1
4135,referral,cautious,T1,676.34,2,0,0,0,0,0.0,142,0
4136,referral,balanced,T3+,9463.44,4,2,2,0,0,0.0,70,0
4137,paid_search,balanced,T2,1620.41,3,0,3,0,0,0.0,309,1
4140,referral,aggressive,T1,31705.38,14,1,9,6,2,33470.01,59,1
4141,organic,cautious,T3+,13097.62,1,0,0,0,0,0.0,162,1
4142,paid_search,balanced,T2,48750.53,5,3,5,2,0,20249.97,44,0
4143,organic,balanced,T3+,1379.02,2,0,1,0,0,0.0,263,0
4146,bank_partner,balanced,T3+,3666.47,5,0,2,0,0,0.0,157,0
4147,social,balanced,T2,19257.79,0,0,0,0,0,0.0,254,1
4148,paid_search,balanced,T2,2476.27,1,1,0,0,0,0.0,65,0
4152,organic,balanced,T1,2225.4,1,1,0,0,0,0.0,0,0
4153,organic,balanced,T3+,8437.81,0,0,0,0,0,0.0,354,0
4154,social,balanced,T2,56224.65,3,1,1,0,0,0.0,41,1
4155,organic,cautious,T2,8731.03,2,0,1,0,0,0.0,306,1
4156,organic,cautious,T2,14432.35,5,0,0,0,0,0.0,124,1
4157,bank_partner,balanced,T3+,33364.35,4,0,2,0,0,0.0,108,0
4158,paid_search,cautious,T2,996.41,1,0,1,0,0,0.0,165,1
4159,organic,balanced,T2,4230.94,3,0,1,0,0,0.0,218,1
4160,paid_search,cautious,T3+,3029.51,8,1,2,0,0,0.0,63,1
4161,bank_partner,balanced,T1,1303.3,8,1,4,0,0,0.0,20,1
4162,referral,balanced,T2,5220.5,3,0,0,0,0,0.0,124,1
4163,paid_search,balanced,T2,500.0,2,2,2,0,0,0.0,25,0
4164,organic,balanced,T3+,895.73,3,0,1,0,0,0.0,239,1
4165,paid_search,balanced,T2,2547.97,8,4,3,0,0,0.0,4,1
4166,social,balanced,T2,500.0,2,0,0,0,0,0.0,152,1
4167,organic,cautious,T2,8891.5,0,0,0,0,0,0.0,359,1
4168,organic,cautious,T2,9075.86,3,0,1,0,0,0.0,95,1
4169,social,cautious,T1,11316.36,1,1,1,0,0,0.0,28,1
4171,social,balanced,T3+,29293.97,3,0,1,0,0,0.0,135,1
4172,bank_partner,cautious,T2,10279.1,1,0,1,0,0,0.0,238,1
4173,paid_search,cautious,T1,12710.01,2,1,0,0,0,0.0,82,0
4176,social,cautious,T2,5133.08,2,0,1,0,0,0.0,106,1
4178,organic,cautious,T2,46171.25,10,3,6,2,0,18852.83,22,1
4179,bank_partner,balanced,T2,11794.61,5,0,1,0,0,0.0,179,1
4181,referral,cautious,T3+,5955.94,9,0,3,2,0,2558.38,114,0
4182,social,balanced,T2,4210.4,3,0,1,0,0,0.0,198,0
4183,organic,balanced,T2,19790.66,1,0,1,0,0,0.0,298,1
4185,social,balanced,T2,107535.54,1,0,0,0,0,0.0,283,1
4187,social,aggressive,T2,1111.33,3,1,0,4,0,737.5,58,1
4188,organic,balanced,T1,6732.13,7,0,5,3,0,2575.79,186,0
4191,referral,aggressive,T1,36325.5,1,1,1,0,0,0.0,79,0
4192,paid_search,cautious,T2,24474.21,3,0,0,0,0,0.0,100,1
4193,bank_partner,cautious,T3+,12758.97,1,1,1,0,0,0.0,51,1
4195,organic,balanced,T3+,15144.19,1,0,0,0,0,0.0,284,1
4196,social,cautious,T2,3989.02,8,3,1,0,0,0.0,14,0
4197,paid_search,balanced,T2,23371.12,2,1,1,0,0,0.0,89,0
4199,paid_search,balanced,T2,2921.92,3,1,1,3,0,1561.29,35,0
4200,organic,balanced,T1,13270.35,5,0,1,0,0,0.0,156,1
4201,bank_partner,aggressive,T2,7921.41,4,1,2,0,0,0.0,25,1
4203,paid_search,balanced,T3+,4986.07,10,0,1,1,0,1099.17,107,0
4205,referral,cautious,T1,3075.41,6,1,3,1,0,1266.77,43,1
4207,bank_partner,balanced,T2,9721.96,2,1,1,0,0,0.0,43,1
4208,paid_search,balanced,T1,53944.85,3,0,1,0,0,0.0,127,1
4209,paid_search,balanced,T2,4779.5,2,0,1,0,0,0.0,144,1
4211,paid_search,cautious,T1,22949.95,0,0,0,0,0,0.0,95,0
4212,bank_partner,aggressive,T2,20463.21,6,0,2,0,0,0.0,123,1
4213,paid_search,cautious,T1,5309.5,4,0,3,0,0,0.0,130,1
4214,bank_partner,cautious,T2,17139.39,2,0,1,0,0,0.0,99,0
4215,paid_search,aggressive,T3+,865.64,3,1,1,0,0,0.0,57,1
4216,paid_search,cautious,T1,2506.98,2,1,0,0,0,0.0,62,1
4217,paid_search,cautious,T3+,12394.57,2,0,0,0,0,0.0,183,1
4218,bank_partner,balanced,T2,18241.19,5,1,0,0,0,0.0,65,1
4219,social,balanced,T1,3530.63,10,1,4,1,0,1484.35,32,1
4222,social,cautious,T3+,53363.09,3,1,2,0,0,0.0,76,0
4223,paid_search,cautious,T3+,4209.09,8,0,2,0,0,0.0,158,1
4224,social,balanced,T2,19007.96,1,0,0,0,0,0.0,265,1
4225,social,balanced,T2,5242.58,1,0,0,0,0,0.0,268,1
4226,bank_partner,balanced,T1,44200.21,5,0,1,0,0,0.0,121,1
4227,referral,balanced,T1,752.46,2,2,0,0,0,0.0,26,1
4229,social,aggressive,T2,34016.17,1,0,0,0,0,0.0,212,0
4230,paid_search,aggressive,T1,32717.06,2,0,1,0,0,0.0,303,1
4232,bank_partner,aggressive,T2,51091.04,12,12,4,1,1,19585.93,13,0
4233,bank_partner,balanced,T1,3611.16,0,0,0,0,0,0.0,106,0
4235,paid_search,cautious,T2,38523.06,6,2,5,2,1,20792.2,15,1
4236,paid_search,cautious,T3+,21691.83,2,0,0,0,0,0.0,259,1
4237,paid_search,balanced,T1,30566.86,3,2,1,0,0,0.0,72,1
4238,bank_partner,cautious,T2,2559.69,1,0,0,0,0,0.0,129,0
4241,bank_partner,aggressive,T3+,29546.19,2,0,1,0,0,0.0,194,1
4242,social,cautious,T2,4166.65,4,1,0,0,0,0.0,30,1
4243,organic,cautious,T2,3794.89,1,0,0,0,0,0.0,118,1
4244,organic,cautious,T3+,5772.36,4,0,0,0,0,0.0,214,1
4245,bank_partner,cautious,T1,31533.55,3,0,0,0,0,0.0,211,1
4246,organic,balanced,T2,28393.58,2,0,0,0,0,0.0,137,1
4247,organic,cautious,T2,5640.04,5,1,3,1,0,2281.77,24,1
4248,social,balanced,T2,41858.69,4,2,1,2,0,23309.59,86,1
4250,paid_search,cautious,T1,6424.44,1,0,0,0,0,0.0,272,1
4251,referral,cautious,T1,5976.37,1,0,0,0,0,0.0,146,1
4252,organic,balanced,T1,1604.35,3,0,1,0,0,0.0,131,1
4253,organic,aggressive,T3+,13386.57,2,0,1,0,0,0.0,192,1
4254,social,balanced,T3+,7618.86,0,0,0,0,0,0.0,122,1
4255,organic,cautious,T2,10508.93,0,0,0,0,0,0.0,353,0
4256,bank_partner,balanced,T1,2879.06,1,0,1,0,0,0.0,105,1
4257,organic,aggressive,T1,121831.48,2,0,1,0,0,0.0,96,0
4258,organic,cautious,T3+,19666.8,10,6,4,1,0,7027.22,22,0
4259,organic,balanced,T2,2243.24,1,0,0,0,0,0.0,223,1
4260,organic,cautious,T1,1492.38,4,2,0,0,0,0.0,45,0
4261,organic,balanced,T3+,9357.25,2,0,0,0,0,0.0,142,0
4264,paid_search,cautious,T1,11339.53,3,1,1,0,0,0.0,60,1
4265,paid_search,aggressive,T3+,2164.62,4,1,1,0,0,0.0,6,0
4266,social,balanced,T1,6207.29,1,0,0,0,0,0.0,334,1
4267,organic,cautious,T3+,11934.96,4,0,2,0,0,0.0,108,1
4269,social,aggressive,T1,9245.91,1,1,1,0,0,0.0,63,1
4270,referral,balanced,T3+,6305.56,2,1,0,0,0,0.0,74,0
4271,referral,aggressive,T1,2891.76,6,0,1,0,0,0.0,129,1
4272,paid_search,balanced,T1,47864.96,13,2,4,3,0,21548.059999999998,34,0
4273,social,balanced,T3+,23674.27,1,0,1,0,0,0.0,200,0
4274,organic,cautious,T2,3585.38,2,0,0,0,0,0.0,137,1
4275,paid_search,cautious,T3+,19737.02,1,0,1,0,0,0.0,186,1
4276,paid_search,aggressive,T3+,11093.9,3,0,1,0,0,0.0,122,1
4277,referral,balanced,T3+,2546.89,1,0,1,0,0,0.0,106,1
4278,referral,cautious,T3+,5415.05,3,0,0,0,0,0.0,136,1
4279,referral,balanced,T2,30171.53,6,1,4,0,0,0.0,35,1
4280,paid_search,cautious,T3+,29377.54,1,0,0,0,0,0.0,216,1
4281,paid_search,cautious,T2,2976.54,1,1,0,0,0,0.0,43,1
4282,organic,balanced,T2,2387.12,1,1,1,0,0,0.0,15,0
4283,paid_search,cautious,T2,23484.64,2,0,1,0,0,0.0,150,0
4285,organic,balanced,T3+,18156.42,4,0,1,0,0,0.0,277,1
4286,referral,balanced,T3+,56261.39,2,0,1,0,0,0.0,110,0
4289,paid_search,balanced,T3+,14035.45,3,0,0,0,0,0.0,148,1
4290,bank_partner,cautious,T1,12470.75,6,1,3,0,0,0.0,43,1
4296,organic,cautious,T3+,13334.43,2,0,1,0,0,0.0,161,1
4297,organic,balanced,T1,8843.38,2,0,1,0,0,0.0,96,0
4298,bank_partner,aggressive,T1,14784.51,4,0,2,3,0,10928.08,93,1
4299,paid_search,cautious,T2,61367.85,2,0,2,0,0,0.0,101,1
4301,bank_partner,balanced,T2,3052.28,4,0,1,0,0,0.0,196,1
4302,referral,cautious,T2,31759.5,4,0,3,0,0,0.0,148,1
4303,referral,aggressive,T3+,11509.95,7,0,2,3,0,6290.63,198,0
4304,organic,balanced,T1,22777.4,3,0,2,0,0,0.0,105,1
4306,referral,balanced,T1,3618.99,6,0,5,0,0,0.0,267,1
4307,bank_partner,balanced,T3+,2166.58,12,11,4,1,1,726.36,24,0
4308,social,balanced,T1,5727.3,8,1,5,1,0,1927.92,82,0
4309,organic,cautious,T2,2125.65,1,0,0,0,0,0.0,286,1
4311,paid_search,balanced,T3+,14566.76,5,0,3,0,0,0.0,258,1
4313,referral,balanced,T3+,1694.04,4,0,1,0,0,0.0,119,1
4314,bank_partner,balanced,T1,37031.02,3,0,0,0,0,0.0,122,0
4316,organic,cautious,T2,5750.81,1,0,1,0,0,0.0,91,0
4317,paid_search,aggressive,T3+,4478.74,2,0,1,0,0,0.0,118,1
4319,paid_search,cautious,T2,53921.22,4,1,2,0,0,0.0,71,1
4320,referral,cautious,T3+,8405.8,1,1,0,0,0,0.0,49,1
4321,bank_partner,cautious,T2,30545.18,2,0,1,0,0,0.0,154,1
4323,bank_partner,balanced,T2,6319.27,4,0,2,0,0,0.0,98,1
4324,social,balanced,T1,2905.97,5,1,1,0,0,0.0,70,0
4325,organic,cautious,T2,6202.34,5,0,1,0,0,0.0,175,0
4328,social,cautious,T3+,15359.76,1,0,0,0,0,0.0,225,0
4331,paid_search,balanced,T2,32471.63,1,0,0,0,0,0.0,117,1
4332,organic,balanced,T1,20307.23,7,1,4,1,0,5417.41,85,1
4333,organic,aggressive,T2,6518.2,2,1,0,0,0,0.0,24,0
4335,organic,balanced,T3+,3705.34,4,2,0,0,0,0.0,30,1
4336,referral,aggressive,T3+,15019.0,4,0,1,2,0,6967.1,100,1
4337,organic,cautious,T2,18136.65,3,3,1,0,0,0.0,0,1
4338,paid_search,balanced,T2,11499.08,2,0,2,0,0,0.0,295,0
4339,referral,balanced,T3+,17751.19,2,1,1,0,0,0.0,32,1
4340,organic,cautious,T3+,1101.42,1,1,0,0,0,0.0,20,1
4343,organic,aggressive,T2,20791.79,2,0,0,0,0,0.0,320,1
4344,social,balanced,T3+,5504.13,4,0,3,2,0,2907.41,210,1
4345,organic,aggressive,T2,16775.86,1,0,0,0,0,0.0,133,1
4346,paid_search,cautious,T1,6704.6,0,0,0,0,0,0.0,140,0
4348,bank_partner,cautious,T1,20141.19,3,0,1,0,0,0.0,119,1
4350,social,cautious,T2,8959.48,1,0,0,0,0,0.0,303,1
4352,referral,cautious,T2,2394.37,1,1,0,0,0,0.0,10,1
4354,bank_partner,balanced,T2,14536.08,8,1,3,0,0,0.0,38,1
4355,organic,cautious,T3+,40085.38,1,0,1,0,0,0.0,120,1
4356,bank_partner,aggressive,T2,4083.72,16,0,10,3,0,2496.16,196,0
4359,referral,balanced,T2,13829.09,1,1,1,0,0,0.0,52,1
4360,referral,balanced,T1,5919.67,5,0,1,2,0,3238.48,113,0
4361,referral,cautious,T3+,4699.85,3,0,2,0,0,0.0,94,1
4363,organic,cautious,T2,4906.05,3,0,0,0,0,0.0,232,1
4364,social,balanced,T2,17848.5,2,0,1,0,0,0.0,167,1
4365,social,balanced,T2,2238.2,2,0,1,0,0,0.0,266,1
4368,organic,cautious,T1,8173.58,3,2,0,0,0,0.0,87,1
4370,paid_search,balanced,T2,40741.78,4,0,3,0,0,0.0,180,1
4373,organic,cautious,T3+,5695.57,3,2,1,0,0,0.0,48,1
4374,organic,balanced,T2,32406.13,2,0,0,0,0,0.0,309,1
4375,bank_partner,balanced,T2,704.13,5,2,2,0,0,0.0,24,0
4378,paid_search,balanced,T1,19470.38,7,0,3,0,0,0.0,103,1
4379,referral,cautious,T1,14101.45,3,0,1,0,0,0.0,187,1
4381,bank_partner,balanced,T3+,11276.32,2,1,0,0,0,0.0,9,1
4382,organic,cautious,T3+,8554.62,2,1,1,0,0,0.0,90,0
4383,organic,aggressive,T1,11449.79,5,0,2,0,0,0.0,142,1
4384,referral,aggressive,T2,10504.99,2,0,1,0,0,0.0,147,1
4385,referral,cautious,T2,22001.9,4,4,1,0,0,0.0,49,1
4386,organic,balanced,T2,7606.63,2,0,0,0,0,0.0,185,1
4387,bank_partner,cautious,T2,3417.49,1,0,0,0,0,0.0,147,1
4388,referral,balanced,T2,49335.99,7,2,3,2,0,7615.52,54,1
4389,organic,balanced,T1,4268.2,0,0,0,0,0,0.0,146,0
4390,organic,cautious,T1,18325.24,1,1,1,0,0,0.0,87,1
4391,paid_search,balanced,T3+,43198.01,2,0,0,0,0,0.0,231,0
4392,referral,balanced,T3+,3165.0,3,2,0,0,0,0.0,56,1
4393,referral,aggressive,T1,12127.54,4,0,0,0,0,0.0,151,1
4395,paid_search,balanced,T1,5702.47,2,0,2,0,0,0.0,153,0
4396,organic,balanced,T2,6530.39,4,0,3,0,0,0.0,106,0
4397,organic,cautious,T1,10325.74,3,0,1,0,0,0.0,285,0
4399,bank_partner,balanced,T1,1661.25,2,0,0,0,0,0.0,153,1
4400,paid_search,cautious,T3+,8687.28,4,0,1,0,0,0.0,122,1
4401,social,aggressive,T2,15981.67,7,1,3,6,4,13446.759999999998,6,0
4403,referral,cautious,T3+,66873.88,4,0,1,0,0,0.0,205,0
4405,bank_partner,cautious,T2,7302.86,5,2,2,0,0,0.0,0,1
4406,organic,balanced,T1,8768.54,2,0,0,0,0,0.0,214,1
4407,social,cautious,T1,9088.44,2,1,2,0,0,0.0,84,1
4408,paid_search,aggressive,T2,40631.75,1,1,0,0,0,0.0,68,0
4409,referral,balanced,T2,19367.94,2,2,1,0,0,0.0,32,1
4413,bank_partner,cautious,T3+,2552.98,5,0,1,0,0,0.0,94,1
4414,organic,aggressive,T3+,3063.5,4,0,0,0,0,0.0,156,1
4415,social,balanced,T1,1696.11,1,0,0,0,0,0.0,170,0
4416,social,balanced,T2,15215.24,1,0,0,0,0,0.0,165,1
4417,organic,balanced,T1,5062.97,2,1,1,0,0,0.0,39,1
4418,organic,balanced,T2,38599.54,3,1,0,0,0,0.0,68,1
4420,referral,balanced,T3+,46177.57,5,2,1,0,0,0.0,56,1
4421,referral,balanced,T3+,87492.15,1,0,1,0,0,0.0,134,1
4423,social,balanced,T1,22787.48,3,0,3,0,0,0.0,104,1
4424,organic,cautious,T1,6047.58,5,2,1,0,0,0.0,8,1
4425,social,aggressive,T1,4472.64,5,5,2,0,0,0.0,36,1
4426,bank_partner,balanced,T3+,48514.15,7,0,4,3,0,29849.96,133,1
4429,paid_search,balanced,T3+,2453.79,8,7,4,1,1,452.56,0,0
4431,bank_partner,balanced,T1,1293.64,1,0,0,0,0,0.0,160,1
4436,social,cautious,T2,4748.56,1,0,0,0,0,0.0,173,1
4439,organic,balanced,T2,51297.35,1,0,0,0,0,0.0,219,1
4440,bank_partner,aggressive,T3+,1544.19,2,1,0,0,0,0.0,63,1
4441,organic,cautious,T2,4377.83,2,1,1,0,0,0.0,76,1
4442,organic,balanced,T3+,18889.97,3,2,1,0,0,0.0,41,1
4443,social,cautious,T2,973.57,10,1,4,1,0,282.76,2,1
4444,organic,cautious,T2,7791.61,3,2,2,0,0,0.0,68,1
4445,social,cautious,T3+,37774.27,11,0,7,1,0,13208.91,100,1
4446,bank_partner,aggressive,T2,39588.32,2,0,0,0,0,0.0,201,1
4448,organic,aggressive,T1,3945.57,2,1,1,0,0,0.0,62,1
4449,organic,balanced,T1,2091.68,0,0,0,0,0,0.0,225,0
4450,referral,cautious,T1,6570.36,3,0,1,0,0,0.0,233,1
4451,bank_partner,balanced,T3+,4070.07,2,0,1,0,0,0.0,144,0
4452,paid_search,balanced,T2,6582.52,1,1,1,0,0,0.0,78,1
4453,paid_search,aggressive,T1,3481.19,7,2,4,3,1,645.3000000000001,53,0
4455,organic,balanced,T2,8953.32,7,2,3,2,0,2157.92,41,1
4456,bank_partner,cautious,T3+,4208.82,4,2,1,0,0,0.0,42,1
4457,organic,aggressive,T1,64572.23,2,0,0,0,0,0.0,256,1
4458,paid_search,cautious,T1,4700.85,1,0,1,0,0,0.0,152,1
4459,paid_search,aggressive,T2,2227.04,8,1,4,0,0,0.0,67,0
4461,organic,aggressive,T1,21139.56,4,0,3,5,1,16800.22,124,1
4463,organic,balanced,T2,1937.17,3,0,2,0,0,0.0,172,0
4464,social,aggressive,T2,1861.02,1,1,0,0,0,0.0,70,1
4466,bank_partner,cautious,T3+,26246.84,4,0,2,0,0,0.0,228,1
4467,organic,cautious,T2,22772.67,2,0,1,0,0,0.0,268,1
4468,organic,aggressive,T3+,6977.51,2,1,1,0,0,0.0,29,1
4469,referral,balanced,T1,18440.28,7,2,4,3,1,9738.95,21,0
4471,social,aggressive,T2,12585.29,1,0,0,0,0,0.0,137,1
4472,bank_partner,balanced,T1,5262.5,0,0,0,0,0,0.0,167,1
4473,bank_partner,balanced,T1,17279.66,1,0,0,0,0,0.0,316,1
4474,organic,cautious,T1,15019.62,11,1,1,0,0,0.0,60,1
4475,paid_search,balanced,T3+,19460.62,6,0,2,2,0,7102.96,158,0
4476,bank_partner,cautious,T2,6331.09,3,0,0,0,0,0.0,132,1
4477,organic,balanced,T2,8142.27,1,0,0,0,0,0.0,171,0
4478,social,cautious,T3+,13763.77,6,1,1,0,0,0.0,40,1
4479,social,balanced,T3+,13609.22,6,0,2,0,0,0.0,256,1
4480,bank_partner,balanced,T1,75855.68,3,0,2,0,0,0.0,299,1
4481,paid_search,aggressive,T2,8302.97,3,2,0,0,0,0.0,69,1
4482,referral,cautious,T2,7923.37,6,1,4,3,0,2489.04,24,0
4483,organic,balanced,T1,8373.53,2,2,1,0,0,0.0,44,1
4484,referral,cautious,T1,3186.1,3,0,2,0,0,0.0,236,0
4486,bank_partner,balanced,T1,5269.17,5,1,1,0,0,0.0,65,1
4487,paid_search,cautious,T2,12525.62,0,0,0,0,0,0.0,284,1
4488,organic,cautious,T3+,9032.59,1,1,0,0,0,0.0,48,1
4489,organic,cautious,T3+,3554.7,1,0,1,0,0,0.0,174,1
4490,referral,balanced,T1,866.37,2,0,1,0,0,0.0,111,1
4491,paid_search,cautious,T3+,11241.83,2,1,0,0,0,0.0,90,0
4492,bank_partner,cautious,T1,19279.86,2,1,1,0,0,0.0,49,1
4493,social,cautious,T1,2965.93,2,0,1,2,1,854.0799999999999,121,0
4494,referral,cautious,T3+,2741.96,4,2,1,0,0,0.0,56,1
4495,social,cautious,T1,11458.76,2,1,1,0,0,0.0,44,1
4496,paid_search,balanced,T1,3255.81,3,0,3,0,0,0.0,200,1
4499,bank_partner,balanced,T1,7151.83,2,0,0,0,0,0.0,315,0
4500,organic,balanced,T2,5004.29,0,0,0,0,0,0.0,226,1
4502,paid_search,balanced,T1,1189.02,3,0,0,0,0,0.0,195,1
4503,paid_search,cautious,T3+,36193.54,12,2,6,2,0,10147.8,30,0
4504,referral,balanced,T3+,6845.09,4,0,2,0,0,0.0,99,0
4505,social,balanced,T2,10179.82,1,0,0,0,0,0.0,326,1
4506,social,cautious,T2,4763.16,5,2,3,0,0,0.0,46,0
4507,organic,balanced,T3+,20823.56,2,2,1,0,0,0.0,19,1
4509,social,cautious,T2,11744.64,0,0,0,0,0,0.0,133,1
4510,organic,balanced,T2,23007.83,2,0,1,0,0,0.0,149,0
4511,social,aggressive,T2,3009.18,3,1,1,0,0,0.0,9,1
4512,organic,balanced,T2,26017.01,2,0,2,0,0,0.0,186,1
4514,referral,cautious,T3+,5281.96,2,0,0,0,0,0.0,287,1
4515,paid_search,balanced,T2,11827.71,2,0,1,0,0,0.0,179,1
4516,organic,balanced,T3+,22230.37,2,0,1,0,0,0.0,138,1
4517,bank_partner,balanced,T1,2021.91,2,0,1,0,0,0.0,138,1
4518,paid_search,balanced,T3+,6196.17,7,3,3,0,0,0.0,39,0
4519,paid_search,balanced,T3+,2129.65,5,2,3,0,0,0.0,65,1
4520,organic,balanced,T1,23937.1,6,0,5,3,0,14958.84,137,1
4522,paid_search,cautious,T1,6042.16,2,0,1,0,0,0.0,138,0
4525,organic,aggressive,T2,51121.76,3,0,0,0,0,0.0,199,0
4527,referral,balanced,T3+,14281.72,7,1,2,0,0,0.0,14,1
4528,referral,cautious,T3+,15517.61,2,2,2,0,0,0.0,79,0
4531,bank_partner,cautious,T3+,7176.57,3,0,2,0,0,0.0,195,1
4534,bank_partner,balanced,T1,49505.28,3,0,1,0,0,0.0,177,1
4535,organic,balanced,T3+,9614.46,11,1,6,1,0,3226.77,44,0
4536,organic,cautious,T2,8355.51,2,1,1,0,0,0.0,27,1
4537,social,balanced,T2,10223.15,4,2,2,0,0,0.0,34,0
4539,organic,balanced,T1,47325.86,9,1,4,0,0,0.0,78,1
4540,bank_partner,balanced,T2,1887.0,4,1,0,0,0,0.0,13,1
4541,organic,cautious,T3+,8640.59,3,1,1,0,0,0.0,21,1
4542,bank_partner,balanced,T1,6292.76,9,3,5,2,0,1429.71,60,0
4544,social,cautious,T2,9163.69,6,1,2,0,0,0.0,35,1
4546,social,balanced,T1,2641.01,2,0,1,0,0,0.0,133,1
4547,organic,balanced,T1,17842.82,1,0,1,0,0,0.0,265,1
4549,organic,aggressive,T2,14398.99,5,0,1,0,0,0.0,111,0
4550,social,balanced,T1,15219.56,4,0,2,0,0,0.0,182,0
4551,organic,cautious,T2,5051.8,3,0,1,0,0,0.0,179,1
4552,bank_partner,balanced,T1,28858.17,3,0,1,0,0,0.0,302,1
4553,paid_search,balanced,T2,2849.26,2,1,2,0,0,0.0,82,1
4554,social,cautious,T1,6726.23,2,0,1,0,0,0.0,199,1
4555,referral,cautious,T1,20162.43,4,0,1,0,0,0.0,204,1
4556,paid_search,cautious,T3+,6879.55,2,0,0,0,0,0.0,263,1
4558,referral,balanced,T3+,4230.07,3,0,2,0,0,0.0,237,0
4560,referral,cautious,T3+,11636.83,3,0,1,0,0,0.0,180,1
4561,social,aggressive,T3+,31388.56,3,0,1,0,0,0.0,163,1
4562,paid_search,balanced,T1,2065.54,7,0,3,0,0,0.0,135,1
4564,organic,cautious,T2,55306.75,1,0,0,0,0,0.0,297,1
4565,organic,cautious,T1,6752.66,3,1,0,0,0,0.0,34,1
4566,paid_search,cautious,T1,30121.25,2,0,0,0,0,0.0,103,1
4567,social,cautious,T2,8044.55,1,1,0,0,0,0.0,30,1
4568,paid_search,cautious,T2,6020.61,2,1,1,0,0,0.0,86,0
4570,organic,cautious,T1,14746.12,1,1,0,0,0,0.0,52,1
4571,social,cautious,T3+,4100.31,1,0,1,0,0,0.0,235,1
4572,organic,cautious,T1,52407.92,2,1,1,0,0,0.0,88,1
4573,organic,cautious,T2,27205.54,5,1,2,0,0,0.0,72,1
4574,social,balanced,T3+,5225.56,1,0,0,0,0,0.0,307,1
4576,social,cautious,T2,11587.59,3,1,2,0,0,0.0,82,1
4577,organic,aggressive,T1,1698.86,1,0,1,0,0,0.0,102,1
4578,paid_search,aggressive,T2,19736.67,3,2,2,0,0,0.0,88,0
4579,organic,balanced,T3+,14945.67,8,0,3,1,0,4694.81,207,1
4580,bank_partner,balanced,T2,1192.41,3,1,1,0,0,0.0,21,1
4581,social,balanced,T3+,8741.73,2,2,0,0,0,0.0,55,0
4582,paid_search,balanced,T1,1056.22,4,0,2,0,0,0.0,231,1
4583,organic,balanced,T3+,7162.05,4,0,0,0,0,0.0,256,1
4584,social,balanced,T1,40053.61,3,0,2,0,0,0.0,121,0
4585,organic,cautious,T3+,4496.67,2,0,0,0,0,0.0,110,1
4587,paid_search,balanced,T2,81927.1,6,1,0,0,0,0.0,55,1
4588,social,balanced,T3+,6810.59,2,0,0,0,0,0.0,280,1
4590,referral,aggressive,T3+,3794.93,2,1,1,0,0,0.0,31,1
4593,paid_search,balanced,T3+,34944.57,2,0,0,0,0,0.0,221,1
4594,social,cautious,T2,14161.12,2,0,1,0,0,0.0,109,0
4595,social,cautious,T2,8648.7,1,0,0,0,0,0.0,137,1
4596,organic,cautious,T1,1191.4,1,0,1,0,0,0.0,193,1
4597,social,cautious,T2,4615.1,4,0,0,0,0,0.0,200,1
4598,paid_search,aggressive,T2,6000.46,2,0,1,0,0,0.0,102,1
4600,paid_search,cautious,T2,4595.41,4,0,2,0,0,0.0,111,1
4601,social,balanced,T3+,8540.24,1,0,0,0,0,0.0,143,0
4604,referral,balanced,T3+,4836.98,2,0,1,0,0,0.0,314,1
4606,social,balanced,T3+,1701.52,10,0,5,0,0,0.0,97,0
4607,organic,cautious,T2,3580.91,2,0,0,0,0,0.0,166,1
4608,paid_search,cautious,T3+,29684.08,4,1,2,0,0,0.0,75,1
4609,organic,balanced,T2,3962.01,4,0,1,0,0,0.0,174,1
4610,social,balanced,T3+,56467.79,1,0,1,0,0,0.0,171,1
4611,social,balanced,T2,21226.99,2,0,1,0,0,0.0,185,1
4612,referral,aggressive,T2,10760.05,2,0,1,0,0,0.0,101,1
4614,organic,cautious,T3+,11742.54,3,0,1,0,0,0.0,102,0
4616,organic,balanced,T2,54606.12,1,1,0,0,0,0.0,58,1
4617,organic,balanced,T3+,12070.45,3,0,1,0,0,0.0,146,1
4618,bank_partner,balanced,T2,27203.13,2,0,1,0,0,0.0,197,1
4619,social,aggressive,T2,1099.83,2,0,0,0,0,0.0,118,1
4621,referral,aggressive,T1,10969.94,3,0,0,0,0,0.0,256,1
4622,paid_search,aggressive,T1,6691.54,3,1,1,0,0,0.0,18,1
4624,paid_search,aggressive,T2,20547.82,4,1,2,0,0,0.0,4,1
4626,organic,balanced,T2,15943.39,2,0,1,0,0,0.0,174,1
4627,organic,aggressive,T3+,4432.54,2,1,1,0,0,0.0,17,1
4628,social,balanced,T2,17781.45,7,6,4,0,0,0.0,27,0
4629,paid_search,balanced,T2,26461.08,3,1,2,0,0,0.0,73,1
4630,social,balanced,T2,21421.15,2,0,0,0,0,0.0,93,1
4631,referral,cautious,T1,18245.23,3,2,2,0,0,0.0,41,0
4632,organic,balanced,T3+,13128.08,1,0,0,0,0,0.0,340,1
4633,paid_search,aggressive,T2,26667.01,4,3,3,0,0,0.0,47,0
4635,organic,cautious,T3+,10132.77,1,0,0,0,0,0.0,207,1
4636,paid_search,balanced,T3+,15160.72,7,0,1,0,0,0.0,181,1
4637,paid_search,balanced,T2,8078.6,5,1,2,0,0,0.0,23,1
4639,paid_search,balanced,T3+,10810.42,2,0,0,0,0,0.0,163,1
4640,organic,balanced,T2,25262.24,0,0,0,0,0,0.0,180,1
4641,paid_search,balanced,T1,16898.44,0,0,0,0,0,0.0,198,1
4642,organic,cautious,T2,3359.64,1,1,0,0,0,0.0,62,1
4643,paid_search,aggressive,T3+,1918.75,3,1,0,0,0,0.0,75,1
4647,organic,aggressive,T1,19349.78,2,0,0,0,0,0.0,152,1
4649,organic,cautious,T2,7992.91,2,0,1,0,0,0.0,336,1
4650,organic,cautious,T1,13126.54,1,0,0,0,0,0.0,302,1
4651,social,balanced,T3+,11880.25,3,1,1,0,0,0.0,1,1
4652,organic,cautious,T2,6845.66,5,2,1,0,0,0.0,79,1
4653,organic,balanced,T2,14732.22,5,4,1,0,0,0.0,30,0
4654,social,cautious,T3+,8314.63,2,0,1,0,0,0.0,308,1
4657,paid_search,aggressive,T2,15395.23,1,0,0,0,0,0.0,126,1
4658,paid_search,cautious,T2,4047.51,1,0,0,0,0,0.0,237,0
4659,organic,aggressive,T1,19500.69,3,0,1,0,0,0.0,211,1
4660,paid_search,cautious,T1,4244.79,2,0,1,0,0,0.0,91,0
4661,referral,cautious,T3+,10684.54,2,0,0,0,0,0.0,116,0
4662,social,balanced,T1,4098.01,5,1,2,2,0,1859.23,74,0
4663,social,aggressive,T2,12633.37,3,1,1,0,0,0.0,20,1
4664,organic,cautious,T1,16498.34,3,0,0,0,0,0.0,149,0
4665,social,aggressive,T2,21216.22,1,0,1,0,0,0.0,177,1
4666,organic,balanced,T1,16048.87,4,1,1,0,0,0.0,86,0
4667,referral,cautious,T3+,6454.08,3,0,2,0,0,0.0,153,0
4668,social,cautious,T3+,10754.31,6,2,2,0,0,0.0,50,1
4669,social,balanced,T3+,1383.09,5,0,2,0,0,0.0,194,1
4670,paid_search,cautious,T3+,10223.8,4,0,3,0,0,0.0,96,0
4671,organic,cautious,T2,137300.65,4,2,0,0,0,0.0,9,0
4674,paid_search,balanced,T1,12428.91,3,1,2,0,0,0.0,76,1
4675,referral,balanced,T1,987.61,0,0,0,0,0,0.0,252,1
4676,paid_search,cautious,T3+,11310.08,3,2,0,0,0,0.0,84,0
4677,social,balanced,T1,8729.93,4,1,2,0,0,0.0,58,0
4678,paid_search,balanced,T2,5185.07,4,0,1,0,0,0.0,218,1
4679,bank_partner,cautious,T2,15074.14,0,0,0,0,0,0.0,185,1
4680,paid_search,balanced,T2,20658.8,4,0,3,0,0,0.0,216,1
4681,social,cautious,T2,19931.54,4,0,0,0,0,0.0,192,0
4684,organic,balanced,T1,12128.65,4,1,1,0,0,0.0,26,0
4685,paid_search,balanced,T2,12887.36,2,0,0,0,0,0.0,180,1
4688,social,balanced,T2,1912.8,3,1,0,0,0,0.0,20,0
4689,bank_partner,cautious,T1,32926.74,3,0,1,0,0,0.0,194,1
4690,organic,cautious,T2,17067.02,7,1,4,2,0,8360.57,56,0
4691,referral,aggressive,T1,9404.11,1,0,0,0,0,0.0,263,0
4692,bank_partner,balanced,T3+,10161.24,5,4,2,0,0,0.0,36,1
4693,organic,balanced,T1,38320.43,3,0,2,0,0,0.0,119,1
4694,paid_search,cautious,T2,14214.67,2,0,1,0,0,0.0,110,1
4695,social,balanced,T1,13168.41,3,0,1,0,0,0.0,218,0
4696,paid_search,cautious,T3+,22642.7,2,1,1,0,0,0.0,74,1
4698,paid_search,aggressive,T2,8654.18,10,4,6,1,0,2980.07,14,0
4700,paid_search,cautious,T3+,7313.75,1,1,0,0,0,0.0,47,1
4702,organic,cautious,T2,41268.92,5,0,1,2,0,17678.57,152,0
4704,referral,balanced,T1,6523.01,4,1,2,0,0,0.0,52,0
4706,social,aggressive,T3+,12586.88,5,0,1,0,0,0.0,100,1
4707,bank_partner,cautious,T3+,84752.54,3,2,2,0,0,0.0,18,1
4708,organic,cautious,T2,2523.51,2,0,1,0,0,0.0,208,1
4709,social,balanced,T2,1127.96,5,2,2,0,0,0.0,13,0
4710,referral,balanced,T1,10989.39,1,0,0,0,0,0.0,339,0
4712,organic,aggressive,T3+,2655.66,4,1,1,0,0,0.0,87,0
4713,organic,cautious,T2,14405.66,0,0,0,0,0,0.0,95,0
4714,paid_search,cautious,T1,15392.88,1,0,0,0,0,0.0,188,1
4716,organic,balanced,T2,2483.6,3,0,1,0,0,0.0,160,1
4717,referral,balanced,T1,7341.55,4,0,2,0,0,0.0,149,1
4719,organic,aggressive,T3+,16179.78,0,0,0,0,0,0.0,187,0
4720,bank_partner,balanced,T2,529.22,6,1,2,1,0,100.0,77,0
4721,social,cautious,T2,4100.99,5,0,1,0,0,0.0,187,1
4722,social,cautious,T2,13556.01,4,3,0,0,0,0.0,56,1
4723,organic,balanced,T1,36230.08,5,0,2,0,0,0.0,208,1
4724,paid_search,balanced,T2,11452.35,8,2,4,1,0,2565.03,40,0
4725,referral,balanced,T3+,3698.7,4,1,1,0,0,0.0,37,0
4726,referral,aggressive,T1,6933.32,4,0,1,0,0,0.0,132,1
4727,social,aggressive,T2,30848.35,1,0,1,0,0,0.0,208,0
4728,organic,aggressive,T3+,58943.48,0,0,0,0,0,0.0,151,1
4730,paid_search,balanced,T1,15722.38,1,0,0,0,0,0.0,140,1
4732,organic,cautious,T2,1003.78,0,0,0,0,0,0.0,149,1
4735,referral,cautious,T2,65421.73,3,0,1,0,0,0.0,118,1
4736,organic,balanced,T1,11488.32,12,1,9,3,0,5268.85,37,0
4737,organic,balanced,T3+,9926.35,0,0,0,0,0,0.0,221,1
4738,bank_partner,balanced,T1,1401.16,1,0,1,0,0,0.0,279,0
4739,referral,balanced,T1,9096.4,3,0,1,0,0,0.0,132,0
4743,bank_partner,cautious,T3+,7621.11,1,0,1,0,0,0.0,299,1
4744,paid_search,cautious,T3+,38870.91,6,3,2,0,0,0.0,13,1
4745,organic,balanced,T2,7680.02,3,2,1,0,0,0.0,15,0
4746,bank_partner,cautious,T3+,33584.93,4,0,0,0,0,0.0,227,1
4747,bank_partner,balanced,T3+,1132.23,3,0,2,0,0,0.0,141,0
4748,social,balanced,T3+,831.33,3,1,1,0,0,0.0,53,1
4749,paid_search,cautious,T3+,2108.54,0,0,0,0,0,0.0,354,1
4750,bank_partner,balanced,T2,21476.61,1,0,0,0,0,0.0,250,1
4753,paid_search,cautious,T2,21977.36,1,0,1,0,0,0.0,134,1
4754,organic,aggressive,T3+,17304.55,7,0,6,0,0,0.0,191,1
4755,organic,cautious,T1,55709.33,10,2,3,1,0,24815.84,1,1
4756,paid_search,balanced,T3+,13190.24,5,2,2,0,0,0.0,35,1
4759,organic,aggressive,T1,10346.78,6,2,1,0,0,0.0,22,1
4763,bank_partner,aggressive,T2,7488.48,4,0,1,0,0,0.0,125,1
4764,paid_search,cautious,T2,19845.54,0,0,0,0,0,0.0,229,1
4766,paid_search,cautious,T2,33392.96,3,0,2,0,0,0.0,294,0
4768,organic,cautious,T1,28404.99,1,0,0,0,0,0.0,124,1
4769,referral,cautious,T1,21468.32,3,0,1,0,0,0.0,112,1
4770,social,aggressive,T1,20761.75,4,1,1,0,0,0.0,46,1
4771,bank_partner,cautious,T3+,1762.59,5,1,0,0,0,0.0,58,1
4772,social,cautious,T3+,7029.25,1,0,0,0,0,0.0,155,1
4774,organic,aggressive,T1,30488.07,4,0,0,0,0,0.0,147,0
4776,bank_partner,aggressive,T3+,8651.78,3,0,1,0,0,0.0,157,1
4777,paid_search,balanced,T1,21360.43,4,1,1,0,0,0.0,26,0
4778,organic,balanced,T2,1462.08,1,0,1,0,0,0.0,131,0
4779,social,aggressive,T2,804.25,1,0,1,0,0,0.0,289,1
4780,referral,balanced,T3+,4996.94,2,0,1,0,0,0.0,292,0
4781,organic,cautious,T2,22822.31,3,0,1,0,0,0.0,253,0
4783,paid_search,balanced,T2,7141.77,3,0,1,0,0,0.0,185,1
4784,referral,aggressive,T3+,8906.85,1,0,0,0,0,0.0,236,1
4785,social,balanced,T2,8727.08,6,0,2,0,0,0.0,135,1
4786,referral,balanced,T2,1003.29,4,0,2,0,0,0.0,204,1
4788,organic,aggressive,T3+,4003.02,6,5,2,0,0,0.0,10,0
4789,paid_search,aggressive,T1,2623.3,3,0,2,0,0,0.0,130,1
4792,bank_partner,balanced,T2,29963.05,1,1,0,0,0,0.0,75,1
4793,organic,aggressive,T3+,15737.1,12,2,6,3,1,10248.29,9,1
4794,paid_search,balanced,T3+,4422.36,0,0,0,0,0,0.0,265,1
4795,organic,balanced,T3+,24435.47,13,0,3,2,0,5421.9,138,1
4796,bank_partner,balanced,T2,8769.84,9,0,4,2,0,3565.63,110,0
4797,organic,balanced,T1,47146.28,2,1,1,0,0,0.0,28,1
4798,bank_partner,cautious,T1,3975.06,3,0,0,0,0,0.0,156,1
4800,bank_partner,cautious,T2,1765.02,3,0,1,0,0,0.0,182,1
4802,social,aggressive,T2,27766.03,6,4,5,0,0,0.0,11,1
4803,organic,cautious,T2,608.87,2,0,1,0,0,0.0,268,1
4805,social,balanced,T1,42373.72,2,0,0,0,0,0.0,286,1
4806,social,cautious,T1,21871.92,1,0,0,0,0,0.0,160,1
4809,social,aggressive,T3+,20136.98,3,0,3,0,0,0.0,150,1
4810,paid_search,cautious,T2,5078.89,5,2,3,3,0,2295.19,9,1
4811,organic,cautious,T1,13548.2,5,4,2,0,0,0.0,52,1
4813,paid_search,cautious,T3+,5768.69,4,0,0,0,0,0.0,189,1
4815,social,balanced,T3+,19855.9,1,1,0,0,0,0.0,80,0
4817,paid_search,balanced,T2,34391.93,12,2,9,3,0,22079.94,49,0
4818,paid_search,cautious,T1,2284.2,1,0,1,0,0,0.0,167,1
4819,organic,cautious,T1,15495.64,5,2,3,2,0,2649.21,11,1
4821,paid_search,balanced,T1,21021.04,3,1,2,0,0,0.0,61,1
4822,referral,balanced,T1,2425.08,2,0,2,0,0,0.0,313,1
4823,referral,cautious,T1,19205.48,2,0,0,0,0,0.0,92,0
4824,organic,cautious,T3+,17438.03,5,0,4,3,0,12005.58,183,0
4826,organic,aggressive,T1,2625.16,2,1,1,0,0,0.0,62,1
4827,social,cautious,T1,2410.07,1,1,0,0,0,0.0,83,1
4828,organic,cautious,T1,3685.53,0,0,0,0,0,0.0,138,1
4829,social,balanced,T2,3721.4,7,0,3,0,0,0.0,95,1
4830,social,balanced,T2,8984.76,1,0,1,0,0,0.0,166,0
4831,bank_partner,cautious,T3+,8315.44,2,1,0,0,0,0.0,39,1
4832,social,balanced,T3+,5583.67,2,0,0,0,0,0.0,110,0
4833,paid_search,cautious,T1,9905.02,2,1,0,0,0,0.0,33,1
4834,paid_search,aggressive,T1,5958.04,0,0,0,0,0,0.0,197,1
4835,organic,aggressive,T1,20469.88,2,1,0,0,0,0.0,77,1
4836,referral,balanced,T2,5651.72,2,0,0,0,0,0.0,102,1
4837,social,cautious,T2,13765.96,1,0,0,0,0,0.0,276,1
4839,organic,cautious,T2,24902.36,2,0,2,0,0,0.0,179,1
4840,social,cautious,T2,59704.03,6,1,4,0,0,0.0,51,1
4841,referral,cautious,T2,16469.79,1,0,0,0,0,0.0,281,1
4842,paid_search,balanced,T2,11060.23,3,0,1,0,0,0.0,139,0
4843,social,cautious,T2,309522.93,6,1,4,0,0,0.0,56,1
4844,paid_search,balanced,T3+,36631.45,3,2,2,0,0,0.0,53,0
4847,organic,cautious,T1,6284.09,3,0,0,0,0,0.0,338,1
4848,bank_partner,cautious,T3+,4216.98,3,0,0,0,0,0.0,131,1
4849,paid_search,aggressive,T3+,3966.37,1,0,0,0,0,0.0,176,0
4850,paid_search,balanced,T1,55161.5,3,2,1,0,0,0.0,29,1
4851,organic,cautious,T2,10805.72,3,0,0,0,0,0.0,121,1
4852,organic,cautious,T3+,8718.99,1,0,0,0,0,0.0,220,0
4853,bank_partner,cautious,T3+,8197.7,4,1,1,0,0,0.0,43,1
4854,paid_search,balanced,T1,5130.56,3,0,2,0,0,0.0,173,1
4855,organic,balanced,T1,7681.22,5,1,2,0,0,0.0,56,1
4856,referral,balanced,T2,45889.62,2,1,0,0,0,0.0,13,1
4857,organic,cautious,T1,2957.24,3,0,0,0,0,0.0,205,0
4858,organic,aggressive,T3+,13168.78,1,0,1,0,0,0.0,190,1
4860,referral,balanced,T3+,86232.91,9,0,4,3,1,44514.25,103,1
4861,referral,cautious,T1,36317.6,9,4,1,1,0,9318.61,23,1
4864,social,cautious,T3+,2312.05,5,1,1,0,0,0.0,18,1
4865,referral,aggressive,T3+,11454.71,2,1,2,0,0,0.0,74,1
4867,paid_search,cautious,T1,17277.44,1,0,1,0,0,0.0,104,1
4868,paid_search,balanced,T1,36560.78,6,1,1,0,0,0.0,4,1
4869,social,cautious,T1,517.69,1,0,0,0,0,0.0,273,1
4872,paid_search,cautious,T2,23433.49,2,0,0,0,0,0.0,225,1
4873,social,cautious,T1,23903.91,3,1,3,0,0,0.0,33,1
4877,organic,cautious,T1,4805.09,1,0,0,0,0,0.0,136,0
4878,organic,aggressive,T3+,1474.51,2,0,1,0,0,0.0,119,1
4879,social,aggressive,T2,16885.33,3,0,1,0,0,0.0,259,1
4880,bank_partner,balanced,T1,5302.55,6,0,4,0,0,0.0,239,0
4884,organic,aggressive,T2,25899.78,3,1,2,0,0,0.0,18,1
4885,organic,cautious,T1,214858.92,3,0,0,0,0,0.0,216,1
4886,paid_search,balanced,T3+,5754.52,5,1,0,0,0,0.0,88,0
4887,bank_partner,aggressive,T1,3631.17,1,1,0,0,0,0.0,49,1
4888,bank_partner,balanced,T2,2714.51,4,0,3,0,0,0.0,214,1
4890,paid_search,balanced,T1,8749.95,2,1,0,0,0,0.0,73,1
4891,bank_partner,cautious,T1,3153.62,6,1,4,0,0,0.0,65,1
4893,referral,balanced,T3+,3677.14,3,2,1,0,0,0.0,36,0
4894,social,balanced,T3+,4435.62,4,3,2,0,0,0.0,35,1
4895,social,aggressive,T3+,3979.15,0,0,0,0,0,0.0,300,1
4896,paid_search,balanced,T1,4082.97,8,1,5,0,0,0.0,22,1
4897,social,aggressive,T1,1313.3,7,0,3,0,0,0.0,293,1
4898,paid_search,balanced,T3+,1671.45,1,0,1,0,0,0.0,267,1
4900,paid_search,aggressive,T3+,4397.27,1,0,1,0,0,0.0,196,1
4901,paid_search,balanced,T3+,6059.74,4,1,2,0,0,0.0,39,1
4902,bank_partner,balanced,T3+,3812.36,4,0,1,0,0,0.0,257,0
4904,social,aggressive,T1,74719.24,8,0,7,2,0,32122.059999999998,97,1
4905,paid_search,aggressive,T3+,184179.8,1,0,0,0,0,0.0,99,0
4906,social,balanced,T2,98351.06,0,0,0,0,0,0.0,327,1
4907,bank_partner,balanced,T3+,43662.26,13,7,10,3,0,25520.0,24,1
4908,paid_search,cautious,T1,1405.58,2,1,1,0,0,0.0,17,1
4909,referral,aggressive,T3+,6651.97,2,0,0,0,0,0.0,107,1
4912,paid_search,balanced,T2,3220.1,1,0,1,0,0,0.0,174,0
4913,organic,balanced,T3+,5469.84,2,0,1,0,0,0.0,291,1
4914,paid_search,cautious,T1,11434.53,2,2,0,0,0,0.0,76,1
4915,social,balanced,T2,10006.47,2,0,1,0,0,0.0,226,1
4916,organic,balanced,T1,2709.2,5,0,3,0,0,0.0,161,1
4917,bank_partner,cautious,T2,5456.5,5,0,2,0,0,0.0,128,0
4918,social,cautious,T2,15382.45,6,0,3,0,0,0.0,134,1
4919,referral,aggressive,T1,1553.27,2,0,2,0,0,0.0,139,1
4920,referral,balanced,T1,10934.61,5,0,4,0,0,0.0,114,1
4922,paid_search,cautious,T3+,3196.41,4,0,1,0,0,0.0,229,1
4923,organic,cautious,T1,21675.02,1,1,1,0,0,0.0,69,1
4924,paid_search,cautious,T1,42964.61,2,0,1,0,0,0.0,111,1
4927,organic,balanced,T2,2028.52,8,0,3,1,0,758.41,253,0
4928,organic,balanced,T3+,11444.1,0,0,0,0,0,0.0,221,1
4929,referral,balanced,T1,3942.35,3,2,1,0,0,0.0,56,0
4930,social,cautious,T2,23670.91,5,0,2,0,0,0.0,259,1
4931,referral,cautious,T2,20718.5,4,0,3,0,0,0.0,147,1
4932,paid_search,balanced,T2,4302.38,2,0,1,0,0,0.0,101,1
4933,bank_partner,cautious,T3+,37433.92,1,0,0,0,0,0.0,180,1
4934,social,balanced,T2,15315.66,2,0,0,0,0,0.0,266,1
4935,paid_search,balanced,T2,4412.79,7,1,4,2,0,1244.6,63,0
4936,organic,balanced,T2,5868.16,1,0,0,0,0,0.0,205,1
4937,organic,balanced,T2,14806.51,4,2,2,0,0,0.0,77,0
4938,organic,aggressive,T2,23267.93,1,0,0,0,0,0.0,291,1
4940,social,balanced,T2,4420.65,2,0,2,0,0,0.0,224,1
4941,paid_search,balanced,T1,4753.15,5,2,3,0,0,0.0,18,1
4943,referral,aggressive,T1,5845.49,3,0,1,0,0,0.0,199,1
4945,organic,balanced,T3+,26287.89,2,1,1,0,0,0.0,66,1
4946,bank_partner,aggressive,T1,16997.54,1,0,0,0,0,0.0,106,0
4948,referral,cautious,T2,4921.79,4,0,3,0,0,0.0,205,0
4950,paid_search,aggressive,T3+,29440.92,4,2,1,0,0,0.0,29,0
4951,organic,cautious,T3+,11122.72,2,0,1,0,0,0.0,194,1
4952,organic,balanced,T3+,34645.7,12,0,4,2,0,9438.04,115,0
4955,referral,cautious,T2,22251.43,1,1,0,0,0,0.0,63,1
4956,social,aggressive,T1,4863.3,0,0,0,0,0,0.0,137,1
4957,referral,balanced,T2,20317.47,1,1,0,0,0,0.0,73,1
4958,paid_search,cautious,T1,5105.38,0,0,0,0,0,0.0,181,0
4959,referral,aggressive,T2,6230.75,4,0,1,0,0,0.0,133,1
4960,paid_search,cautious,T3+,44084.36,2,2,1,0,0,0.0,79,1
4961,bank_partner,balanced,T3+,3418.01,5,2,0,0,0,0.0,17,0
4963,social,balanced,T3+,6939.01,5,1,3,2,1,2253.21,15,1
4964,paid_search,balanced,T2,41443.07,4,1,2,0,0,0.0,11,1
4965,referral,balanced,T3+,500.0,3,3,1,0,0,0.0,17,1
4966,organic,aggressive,T2,2160.33,4,4,1,0,0,0.0,26,0
4967,social,cautious,T2,3273.2,1,0,0,0,0,0.0,179,1
4968,referral,balanced,T3+,17570.28,1,0,0,0,0,0.0,101,1
4969,organic,balanced,T3+,13909.12,5,0,2,0,0,0.0,201,1
4970,paid_search,cautious,T3+,18006.09,6,0,3,0,0,0.0,141,1
4971,bank_partner,cautious,T3+,35435.85,7,0,2,4,2,22760.21,140,0
4972,bank_partner,balanced,T3+,12308.57,2,0,0,0,0,0.0,121,1
4973,organic,balanced,T1,4286.25,0,0,0,0,0,0.0,127,0
4974,social,cautious,T3+,6740.08,3,2,1,0,0,0.0,36,1
4975,paid_search,balanced,T2,1393.04,2,0,1,0,0,0.0,177,0
4976,organic,cautious,T3+,2799.2,2,1,0,0,0,0.0,77,1
4977,paid_search,aggressive,T2,1938.4,3,0,2,0,0,0.0,120,1
4979,bank_partner,balanced,T3+,21128.53,1,0,0,0,0,0.0,136,1
4981,referral,balanced,T3+,3287.34,3,0,1,0,0,0.0,243,1
4985,bank_partner,aggressive,T1,2030.16,4,2,0,0,0,0.0,59,1
4986,paid_search,cautious,T3+,114663.68,4,0,1,0,0,0.0,249,0
4987,referral,balanced,T3+,8219.15,3,2,0,0,0,0.0,26,1
4989,social,balanced,T1,165858.16,3,1,1,0,0,0.0,15,1
4990,organic,cautious,T2,33025.46,1,0,0,0,0,0.0,357,1
4991,organic,cautious,T2,9806.39,3,0,2,0,0,0.0,253,1
4992,paid_search,balanced,T1,12132.67,3,0,0,0,0,0.0,167,1
4993,paid_search,aggressive,T1,11193.23,3,0,0,0,0,0.0,230,1
4995,organic,cautious,T3+,9566.82,2,1,0,0,0,0.0,78,1
4996,organic,balanced,T2,9225.93,7,0,3,2,0,1454.4,156,1
4997,bank_partner,cautious,T1,11649.15,2,0,0,0,0,0.0,139,1
4999,organic,balanced,T3+,9823.45,5,0,1,0,0,0.0,128,1
5000,organic,balanced,T2,1776.77,2,0,0,0,0,0.0,143,1
5001,organic,cautious,T1,6198.43,1,0,0,0,0,0.0,261,1
5002,referral,cautious,T1,5207.25,3,1,1,0,0,0.0,56,1
5005,paid_search,aggressive,T1,12950.98,3,1,1,0,0,0.0,2,1
5007,organic,cautious,T2,10815.17,0,0,0,0,0,0.0,155,1
5008,bank_partner,balanced,T2,18423.24,5,1,2,0,0,0.0,87,1
5009,organic,balanced,T3+,51754.06,2,2,2,0,0,0.0,35,0
5010,organic,cautious,T3+,6136.14,0,0,0,0,0,0.0,244,1
5011,referral,balanced,T1,5757.26,4,0,4,0,0,0.0,206,1
5013,social,cautious,T2,6726.66,3,0,1,0,0,0.0,185,0
5014,social,aggressive,T1,11862.14,2,2,0,0,0,0.0,63,1
5015,paid_search,balanced,T3+,21210.12,1,0,0,0,0,0.0,271,0
5016,social,aggressive,T3+,13681.59,4,0,4,0,0,0.0,227,1
5017,bank_partner,balanced,T2,42237.78,6,1,2,0,0,0.0,36,1
5018,paid_search,cautious,T2,19034.18,1,0,1,0,0,0.0,215,0
5019,social,cautious,T2,7177.89,4,0,2,0,0,0.0,246,0
5020,paid_search,aggressive,T1,68081.66,1,1,0,0,0,0.0,79,1
5021,referral,cautious,T2,1403.09,3,3,1,0,0,0.0,21,1
5023,organic,cautious,T2,24699.79,2,0,0,0,0,0.0,145,1
5024,organic,cautious,T1,23846.46,7,5,2,0,0,0.0,30,0
5025,paid_search,cautious,T3+,9059.66,1,0,1,0,0,0.0,361,1
5027,paid_search,balanced,T3+,4971.06,4,0,0,0,0,0.0,141,1
5028,social,aggressive,T1,31623.17,7,1,0,0,0,0.0,81,1
5029,paid_search,balanced,T3+,10617.52,3,0,1,0,0,0.0,182,1
5030,organic,balanced,T1,2536.45,2,0,1,0,0,0.0,121,0
5031,organic,balanced,T2,4327.87,2,2,0,0,0,0.0,71,0
5033,organic,cautious,T3+,4633.75,1,0,0,0,0,0.0,197,1
5034,bank_partner,aggressive,T2,10828.68,2,0,0,0,0,0.0,115,1
5035,bank_partner,balanced,T3+,2621.05,1,0,0,0,0,0.0,96,0
5036,organic,cautious,T2,2445.37,3,1,1,0,0,0.0,14,1
5037,social,balanced,T2,20048.45,1,0,0,0,0,0.0,250,1
5038,bank_partner,balanced,T3+,6064.74,6,1,3,0,0,0.0,32,1
5039,organic,balanced,T1,55911.9,4,0,2,0,0,0.0,149,1
5040,bank_partner,cautious,T2,7155.28,2,0,0,0,0,0.0,127,1
5042,organic,balanced,T1,7554.21,0,0,0,0,0,0.0,228,1
5043,social,aggressive,T2,18558.41,2,2,0,0,0,0.0,34,0
5044,organic,cautious,T2,5630.51,1,1,0,0,0,0.0,32,1
5045,paid_search,balanced,T2,32817.87,1,0,0,0,0,0.0,118,1
5046,bank_partner,aggressive,T2,25218.89,7,1,4,0,0,0.0,67,1
5047,organic,balanced,T1,3279.62,2,1,1,0,0,0.0,90,0
5048,social,aggressive,T1,10876.33,0,0,0,0,0,0.0,162,1
5049,bank_partner,balanced,T3+,17591.37,7,2,5,0,0,0.0,58,1
5050,referral,balanced,T1,3298.16,0,0,0,0,0,0.0,331,1
5052,referral,balanced,T2,10920.0,4,0,1,0,0,0.0,143,1
5053,social,balanced,T1,4391.6,7,1,4,2,0,1213.81,51,0
5055,bank_partner,balanced,T1,8792.29,4,0,1,0,0,0.0,117,0
5056,paid_search,cautious,T3+,3515.65,2,0,0,0,0,0.0,212,0
5057,paid_search,balanced,T2,6483.13,11,1,4,2,0,1629.65,83,1
5059,referral,cautious,T1,1120.53,4,2,0,0,0,0.0,75,1
5060,paid_search,cautious,T1,19567.16,1,0,1,0,0,0.0,317,1
5062,bank_partner,balanced,T1,53559.76,8,1,4,3,0,21910.690000000002,18,0
5063,referral,cautious,T1,10119.4,0,0,0,0,0,0.0,290,1
5064,bank_partner,cautious,T1,4343.44,7,0,3,0,0,0.0,190,0
5066,paid_search,balanced,T1,4987.65,1,0,1,0,0,0.0,299,0
5067,paid_search,aggressive,T1,5170.51,1,1,1,0,0,0.0,34,1
5068,organic,balanced,T2,5441.31,3,1,1,0,0,0.0,53,1
5069,organic,balanced,T2,9077.78,3,1,2,0,0,0.0,68,1
5070,paid_search,cautious,T1,15731.27,3,0,1,0,0,0.0,185,0
5073,bank_partner,balanced,T3+,5062.11,1,0,0,0,0,0.0,161,0
5075,paid_search,cautious,T1,4461.22,8,1,3,2,0,1165.59,13,1
5076,paid_search,aggressive,T3+,6443.02,5,0,1,0,0,0.0,166,1
5078,organic,cautious,T3+,4597.33,2,0,0,0,0,0.0,255,1
5079,paid_search,balanced,T1,26620.95,0,0,0,0,0,0.0,135,0
5080,bank_partner,cautious,T2,13653.49,4,1,0,0,0,0.0,58,0
5081,organic,aggressive,T1,6874.05,2,0,0,0,0,0.0,216,0
5082,paid_search,cautious,T3+,10688.8,2,0,1,0,0,0.0,165,1
5083,organic,balanced,T1,2947.12,6,4,2,2,1,1466.44,15,0
5084,referral,cautious,T3+,20198.29,2,0,1,0,0,0.0,196,1
5086,organic,aggressive,T1,13798.58,2,0,0,0,0,0.0,250,1
5087,paid_search,balanced,T1,7220.92,7,1,4,4,0,3207.05,10,1
5088,paid_search,cautious,T3+,2746.01,4,0,3,0,0,0.0,135,1
5089,social,cautious,T1,4651.96,4,0,1,0,0,0.0,157,1
5091,paid_search,cautious,T3+,4789.64,2,0,1,0,0,0.0,101,1
5092,social,cautious,T2,35397.59,5,0,2,0,0,0.0,144,0
5093,paid_search,cautious,T1,6591.31,4,1,1,1,0,1749.12,41,0
5094,referral,cautious,T2,2671.67,4,1,3,0,0,0.0,58,1
5096,referral,balanced,T2,1312.48,7,1,3,1,0,389.65,23,1
5098,social,aggressive,T3+,3844.08,2,1,1,0,0,0.0,50,0
5099,bank_partner,cautious,T2,11006.95,2,1,0,0,0,0.0,75,1
5100,referral,balanced,T2,4495.78,1,0,0,0,0,0.0,188,1
5101,social,balanced,T2,10801.03,3,0,1,0,0,0.0,173,1
5102,paid_search,balanced,T2,6586.82,2,0,1,0,0,0.0,172,1
5106,social,cautious,T3+,8161.88,1,1,1,0,0,0.0,80,1
5107,referral,cautious,T2,1090.32,3,0,2,0,0,0.0,183,1
5108,organic,cautious,T1,12036.37,2,0,1,0,0,0.0,97,1
5110,organic,aggressive,T2,59152.45,1,0,1,0,0,0.0,193,1
5111,organic,cautious,T2,7612.05,3,0,2,0,0,0.0,228,1
5112,paid_search,balanced,T1,20754.1,2,1,1,0,0,0.0,42,1
5113,paid_search,balanced,T3+,63091.85,7,2,1,0,0,0.0,71,1
5114,social,aggressive,T3+,4808.96,0,0,0,0,0,0.0,193,1
5115,organic,cautious,T2,5948.17,4,1,3,0,0,0.0,29,1
5116,organic,aggressive,T2,169538.77,3,0,1,0,0,0.0,234,1
5117,organic,balanced,T1,11609.66,2,0,1,0,0,0.0,133,1
5118,bank_partner,cautious,T2,974.73,3,0,2,0,0,0.0,206,1
5119,paid_search,aggressive,T1,6750.61,4,0,2,0,0,0.0,165,0
5120,organic,cautious,T3+,5341.28,7,1,3,2,0,1148.54,12,0
5121,organic,cautious,T1,7376.26,8,2,5,2,0,2051.68,32,0
5122,paid_search,balanced,T2,3879.14,1,0,0,0,0,0.0,139,1
5123,organic,cautious,T3+,5110.87,1,1,0,0,0,0.0,74,0
5124,organic,balanced,T2,13970.28,1,0,0,0,0,0.0,116,1
5125,organic,cautious,T2,5312.4,1,0,0,0,0,0.0,347,1
5126,paid_search,cautious,T1,16676.48,2,0,1,0,0,0.0,126,1
5128,social,balanced,T1,4870.29,5,2,2,1,0,1597.38,57,0
5129,organic,cautious,T1,10247.88,2,2,0,0,0,0.0,60,1
5130,organic,cautious,T3+,3010.77,1,0,1,0,0,0.0,117,1
5131,organic,cautious,T1,6068.37,9,1,6,1,0,1077.75,12,1
5132,referral,balanced,T3+,3126.25,5,2,2,4,0,2436.94,37,0
5133,paid_search,aggressive,T3+,3003.12,3,0,2,0,0,0.0,104,1
5134,organic,balanced,T3+,6091.33,3,1,0,0,0,0.0,54,0
5135,organic,balanced,T1,26395.22,4,0,1,0,0,0.0,119,1
5136,paid_search,cautious,T2,10001.04,3,0,2,0,0,0.0,166,1
5138,organic,cautious,T1,17347.27,5,1,0,0,0,0.0,73,1
5139,social,balanced,T3+,8401.5,2,0,1,0,0,0.0,127,1
5140,bank_partner,cautious,T3+,25258.56,2,0,0,0,0,0.0,198,1
5141,referral,balanced,T1,11096.14,2,2,2,0,0,0.0,85,1
5142,organic,balanced,T1,85617.84,9,2,6,0,0,0.0,40,1
5143,paid_search,balanced,T2,22250.56,4,0,1,0,0,0.0,322,1
5144,social,balanced,T3+,2168.77,8,2,4,2,0,810.25,56,0
5147,paid_search,balanced,T1,3916.46,0,0,0,0,0,0.0,336,1
5148,social,balanced,T2,1380.2,4,1,2,0,0,0.0,45,1
5150,referral,cautious,T2,30658.01,2,0,0,0,0,0.0,158,1
5151,bank_partner,balanced,T1,11420.45,1,0,0,0,0,0.0,305,1
5152,paid_search,cautious,T3+,23117.62,2,1,0,0,0,0.0,4,1
5156,organic,cautious,T1,2486.41,2,2,0,0,0,0.0,1,1
5157,referral,balanced,T1,5094.66,3,0,0,0,0,0.0,93,0
5158,social,balanced,T2,4883.04,5,0,2,0,0,0.0,176,1
5159,organic,balanced,T3+,3914.59,1,0,0,0,0,0.0,181,1
5161,organic,cautious,T2,68393.58,2,0,0,0,0,0.0,347,1
5162,social,cautious,T3+,6285.55,3,3,1,0,0,0.0,13,0
5163,paid_search,cautious,T1,517.96,4,0,1,0,0,0.0,157,1
5164,paid_search,balanced,T3+,4985.58,4,4,3,0,0,0.0,49,0
5165,referral,balanced,T3+,15392.29,1,0,0,0,0,0.0,127,0
5167,organic,cautious,T3+,8114.08,4,1,1,0,0,0.0,68,1
5169,organic,cautious,T2,13430.03,7,2,1,0,0,0.0,30,1
5171,referral,aggressive,T3+,33032.69,1,0,0,0,0,0.0,194,0
5172,organic,cautious,T3+,3158.0,2,0,0,0,0,0.0,226,1
5173,bank_partner,cautious,T2,4204.12,1,0,0,0,0,0.0,205,1
5174,referral,balanced,T3+,78876.58,5,1,1,0,0,0.0,90,1
5175,bank_partner,balanced,T1,5142.73,4,0,3,0,0,0.0,159,1
5176,organic,balanced,T3+,5729.88,5,0,1,0,0,0.0,212,1
5178,paid_search,cautious,T2,4805.32,1,1,1,0,0,0.0,35,1
5179,paid_search,balanced,T1,7887.54,1,0,0,0,0,0.0,202,1
5181,bank_partner,balanced,T1,81202.41,9,1,5,1,0,17652.46,34,1
5182,organic,balanced,T2,13321.15,8,3,6,2,1,4060.2599999999998,11,1
5183,organic,balanced,T2,11448.35,5,1,2,0,0,0.0,80,1
5184,bank_partner,cautious,T3+,4225.86,5,2,2,0,0,0.0,61,1
5185,organic,cautious,T2,4037.13,6,0,2,0,0,0.0,104,1
5187,paid_search,cautious,T3+,188465.83,5,3,1,0,0,0.0,11,0
5189,social,cautious,T3+,10730.08,5,1,2,0,0,0.0,89,1
5190,social,balanced,T3+,5303.42,1,0,1,0,0,0.0,251,1
5191,paid_search,cautious,T3+,1997.71,5,0,3,0,0,0.0,169,1
5192,social,cautious,T3+,2365.54,6,3,1,0,0,0.0,77,1
5194,organic,balanced,T2,2276.32,0,0,0,0,0,0.0,124,1
5195,social,balanced,T1,5351.87,1,0,0,0,0,0.0,104,1
5196,organic,balanced,T2,8310.52,1,0,1,0,0,0.0,255,0
5197,paid_search,balanced,T2,2436.75,5,0,3,0,0,0.0,97,1
5198,organic,cautious,T1,8299.83,2,0,2,0,0,0.0,274,1
5200,organic,balanced,T2,41967.48,3,0,1,0,0,0.0,145,1
5201,organic,balanced,T2,21357.46,7,1,3,0,0,0.0,30,1
5203,social,balanced,T3+,10493.37,2,1,1,0,0,0.0,29,1
5204,paid_search,cautious,T1,2853.31,7,2,2,3,0,1512.6000000000001,10,0
5205,referral,balanced,T3+,23754.56,3,0,0,0,0,0.0,151,0
5208,social,balanced,T2,3559.61,2,0,1,0,0,0.0,98,1
5209,bank_partner,balanced,T1,12797.14,5,1,2,0,0,0.0,46,0
5211,referral,cautious,T2,16815.18,2,0,0,0,0,0.0,328,1
5212,organic,balanced,T1,13343.98,6,3,2,0,0,0.0,82,1
5213,paid_search,aggressive,T2,10821.16,2,0,1,0,0,0.0,295,1
5214,paid_search,balanced,T2,9988.94,2,0,0,0,0,0.0,185,1
5215,organic,aggressive,T3+,7552.66,4,0,0,0,0,0.0,130,1
5216,organic,aggressive,T3+,6317.77,8,1,3,2,1,2593.3300000000004,14,1
5217,organic,cautious,T2,10965.78,3,0,0,0,0,0.0,201,1
5218,social,cautious,T2,8105.23,5,1,4,0,0,0.0,63,1
5219,organic,cautious,T1,18548.12,1,1,0,0,0,0.0,21,0
5220,bank_partner,cautious,T2,6403.85,3,0,1,0,0,0.0,101,1
5221,referral,cautious,T3+,10241.5,6,2,2,0,0,0.0,55,1
5223,social,balanced,T1,53791.67,10,1,5,1,0,20404.48,35,1
5224,social,aggressive,T1,55455.74,2,0,0,0,0,0.0,167,1
5226,referral,cautious,T3+,75457.18,7,1,4,1,0,19912.55,78,0
5227,organic,aggressive,T3+,9152.29,0,0,0,0,0,0.0,148,0
5228,social,balanced,T1,22166.42,4,0,1,0,0,0.0,199,1
5229,organic,balanced,T2,1851.85,0,0,0,0,0,0.0,169,1
5233,paid_search,balanced,T1,7595.06,6,2,1,0,0,0.0,0,1
5234,organic,aggressive,T2,7027.66,2,0,1,0,0,0.0,162,1
5236,organic,cautious,T2,6403.77,12,0,5,1,0,1593.25,179,1
5237,paid_search,balanced,T3+,6910.27,5,2,3,0,0,0.0,36,0
5238,social,cautious,T2,2459.99,2,2,1,0,0,0.0,56,1
5239,bank_partner,balanced,T1,2357.47,2,0,0,0,0,0.0,136,1
5241,referral,cautious,T2,33030.26,4,1,0,0,0,0.0,16,1
5242,organic,cautious,T3+,5918.46,4,2,1,1,0,1687.76,51,1
5243,referral,aggressive,T2,23959.11,6,0,2,0,0,0.0,303,0
5244,referral,balanced,T3+,25465.95,4,0,3,3,0,9175.73,141,0
5245,organic,cautious,T2,43757.42,2,1,1,0,0,0.0,37,1
5246,bank_partner,balanced,T1,22676.08,2,1,1,0,0,0.0,35,0
5247,organic,cautious,T3+,15407.09,3,0,0,0,0,0.0,180,1
5248,referral,balanced,T2,4493.45,1,1,1,0,0,0.0,74,1
5249,referral,cautious,T1,7326.41,5,0,2,1,0,2022.92,149,1
5250,organic,balanced,T2,41197.99,3,0,1,0,0,0.0,119,1
5251,social,cautious,T1,25215.99,1,0,1,0,0,0.0,274,1
5252,paid_search,balanced,T1,56890.57,1,0,1,0,0,0.0,177,1
5254,paid_search,cautious,T2,74488.71,1,0,0,0,0,0.0,298,1
5255,referral,aggressive,T1,3362.45,3,1,1,0,0,0.0,88,1
5257,paid_search,cautious,T1,32156.26,1,0,0,0,0,0.0,220,1
5258,organic,cautious,T1,7338.83,0,0,0,0,0,0.0,141,0
5259,organic,cautious,T1,6836.88,4,0,1,0,0,0.0,136,0
5260,organic,aggressive,T1,15009.03,2,1,0,0,0,0.0,85,1
5261,social,cautious,T2,2044.38,3,1,0,0,0,0.0,77,0
5262,organic,cautious,T2,19570.43,2,2,2,0,0,0.0,55,0
5265,social,cautious,T2,1367.74,5,0,5,0,0,0.0,247,1
5266,organic,balanced,T2,21805.07,3,2,1,1,0,2951.35,23,1
5268,paid_search,balanced,T2,17051.46,1,0,0,0,0,0.0,193,1
5269,paid_search,cautious,T1,3334.68,1,0,0,0,0,0.0,164,0
5270,paid_search,balanced,T1,17605.91,1,0,0,0,0,0.0,154,1
5271,social,balanced,T3+,5921.27,4,2,3,0,0,0.0,39,1
5272,organic,cautious,T3+,6812.48,1,1,0,0,0,0.0,82,1
5273,paid_search,cautious,T3+,15139.99,3,2,1,0,0,0.0,43,0
5275,organic,balanced,T1,11056.93,6,0,3,1,0,3625.72,174,0
5276,organic,balanced,T3+,17010.62,3,0,1,0,0,0.0,151,1
5277,paid_search,balanced,T2,3348.89,1,0,0,0,0,0.0,200,1
5278,referral,aggressive,T3+,14883.47,5,0,3,0,0,0.0,109,1
5279,social,balanced,T1,53325.91,3,0,1,0,0,0.0,112,1
5280,bank_partner,cautious,T3+,36564.68,2,0,0,0,0,0.0,167,1
5281,social,balanced,T1,19093.29,5,2,4,0,0,0.0,57,0
5282,referral,balanced,T2,36938.56,3,2,0,0,0,0.0,2,1
5283,paid_search,cautious,T1,11058.06,4,0,1,0,0,0.0,271,1
5285,referral,aggressive,T3+,29243.23,7,1,3,3,0,5876.82,66,1
5286,organic,aggressive,T2,9576.65,3,0,1,0,0,0.0,233,1
5287,referral,balanced,T3+,141299.61,2,0,1,0,0,0.0,125,1
5290,organic,cautious,T1,2834.39,1,1,0,0,0,0.0,87,1
5291,social,balanced,T1,8388.56,4,2,1,0,0,0.0,45,1
5292,organic,balanced,T1,1862.73,3,0,2,0,0,0.0,114,1
5293,paid_search,aggressive,T1,8354.02,6,0,2,0,0,0.0,94,1
5295,referral,aggressive,T1,3406.05,4,1,1,0,0,0.0,89,0
5296,paid_search,balanced,T1,39397.72,3,2,0,0,0,0.0,37,1
5297,paid_search,aggressive,T3+,6701.34,0,0,0,0,0,0.0,131,1
5298,organic,balanced,T2,1645.42,4,1,1,0,0,0.0,47,1
5299,social,balanced,T3+,10338.78,3,1,2,0,0,0.0,25,1
5300,bank_partner,aggressive,T2,2396.25,2,0,0,0,0,0.0,259,1
5301,paid_search,balanced,T2,14248.39,1,0,0,0,0,0.0,111,1
5302,referral,cautious,T3+,3566.46,6,3,2,1,0,1572.61,5,0
5303,social,balanced,T2,2114.88,3,0,1,0,0,0.0,188,1
5304,paid_search,cautious,T2,9371.28,2,1,0,0,0,0.0,80,1
5305,organic,balanced,T1,500.0,2,1,1,0,0,0.0,57,0
5306,paid_search,aggressive,T2,5254.56,0,0,0,0,0,0.0,111,0
5307,organic,balanced,T2,34778.93,2,0,1,0,0,0.0,192,1
5308,organic,cautious,T2,11841.9,2,0,0,0,0,0.0,210,1
5310,paid_search,cautious,T3+,18693.25,4,1,0,0,0,0.0,10,1
5311,paid_search,aggressive,T2,13692.06,4,0,2,0,0,0.0,187,1
5312,paid_search,aggressive,T3+,4940.05,2,0,1,0,0,0.0,112,1
5313,referral,balanced,T1,26889.4,2,2,0,0,0,0.0,19,0
5314,organic,cautious,T1,860.05,3,0,2,0,0,0.0,219,1
5316,organic,cautious,T1,2873.92,8,1,4,2,0,713.05,80,1
5317,referral,cautious,T1,5173.61,1,0,1,0,0,0.0,257,1
5320,referral,balanced,T1,9640.29,1,0,0,0,0,0.0,145,1
5321,referral,balanced,T2,34348.98,3,2,2,0,0,0.0,21,1
5323,organic,balanced,T3+,41093.24,6,2,3,2,0,12554.16,62,0
5324,bank_partner,cautious,T3+,2114.86,3,0,1,0,0,0.0,244,1
5325,social,cautious,T3+,2796.21,0,0,0,0,0,0.0,156,1
5327,organic,cautious,T1,77727.28,4,1,2,0,0,0.0,15,1
5328,social,cautious,T3+,3127.2,4,0,1,0,0,0.0,149,0
5329,social,balanced,T1,15765.49,2,0,1,0,0,0.0,278,0
5330,organic,balanced,T2,3920.41,4,2,2,0,0,0.0,37,1
5331,referral,balanced,T2,13841.58,8,2,5,2,0,2033.43,5,0
5332,organic,aggressive,T2,12640.53,1,0,0,0,0,0.0,266,1
5334,social,cautious,T2,1078.72,5,0,2,0,0,0.0,235,1
5335,organic,cautious,T2,135446.44,5,0,3,1,0,56706.81,149,1
5336,social,balanced,T3+,4181.15,1,0,0,0,0,0.0,145,0
5337,paid_search,balanced,T3+,19144.02,3,0,2,0,0,0.0,274,1
5338,social,balanced,T2,12228.27,6,0,3,0,0,0.0,158,1
5339,organic,cautious,T3+,9082.0,0,0,0,0,0,0.0,258,1
5340,referral,balanced,T1,3547.34,6,4,3,0,0,0.0,42,0
5341,organic,cautious,T3+,19181.39,0,0,0,0,0,0.0,153,0
5342,paid_search,balanced,T1,1391.82,6,5,4,4,3,1035.94,25,1
5343,bank_partner,balanced,T2,11130.75,1,0,0,0,0,0.0,125,0
5344,organic,balanced,T3+,27790.65,2,0,0,0,0,0.0,94,0
5345,social,cautious,T3+,6610.65,2,2,1,0,0,0.0,51,1
5346,organic,cautious,T3+,18229.97,2,0,0,0,0,0.0,171,0
5347,referral,cautious,T3+,23181.29,0,0,0,0,0,0.0,101,0
5348,organic,balanced,T3+,6051.07,3,0,2,0,0,0.0,279,1
5349,organic,balanced,T2,19959.02,0,0,0,0,0,0.0,98,1
5353,social,aggressive,T1,7936.92,3,0,1,0,0,0.0,96,1
5358,social,cautious,T2,11024.11,0,0,0,0,0,0.0,246,1
5359,organic,balanced,T1,3078.4,12,3,5,2,0,1318.5900000000001,9,1
5360,paid_search,balanced,T3+,80126.4,2,0,0,0,0,0.0,137,0
5362,paid_search,cautious,T3+,19087.54,3,0,2,0,0,0.0,156,1
5364,referral,aggressive,T1,9389.06,8,1,4,4,2,5305.0,56,0
5366,organic,balanced,T1,26508.59,1,0,0,0,0,0.0,278,1
5367,paid_search,balanced,T2,1311.06,10,4,2,0,0,0.0,18,0
5368,referral,balanced,T3+,16675.79,5,1,3,1,0,4255.26,66,0
5369,organic,cautious,T1,90683.42,7,5,3,2,0,28284.2,31,0
5370,organic,aggressive,T3+,13688.81,0,0,0,0,0,0.0,109,1
5372,organic,cautious,T3+,34437.12,2,0,0,0,0,0.0,197,1
5373,referral,balanced,T2,2311.86,5,0,2,0,0,0.0,107,1
5375,organic,balanced,T3+,14165.58,2,1,1,0,0,0.0,60,1
5377,referral,cautious,T2,4680.51,3,2,2,0,0,0.0,15,0
5378,social,balanced,T1,5191.3,1,0,0,0,0,0.0,130,1
5379,organic,aggressive,T2,23949.41,4,0,2,0,0,0.0,198,1
5380,referral,aggressive,T2,2104.27,4,3,2,0,0,0.0,58,0
5381,social,aggressive,T1,26087.8,2,2,1,0,0,0.0,66,1
5382,paid_search,aggressive,T1,13142.33,1,0,0,0,0,0.0,196,1
5383,paid_search,balanced,T3+,4104.39,2,0,1,0,0,0.0,139,0
5385,social,cautious,T3+,2424.06,2,0,0,0,0,0.0,100,0
5386,paid_search,aggressive,T3+,4170.97,6,0,2,0,0,0.0,192,1
5387,paid_search,balanced,T2,8523.49,7,2,3,2,0,3256.31,49,0
5388,referral,balanced,T1,9227.46,10,8,4,0,0,0.0,0,0
5390,paid_search,cautious,T3+,37364.96,3,1,0,0,0,0.0,10,1
5392,paid_search,balanced,T1,4312.83,0,0,0,0,0,0.0,314,1
5393,paid_search,aggressive,T1,3332.54,2,1,0,0,0,0.0,90,1
5395,organic,balanced,T1,33781.97,7,1,3,4,0,20146.010000000002,6,1
5396,organic,balanced,T3+,8234.7,3,1,1,0,0,0.0,70,1
5397,social,balanced,T1,1394.83,5,1,2,0,0,0.0,34,0
5398,social,cautious,T3+,18134.92,7,5,3,0,0,0.0,68,1
5399,organic,aggressive,T3+,2000.03,10,0,3,5,1,1401.47,128,0
5400,referral,cautious,T1,30550.51,5,1,2,0,0,0.0,65,1
5401,organic,cautious,T1,4374.26,5,1,1,0,0,0.0,77,1
5403,organic,balanced,T1,19228.0,5,1,1,0,0,0.0,74,1
5404,bank_partner,cautious,T3+,1436.44,8,2,4,1,0,393.38,41,1
5405,referral,cautious,T2,3716.75,1,0,0,0,0,0.0,126,1
5406,referral,cautious,T2,1963.96,1,0,0,0,0,0.0,223,1
5407,organic,cautious,T2,4288.7,0,0,0,0,0,0.0,245,1
5409,referral,balanced,T3+,80721.19,2,0,0,0,0,0.0,287,1
5410,referral,cautious,T3+,1451.45,2,1,2,0,0,0.0,55,0
5411,bank_partner,balanced,T3+,2373.66,4,0,1,2,0,1197.72,107,1
5412,organic,aggressive,T2,2284.93,2,0,0,0,0,0.0,137,1
5413,organic,cautious,T1,2423.32,2,0,0,0,0,0.0,216,0
5414,organic,balanced,T1,42370.7,6,0,2,5,0,33164.33,143,1
5415,social,aggressive,T1,16046.5,2,0,1,3,0,9020.98,274,1
5416,bank_partner,aggressive,T1,1614.6,3,0,0,0,0,0.0,196,1
5417,bank_partner,balanced,T3+,63459.05,5,0,2,0,0,0.0,153,1
5419,referral,cautious,T1,85395.76,10,2,3,0,0,0.0,62,1
5421,organic,cautious,T3+,13292.43,5,0,3,0,0,0.0,137,1
5422,organic,cautious,T1,18316.96,4,1,0,0,0,0.0,29,1
5423,paid_search,balanced,T1,2143.9,3,0,0,0,0,0.0,129,1
5426,organic,aggressive,T1,24203.14,6,1,1,0,0,0.0,53,1
5427,paid_search,balanced,T1,20962.49,4,4,0,0,0,0.0,5,1
5428,social,balanced,T1,12947.19,4,4,1,0,0,0.0,30,1
5429,organic,balanced,T3+,20306.68,3,1,1,0,0,0.0,4,1
5430,organic,balanced,T3+,8697.74,1,0,0,0,0,0.0,166,1
5431,paid_search,balanced,T3+,34739.38,1,0,0,0,0,0.0,232,0
5432,bank_partner,balanced,T3+,1974.46,10,0,7,2,0,1038.5700000000002,121,1
5433,paid_search,cautious,T1,47883.36,0,0,0,0,0,0.0,156,1
5434,bank_partner,balanced,T2,10993.85,2,0,1,0,0,0.0,254,1
5435,referral,balanced,T2,16446.99,11,0,5,1,0,6996.98,106,1
5436,paid_search,balanced,T3+,31623.83,1,0,1,0,0,0.0,300,1
5437,social,cautious,T3+,1228.6,0,0,0,0,0,0.0,120,1
5439,organic,cautious,T2,88931.88,0,0,0,0,0,0.0,277,1
5440,organic,balanced,T1,14023.1,3,0,1,0,0,0.0,266,1
5441,organic,balanced,T1,2698.13,5,0,1,2,0,1478.5,140,1
5442,paid_search,cautious,T3+,12334.05,6,1,3,1,0,3198.24,26,1
5445,paid_search,cautious,T1,6900.57,4,0,0,0,0,0.0,141,1
5447,referral,balanced,T3+,26510.5,10,7,5,2,2,7999.3,56,0
5450,referral,cautious,T2,3499.71,3,1,1,0,0,0.0,71,0
5451,referral,balanced,T3+,3545.26,1,0,0,0,0,0.0,142,1
5452,paid_search,cautious,T2,6953.33,2,0,1,0,0,0.0,101,0
5453,bank_partner,balanced,T2,32480.89,2,1,0,0,0,0.0,57,0
5454,organic,aggressive,T2,2938.92,10,0,5,3,1,1580.6200000000001,200,1
5455,paid_search,balanced,T1,8227.57,3,0,0,0,0,0.0,102,1
5456,organic,balanced,T2,35656.43,1,0,0,0,0,0.0,138,1
5459,referral,balanced,T2,7201.23,0,0,0,0,0,0.0,261,1
5460,organic,cautious,T1,16739.16,7,0,1,0,0,0.0,174,0
5461,social,balanced,T1,8648.91,1,1,1,0,0,0.0,41,1
5462,organic,cautious,T1,21352.13,2,0,1,0,0,0.0,96,1
5465,organic,cautious,T3+,22124.18,2,1,1,0,0,0.0,43,1
5467,referral,aggressive,T1,8400.17,2,0,1,0,0,0.0,120,0
5468,bank_partner,cautious,T2,6378.22,3,1,2,0,0,0.0,81,1
5470,bank_partner,balanced,T2,103868.68,1,0,0,0,0,0.0,326,1
5471,paid_search,aggressive,T1,14648.85,2,0,0,0,0,0.0,238,1
5472,social,aggressive,T2,22538.46,2,1,0,0,0,0.0,44,0
5474,referral,balanced,T3+,9769.17,1,0,1,2,0,2568.47,279,0
5475,social,cautious,T1,4748.76,2,0,2,0,0,0.0,115,1
5477,referral,cautious,T3+,4720.71,2,2,1,0,0,0.0,60,0
5479,organic,balanced,T2,33367.73,2,0,1,0,0,0.0,183,1
5480,social,aggressive,T1,6527.57,2,1,2,0,0,0.0,53,1
5481,paid_search,aggressive,T3+,4556.05,1,0,0,0,0,0.0,140,1
5483,social,balanced,T2,5738.48,4,0,2,0,0,0.0,98,0
5487,paid_search,balanced,T3+,9342.36,0,0,0,0,0,0.0,165,1
5488,organic,aggressive,T3+,11192.07,4,1,3,3,1,5908.8,36,0
5489,referral,cautious,T2,10471.39,5,1,0,0,0,0.0,11,1
5490,organic,aggressive,T1,8305.01,4,0,2,0,0,0.0,101,1
5491,referral,aggressive,T3+,6249.73,4,0,4,0,0,0.0,128,1
5492,referral,cautious,T1,2272.47,4,0,2,0,0,0.0,131,1
5493,paid_search,balanced,T3+,2746.5,1,0,0,0,0,0.0,202,1
5494,organic,balanced,T3+,2811.66,3,0,2,0,0,0.0,139,0
5495,social,balanced,T2,31502.15,3,0,1,0,0,0.0,110,0
5496,organic,aggressive,T2,15147.86,3,0,1,0,0,0.0,266,1
5497,bank_partner,cautious,T3+,3065.97,2,0,0,0,0,0.0,294,1
5498,organic,aggressive,T1,99664.36,2,0,1,0,0,0.0,116,0
5499,organic,balanced,T3+,22957.19,2,1,2,0,0,0.0,25,1
5500,paid_search,balanced,T3+,16156.87,2,0,1,0,0,0.0,223,1
5501,bank_partner,balanced,T1,15697.82,3,0,1,0,0,0.0,286,0
5502,paid_search,cautious,T1,54528.49,1,1,0,0,0,0.0,58,1
5505,referral,balanced,T3+,6601.85,4,0,3,0,0,0.0,167,1
5506,organic,balanced,T3+,3468.95,1,0,0,0,0,0.0,114,1
5507,bank_partner,balanced,T3+,4161.35,8,0,3,3,0,2626.0299999999997,175,0
5508,organic,aggressive,T1,5069.72,3,0,2,0,0,0.0,220,1
5509,referral,balanced,T1,13822.9,1,0,0,0,0,0.0,154,0
5510,bank_partner,balanced,T1,6110.96,11,1,6,1,0,571.53,90,1
5512,paid_search,balanced,T3+,23910.8,3,0,2,0,0,0.0,127,1
5513,organic,balanced,T3+,29543.36,2,0,0,0,0,0.0,180,1
5515,social,cautious,T1,7285.58,0,0,0,0,0,0.0,239,1
5519,referral,cautious,T2,12906.99,1,0,1,0,0,0.0,164,0
5520,social,balanced,T1,121394.66,1,0,1,0,0,0.0,179,1
5523,organic,balanced,T2,5117.63,1,0,0,0,0,0.0,199,1
5524,bank_partner,aggressive,T2,3923.9,0,0,0,0,0,0.0,197,1
5526,bank_partner,aggressive,T2,21491.82,5,3,3,3,2,8895.77,10,0
5527,social,cautious,T2,15776.46,2,2,1,0,0,0.0,67,1
5529,organic,balanced,T3+,29244.15,1,0,0,0,0,0.0,253,1
5531,paid_search,cautious,T1,3542.01,3,1,1,0,0,0.0,89,1
5532,referral,cautious,T2,1898.54,5,2,4,0,0,0.0,71,1
5534,social,cautious,T2,7774.25,1,0,0,0,0,0.0,232,1
5535,paid_search,aggressive,T3+,8539.25,6,2,2,0,0,0.0,67,0
5536,paid_search,balanced,T1,1333.87,1,1,0,0,0,0.0,43,0
5538,social,balanced,T2,7733.47,1,1,1,0,0,0.0,63,1
5539,bank_partner,cautious,T1,3394.67,5,0,2,0,0,0.0,124,1
5540,bank_partner,balanced,T3+,4753.07,2,1,1,0,0,0.0,21,1
5541,referral,aggressive,T2,71185.44,1,0,0,0,0,0.0,94,1
5542,paid_search,aggressive,T2,19873.67,4,2,1,0,0,0.0,63,0
5544,organic,balanced,T1,13151.75,2,0,0,2,0,5844.219999999999,225,0
5545,organic,balanced,T2,19650.31,4,1,2,3,0,8832.97,27,1
5546,organic,cautious,T1,2841.0,1,1,0,0,0,0.0,61,0
5547,organic,aggressive,T3+,25503.81,2,2,0,0,0,0.0,64,0
5548,paid_search,balanced,T1,8466.34,2,1,0,0,0,0.0,22,1
5549,organic,cautious,T1,4179.75,5,3,2,0,0,0.0,55,1
5550,organic,cautious,T2,11213.21,2,2,1,0,0,0.0,70,1
5552,referral,aggressive,T3+,3051.55,6,2,3,0,0,0.0,2,1
5553,social,balanced,T2,5062.83,3,0,1,0,0,0.0,215,1
5554,referral,cautious,T2,7426.69,0,0,0,0,0,0.0,310,1
5556,social,cautious,T2,6186.34,5,0,2,0,0,0.0,160,1
5557,social,balanced,T1,2507.62,2,0,1,0,0,0.0,125,0
5558,social,cautious,T3+,5063.09,1,0,1,0,0,0.0,132,1
5559,referral,balanced,T2,254779.71,8,0,3,0,0,0.0,148,1
5560,paid_search,cautious,T3+,5988.71,3,2,1,0,0,0.0,55,1
5561,paid_search,balanced,T2,7312.67,12,0,7,2,0,3582.96,191,0
5563,organic,cautious,T3+,37513.99,3,0,2,0,0,0.0,166,1
5564,paid_search,cautious,T2,6812.17,0,0,0,0,0,0.0,102,1
5567,bank_partner,aggressive,T2,11166.11,4,2,2,0,0,0.0,70,1
5568,bank_partner,balanced,T1,5661.38,4,0,1,0,0,0.0,173,1
5569,social,balanced,T1,5504.47,0,0,0,0,0,0.0,130,0
5570,social,aggressive,T1,8738.87,5,0,1,0,0,0.0,265,1
5571,organic,balanced,T1,7533.3,7,2,1,0,0,0.0,63,1
5572,social,cautious,T1,20601.37,3,0,0,0,0,0.0,158,1
5573,organic,aggressive,T2,7664.75,0,0,0,0,0,0.0,204,0
5574,bank_partner,balanced,T1,18014.92,10,1,6,2,0,9515.51,49,0
5575,social,cautious,T3+,10581.34,7,4,3,0,0,0.0,51,1
5578,referral,cautious,T3+,81154.05,2,1,1,0,0,0.0,77,1
5579,bank_partner,cautious,T1,22282.88,11,1,3,2,0,8469.45,7,0
5580,social,balanced,T3+,11017.24,1,0,0,0,0,0.0,236,0
5581,paid_search,balanced,T2,778.35,1,0,1,0,0,0.0,228,1
5582,bank_partner,cautious,T3+,250643.49,4,0,0,0,0,0.0,109,1
5583,organic,balanced,T3+,8426.87,2,2,1,0,0,0.0,32,0
5584,organic,balanced,T3+,17382.26,7,1,4,2,0,5550.54,9,0
5585,social,cautious,T2,19374.44,0,0,0,0,0,0.0,202,1
5587,social,cautious,T3+,11227.1,3,1,2,0,0,0.0,87,1
5589,social,aggressive,T2,1345.35,3,0,0,0,0,0.0,209,1
5590,paid_search,balanced,T3+,10916.77,7,0,1,0,0,0.0,123,1
5591,referral,aggressive,T3+,22579.97,5,1,1,0,0,0.0,88,0
5592,organic,cautious,T1,3536.36,3,1,0,0,0,0.0,76,0
5595,organic,cautious,T2,8261.08,0,0,0,0,0,0.0,360,0
5596,social,aggressive,T2,5704.14,4,0,1,0,0,0.0,291,1
5597,paid_search,balanced,T2,14529.19,1,1,0,0,0,0.0,68,1
5598,social,balanced,T3+,1978.44,2,2,0,0,0,0.0,16,1
5599,paid_search,cautious,T3+,4180.58,2,0,2,0,0,0.0,200,0
5600,organic,aggressive,T1,78920.83,11,3,6,2,0,16514.64,15,1
5601,social,aggressive,T2,8746.1,3,1,2,0,0,0.0,16,0
5602,social,cautious,T2,14398.77,3,0,1,0,0,0.0,110,1
5604,social,balanced,T3+,7609.94,0,0,0,0,0,0.0,191,0
5605,organic,aggressive,T2,5968.47,3,2,2,0,0,0.0,24,1
5607,bank_partner,cautious,T2,19960.12,4,0,1,0,0,0.0,135,1
5610,organic,balanced,T2,22333.3,3,0,1,0,0,0.0,100,1
5611,social,balanced,T3+,2341.76,3,0,2,0,0,0.0,215,1
5612,paid_search,cautious,T1,3854.32,7,2,3,0,0,0.0,41,0
5613,bank_partner,balanced,T1,3041.02,5,1,2,1,0,290.45,90,1
5614,referral,aggressive,T3+,6255.79,5,0,0,0,0,0.0,268,1
5615,referral,balanced,T3+,10769.18,15,2,5,2,0,4108.389999999999,61,0
5616,referral,cautious,T2,5593.0,6,2,3,1,0,898.75,11,0
5617,referral,aggressive,T3+,853.03,3,1,0,0,0,0.0,79,1
5618,paid_search,balanced,T2,1613.11,4,2,0,0,0,0.0,28,1
5619,social,cautious,T3+,500.0,1,1,0,0,0,0.0,67,1
5620,social,cautious,T3+,3660.52,3,1,0,0,0,0.0,71,0
5621,social,balanced,T2,26195.82,2,0,0,0,0,0.0,113,1
5622,bank_partner,balanced,T2,28618.01,5,1,1,0,0,0.0,51,0
5623,bank_partner,cautious,T2,22119.16,2,1,1,0,0,0.0,76,1
5626,organic,cautious,T2,3625.83,3,0,0,0,0,0.0,249,1
5629,organic,cautious,T2,3702.31,2,0,0,0,0,0.0,131,1
5630,organic,cautious,T1,11931.17,2,0,0,0,0,0.0,113,1
5631,paid_search,cautious,T1,17459.09,5,2,2,0,0,0.0,50,0
5632,organic,aggressive,T3+,2396.77,5,1,4,0,0,0.0,46,1
5633,bank_partner,cautious,T1,64905.88,2,0,1,0,0,0.0,296,1
5634,organic,balanced,T2,24567.22,7,1,1,0,0,0.0,82,1
5635,bank_partner,cautious,T2,24422.7,7,1,6,2,0,11795.810000000001,3,1
5639,organic,cautious,T2,7071.95,1,0,1,0,0,0.0,250,0
5640,organic,cautious,T3+,5841.68,3,0,1,0,0,0.0,166,1
5641,paid_search,aggressive,T2,7844.42,1,1,1,0,0,0.0,60,1
5642,referral,balanced,T3+,2881.38,3,1,2,0,0,0.0,83,0
5643,social,balanced,T3+,1252.75,0,0,0,0,0,0.0,113,0
5644,bank_partner,balanced,T2,23261.22,2,2,1,0,0,0.0,18,1
5646,social,cautious,T3+,35692.27,3,0,0,0,0,0.0,162,0
5647,paid_search,cautious,T1,2705.68,0,0,0,0,0,0.0,195,1
5648,organic,balanced,T2,1601.15,2,0,0,0,0,0.0,142,1
5649,paid_search,aggressive,T2,7846.26,1,1,0,0,0,0.0,56,0
5650,organic,balanced,T1,7371.43,9,4,4,2,1,2069.83,9,1
5651,referral,balanced,T2,19974.81,6,1,2,0,0,0.0,11,1
5652,paid_search,aggressive,T2,7598.87,2,0,0,0,0,0.0,103,1
5653,social,balanced,T3+,816.85,1,0,1,0,0,0.0,188,0
5654,bank_partner,aggressive,T3+,3738.61,3,0,0,0,0,0.0,155,1
5655,organic,balanced,T2,26054.94,4,0,3,0,0,0.0,162,1
5656,organic,balanced,T3+,20594.88,0,0,0,0,0,0.0,323,1
5658,paid_search,balanced,T1,21372.31,1,0,0,0,0,0.0,346,1
5659,organic,cautious,T3+,22851.08,0,0,0,0,0,0.0,214,1
5661,bank_partner,cautious,T1,26560.44,1,1,0,0,0,0.0,68,1
5662,organic,balanced,T2,9375.51,0,0,0,0,0,0.0,269,1
5663,organic,balanced,T3+,2230.91,5,0,1,0,0,0.0,185,1
5664,paid_search,aggressive,T2,4825.14,2,0,1,0,0,0.0,133,0
5665,paid_search,cautious,T1,1893.22,5,0,1,0,0,0.0,139,1
5667,referral,balanced,T1,1395.85,4,0,4,2,0,425.11,102,0
5668,referral,balanced,T1,32761.77,11,3,4,1,0,9027.0,53,0
5669,bank_partner,cautious,T3+,39415.94,9,0,1,3,0,23851.75,171,0
5670,paid_search,balanced,T3+,4207.99,5,1,1,0,0,0.0,80,1
5671,paid_search,cautious,T2,21783.16,1,0,0,0,0,0.0,114,1
5673,organic,balanced,T2,20410.19,8,2,4,1,0,2941.98,15,1
5674,social,cautious,T1,6848.09,1,1,0,0,0,0.0,34,1
5675,referral,cautious,T3+,7727.7,0,0,0,0,0,0.0,156,1
5676,organic,balanced,T1,13852.34,3,0,0,0,0,0.0,221,1
5677,organic,balanced,T2,7263.4,0,0,0,0,0,0.0,278,1
5679,referral,balanced,T3+,4151.45,1,0,0,0,0,0.0,225,1
5680,organic,cautious,T1,12555.67,1,1,1,0,0,0.0,51,1
5681,social,balanced,T1,34340.4,5,1,1,4,2,20233.48,82,0
5683,social,cautious,T3+,6066.3,1,0,0,0,0,0.0,270,1
5684,paid_search,aggressive,T2,14317.57,1,0,0,0,0,0.0,267,1
5685,paid_search,balanced,T2,5689.05,4,0,1,4,0,2653.19,242,0
5686,paid_search,cautious,T1,25753.65,4,0,2,0,0,0.0,203,1
5688,paid_search,cautious,T1,4508.37,0,0,0,0,0,0.0,349,1
5689,social,cautious,T1,19295.03,2,1,1,0,0,0.0,73,0
5690,paid_search,balanced,T3+,6685.06,6,1,0,0,0,0.0,74,0
5692,social,cautious,T3+,5826.83,1,0,1,0,0,0.0,113,1
5693,social,cautious,T2,7389.2,3,0,0,0,0,0.0,165,1
5695,organic,aggressive,T2,8154.44,5,0,1,0,0,0.0,235,1
5696,organic,cautious,T3+,600.39,1,0,0,0,0,0.0,288,1
5697,social,balanced,T2,17518.14,9,1,5,2,0,4612.950000000001,22,1
5699,bank_partner,balanced,T1,45538.03,2,0,0,0,0,0.0,126,1
5701,referral,cautious,T1,53643.57,9,0,1,0,0,0.0,130,1
5702,paid_search,cautious,T3+,7045.59,11,9,3,2,1,3517.99,8,0
5705,referral,balanced,T1,23946.24,5,2,3,3,1,10513.76,36,0
5706,paid_search,cautious,T3+,16155.6,4,0,2,0,0,0.0,130,0
5707,referral,aggressive,T2,62430.05,3,3,2,1,0,11375.35,23,0
5708,organic,balanced,T3+,13462.86,1,1,0,0,0,0.0,75,1
5709,social,cautious,T3+,3049.32,3,0,0,0,0,0.0,208,1
5710,organic,aggressive,T1,3205.01,2,0,1,0,0,0.0,92,1
5712,paid_search,balanced,T2,3723.11,5,0,1,0,0,0.0,170,1
5713,paid_search,cautious,T1,13036.01,1,0,0,0,0,0.0,179,1
5714,organic,balanced,T2,12852.35,3,3,2,0,0,0.0,26,1
5715,organic,cautious,T3+,22180.97,3,0,0,0,0,0.0,96,0
5716,referral,aggressive,T2,5583.87,1,0,0,0,0,0.0,296,1
5717,social,balanced,T3+,89786.08,3,2,1,0,0,0.0,1,1
5718,referral,cautious,T3+,17322.05,1,0,0,0,0,0.0,224,1
5720,referral,cautious,T3+,8299.47,1,1,1,0,0,0.0,86,1
5721,social,aggressive,T3+,27640.15,5,0,1,0,0,0.0,193,1
5722,bank_partner,aggressive,T2,3325.83,5,2,2,0,0,0.0,67,1
5723,organic,balanced,T3+,7303.3,7,1,5,4,0,3013.6899999999996,51,1
5724,paid_search,cautious,T3+,24995.76,5,1,1,0,0,0.0,63,1
5727,organic,balanced,T1,76136.01,5,3,1,0,0,0.0,49,0
5728,organic,balanced,T1,13045.21,4,0,2,0,0,0.0,94,0
5732,paid_search,cautious,T2,10006.79,2,0,1,0,0,0.0,213,1
5733,bank_partner,cautious,T2,196902.25,1,1,1,0,0,0.0,69,1
5734,bank_partner,aggressive,T3+,41345.71,9,2,3,0,0,0.0,41,1
5735,social,balanced,T1,5521.59,2,0,0,0,0,0.0,144,1
5736,referral,balanced,T2,8675.6,12,2,6,1,0,3122.28,3,1
5737,organic,aggressive,T2,3412.52,3,1,0,0,0,0.0,9,1
5738,organic,balanced,T1,5979.2,14,2,4,0,0,0.0,7,0
5739,organic,balanced,T2,9965.25,1,1,1,0,0,0.0,79,0
5740,bank_partner,balanced,T1,2503.59,3,0,2,0,0,0.0,96,1
5742,organic,balanced,T1,12018.99,3,0,3,0,0,0.0,102,1
5744,social,aggressive,T3+,25834.68,0,0,0,0,0,0.0,111,1
5745,social,balanced,T1,97930.36,10,1,3,3,0,39350.88,19,0
5747,referral,aggressive,T2,2538.82,6,0,1,0,0,0.0,142,0
5749,organic,balanced,T1,2482.95,4,3,0,0,0,0.0,46,1
5750,organic,cautious,T3+,3643.55,2,0,1,0,0,0.0,148,1
5752,social,aggressive,T3+,22816.14,1,0,0,0,0,0.0,328,1
5753,bank_partner,aggressive,T3+,11431.8,12,1,2,3,0,7958.15,45,1
5754,social,balanced,T3+,11693.41,3,0,2,0,0,0.0,207,0
5755,social,cautious,T1,30391.14,8,1,4,3,1,12081.29,45,0
5757,organic,aggressive,T1,30812.36,3,0,2,0,0,0.0,109,1
5759,referral,balanced,T1,1988.05,1,0,0,0,0,0.0,93,0
5760,organic,balanced,T3+,1248.35,0,0,0,0,0,0.0,354,1
5761,bank_partner,balanced,T3+,2299.64,4,2,0,0,0,0.0,4,0
5764,organic,cautious,T1,12333.76,2,0,2,0,0,0.0,214,1
5765,organic,aggressive,T3+,777.03,4,0,1,0,0,0.0,240,1
5766,organic,balanced,T3+,10052.78,1,1,1,0,0,0.0,51,1
5767,social,cautious,T3+,13250.2,3,1,0,0,0,0.0,72,0
5770,organic,cautious,T2,5420.31,2,0,1,0,0,0.0,261,1
5771,social,balanced,T3+,28180.52,2,0,0,0,0,0.0,96,0
5773,referral,cautious,T3+,4940.47,0,0,0,0,0,0.0,167,1
5778,organic,cautious,T2,3625.91,5,0,3,0,0,0.0,143,0
5780,referral,cautious,T3+,10206.78,0,0,0,0,0,0.0,106,0
5781,social,balanced,T2,1125.18,0,0,0,0,0,0.0,103,1
5782,referral,balanced,T2,6143.33,4,1,2,2,0,2492.04,87,1
5783,paid_search,cautious,T3+,40530.74,6,1,2,0,0,0.0,21,1
5784,paid_search,balanced,T1,28295.86,4,2,1,0,0,0.0,7,0
5785,referral,balanced,T2,21622.74,7,3,2,0,0,0.0,19,1
5786,social,balanced,T1,3484.4,2,0,0,0,0,0.0,187,1
5787,bank_partner,balanced,T1,23615.22,2,2,1,0,0,0.0,63,0
5789,social,balanced,T2,3111.01,4,0,1,0,0,0.0,96,1
5790,organic,aggressive,T1,3490.5,5,1,2,0,0,0.0,68,0
5791,social,balanced,T2,27309.39,1,0,0,0,0,0.0,179,1
5792,paid_search,cautious,T3+,14295.21,0,0,0,0,0,0.0,186,1
5794,paid_search,cautious,T1,8015.0,2,0,0,0,0,0.0,193,1
5795,organic,balanced,T1,16002.47,2,0,0,0,0,0.0,281,1
5796,referral,balanced,T2,4690.11,2,1,0,0,0,0.0,87,1
5797,organic,balanced,T3+,6918.07,1,0,0,0,0,0.0,312,1
5798,social,balanced,T2,8801.46,1,0,1,0,0,0.0,169,1
5799,organic,cautious,T3+,5414.71,4,0,1,0,0,0.0,95,1
5800,bank_partner,cautious,T3+,20628.27,3,0,1,0,0,0.0,184,1
5802,social,balanced,T3+,2742.92,1,0,0,0,0,0.0,280,1
5803,paid_search,balanced,T2,77251.91,3,1,1,0,0,0.0,7,1
5804,organic,cautious,T3+,1910.8,2,0,1,0,0,0.0,105,1
5805,bank_partner,cautious,T3+,10164.22,5,2,2,2,0,5824.95,48,1
5806,social,cautious,T2,4560.34,4,0,3,2,0,1332.35,189,1
5807,paid_search,balanced,T2,18938.99,1,0,1,0,0,0.0,108,0
5808,social,balanced,T3+,80533.16,2,0,2,0,0,0.0,202,1
5809,paid_search,cautious,T1,4593.74,3,0,0,0,0,0.0,284,1
5810,referral,balanced,T2,10985.72,2,1,0,0,0,0.0,18,1
5811,paid_search,cautious,T3+,48066.03,2,0,1,0,0,0.0,150,1
5812,paid_search,balanced,T1,30524.15,5,0,4,0,0,0.0,286,1
5813,social,balanced,T1,1932.59,4,1,1,0,0,0.0,61,0
5814,organic,aggressive,T2,77116.82,4,1,2,0,0,0.0,62,0
5815,organic,balanced,T1,32681.05,7,2,0,0,0,0.0,63,0
5817,bank_partner,balanced,T1,4670.54,1,0,0,0,0,0.0,241,1
5818,bank_partner,balanced,T2,20995.56,3,2,1,0,0,0.0,49,1
5819,organic,cautious,T2,27690.89,4,0,1,0,0,0.0,175,1
5821,organic,balanced,T1,7989.51,3,2,0,0,0,0.0,9,1
5822,referral,cautious,T3+,6729.59,2,2,2,0,0,0.0,51,0
5823,social,balanced,T1,11832.2,1,1,0,0,0,0.0,72,0
5824,organic,balanced,T1,1707.42,5,0,0,0,0,0.0,173,1
5825,paid_search,aggressive,T2,26835.96,2,0,0,0,0,0.0,246,1
5826,paid_search,aggressive,T2,17387.05,12,3,8,4,2,11283.53,43,1
5827,referral,balanced,T3+,13937.95,4,1,1,0,0,0.0,88,1
5829,social,balanced,T3+,20063.31,2,0,1,0,0,0.0,329,1
5830,referral,cautious,T2,2619.44,2,0,1,1,0,690.29,283,0
5831,bank_partner,aggressive,T1,8896.49,3,2,2,0,0,0.0,30,0
5832,organic,balanced,T3+,28713.68,0,0,0,0,0,0.0,227,1
5833,social,cautious,T3+,8801.16,3,0,0,0,0,0.0,296,1
5834,social,balanced,T1,32906.64,4,0,0,0,0,0.0,291,1
5835,paid_search,cautious,T2,5052.39,2,1,1,0,0,0.0,87,1
5836,bank_partner,balanced,T1,10196.52,15,1,8,2,0,5652.43,2,0
5837,referral,aggressive,T3+,2875.28,6,5,2,2,2,513.18,23,0
5838,paid_search,cautious,T3+,7237.62,0,0,0,0,0,0.0,260,0
5839,referral,balanced,T2,123357.05,3,2,2,0,0,0.0,47,0
5841,social,balanced,T2,16709.94,6,0,5,3,0,4980.71,301,1
5842,paid_search,cautious,T2,1518.43,4,0,0,0,0,0.0,187,0
5843,bank_partner,cautious,T2,31108.91,4,1,2,2,0,17160.75,67,0
5846,bank_partner,cautious,T3+,1840.04,1,0,0,0,0,0.0,241,1
5849,organic,aggressive,T2,12528.85,1,0,0,0,0,0.0,126,0
5850,paid_search,balanced,T3+,5840.72,1,1,1,0,0,0.0,56,1
5851,paid_search,balanced,T1,4041.14,2,0,1,0,0,0.0,219,1
5852,organic,balanced,T2,8688.75,3,0,1,0,0,0.0,163,1
5854,paid_search,cautious,T2,2203.45,2,0,1,0,0,0.0,207,1
5855,paid_search,balanced,T3+,2500.84,0,0,0,0,0,0.0,152,1
5856,paid_search,balanced,T1,4234.12,2,0,1,0,0,0.0,294,1
5857,paid_search,balanced,T3+,3633.63,1,1,0,0,0,0.0,69,1
5858,paid_search,cautious,T2,9377.05,3,0,3,0,0,0.0,293,1
5859,social,cautious,T2,4756.97,5,5,2,0,0,0.0,15,0
5861,organic,aggressive,T3+,3148.04,0,0,0,0,0,0.0,141,1
5862,organic,cautious,T3+,35534.16,2,2,1,0,0,0.0,73,1
5863,organic,balanced,T3+,6101.07,5,1,1,0,0,0.0,60,1
5864,organic,cautious,T3+,32441.46,3,0,2,0,0,0.0,114,1
5865,social,cautious,T2,74979.81,3,2,2,0,0,0.0,46,0
5867,social,balanced,T2,11912.01,6,1,0,1,0,3082.86,38,0
5868,paid_search,cautious,T2,14195.02,1,0,0,0,0,0.0,147,1
5869,paid_search,cautious,T3+,500.0,4,1,1,0,0,0.0,89,1
5871,organic,balanced,T1,16890.77,2,0,0,0,0,0.0,181,0
5872,bank_partner,balanced,T2,14901.81,0,0,0,0,0,0.0,232,1
5874,referral,cautious,T1,28564.61,4,0,2,0,0,0.0,175,1
5877,bank_partner,balanced,T2,29226.58,2,2,2,0,0,0.0,12,1
5878,organic,balanced,T2,2030.05,2,0,1,0,0,0.0,105,1
5879,paid_search,balanced,T3+,8401.23,7,5,2,0,0,0.0,14,1
5880,social,balanced,T1,3496.13,6,2,1,0,0,0.0,19,1
5881,paid_search,aggressive,T2,20513.33,6,2,3,0,0,0.0,31,1
5882,paid_search,aggressive,T2,24515.11,3,0,0,0,0,0.0,160,1
5884,social,cautious,T1,40665.09,3,0,0,0,0,0.0,114,1
5885,paid_search,cautious,T3+,8982.59,0,0,0,0,0,0.0,294,1
5886,organic,balanced,T3+,7171.81,3,0,0,0,0,0.0,95,1
5887,organic,cautious,T1,8346.58,2,0,1,0,0,0.0,184,1
5888,social,balanced,T2,10043.54,3,0,2,0,0,0.0,108,1
5889,social,balanced,T2,7188.71,9,0,6,1,0,2581.95,145,0
5890,organic,balanced,T1,14380.45,1,1,0,0,0,0.0,63,0
5891,referral,cautious,T2,21187.29,1,0,1,0,0,0.0,195,1
5892,referral,aggressive,T2,2280.23,4,2,4,0,0,0.0,18,0
5893,organic,balanced,T3+,3165.19,3,2,1,0,0,0.0,73,0
5894,referral,cautious,T2,15233.94,2,0,1,0,0,0.0,175,1
5896,social,balanced,T3+,130384.34,4,3,1,0,0,0.0,41,1
5897,organic,cautious,T3+,6654.99,1,1,1,0,0,0.0,54,1
5898,organic,cautious,T1,14675.36,1,0,0,0,0,0.0,233,1
5899,referral,cautious,T3+,25230.08,3,1,1,0,0,0.0,69,1
5900,social,cautious,T2,9400.63,4,0,2,0,0,0.0,146,0
5901,organic,balanced,T2,14877.06,2,2,0,0,0,0.0,52,0
5902,social,cautious,T1,17491.57,3,1,1,0,0,0.0,57,0
5903,referral,aggressive,T2,49577.92,8,0,1,0,0,0.0,100,0
5904,referral,cautious,T2,10775.72,5,1,1,0,0,0.0,67,1
5906,paid_search,cautious,T3+,18498.32,0,0,0,0,0,0.0,103,0
5907,bank_partner,balanced,T1,4674.11,4,4,4,0,0,0.0,19,0
5908,referral,balanced,T3+,3350.19,2,0,2,0,0,0.0,102,1
5909,social,aggressive,T1,33712.33,1,0,0,0,0,0.0,257,1
5911,organic,cautious,T2,932.04,2,2,0,0,0,0.0,37,1
5913,bank_partner,cautious,T2,3385.35,2,1,1,0,0,0.0,37,1
5914,bank_partner,cautious,T1,14736.21,0,0,0,0,0,0.0,312,0
5915,social,balanced,T3+,12444.86,1,0,0,0,0,0.0,280,1
5916,organic,balanced,T2,1270.76,1,0,0,0,0,0.0,222,1
5918,bank_partner,aggressive,T3+,4054.92,4,0,1,0,0,0.0,114,1
5919,paid_search,aggressive,T3+,21034.85,1,1,0,0,0,0.0,22,0
5921,referral,balanced,T1,8461.91,0,0,0,0,0,0.0,170,0
5923,social,balanced,T2,3879.88,1,0,0,0,0,0.0,266,0
5924,referral,balanced,T2,1525.07,3,0,0,0,0,0.0,192,1
5927,bank_partner,balanced,T3+,3814.87,2,1,1,0,0,0.0,36,1
5928,social,balanced,T2,23806.84,5,3,0,0,0,0.0,52,1
5930,organic,balanced,T1,5594.74,0,0,0,0,0,0.0,150,1
5931,paid_search,cautious,T2,10567.75,2,1,1,0,0,0.0,72,0
5932,social,balanced,T2,8621.26,4,0,2,0,0,0.0,187,1
5934,organic,aggressive,T2,8122.45,4,1,1,0,0,0.0,21,1
5935,paid_search,cautious,T3+,8710.02,2,0,0,0,0,0.0,139,1
5936,social,balanced,T2,4854.31,1,0,1,0,0,0.0,247,1
5937,bank_partner,balanced,T2,4125.73,4,0,0,0,0,0.0,150,1
5938,social,cautious,T3+,29565.37,2,0,1,0,0,0.0,110,0
5939,social,balanced,T3+,6804.89,0,0,0,0,0,0.0,306,1
5941,paid_search,cautious,T1,4283.59,6,0,1,1,0,635.8,110,0
5942,organic,cautious,T2,20813.17,9,0,3,3,0,12970.220000000001,185,1
5943,organic,cautious,T3+,9917.59,5,3,1,0,0,0.0,1,0
5946,paid_search,balanced,T1,7010.08,1,1,1,0,0,0.0,66,0
5947,paid_search,balanced,T2,2043.52,2,0,0,0,0,0.0,285,1
5948,paid_search,balanced,T3+,16396.02,3,0,1,0,0,0.0,213,0
5949,social,balanced,T1,26909.55,6,0,1,0,0,0.0,154,1
5950,organic,aggressive,T2,21674.57,3,0,1,0,0,0.0,291,1
5951,social,balanced,T3+,8841.7,3,2,0,0,0,0.0,16,1
5952,referral,cautious,T2,6411.2,3,1,1,0,0,0.0,87,1
5954,organic,cautious,T3+,27062.39,7,6,2,0,0,0.0,45,1
5955,organic,aggressive,T2,4471.24,0,0,0,0,0,0.0,180,1
5958,social,balanced,T2,6702.26,0,0,0,0,0,0.0,361,1
5960,social,balanced,T3+,783.83,1,0,0,0,0,0.0,122,1
5961,referral,cautious,T1,7955.61,4,0,1,0,0,0.0,131,0
5962,social,balanced,T2,6903.22,2,1,1,0,0,0.0,17,1
5963,paid_search,aggressive,T2,73614.66,9,3,3,2,1,25071.23,13,1
5965,organic,aggressive,T3+,5944.29,7,0,1,0,0,0.0,120,0
5966,bank_partner,balanced,T2,5044.78,2,0,1,0,0,0.0,285,1
5967,paid_search,cautious,T2,15280.32,3,1,1,0,0,0.0,68,1
5968,social,cautious,T2,658.89,3,0,1,0,0,0.0,120,1
5969,referral,cautious,T1,7069.61,2,0,0,0,0,0.0,179,1
5970,paid_search,balanced,T2,14859.72,2,0,1,0,0,0.0,212,1
5971,social,cautious,T2,15320.47,2,0,1,0,0,0.0,189,0
5972,bank_partner,balanced,T2,51461.16,5,0,1,3,0,26891.91,127,0
5974,social,aggressive,T2,16810.76,5,0,2,0,0,0.0,211,1
5975,social,aggressive,T2,13028.57,4,2,2,0,0,0.0,26,1
5976,referral,balanced,T1,5069.37,2,0,0,0,0,0.0,184,1
5977,organic,aggressive,T3+,22783.14,3,2,0,0,0,0.0,44,0
5978,organic,aggressive,T3+,6164.71,2,1,1,0,0,0.0,37,1
5979,social,cautious,T2,1399.48,3,0,0,0,0,0.0,186,1
5980,referral,balanced,T2,11124.61,1,0,0,0,0,0.0,174,1
5981,referral,cautious,T1,1280.46,5,0,2,0,0,0.0,132,1
5982,social,cautious,T1,59279.46,6,0,2,0,0,0.0,240,1
5983,paid_search,balanced,T3+,8055.59,2,0,0,0,0,0.0,211,1
5986,organic,balanced,T3+,19350.14,5,1,2,0,0,0.0,61,0
5987,paid_search,aggressive,T2,12403.25,9,0,4,0,0,0.0,137,1
5988,social,cautious,T2,15615.19,2,1,0,0,0,0.0,86,1
5991,paid_search,cautious,T2,18211.68,3,0,0,0,0,0.0,218,1
5993,social,balanced,T3+,21784.89,7,3,2,0,0,0.0,36,1
5995,organic,cautious,T3+,18782.17,1,0,0,0,0,0.0,112,1
5996,organic,aggressive,T2,3716.22,3,0,0,0,0,0.0,205,1
5997,paid_search,balanced,T2,35913.76,3,1,1,0,0,0.0,71,0
5998,social,cautious,T1,15603.42,5,1,3,3,1,9558.16,47,1
6001,organic,cautious,T1,3498.69,6,1,5,0,0,0.0,82,1
6002,paid_search,aggressive,T2,20124.15,2,1,1,0,0,0.0,73,1
6003,organic,aggressive,T3+,3770.67,3,0,0,0,0,0.0,234,1
6004,paid_search,aggressive,T1,3056.94,1,0,1,0,0,0.0,122,1
6005,paid_search,balanced,T2,3157.12,2,0,0,0,0,0.0,101,1
6006,paid_search,cautious,T1,3518.49,4,1,1,0,0,0.0,83,0
6007,paid_search,balanced,T2,152177.49,1,0,1,0,0,0.0,110,1
6008,referral,cautious,T1,24626.08,5,0,4,0,0,0.0,249,1
6009,social,balanced,T3+,32612.21,4,1,0,0,0,0.0,42,1
6010,bank_partner,cautious,T1,16177.24,4,2,2,0,0,0.0,84,0
6011,paid_search,balanced,T2,29454.43,10,1,7,2,0,15478.11,56,0
6013,paid_search,cautious,T3+,11945.36,0,0,0,0,0,0.0,231,1
6014,social,cautious,T2,101130.15,5,0,1,0,0,0.0,111,1
6016,social,balanced,T1,350000.0,4,0,1,0,0,0.0,168,1
6017,organic,cautious,T1,86982.11,7,0,4,2,0,23389.25,96,0
6020,organic,balanced,T2,29060.33,1,0,1,0,0,0.0,234,1
6022,organic,cautious,T3+,19202.42,3,1,1,0,0,0.0,82,1
6024,organic,cautious,T3+,20595.9,2,0,1,0,0,0.0,99,1
6025,bank_partner,balanced,T2,6715.73,2,0,1,0,0,0.0,97,1
6027,paid_search,cautious,T3+,6410.46,2,0,0,0,0,0.0,156,1
6028,organic,balanced,T3+,9961.72,3,1,1,0,0,0.0,53,1
6029,social,balanced,T3+,5204.24,6,0,2,1,0,2121.72,170,1
6030,social,cautious,T2,890.11,3,0,1,0,0,0.0,132,1
6031,paid_search,cautious,T2,4250.22,3,2,0,0,0,0.0,72,1
6032,organic,cautious,T3+,16968.54,3,0,1,0,0,0.0,140,1
6033,social,cautious,T2,42408.74,2,2,1,0,0,0.0,50,0
6034,social,cautious,T1,18929.28,1,0,1,0,0,0.0,209,1
6035,organic,balanced,T1,14214.33,5,0,1,0,0,0.0,102,1
6037,social,cautious,T1,2646.88,3,0,0,0,0,0.0,164,1
6039,paid_search,cautious,T2,6243.54,1,1,0,0,0,0.0,47,0
6041,bank_partner,aggressive,T1,10073.51,2,0,1,0,0,0.0,321,1
6042,paid_search,aggressive,T2,23823.17,2,0,0,0,0,0.0,160,1
6044,paid_search,cautious,T3+,9965.27,3,0,0,0,0,0.0,192,1
6045,paid_search,cautious,T1,2223.21,0,0,0,0,0,0.0,174,0
6046,organic,balanced,T2,3992.04,3,1,1,0,0,0.0,46,0
6047,organic,balanced,T2,11690.52,4,1,3,0,0,0.0,6,1
6048,bank_partner,cautious,T1,1807.48,12,5,5,5,2,972.48,24,0
6049,organic,balanced,T2,3834.71,2,0,1,0,0,0.0,174,1
6051,organic,cautious,T2,9867.99,2,0,0,0,0,0.0,184,1
6054,bank_partner,cautious,T2,17890.01,2,0,2,0,0,0.0,300,1
6055,organic,cautious,T3+,10113.67,3,0,1,0,0,0.0,97,0
6056,organic,balanced,T1,4727.12,3,1,1,0,0,0.0,11,1
6058,organic,aggressive,T3+,26465.94,4,0,2,0,0,0.0,117,1
6059,organic,balanced,T3+,4230.0,9,1,8,2,0,1050.87,31,1
6063,social,balanced,T1,5541.32,4,1,3,0,0,0.0,90,1
6064,social,cautious,T3+,10423.54,4,0,1,0,0,0.0,297,1
6065,organic,balanced,T1,12386.92,1,1,0,0,0,0.0,38,0
6066,organic,cautious,T1,14341.24,5,2,2,0,0,0.0,28,0
6069,organic,balanced,T2,53781.57,1,0,0,0,0,0.0,168,1
6070,social,cautious,T1,16228.56,1,1,0,0,0,0.0,21,0
6072,paid_search,balanced,T2,7095.74,1,0,0,0,0,0.0,220,1
6073,organic,cautious,T1,29156.51,1,0,1,0,0,0.0,124,0
6074,organic,balanced,T3+,8691.61,5,3,2,0,0,0.0,19,1
6075,paid_search,balanced,T1,4921.9,0,0,0,0,0,0.0,153,0
6076,organic,balanced,T2,12787.13,3,0,2,0,0,0.0,124,1
6077,referral,cautious,T1,10043.4,6,0,3,0,0,0.0,222,0
6078,paid_search,aggressive,T1,26516.57,8,1,3,0,0,0.0,4,1
6079,paid_search,balanced,T1,5139.75,6,6,3,0,0,0.0,1,0
6080,paid_search,balanced,T3+,16573.98,2,0,1,0,0,0.0,267,1
6081,bank_partner,aggressive,T2,6493.51,3,1,1,0,0,0.0,48,1
6082,organic,balanced,T1,44193.52,0,0,0,0,0,0.0,224,1
6084,organic,aggressive,T2,2967.98,1,0,1,0,0,0.0,140,1
6085,referral,balanced,T1,21883.74,3,0,1,0,0,0.0,317,1
6086,referral,cautious,T3+,15685.95,4,2,2,0,0,0.0,36,0
6087,referral,balanced,T2,29837.05,9,3,5,1,0,6515.18,0,1
6088,paid_search,balanced,T1,48548.4,5,0,1,0,0,0.0,261,1
6089,social,cautious,T3+,54648.06,4,2,1,0,0,0.0,65,1
6090,paid_search,balanced,T2,9167.79,4,0,0,0,0,0.0,268,1
6091,organic,aggressive,T2,11892.99,1,0,1,0,0,0.0,212,1
6093,paid_search,balanced,T2,8189.06,1,0,1,0,0,0.0,170,1
6095,referral,balanced,T1,5795.22,5,2,2,0,0,0.0,45,1
6096,referral,cautious,T1,44915.5,3,0,2,0,0,0.0,193,1
6098,organic,balanced,T2,6593.15,1,0,1,0,0,0.0,271,1
6099,paid_search,balanced,T3+,12833.15,3,2,1,0,0,0.0,66,1
6100,bank_partner,aggressive,T2,25241.02,0,0,0,0,0,0.0,141,1
6101,organic,aggressive,T2,22530.05,4,0,0,0,0,0.0,105,1
6103,referral,cautious,T2,4455.86,3,0,0,0,0,0.0,178,1
6104,bank_partner,cautious,T1,23026.66,5,1,0,0,0,0.0,51,1
6105,referral,aggressive,T2,33103.82,5,1,2,3,0,16521.25,68,1
6106,bank_partner,balanced,T3+,9112.61,5,0,3,0,0,0.0,92,1
6108,organic,cautious,T3+,1920.17,2,1,1,0,0,0.0,40,1
6110,social,cautious,T2,11820.12,3,0,0,0,0,0.0,102,1
6111,social,aggressive,T2,3562.79,2,0,0,0,0,0.0,226,1
6113,paid_search,aggressive,T3+,12536.85,0,0,0,0,0,0.0,251,0
6114,social,balanced,T3+,13815.91,2,1,0,0,0,0.0,88,1
6115,paid_search,balanced,T1,6749.53,1,0,0,0,0,0.0,163,1
6116,paid_search,cautious,T1,3218.77,0,0,0,0,0,0.0,185,1
6117,paid_search,cautious,T3+,16939.72,3,0,3,0,0,0.0,170,1
6118,social,cautious,T1,16001.99,2,2,0,0,0,0.0,84,0
6119,paid_search,cautious,T1,54121.64,1,1,0,0,0,0.0,51,1
6120,social,cautious,T2,3144.3,3,0,1,0,0,0.0,253,1
6121,paid_search,aggressive,T2,24787.75,9,0,3,1,0,8656.91,134,0
6122,referral,cautious,T1,28556.82,6,0,1,0,0,0.0,160,1
6124,social,cautious,T3+,8669.59,6,0,3,0,0,0.0,169,1
6126,bank_partner,cautious,T3+,34787.11,6,0,2,0,0,0.0,91,1
6127,social,cautious,T3+,52535.93,3,0,0,0,0,0.0,129,1
6129,social,balanced,T2,7385.21,3,1,0,0,0,0.0,61,1
6131,bank_partner,cautious,T2,4902.06,3,0,1,0,0,0.0,155,1
6132,social,balanced,T1,9827.01,1,1,0,0,0,0.0,89,1
6134,social,aggressive,T2,2691.52,2,0,0,0,0,0.0,221,1
6136,organic,aggressive,T1,3454.52,2,0,0,0,0,0.0,171,1
6138,paid_search,balanced,T3+,4622.42,3,0,3,0,0,0.0,278,1
6139,paid_search,balanced,T2,17575.34,9,1,6,4,1,6074.9,22,1
6141,organic,cautious,T3+,5571.48,2,2,1,0,0,0.0,41,1
6142,organic,aggressive,T1,1567.02,2,1,0,0,0,0.0,67,1
6144,paid_search,cautious,T3+,13067.36,0,0,0,0,0,0.0,240,1
6145,bank_partner,cautious,T2,5360.81,8,0,2,0,0,0.0,114,1
6148,bank_partner,balanced,T3+,5045.29,5,0,1,0,0,0.0,234,1
6150,paid_search,balanced,T2,42821.96,2,0,1,0,0,0.0,95,1
6152,bank_partner,balanced,T1,1309.94,5,1,1,0,0,0.0,2,0
6153,social,balanced,T2,8369.77,1,0,1,0,0,0.0,151,0
6154,organic,balanced,T1,9790.91,8,0,2,1,0,3086.44,171,1
6155,social,balanced,T3+,6205.6,2,0,1,0,0,0.0,217,1
6156,referral,balanced,T2,8266.29,5,3,2,0,0,0.0,13,0
6161,social,aggressive,T1,7633.66,1,0,0,0,0,0.0,196,1
6162,organic,balanced,T2,50811.66,2,2,2,0,0,0.0,54,1
6165,social,aggressive,T3+,12609.77,0,0,0,0,0,0.0,102,0
6166,organic,cautious,T2,1982.71,3,1,1,0,0,0.0,20,1
6167,bank_partner,cautious,T3+,4151.35,1,0,0,0,0,0.0,319,1
6168,social,aggressive,T1,40620.01,3,1,2,0,0,0.0,66,1
6169,bank_partner,cautious,T2,1153.92,1,0,1,0,0,0.0,116,1
6170,paid_search,aggressive,T3+,16830.2,3,0,2,0,0,0.0,270,1
6171,bank_partner,balanced,T1,28996.73,8,0,6,1,0,10608.83,103,1
6172,organic,balanced,T1,20578.09,5,0,2,1,0,4069.81,154,1
6173,paid_search,aggressive,T1,55750.3,1,0,0,0,0,0.0,154,1
6175,paid_search,balanced,T2,6797.2,2,0,0,0,0,0.0,249,1
6176,social,balanced,T2,35608.87,6,6,3,2,2,14862.35,2,0
6178,referral,cautious,T2,24675.29,13,0,8,3,1,9265.01,99,1
6179,social,aggressive,T1,19336.26,4,0,3,0,0,0.0,331,1
6180,organic,aggressive,T2,25194.94,4,0,1,0,0,0.0,141,1
6181,bank_partner,cautious,T1,3747.47,7,3,1,0,0,0.0,64,0
6182,organic,cautious,T2,12594.45,2,1,1,0,0,0.0,71,1
6184,referral,balanced,T2,4103.17,9,1,4,1,0,1313.19,49,0
6185,social,cautious,T3+,21583.44,9,3,3,2,0,6646.75,17,1
6186,organic,cautious,T3+,5391.72,9,1,1,3,0,2685.4900000000002,80,0
6188,organic,cautious,T3+,5454.09,1,1,1,0,0,0.0,37,1
6190,social,balanced,T2,2053.84,1,0,0,0,0,0.0,156,1
6192,paid_search,balanced,T1,51229.72,5,0,1,0,0,0.0,104,1
6193,organic,balanced,T3+,4810.79,3,0,1,0,0,0.0,105,1
6197,paid_search,cautious,T2,15011.24,4,0,1,0,0,0.0,139,1
6198,organic,cautious,T1,731.9,3,0,2,0,0,0.0,343,1
6199,organic,balanced,T3+,951.68,1,0,0,0,0,0.0,118,1
6200,referral,balanced,T3+,15685.67,2,0,0,0,0,0.0,284,1
6202,referral,balanced,T3+,21319.47,8,2,4,1,0,9282.14,35,1
6203,social,balanced,T1,2136.95,6,1,2,0,0,0.0,69,1
6205,organic,cautious,T2,5881.39,4,0,1,0,0,0.0,120,1
6206,bank_partner,balanced,T3+,52830.25,9,2,4,0,0,0.0,28,0
6208,paid_search,balanced,T2,10853.76,1,0,1,0,0,0.0,277,1
6209,organic,aggressive,T2,10822.94,7,0,3,3,1,5956.31,103,1
6210,referral,balanced,T2,5609.21,1,0,0,0,0,0.0,102,0
6212,social,balanced,T2,4019.05,5,1,2,0,0,0.0,78,1
6213,organic,cautious,T2,24350.85,0,0,0,0,0,0.0,232,0
6215,organic,balanced,T1,15621.53,1,0,0,0,0,0.0,94,1
6218,bank_partner,cautious,T3+,13799.35,6,3,3,0,0,0.0,21,1
6219,organic,aggressive,T1,17741.08,2,0,1,0,0,0.0,235,1
6220,social,cautious,T2,1047.82,4,0,1,0,0,0.0,220,1
6222,paid_search,cautious,T2,2258.94,3,0,2,0,0,0.0,181,1
6224,social,balanced,T2,23809.28,5,0,1,0,0,0.0,147,1
6227,paid_search,balanced,T2,12624.13,3,0,1,0,0,0.0,120,1
6228,social,cautious,T3+,1156.32,1,0,0,0,0,0.0,319,0
6229,social,aggressive,T2,11012.34,3,0,1,0,0,0.0,215,1
6230,social,balanced,T3+,9114.28,2,0,0,0,0,0.0,129,1
6232,social,balanced,T3+,500.0,3,0,2,0,0,0.0,177,1
6233,organic,cautious,T3+,18388.61,8,1,3,2,0,7799.139999999999,3,1
6234,paid_search,cautious,T2,4483.79,0,0,0,0,0,0.0,233,1
6235,organic,aggressive,T1,1873.9,6,0,2,4,2,1111.8,263,1
6236,paid_search,cautious,T1,4410.58,2,1,0,0,0,0.0,67,0
6238,referral,aggressive,T2,38521.79,1,0,0,0,0,0.0,273,1
6239,bank_partner,balanced,T3+,13507.2,12,2,8,1,0,2754.46,29,0
6241,organic,balanced,T3+,15476.99,1,1,1,0,0,0.0,82,0
6242,paid_search,balanced,T2,22988.38,5,2,2,0,0,0.0,65,1
6243,social,balanced,T1,74010.73,5,0,4,0,0,0.0,151,0
6244,paid_search,balanced,T3+,3230.41,4,0,1,0,0,0.0,204,1
6245,organic,balanced,T2,36845.93,3,0,1,0,0,0.0,93,1
6246,social,aggressive,T1,64140.85,1,0,1,0,0,0.0,111,1
6247,paid_search,aggressive,T3+,2949.57,1,1,0,0,0,0.0,24,0
6249,organic,aggressive,T2,2945.19,4,0,2,0,0,0.0,152,1
6250,referral,balanced,T2,13552.83,6,0,1,0,0,0.0,133,1
6251,organic,cautious,T1,1159.58,2,0,1,0,0,0.0,234,1
6252,referral,cautious,T3+,1370.64,7,6,6,2,2,643.08,10,0
6253,organic,aggressive,T3+,8148.01,2,1,1,0,0,0.0,76,1
6256,paid_search,cautious,T1,10328.22,2,1,1,0,0,0.0,59,1
6258,social,cautious,T2,4624.68,7,0,1,0,0,0.0,92,0
6260,organic,balanced,T2,5486.1,1,1,0,0,0,0.0,11,1
6262,social,balanced,T1,17345.93,1,0,0,0,0,0.0,124,1
6263,social,cautious,T3+,4164.92,1,0,0,0,0,0.0,178,1
6264,paid_search,aggressive,T2,14430.73,1,0,1,0,0,0.0,311,1
6265,social,aggressive,T1,18464.51,5,2,0,0,0,0.0,22,0
6266,paid_search,aggressive,T1,26159.66,1,1,0,0,0,0.0,12,1
6267,organic,aggressive,T1,29104.42,1,1,0,0,0,0.0,28,0
6268,paid_search,balanced,T2,6456.86,8,0,2,0,0,0.0,132,1
6269,organic,aggressive,T1,27662.37,1,0,1,0,0,0.0,218,1
6270,paid_search,cautious,T2,6979.69,1,0,0,0,0,0.0,322,1
6272,organic,balanced,T1,2899.06,4,0,3,0,0,0.0,195,0
6273,paid_search,balanced,T3+,12412.13,4,3,3,3,1,5833.29,69,1
6274,referral,balanced,T1,4642.55,1,0,0,0,0,0.0,178,1
6275,organic,cautious,T1,8498.29,2,1,0,0,0,0.0,47,0
6276,paid_search,balanced,T1,15174.86,3,0,2,0,0,0.0,273,1
6277,bank_partner,cautious,T1,3819.88,1,0,1,0,0,0.0,264,1
6278,organic,balanced,T3+,6218.2,10,2,5,3,1,2462.2,37,1
6279,organic,balanced,T2,2543.12,3,0,2,0,0,0.0,234,1
6280,organic,balanced,T3+,2958.77,3,1,0,0,0,0.0,48,1
6282,paid_search,cautious,T2,9221.14,1,0,0,0,0,0.0,169,1
6284,social,cautious,T1,6764.42,0,0,0,0,0,0.0,176,0
6285,organic,aggressive,T1,9764.08,1,0,1,0,0,0.0,104,1
6286,social,aggressive,T2,108848.68,2,2,0,0,0,0.0,59,1
6287,organic,aggressive,T2,18093.2,2,0,1,0,0,0.0,185,0
6288,social,cautious,T2,12392.53,1,0,0,0,0,0.0,242,1
6289,paid_search,balanced,T1,897.19,4,3,0,0,0,0.0,42,0
6290,organic,balanced,T3+,1085.27,1,0,0,0,0,0.0,266,1
6291,referral,aggressive,T2,1660.87,4,0,0,0,0,0.0,169,1
6292,referral,cautious,T2,27151.63,3,0,1,0,0,0.0,110,1
6293,organic,balanced,T2,10151.25,1,0,0,0,0,0.0,232,1
6295,referral,cautious,T3+,14740.54,2,0,0,0,0,0.0,317,1
6297,bank_partner,balanced,T3+,10064.59,5,0,1,0,0,0.0,143,1
6298,organic,cautious,T2,83647.69,2,0,0,0,0,0.0,198,1
6301,organic,balanced,T2,1124.28,1,0,0,0,0,0.0,227,1
6302,paid_search,cautious,T2,3362.48,1,1,1,0,0,0.0,56,1
6303,social,balanced,T1,9319.08,1,0,1,0,0,0.0,101,0
6305,organic,aggressive,T2,19648.28,0,0,0,0,0,0.0,124,1
6306,social,cautious,T1,2740.12,1,1,0,0,0,0.0,90,1
6307,referral,cautious,T2,29937.25,1,1,0,0,0,0.0,75,0
6308,paid_search,cautious,T3+,21115.36,4,0,3,0,0,0.0,162,1
6309,organic,balanced,T2,7816.57,2,0,1,0,0,0.0,281,1
6311,paid_search,cautious,T1,6598.15,2,0,2,0,0,0.0,166,0
6312,social,aggressive,T2,1342.1,1,0,0,0,0,0.0,135,1
6314,social,balanced,T3+,13045.79,2,0,1,0,0,0.0,188,1
6315,paid_search,balanced,T1,1878.59,1,0,0,0,0,0.0,146,0
6316,referral,cautious,T2,4965.71,9,1,7,2,0,2075.96,73,1
6318,organic,balanced,T1,500.0,2,1,0,0,0,0.0,65,0
6319,paid_search,balanced,T1,12367.3,5,0,1,0,0,0.0,218,1
6320,organic,aggressive,T3+,1275.33,2,0,0,0,0,0.0,172,1
6321,social,cautious,T2,4378.78,2,1,0,0,0,0.0,77,1
6324,bank_partner,balanced,T1,5976.37,7,1,0,0,0,0.0,47,0
6325,bank_partner,cautious,T3+,18435.17,3,0,1,0,0,0.0,197,1
6328,organic,balanced,T1,11441.07,10,0,5,1,0,3711.72,156,1
6329,social,balanced,T2,19702.59,3,0,2,0,0,0.0,133,1
6330,social,balanced,T1,500.0,3,1,1,0,0,0.0,51,1
6331,bank_partner,aggressive,T1,72777.37,5,1,1,0,0,0.0,64,0
6332,social,balanced,T3+,17515.91,3,0,0,0,0,0.0,126,0
6335,paid_search,cautious,T3+,26028.01,3,1,2,0,0,0.0,63,1
6336,referral,balanced,T3+,2562.79,1,0,0,0,0,0.0,233,1
6337,referral,cautious,T2,8006.29,0,0,0,0,0,0.0,330,1
6340,organic,cautious,T3+,5309.42,9,1,6,3,0,1805.1100000000001,58,1
6341,social,cautious,T2,48866.38,0,0,0,0,0,0.0,126,1
6342,organic,balanced,T3+,2704.35,1,0,0,0,0,0.0,291,1
6348,organic,balanced,T3+,2377.86,1,0,1,0,0,0.0,179,1
6349,referral,cautious,T2,18073.01,6,3,3,2,1,3782.5299999999997,22,0
6351,bank_partner,aggressive,T2,38968.54,3,0,1,0,0,0.0,191,1
6352,social,cautious,T2,60269.09,2,0,0,0,0,0.0,205,1
6353,referral,aggressive,T3+,4688.59,1,0,0,0,0,0.0,107,1
6355,organic,balanced,T2,5417.18,5,0,3,2,0,1833.05,96,1
6357,paid_search,cautious,T3+,3920.32,3,0,3,0,0,0.0,315,1
6358,organic,balanced,T1,12398.94,1,0,0,0,0,0.0,160,1
6359,referral,balanced,T3+,3736.56,6,1,0,0,0,0.0,52,1
6360,organic,cautious,T1,7798.17,0,0,0,0,0,0.0,147,1
6361,paid_search,aggressive,T1,35758.36,6,4,2,0,0,0.0,0,1
6362,paid_search,balanced,T2,3532.62,2,1,0,0,0,0.0,72,1
6363,social,balanced,T3+,8280.61,8,5,4,2,1,2860.85,3,0
6364,bank_partner,cautious,T1,52370.21,0,0,0,0,0,0.0,317,1
6366,social,balanced,T2,1250.37,4,0,0,0,0,0.0,158,0
6368,social,cautious,T2,16705.65,12,7,3,1,0,3101.53,8,0
6369,social,cautious,T1,25197.34,1,0,0,0,0,0.0,93,1
6371,paid_search,cautious,T2,37252.59,6,0,2,1,0,3962.61,138,0
6372,referral,aggressive,T2,5186.61,3,1,0,0,0,0.0,87,1
6373,referral,balanced,T3+,7410.9,3,0,2,0,0,0.0,252,1
6374,organic,balanced,T3+,7337.24,2,1,1,0,0,0.0,2,1
6375,social,cautious,T2,5264.46,5,3,2,0,0,0.0,12,1
6378,bank_partner,aggressive,T2,10884.28,4,2,2,0,0,0.0,60,0
6380,organic,aggressive,T3+,9601.45,2,0,1,0,0,0.0,119,0
6381,organic,balanced,T3+,20632.94,9,1,6,2,0,7046.3099999999995,26,1
6383,social,cautious,T2,11443.82,5,2,1,0,0,0.0,64,1
6384,paid_search,balanced,T1,3842.42,1,0,1,0,0,0.0,222,1
6385,bank_partner,cautious,T3+,8755.94,1,0,0,0,0,0.0,160,1
6386,paid_search,balanced,T2,5948.63,4,0,1,0,0,0.0,157,0
6388,paid_search,cautious,T1,21531.08,3,2,1,0,0,0.0,35,0
6389,bank_partner,balanced,T1,2761.47,2,0,2,0,0,0.0,141,0
6390,organic,cautious,T1,4970.98,1,0,0,0,0,0.0,163,0
6391,referral,balanced,T2,11039.11,2,0,0,0,0,0.0,317,1
6393,organic,cautious,T2,6579.61,0,0,0,0,0,0.0,193,0
6394,organic,balanced,T3+,3993.49,6,1,2,1,0,1546.84,10,0
6395,organic,balanced,T2,3465.5,1,0,0,0,0,0.0,94,0
6397,referral,balanced,T3+,4455.9,8,0,1,0,0,0.0,224,0
6398,referral,balanced,T2,9018.89,3,1,1,0,0,0.0,20,1
6399,bank_partner,balanced,T3+,2804.86,4,2,1,0,0,0.0,46,1
6400,social,balanced,T1,8910.69,3,0,0,0,0,0.0,151,1
6403,referral,aggressive,T1,21716.99,0,0,0,0,0,0.0,322,1
6404,paid_search,balanced,T2,30071.0,4,0,2,0,0,0.0,158,0
6405,referral,aggressive,T1,17828.48,5,0,2,0,0,0.0,196,1
6406,referral,aggressive,T1,45049.08,2,1,1,0,0,0.0,62,0
6407,organic,balanced,T3+,10644.19,11,1,5,1,0,3868.88,84,1
6408,organic,balanced,T3+,30410.33,12,0,5,1,0,12412.78,141,1
6409,organic,balanced,T2,60666.48,2,1,2,0,0,0.0,27,1
6410,social,cautious,T2,20825.49,2,0,0,0,0,0.0,118,1
6411,bank_partner,balanced,T3+,10995.28,1,0,0,0,0,0.0,332,1
6412,organic,cautious,T1,217794.95,2,0,1,0,0,0.0,156,1
6413,organic,cautious,T1,2369.62,6,0,0,0,0,0.0,139,1
6414,organic,balanced,T3+,3368.74,1,0,0,0,0,0.0,147,1
6415,organic,cautious,T3+,18833.68,0,0,0,0,0,0.0,323,1
6416,paid_search,balanced,T1,7633.44,0,0,0,0,0,0.0,104,1
6418,paid_search,cautious,T2,28530.95,3,3,1,0,0,0.0,22,0
6420,referral,cautious,T2,1265.54,5,2,0,0,0,0.0,1,0
6421,organic,aggressive,T1,33498.62,1,0,0,0,0,0.0,285,1
6422,organic,aggressive,T2,1044.37,4,1,1,0,0,0.0,33,1
6425,organic,aggressive,T1,1414.16,3,3,1,0,0,0.0,8,1
6426,organic,cautious,T1,4842.47,3,0,1,0,0,0.0,151,1
6427,organic,aggressive,T2,32235.03,3,1,0,0,0,0.0,38,1
6428,organic,balanced,T1,12327.18,1,0,1,0,0,0.0,137,1
6429,paid_search,aggressive,T3+,1364.4,3,0,1,0,0,0.0,251,0
6430,paid_search,cautious,T2,6294.72,3,2,3,0,0,0.0,64,0
6431,paid_search,balanced,T2,3568.94,4,0,2,0,0,0.0,253,1
6433,organic,cautious,T2,2617.31,2,0,0,0,0,0.0,206,1
6434,paid_search,cautious,T3+,6091.73,3,1,0,0,0,0.0,90,0
6435,organic,aggressive,T2,5633.34,1,0,0,0,0,0.0,162,0
6436,paid_search,aggressive,T3+,5742.57,4,1,0,0,0,0.0,89,0
6437,organic,cautious,T2,1084.58,2,1,0,0,0,0.0,75,0
6441,organic,cautious,T3+,26240.06,2,0,1,0,0,0.0,135,1
6443,organic,aggressive,T1,15420.71,5,0,1,0,0,0.0,222,1
6444,bank_partner,balanced,T1,51694.06,3,0,1,0,0,0.0,98,1
6448,bank_partner,aggressive,T2,27539.36,1,0,0,0,0,0.0,276,1
6450,bank_partner,aggressive,T3+,8686.66,8,1,3,2,0,1495.21,52,0
6453,paid_search,cautious,T2,4024.45,2,0,2,0,0,0.0,124,1
6454,paid_search,cautious,T3+,9982.26,2,1,0,0,0,0.0,33,0
6455,paid_search,cautious,T3+,18057.45,4,1,1,0,0,0.0,33,1
6456,organic,cautious,T1,13794.86,2,0,0,0,0,0.0,307,0
6457,referral,cautious,T3+,5241.9,4,0,1,0,0,0.0,249,1
6458,referral,cautious,T2,28524.4,2,0,0,0,0,0.0,92,1
6459,organic,aggressive,T3+,6506.27,2,0,0,0,0,0.0,291,1
6460,referral,aggressive,T1,4080.67,2,0,0,0,0,0.0,167,1
6461,paid_search,aggressive,T1,9754.56,1,0,1,0,0,0.0,227,1
6462,referral,cautious,T3+,1474.55,9,1,5,2,1,322.89,52,0
6463,social,cautious,T1,8633.47,1,0,0,0,0,0.0,138,1
6464,paid_search,balanced,T2,2837.01,1,0,0,0,0,0.0,313,0
6465,social,aggressive,T2,4170.23,8,3,2,0,0,0.0,55,1
6467,bank_partner,balanced,T3+,5183.3,3,2,0,0,0,0.0,7,0
6468,social,balanced,T3+,5981.73,2,0,2,0,0,0.0,116,1
6469,paid_search,balanced,T2,1520.17,1,1,0,0,0,0.0,66,1
6470,referral,balanced,T1,4893.41,1,0,1,0,0,0.0,275,1
6473,referral,cautious,T2,3028.97,2,1,1,0,0,0.0,81,1
6475,referral,balanced,T2,1988.27,7,3,0,2,0,603.77,10,1
6476,referral,balanced,T2,10388.26,5,0,3,0,0,0.0,139,1
6477,paid_search,balanced,T1,3896.05,4,2,2,0,0,0.0,49,1
6478,paid_search,cautious,T2,2983.04,3,0,2,0,0,0.0,157,1
6481,social,balanced,T2,89699.14,5,0,2,2,0,30611.83,144,0
6482,bank_partner,cautious,T1,11879.35,8,1,4,2,0,5401.7699999999995,20,1
6483,social,balanced,T2,5552.93,2,0,0,0,0,0.0,155,1
6484,referral,cautious,T2,19146.83,5,0,1,0,0,0.0,122,1
6486,paid_search,balanced,T3+,5617.83,2,0,0,0,0,0.0,226,1
6487,referral,aggressive,T2,14301.13,3,2,1,0,0,0.0,3,1
6488,social,balanced,T1,7837.98,3,1,1,0,0,0.0,73,1
6489,social,balanced,T2,4965.51,3,0,1,0,0,0.0,262,1
6491,organic,cautious,T2,16502.27,6,3,3,1,1,2113.4,42,0
6492,referral,aggressive,T2,22121.73,4,1,2,0,0,0.0,39,0
6495,referral,balanced,T2,1616.52,2,1,2,0,0,0.0,82,1
6496,social,cautious,T2,4641.32,1,1,0,0,0,0.0,75,1
6497,social,cautious,T3+,9568.19,3,0,2,0,0,0.0,215,1
6499,social,cautious,T3+,7632.08,10,0,3,4,0,4710.4400000000005,133,1
6500,referral,balanced,T1,6399.79,1,0,0,0,0,0.0,214,1
6501,organic,balanced,T2,5443.29,1,1,0,0,0,0.0,2,1
6503,organic,cautious,T2,3444.36,3,1,2,0,0,0.0,52,1
6504,organic,balanced,T3+,4782.96,3,1,1,0,0,0.0,61,0
6506,organic,balanced,T1,142408.99,4,0,3,0,0,0.0,153,0
6510,social,cautious,T1,10551.89,4,0,3,0,0,0.0,178,1
6511,social,balanced,T2,157137.61,3,0,1,0,0,0.0,173,1
6512,referral,balanced,T3+,5786.25,4,2,1,0,0,0.0,58,1
6514,referral,balanced,T1,3291.61,3,1,0,0,0,0.0,39,1
6515,organic,balanced,T3+,19328.73,1,0,1,0,0,0.0,195,1
6519,paid_search,cautious,T1,8564.73,8,0,6,3,0,3850.46,156,1
6520,organic,balanced,T3+,15802.94,2,1,1,0,0,0.0,16,1
6521,organic,balanced,T1,5319.17,1,0,0,0,0,0.0,288,1
6522,organic,balanced,T3+,224868.31,7,1,3,0,0,0.0,74,1
6523,social,balanced,T2,3083.35,3,0,2,0,0,0.0,130,1
6524,bank_partner,balanced,T1,12184.08,8,4,5,3,2,6152.620000000001,15,1
6526,bank_partner,cautious,T2,1839.5,5,3,3,2,1,660.6800000000001,39,0
6527,referral,balanced,T1,31118.52,5,0,2,0,0,0.0,136,1
6528,social,balanced,T1,22033.09,1,0,1,0,0,0.0,186,1
6530,referral,balanced,T1,22628.84,4,2,1,0,0,0.0,66,1
6532,social,cautious,T1,4285.74,2,1,1,0,0,0.0,29,1
6533,organic,aggressive,T3+,40123.74,1,0,0,0,0,0.0,116,1
6534,organic,balanced,T3+,10146.87,5,0,2,0,0,0.0,196,1
6535,referral,aggressive,T1,14479.49,2,2,1,0,0,0.0,67,1
6538,referral,aggressive,T2,13567.66,8,0,1,2,0,3714.89,220,0
6539,organic,aggressive,T2,18837.72,4,0,3,0,0,0.0,139,1
6540,paid_search,aggressive,T3+,2266.8,3,0,1,0,0,0.0,165,1
6541,organic,cautious,T2,14118.28,3,2,0,0,0,0.0,50,1
6542,organic,balanced,T1,6502.6,2,1,0,0,0,0.0,40,1
6543,referral,balanced,T2,3408.97,0,0,0,0,0,0.0,234,0
6544,social,aggressive,T2,49900.64,0,0,0,0,0,0.0,195,1
6545,bank_partner,balanced,T1,830.16,4,1,2,0,0,0.0,78,1
6546,organic,aggressive,T1,7753.85,11,3,6,4,1,3949.58,56,1
6547,social,balanced,T1,14596.39,3,2,1,0,0,0.0,29,1
6549,paid_search,aggressive,T3+,2426.57,4,0,1,0,0,0.0,323,1
6550,social,cautious,T2,71185.12,4,0,2,0,0,0.0,149,1
6551,organic,cautious,T2,20417.35,0,0,0,0,0,0.0,360,1
6552,social,balanced,T1,10440.44,4,0,1,0,0,0.0,255,1
6553,bank_partner,cautious,T1,9057.28,3,1,2,0,0,0.0,1,0
6554,social,cautious,T2,54867.81,2,0,1,0,0,0.0,178,1
6555,paid_search,balanced,T3+,9461.1,2,1,2,0,0,0.0,41,0
6556,paid_search,cautious,T1,7650.68,1,0,1,0,0,0.0,184,0
6557,bank_partner,cautious,T2,9469.23,3,0,3,1,0,1453.48,95,0
6559,bank_partner,balanced,T1,23524.11,1,0,1,0,0,0.0,144,1
6560,social,aggressive,T2,20239.49,3,0,0,0,0,0.0,264,1
6562,organic,balanced,T1,7911.23,2,0,1,0,0,0.0,181,1
6563,bank_partner,balanced,T3+,13098.35,2,0,1,0,0,0.0,100,1
6564,social,cautious,T2,16961.48,0,0,0,0,0,0.0,174,1
6565,bank_partner,balanced,T2,10697.81,7,2,6,0,0,0.0,49,1
6567,organic,balanced,T3+,10411.17,4,1,1,0,0,0.0,53,1
6568,bank_partner,balanced,T2,1480.44,2,2,0,0,0,0.0,19,0
6569,referral,cautious,T2,6642.91,3,3,1,0,0,0.0,62,0
6570,bank_partner,cautious,T2,82930.93,5,2,2,0,0,0.0,46,0
6571,referral,balanced,T3+,5346.5,1,0,0,0,0,0.0,257,0
6572,social,balanced,T2,1606.56,9,1,4,4,0,636.0899999999999,47,0
6573,referral,aggressive,T1,16062.11,3,0,1,0,0,0.0,183,1
6574,paid_search,cautious,T2,10503.21,0,0,0,0,0,0.0,165,1
6575,social,cautious,T3+,1664.66,13,0,7,1,0,693.19,95,0
6577,referral,cautious,T1,47866.21,4,0,0,0,0,0.0,132,1
6579,organic,aggressive,T1,10069.46,1,0,1,0,0,0.0,298,1
6580,organic,aggressive,T3+,7630.55,1,0,1,0,0,0.0,208,1
6581,bank_partner,balanced,T1,87342.9,9,1,5,2,0,40822.68,26,0
6582,social,balanced,T3+,3372.76,2,0,1,0,0,0.0,123,0
6583,paid_search,balanced,T1,18353.23,5,2,1,0,0,0.0,50,1
6584,social,aggressive,T2,5912.91,2,0,0,0,0,0.0,163,1
6585,bank_partner,balanced,T2,34344.84,4,0,0,0,0,0.0,128,1
6586,referral,aggressive,T3+,10364.45,2,0,1,0,0,0.0,320,0
6588,bank_partner,balanced,T1,5669.69,7,7,3,2,2,2828.21,9,0
6590,social,balanced,T1,9283.38,6,2,2,2,0,2698.66,7,1
6591,social,balanced,T3+,4031.96,1,0,0,0,0,0.0,121,0
6592,social,balanced,T2,4162.66,5,1,2,0,0,0.0,7,1
6595,paid_search,cautious,T3+,7623.29,3,0,0,0,0,0.0,292,1
6597,bank_partner,balanced,T1,22757.43,4,1,2,4,1,21100.09,44,1
6598,social,balanced,T3+,1413.43,3,1,0,0,0,0.0,89,1
6601,paid_search,cautious,T2,1091.15,1,0,1,0,0,0.0,189,1
6602,referral,cautious,T2,4495.71,8,0,4,2,0,2176.9300000000003,107,0
6603,referral,balanced,T2,6692.37,4,0,0,0,0,0.0,173,1
6606,social,aggressive,T3+,5205.0,4,1,0,0,0,0.0,60,1
6608,social,aggressive,T3+,3080.79,3,0,0,0,0,0.0,99,1
6609,organic,balanced,T1,7076.08,2,2,0,0,0,0.0,55,1
6611,bank_partner,cautious,T1,26262.05,0,0,0,0,0,0.0,340,1
6612,paid_search,aggressive,T3+,9330.36,0,0,0,0,0,0.0,320,1
6613,paid_search,cautious,T2,5639.22,3,0,0,0,0,0.0,256,1
6614,paid_search,cautious,T1,16291.73,1,0,0,0,0,0.0,150,1
6616,referral,cautious,T3+,21401.87,1,0,1,0,0,0.0,242,1
6617,organic,balanced,T1,2649.75,9,1,3,2,0,1303.0,45,1
6618,referral,aggressive,T2,10678.81,7,0,5,2,1,3686.26,125,1
6619,social,aggressive,T2,72635.88,4,0,0,0,0,0.0,187,0
6620,organic,cautious,T3+,20187.32,3,1,1,0,0,0.0,64,0
6621,social,aggressive,T1,8862.91,3,0,0,0,0,0.0,283,1
6622,bank_partner,cautious,T3+,16898.86,4,3,0,0,0,0.0,42,0
6623,organic,cautious,T1,44604.05,6,1,2,0,0,0.0,19,1
6624,paid_search,cautious,T3+,5231.53,2,1,2,0,0,0.0,59,1
6626,paid_search,cautious,T2,10260.2,12,9,8,1,1,2034.93,6,0
6630,organic,cautious,T1,5373.26,9,1,0,0,0,0.0,64,1
6632,organic,balanced,T3+,5200.61,1,1,0,0,0,0.0,73,0
6633,organic,aggressive,T1,4224.22,1,0,0,0,0,0.0,269,1
6634,organic,aggressive,T2,11360.53,1,0,0,0,0,0.0,144,1
6635,paid_search,balanced,T1,33260.82,0,0,0,0,0,0.0,122,1
6636,bank_partner,balanced,T3+,1960.58,5,4,2,4,3,966.0899999999999,31,0
6637,organic,aggressive,T1,3797.75,7,1,3,0,0,0.0,58,1
6638,social,balanced,T2,4597.18,2,1,1,0,0,0.0,73,1
6639,social,balanced,T3+,8497.96,3,3,1,0,0,0.0,39,0
6640,bank_partner,cautious,T1,34395.98,4,2,3,0,0,0.0,22,0
6641,paid_search,balanced,T1,42075.01,2,2,0,0,0,0.0,69,0
6643,paid_search,cautious,T3+,3969.88,5,0,2,0,0,0.0,174,1
6644,social,cautious,T3+,4900.06,3,1,1,0,0,0.0,21,0
6646,organic,balanced,T3+,122593.66,2,2,0,0,0,0.0,33,0
6647,paid_search,balanced,T2,19170.09,7,4,3,1,0,4989.84,53,0
6648,social,balanced,T2,4812.11,4,0,3,0,0,0.0,237,1
6649,paid_search,aggressive,T2,9629.51,11,3,2,0,0,0.0,56,1
6650,social,aggressive,T3+,15600.44,3,0,1,0,0,0.0,195,1
6651,social,cautious,T2,10848.89,0,0,0,0,0,0.0,146,1
6652,paid_search,balanced,T2,15342.94,2,0,1,0,0,0.0,291,0
6653,referral,balanced,T3+,56307.81,0,0,0,0,0,0.0,107,0
6655,organic,balanced,T1,9200.94,0,0,0,0,0,0.0,261,0
6656,paid_search,balanced,T3+,6941.06,1,0,0,0,0,0.0,151,1
6658,social,cautious,T2,6590.56,1,1,0,0,0,0.0,66,1
6659,social,balanced,T1,6567.1,3,0,1,0,0,0.0,207,1
6660,paid_search,cautious,T3+,9930.65,0,0,0,0,0,0.0,254,1
6661,organic,balanced,T2,33973.56,1,0,0,0,0,0.0,165,1
6662,bank_partner,aggressive,T2,19434.46,1,0,1,0,0,0.0,180,1
6664,bank_partner,cautious,T3+,2039.9,2,0,0,0,0,0.0,259,0
6665,organic,balanced,T2,22958.61,4,0,0,0,0,0.0,225,1
6666,referral,balanced,T2,8235.99,3,0,1,0,0,0.0,309,1
6667,bank_partner,balanced,T1,2328.28,3,1,2,0,0,0.0,19,1
6669,paid_search,balanced,T2,6024.17,3,1,0,0,0,0.0,59,1
6671,bank_partner,cautious,T1,5595.67,3,0,1,0,0,0.0,261,1
6673,organic,cautious,T1,8526.94,2,2,0,0,0,0.0,4,0
6674,bank_partner,balanced,T1,3776.04,8,1,1,0,0,0.0,30,0
6675,organic,aggressive,T1,6337.31,6,1,2,0,0,0.0,38,1
6676,bank_partner,balanced,T2,12790.98,2,1,2,0,0,0.0,27,0
6678,organic,balanced,T3+,13964.64,3,0,1,0,0,0.0,108,1
6682,paid_search,cautious,T1,4991.21,1,0,0,0,0,0.0,144,1
6683,organic,balanced,T3+,5499.8,9,2,5,3,1,1994.6499999999999,0,1
6684,organic,aggressive,T1,7500.26,3,0,2,0,0,0.0,222,1
6686,organic,balanced,T1,3941.15,3,0,2,0,0,0.0,183,1
6687,paid_search,cautious,T2,5154.68,1,1,0,0,0,0.0,67,0
6689,organic,aggressive,T2,4962.3,5,1,5,1,0,1422.71,47,1
6690,organic,balanced,T2,12172.52,5,2,1,0,0,0.0,26,0
6691,referral,cautious,T2,4029.73,1,0,0,0,0,0.0,178,1
6693,referral,balanced,T2,28385.03,10,0,5,2,0,5796.6,256,0
6695,organic,balanced,T3+,35092.18,6,1,2,0,0,0.0,27,1
6696,paid_search,balanced,T1,1932.58,1,0,0,0,0,0.0,183,1
6697,referral,cautious,T2,1812.74,3,0,0,0,0,0.0,234,1
6702,paid_search,cautious,T1,1504.34,2,2,0,0,0,0.0,18,0
6704,referral,balanced,T3+,20298.14,5,1,3,1,0,3303.12,78,0
6705,paid_search,balanced,T2,8617.48,4,2,3,0,0,0.0,46,1
6706,social,cautious,T1,27229.74,1,0,1,0,0,0.0,260,0
6709,organic,cautious,T2,6719.56,2,0,0,0,0,0.0,225,1
6711,organic,balanced,T3+,1723.05,6,3,2,0,0,0.0,6,1
6713,social,cautious,T2,3969.6,2,0,1,0,0,0.0,140,1
6716,organic,cautious,T2,3909.46,5,2,1,0,0,0.0,18,1
6718,social,balanced,T2,5041.42,3,1,1,0,0,0.0,42,0
6719,organic,balanced,T2,5697.8,11,0,5,2,0,3091.05,120,1
6721,referral,balanced,T1,3726.47,5,0,1,1,0,1581.05,123,1
6722,referral,balanced,T1,23096.09,1,0,0,0,0,0.0,234,1
6725,referral,balanced,T1,8169.87,3,0,2,0,0,0.0,165,1
6726,organic,balanced,T1,28246.97,3,0,3,0,0,0.0,122,1
6727,organic,cautious,T1,4373.26,2,1,0,0,0,0.0,0,0
6728,paid_search,balanced,T1,5107.92,2,0,1,0,0,0.0,142,1
6729,organic,cautious,T3+,5124.01,5,0,2,0,0,0.0,108,1
6730,paid_search,cautious,T2,5970.12,2,0,1,0,0,0.0,310,1
6731,organic,balanced,T3+,11536.43,4,1,2,0,0,0.0,2,1
6732,social,cautious,T3+,4492.55,6,1,2,0,0,0.0,54,1
6733,organic,balanced,T3+,35625.05,8,1,6,3,0,19707.37,16,0
6735,referral,balanced,T2,40488.36,5,0,1,0,0,0.0,141,1
6737,paid_search,balanced,T2,3666.37,3,0,2,0,0,0.0,172,1
6738,paid_search,cautious,T2,2870.23,1,1,1,0,0,0.0,82,0
6739,organic,cautious,T3+,15289.27,2,0,0,0,0,0.0,161,1
6740,bank_partner,balanced,T3+,20897.99,0,0,0,0,0,0.0,119,1
6742,bank_partner,cautious,T3+,2568.41,5,1,2,0,0,0.0,39,1
6744,social,cautious,T2,4207.58,2,1,2,0,0,0.0,13,1
6745,paid_search,balanced,T3+,6360.77,1,0,0,0,0,0.0,250,1
6746,organic,balanced,T1,990.98,3,1,2,0,0,0.0,18,1
6747,organic,balanced,T1,10623.22,4,2,1,0,0,0.0,11,0
6748,organic,cautious,T3+,2786.54,0,0,0,0,0,0.0,347,1
6749,social,cautious,T2,4349.38,3,0,1,0,0,0.0,127,1
6750,paid_search,aggressive,T2,4952.6,10,8,2,1,1,1300.79,16,0
6752,social,cautious,T3+,16559.66,5,3,0,0,0,0.0,31,0
6753,bank_partner,balanced,T3+,11514.12,2,1,1,0,0,0.0,36,0
6756,bank_partner,balanced,T1,4401.45,5,2,2,0,0,0.0,70,1
6757,organic,cautious,T3+,31199.32,4,3,2,0,0,0.0,9,0
6758,organic,balanced,T3+,50549.32,3,0,2,0,0,0.0,177,1
6760,social,cautious,T2,44732.21,3,0,1,0,0,0.0,104,1
6761,organic,aggressive,T3+,1097.09,6,0,2,0,0,0.0,138,1
6764,paid_search,cautious,T2,9550.52,1,0,0,0,0,0.0,105,1
6766,organic,balanced,T2,10520.99,2,0,0,0,0,0.0,130,0
6767,organic,balanced,T1,855.44,3,0,2,0,0,0.0,239,1
6768,organic,aggressive,T3+,11534.99,3,0,2,0,0,0.0,217,1
6769,social,cautious,T2,1664.99,3,0,1,0,0,0.0,221,1
6770,referral,cautious,T3+,47394.9,4,0,3,2,0,30239.69,131,0
6771,organic,balanced,T2,1925.1,3,1,1,0,0,0.0,64,0
6772,organic,balanced,T2,40787.95,9,0,4,2,0,20353.129999999997,161,1
6773,social,aggressive,T2,2100.65,4,0,1,0,0,0.0,254,1
6775,paid_search,aggressive,T2,5045.67,2,0,1,0,0,0.0,264,1
6776,referral,aggressive,T2,1600.11,3,0,0,0,0,0.0,92,1
6777,referral,balanced,T3+,4614.7,2,0,0,0,0,0.0,201,1
6778,paid_search,balanced,T1,6828.51,1,0,0,0,0,0.0,210,1
6779,referral,aggressive,T1,3888.81,6,0,2,0,0,0.0,118,1
6780,referral,aggressive,T1,28822.12,1,1,0,0,0,0.0,55,1
6782,social,balanced,T2,8215.24,1,0,0,0,0,0.0,327,1
6783,social,cautious,T1,23374.19,1,0,1,0,0,0.0,137,0
6784,referral,balanced,T2,10367.33,4,0,4,0,0,0.0,106,1
6785,paid_search,balanced,T3+,3916.93,1,0,0,0,0,0.0,269,1
6786,paid_search,cautious,T1,4348.94,2,1,0,0,0,0.0,40,1
6788,organic,balanced,T2,3027.8,2,0,0,0,0,0.0,110,1
6789,referral,balanced,T2,19638.64,3,2,1,0,0,0.0,67,0
6790,organic,balanced,T2,18273.17,3,3,0,0,0,0.0,4,0
6791,organic,aggressive,T3+,52546.24,9,0,4,0,0,0.0,119,1
6793,paid_search,balanced,T1,5823.68,10,1,5,0,0,0.0,71,1
6794,referral,cautious,T2,5019.96,3,0,2,0,0,0.0,107,0
6796,organic,cautious,T3+,19983.74,2,2,0,0,0,0.0,45,1
6799,bank_partner,cautious,T3+,3647.88,1,0,0,0,0,0.0,102,1
6800,paid_search,balanced,T1,16438.71,4,1,2,0,0,0.0,87,1
6801,referral,balanced,T3+,1170.95,1,0,1,0,0,0.0,353,1
6802,organic,balanced,T3+,4104.11,1,0,0,0,0,0.0,243,1
6804,paid_search,cautious,T2,24047.83,2,0,0,0,0,0.0,233,1
6805,organic,balanced,T1,15461.74,3,0,2,0,0,0.0,238,0
6807,organic,balanced,T2,42998.84,3,0,0,0,0,0.0,176,0
6808,organic,cautious,T1,20276.59,7,4,2,0,0,0.0,20,0
6809,organic,balanced,T1,15059.93,5,0,3,2,0,4760.75,132,1
6810,organic,aggressive,T1,57429.77,9,2,4,0,0,0.0,29,1
6811,bank_partner,cautious,T2,15979.1,3,2,1,2,1,4588.33,73,1
6812,organic,cautious,T3+,13583.24,4,1,3,0,0,0.0,26,0
6813,social,cautious,T1,17054.44,5,1,2,0,0,0.0,59,0
6814,organic,cautious,T3+,1565.01,3,1,1,0,0,0.0,39,1
6815,referral,aggressive,T3+,14560.0,0,0,0,0,0,0.0,236,0
6816,referral,balanced,T3+,14650.32,6,3,4,2,1,6184.52,20,0
6817,social,balanced,T2,24956.76,3,1,0,0,0,0.0,46,0
6818,bank_partner,cautious,T1,2082.38,2,0,1,0,0,0.0,256,1
6819,organic,cautious,T2,8111.3,0,0,0,0,0,0.0,283,1
6820,organic,balanced,T3+,500.0,5,4,1,0,0,0.0,0,1
6821,paid_search,aggressive,T1,4759.27,7,3,4,1,0,504.31,18,0
6822,social,balanced,T2,30336.02,1,0,0,0,0,0.0,233,1
6824,bank_partner,cautious,T2,10741.51,4,3,0,0,0,0.0,70,0
6826,bank_partner,aggressive,T1,7612.49,6,1,5,0,0,0.0,51,1
6827,organic,cautious,T2,6459.01,5,1,2,1,0,2567.9,36,0
6828,referral,balanced,T3+,2695.57,10,0,3,1,0,1203.11,125,0
6829,organic,cautious,T1,1432.46,2,1,1,0,0,0.0,64,0
6830,paid_search,balanced,T1,3685.33,3,0,1,0,0,0.0,112,1
6831,paid_search,balanced,T1,7655.97,3,0,1,0,0,0.0,94,1
6832,bank_partner,cautious,T3+,2817.6,5,5,1,0,0,0.0,10,0
6833,social,balanced,T3+,709.3,6,4,2,0,0,0.0,16,1
6834,social,cautious,T3+,10625.59,3,2,0,0,0,0.0,49,1
6835,organic,aggressive,T3+,1890.07,4,1,0,0,0,0.0,90,0
6836,organic,balanced,T2,8373.51,3,0,3,0,0,0.0,153,1
6837,referral,balanced,T1,679.15,4,3,2,0,0,0.0,38,0
6838,referral,cautious,T2,5321.72,6,0,1,0,0,0.0,134,1
6839,paid_search,balanced,T1,9715.84,1,1,0,0,0,0.0,73,1
6840,paid_search,cautious,T2,2295.43,3,0,0,0,0,0.0,109,0
6841,paid_search,balanced,T2,31296.35,3,1,3,0,0,0.0,52,1
6842,organic,balanced,T3+,6697.27,1,1,1,0,0,0.0,32,0
6843,paid_search,balanced,T1,9883.08,1,0,0,0,0,0.0,96,1
6844,paid_search,balanced,T2,75533.21,2,0,0,0,0,0.0,258,1
6848,referral,balanced,T3+,11570.31,1,0,1,0,0,0.0,115,1
6849,organic,balanced,T2,4271.23,1,0,0,0,0,0.0,143,0
6850,organic,balanced,T3+,2930.15,2,0,0,0,0,0.0,217,0
6851,bank_partner,aggressive,T1,97228.97,0,0,0,0,0,0.0,161,1
6852,paid_search,aggressive,T2,3674.62,1,0,0,0,0,0.0,97,1
6854,bank_partner,cautious,T2,1674.48,1,0,1,0,0,0.0,286,0
6855,bank_partner,balanced,T3+,22798.8,4,0,2,3,0,17604.75,121,1
6856,referral,balanced,T3+,4980.76,3,1,2,0,0,0.0,34,1
6857,organic,balanced,T3+,36710.05,7,1,2,0,0,0.0,14,0
6859,organic,balanced,T1,38970.41,3,0,2,0,0,0.0,194,1
6861,social,cautious,T1,20142.33,8,0,3,3,0,13482.51,95,1
6862,organic,cautious,T2,2325.51,8,2,5,3,2,1570.86,21,0
6863,organic,balanced,T1,9658.36,1,0,0,0,0,0.0,108,1
6864,organic,cautious,T3+,31483.8,1,0,0,0,0,0.0,158,0
6866,referral,balanced,T3+,27351.79,2,0,0,0,0,0.0,150,1
6869,organic,balanced,T3+,8038.99,1,1,0,0,0,0.0,18,1
6870,paid_search,cautious,T2,48817.06,5,1,3,0,0,0.0,27,1
6871,organic,cautious,T3+,2778.03,0,0,0,0,0,0.0,351,1
6872,organic,cautious,T2,4433.47,5,0,2,0,0,0.0,183,1
6873,social,balanced,T2,14011.88,5,2,2,0,0,0.0,30,1
6874,organic,aggressive,T1,6561.68,2,1,0,0,0,0.0,90,1
6875,organic,balanced,T3+,86423.75,9,0,4,2,0,40027.61,141,1
6877,paid_search,balanced,T2,7722.5,2,0,2,0,0,0.0,299,1
6878,paid_search,balanced,T3+,6639.51,2,0,1,0,0,0.0,177,1
6879,organic,cautious,T3+,9755.22,3,0,2,0,0,0.0,218,1
6880,organic,aggressive,T3+,2625.66,1,0,1,0,0,0.0,146,1
6881,paid_search,balanced,T2,10128.86,3,0,1,0,0,0.0,96,1
6882,organic,balanced,T3+,17949.39,2,0,0,0,0,0.0,134,1
6884,paid_search,balanced,T2,45146.92,6,1,4,2,0,23980.879999999997,43,1
6886,paid_search,balanced,T1,15128.94,2,2,1,0,0,0.0,53,1
6888,organic,cautious,T2,6224.32,1,0,0,0,0,0.0,193,1
6889,social,balanced,T3+,3453.52,7,3,3,2,1,1971.26,3,0
6890,social,balanced,T3+,21513.56,2,0,1,0,0,0.0,227,1
6891,referral,balanced,T3+,30659.64,2,0,1,0,0,0.0,172,1
6892,paid_search,aggressive,T2,47436.71,4,0,0,0,0,0.0,199,1
6893,social,aggressive,T2,83694.21,3,0,1,0,0,0.0,289,1
6894,organic,cautious,T2,31608.82,2,1,1,0,0,0.0,36,1
6895,organic,aggressive,T2,6659.42,4,0,0,0,0,0.0,98,1
6897,bank_partner,balanced,T3+,10195.71,5,0,2,4,1,7129.71,136,0
6898,social,cautious,T2,2633.02,11,3,8,3,0,1509.96,71,1
6899,social,aggressive,T1,25500.08,3,1,2,0,0,0.0,80,1
6900,organic,aggressive,T3+,22167.46,8,2,6,4,1,6069.99,70,1
6901,organic,balanced,T1,15157.57,2,2,0,0,0,0.0,51,0
6903,paid_search,balanced,T2,6129.81,3,1,3,0,0,0.0,66,1
6904,paid_search,aggressive,T3+,4628.23,1,0,0,0,0,0.0,281,0
6906,bank_partner,cautious,T3+,14508.41,2,1,2,0,0,0.0,80,0
6908,social,cautious,T2,1475.87,1,0,1,0,0,0.0,119,1
6909,organic,balanced,T2,13920.96,1,0,1,0,0,0.0,316,1
6910,organic,cautious,T1,11853.63,3,3,3,0,0,0.0,52,1
6912,social,cautious,T3+,2409.37,1,0,0,0,0,0.0,313,1
6913,organic,balanced,T3+,9061.05,2,1,1,0,0,0.0,5,1
6914,paid_search,balanced,T3+,21515.05,0,0,0,0,0,0.0,292,1
6916,organic,aggressive,T3+,2045.06,8,0,1,0,0,0.0,209,1
6918,referral,cautious,T2,54797.52,2,1,0,0,0,0.0,75,1
6919,organic,cautious,T2,10509.55,7,4,2,1,0,4711.41,39,1
6920,referral,aggressive,T3+,5557.26,2,0,0,0,0,0.0,134,1
6923,bank_partner,balanced,T3+,4978.42,8,5,4,0,0,0.0,15,0
6925,organic,cautious,T1,2267.13,3,0,0,0,0,0.0,168,0
6927,bank_partner,balanced,T2,8315.12,2,0,0,0,0,0.0,245,1
6928,organic,cautious,T2,962.09,4,3,1,0,0,0.0,51,1
6929,referral,balanced,T1,2831.65,3,1,0,0,0,0.0,66,1
6930,organic,cautious,T3+,30931.73,2,0,1,0,0,0.0,302,1
6931,paid_search,balanced,T3+,5988.67,3,0,1,1,0,776.91,170,1
6932,organic,aggressive,T2,26043.08,3,0,0,0,0,0.0,123,1
6933,referral,balanced,T1,2152.42,2,1,1,0,0,0.0,42,1
6934,paid_search,cautious,T1,1888.97,0,0,0,0,0,0.0,270,1
6935,organic,balanced,T3+,29172.08,2,0,1,0,0,0.0,107,0
6936,paid_search,cautious,T2,75442.78,1,0,0,0,0,0.0,264,1
6938,organic,cautious,T2,21560.97,2,2,1,0,0,0.0,36,1
6939,paid_search,cautious,T2,8911.02,8,1,4,2,0,2715.29,22,1
6940,organic,balanced,T3+,17463.19,6,0,3,1,0,6796.13,95,0
6941,organic,balanced,T2,8017.83,7,0,2,0,0,0.0,101,1
6942,bank_partner,balanced,T2,3287.64,1,0,0,0,0,0.0,301,0
6944,referral,balanced,T3+,3067.28,3,0,1,0,0,0.0,102,1
6945,social,aggressive,T1,16586.09,3,1,1,0,0,0.0,90,0
6946,paid_search,aggressive,T3+,45924.94,2,0,0,0,0,0.0,98,0
6948,bank_partner,balanced,T1,25596.75,0,0,0,0,0,0.0,288,1
6949,social,aggressive,T1,1655.94,4,1,1,0,0,0.0,30,1
6955,paid_search,cautious,T2,12851.31,3,1,0,0,0,0.0,27,1
6956,organic,balanced,T3+,7755.26,5,2,3,0,0,0.0,30,0
6959,bank_partner,aggressive,T2,5555.76,3,1,1,0,0,0.0,39,0
6960,bank_partner,balanced,T3+,2015.28,0,0,0,0,0,0.0,214,1
6961,organic,aggressive,T2,3984.28,2,1,1,0,0,0.0,71,0
6962,social,aggressive,T3+,13265.37,3,0,0,0,0,0.0,139,1
6963,social,cautious,T2,2474.63,6,6,5,2,2,722.86,32,0
6964,paid_search,balanced,T1,4352.05,0,0,0,0,0,0.0,169,1
6965,organic,balanced,T1,2491.61,4,2,1,0,0,0.0,49,1
6966,organic,aggressive,T3+,41887.62,8,0,5,0,0,0.0,132,1
6968,referral,balanced,T2,3927.08,2,2,1,0,0,0.0,5,1
6969,organic,cautious,T2,18409.76,8,5,3,2,1,6334.57,5,0
6970,social,aggressive,T2,11834.0,4,4,1,0,0,0.0,7,0
6971,organic,cautious,T2,9353.59,1,0,0,0,0,0.0,109,0
6972,organic,balanced,T2,24253.57,4,2,3,0,0,0.0,69,1
6973,social,balanced,T3+,714.96,2,0,1,0,0,0.0,129,1
6974,bank_partner,aggressive,T1,15917.46,8,0,2,0,0,0.0,241,1
6975,paid_search,cautious,T2,11319.93,1,0,0,0,0,0.0,220,1
6976,social,cautious,T2,7191.83,10,1,5,3,0,3874.7,83,1
6977,paid_search,balanced,T3+,8339.17,3,0,1,0,0,0.0,206,1
6978,paid_search,aggressive,T3+,6392.48,4,0,1,0,0,0.0,183,1
6979,bank_partner,aggressive,T1,10975.06,6,3,1,0,0,0.0,54,0
6980,paid_search,cautious,T3+,1837.33,2,0,0,0,0,0.0,97,1
6981,organic,cautious,T1,20183.34,1,1,0,0,0,0.0,61,0
6982,paid_search,balanced,T2,9277.21,1,0,0,1,0,1000.19,134,0
6983,organic,aggressive,T2,10152.62,9,0,4,3,0,5169.65,113,1
6986,social,aggressive,T3+,500.0,1,0,0,0,0,0.0,294,1
6988,organic,balanced,T3+,3261.67,2,0,0,0,0,0.0,97,0
6989,social,cautious,T1,11361.89,2,0,1,0,0,0.0,133,1
6990,social,cautious,T2,7685.7,2,1,0,0,0,0.0,43,1
6991,social,aggressive,T1,4540.6,4,3,2,0,0,0.0,57,1
6992,social,balanced,T2,123916.15,6,2,1,0,0,0.0,6,1
6994,organic,balanced,T3+,5504.14,0,0,0,0,0,0.0,171,1
6995,bank_partner,aggressive,T3+,3428.83,7,0,4,0,0,0.0,132,0
6997,referral,balanced,T1,4619.24,1,0,0,0,0,0.0,115,0
6998,social,balanced,T2,9140.35,0,0,0,0,0,0.0,293,1
6999,social,balanced,T2,49603.63,6,1,3,1,0,11016.25,13,1
7000,paid_search,balanced,T3+,4482.4,4,2,0,0,0,0.0,12,1
7003,bank_partner,aggressive,T2,8628.75,3,0,3,0,0,0.0,111,1
7004,referral,aggressive,T1,5405.58,3,2,2,0,0,0.0,68,1
7006,paid_search,balanced,T2,9816.58,2,0,1,0,0,0.0,243,1
7008,organic,balanced,T2,13233.88,3,0,2,1,0,4423.61,200,0
7009,referral,balanced,T1,27384.67,2,0,1,0,0,0.0,133,0
7010,organic,cautious,T1,248943.98,1,0,1,0,0,0.0,125,0
7011,paid_search,cautious,T3+,3465.59,2,0,0,0,0,0.0,121,1
7012,referral,cautious,T3+,1785.02,0,0,0,0,0,0.0,211,1
7014,paid_search,cautious,T3+,3202.21,2,0,1,0,0,0.0,265,1
7017,social,balanced,T2,10249.65,1,0,0,0,0,0.0,127,1
7018,social,balanced,T1,813.49,2,1,1,0,0,0.0,73,0
7019,referral,cautious,T2,26398.9,3,0,0,0,0,0.0,212,1
7020,paid_search,balanced,T3+,42373.14,6,1,1,0,0,0.0,69,0
7021,referral,balanced,T3+,20966.97,6,4,0,2,0,10599.06,50,0
7022,bank_partner,cautious,T1,12145.76,5,2,4,0,0,0.0,12,0
7023,paid_search,cautious,T3+,21534.65,2,0,2,0,0,0.0,92,1
7025,organic,balanced,T2,20076.98,7,7,4,0,0,0.0,14,0
7026,bank_partner,balanced,T1,2158.53,1,0,1,0,0,0.0,310,1
7027,organic,cautious,T1,4518.61,5,1,1,0,0,0.0,24,1
7028,paid_search,cautious,T2,3087.45,2,0,0,0,0,0.0,177,1
7029,social,cautious,T3+,2149.46,4,1,1,0,0,0.0,6,1
7030,organic,cautious,T1,9663.33,3,0,0,0,0,0.0,174,1
7031,organic,cautious,T3+,12685.06,4,1,1,0,0,0.0,11,1
7033,referral,cautious,T2,23872.69,3,0,1,0,0,0.0,144,1
7036,social,aggressive,T3+,1432.07,0,0,0,0,0,0.0,124,0
7038,social,cautious,T1,20674.37,2,1,0,0,0,0.0,9,1
7040,organic,cautious,T3+,15252.23,5,0,3,0,0,0.0,248,1
7041,organic,balanced,T1,63844.52,3,0,2,0,0,0.0,136,1
7042,social,cautious,T3+,5160.05,1,0,0,0,0,0.0,191,1
7044,paid_search,cautious,T2,3606.93,3,1,0,0,0,0.0,3,1
7046,referral,balanced,T2,17976.63,3,1,2,0,0,0.0,59,1
7048,social,cautious,T2,2642.31,1,0,1,0,0,0.0,212,1
7049,organic,cautious,T2,5408.44,4,0,3,0,0,0.0,156,1
7050,paid_search,balanced,T2,26118.77,0,0,0,0,0,0.0,162,1
7052,organic,cautious,T3+,13650.22,2,0,0,0,0,0.0,125,1
7053,organic,balanced,T3+,10333.18,2,0,1,0,0,0.0,203,1
7054,paid_search,cautious,T3+,3060.92,1,0,0,0,0,0.0,262,0
7055,bank_partner,cautious,T3+,9282.21,9,1,5,2,0,4325.639999999999,77,0
7058,bank_partner,balanced,T3+,8954.76,6,0,2,1,0,1004.1,124,1
7059,paid_search,balanced,T2,5868.49,3,0,1,0,0,0.0,223,1
7060,social,cautious,T2,5931.23,3,1,2,0,0,0.0,77,1
7062,paid_search,aggressive,T1,20698.83,3,2,0,0,0,0.0,45,1
7065,organic,balanced,T3+,9240.55,11,2,6,2,0,4455.549999999999,46,1
7066,social,balanced,T3+,5167.12,4,2,2,0,0,0.0,5,1
7067,social,cautious,T3+,14552.53,4,4,2,0,0,0.0,12,1
7068,referral,balanced,T2,4586.53,1,0,0,0,0,0.0,99,1
7069,referral,cautious,T1,6184.58,4,0,2,0,0,0.0,106,0
7070,organic,balanced,T1,18436.71,2,0,1,0,0,0.0,159,1
7071,referral,cautious,T2,2067.73,3,0,2,0,0,0.0,177,1
7072,organic,aggressive,T2,18498.99,3,0,2,0,0,0.0,242,1
7073,paid_search,aggressive,T3+,9847.26,1,0,0,0,0,0.0,132,1
7075,organic,balanced,T3+,7619.57,2,0,1,0,0,0.0,125,1
7077,paid_search,balanced,T1,24674.01,0,0,0,0,0,0.0,121,0
7078,organic,balanced,T3+,2791.18,6,1,3,2,0,420.72,77,1
7080,bank_partner,balanced,T2,1317.76,0,0,0,0,0,0.0,235,1
7081,organic,balanced,T3+,13226.87,4,1,2,3,1,8426.33,23,0
7082,referral,cautious,T2,3024.19,1,0,0,0,0,0.0,258,1
7085,organic,aggressive,T1,15530.48,4,2,2,0,0,0.0,21,0
7086,paid_search,cautious,T1,7698.91,2,2,1,0,0,0.0,68,0
7087,social,aggressive,T2,27093.54,0,0,0,0,0,0.0,169,0
7088,organic,aggressive,T1,6633.11,0,0,0,0,0,0.0,222,1
7089,organic,cautious,T2,1572.11,8,1,1,0,0,0.0,24,1
7090,organic,aggressive,T3+,97932.4,3,0,1,0,0,0.0,230,1
7091,paid_search,aggressive,T1,79666.97,4,1,3,1,0,17074.24,4,1
7092,organic,aggressive,T3+,2160.18,6,0,3,0,0,0.0,257,0
7094,paid_search,balanced,T1,8498.14,5,0,3,2,0,3731.71,180,0
7096,organic,cautious,T3+,13981.18,4,1,0,0,0,0.0,48,1
7097,organic,balanced,T1,6123.96,6,1,4,0,0,0.0,89,1
7098,social,aggressive,T1,29892.76,1,0,0,0,0,0.0,294,1
7099,organic,cautious,T2,2678.08,0,0,0,0,0,0.0,141,1
7100,organic,cautious,T1,2241.14,5,0,2,0,0,0.0,162,1
7101,referral,cautious,T1,5625.92,5,0,2,0,0,0.0,316,1
7104,social,balanced,T2,8842.95,4,0,1,0,0,0.0,254,0
7105,organic,cautious,T3+,11378.9,5,0,1,0,0,0.0,195,0
7106,bank_partner,cautious,T1,8593.85,10,2,5,1,0,852.93,9,0
7107,social,balanced,T3+,1087.32,1,0,1,0,0,0.0,176,1
7108,organic,balanced,T3+,8747.79,2,1,0,0,0,0.0,67,1
7109,organic,balanced,T1,9109.3,2,0,1,0,0,0.0,170,1
7110,organic,cautious,T2,6861.82,5,1,0,0,0,0.0,75,1
7111,social,balanced,T3+,25461.58,4,3,0,0,0,0.0,9,1
7112,social,cautious,T2,7389.12,2,0,0,0,0,0.0,210,1
7114,bank_partner,balanced,T2,1210.2,5,0,2,0,0,0.0,248,1
7118,organic,balanced,T2,8882.12,1,0,1,0,0,0.0,311,1
7119,organic,balanced,T1,26372.41,1,0,0,0,0,0.0,151,1
7120,referral,balanced,T1,12553.7,0,0,0,0,0,0.0,137,1
7122,bank_partner,cautious,T1,3847.92,6,2,2,2,0,1678.38,14,0
7124,paid_search,balanced,T2,40615.14,6,2,2,0,0,0.0,49,1
7125,organic,balanced,T2,14524.04,1,0,0,0,0,0.0,299,1
7126,paid_search,cautious,T3+,1394.22,2,2,0,0,0,0.0,25,1
7127,paid_search,cautious,T2,10321.42,2,0,1,0,0,0.0,166,1
7128,referral,balanced,T1,12332.43,2,0,0,0,0,0.0,120,0
7130,referral,aggressive,T1,8993.14,7,0,3,2,0,2790.21,176,1
7131,referral,cautious,T2,16846.71,6,0,4,0,0,0.0,165,0
7132,organic,balanced,T2,35310.04,5,0,0,0,0,0.0,124,1
7134,bank_partner,balanced,T3+,20774.9,3,0,0,0,0,0.0,231,1
7135,organic,balanced,T3+,24323.86,2,0,0,0,0,0.0,309,1
7136,referral,balanced,T2,2372.86,6,1,5,3,1,698.21,87,0
7137,social,balanced,T1,175018.06,2,0,1,0,0,0.0,167,0
7138,organic,cautious,T2,2360.22,1,0,0,0,0,0.0,280,1
7139,organic,aggressive,T3+,5752.18,2,1,1,0,0,0.0,72,1
7140,bank_partner,balanced,T2,6853.36,1,0,1,0,0,0.0,95,1
7141,organic,balanced,T3+,8875.59,6,2,1,0,0,0.0,38,1
7142,social,cautious,T2,10693.25,2,0,1,0,0,0.0,99,1
7145,bank_partner,cautious,T1,8040.89,3,3,1,0,0,0.0,5,0
7146,social,balanced,T1,1719.87,6,3,3,0,0,0.0,17,1
7147,social,balanced,T1,7045.06,1,0,0,0,0,0.0,308,1
7148,referral,balanced,T2,5191.72,11,8,6,2,1,2913.85,18,1
7149,organic,balanced,T3+,43198.12,1,0,0,0,0,0.0,113,0
7150,referral,cautious,T3+,3289.83,1,1,1,0,0,0.0,85,0
7153,social,cautious,T3+,11723.1,1,0,0,0,0,0.0,138,1
7154,paid_search,balanced,T2,2536.51,5,4,1,0,0,0.0,41,1
7155,social,aggressive,T2,87036.82,7,1,4,3,1,41949.52,86,0
7156,paid_search,aggressive,T2,1129.29,2,1,0,0,0,0.0,77,1
7157,organic,cautious,T3+,11958.73,1,1,1,0,0,0.0,36,1
7158,bank_partner,balanced,T2,1809.66,3,0,0,0,0,0.0,191,1
7159,social,cautious,T2,7363.54,4,4,3,0,0,0.0,7,1
7160,social,aggressive,T2,1772.13,2,1,1,0,0,0.0,87,1
7161,organic,cautious,T3+,3447.17,8,0,4,2,0,1666.08,207,1
7162,bank_partner,balanced,T1,5001.27,2,0,0,0,0,0.0,289,1
7167,referral,balanced,T3+,6987.66,3,0,0,0,0,0.0,251,1
7169,bank_partner,balanced,T1,20991.04,3,0,2,1,0,7418.19,164,1
7171,paid_search,aggressive,T2,23091.17,6,0,3,0,0,0.0,288,1
7173,bank_partner,balanced,T3+,3004.48,1,0,1,0,0,0.0,196,1
7174,organic,cautious,T1,6031.06,10,0,4,4,1,2647.49,112,0
7175,social,aggressive,T2,22156.99,4,0,1,0,0,0.0,254,0
7177,organic,aggressive,T1,17798.01,7,2,2,0,0,0.0,5,0
7178,referral,balanced,T3+,3064.2,5,1,2,0,0,0.0,31,1
7179,paid_search,balanced,T2,16251.03,0,0,0,0,0,0.0,316,1
7180,paid_search,balanced,T3+,26394.21,6,0,2,3,0,15650.25,222,1
7181,bank_partner,balanced,T2,7942.63,1,0,0,0,0,0.0,145,0
7182,bank_partner,cautious,T2,17967.73,4,0,0,0,0,0.0,132,1
7183,social,balanced,T3+,2849.54,3,1,1,0,0,0.0,52,1
7185,social,aggressive,T1,7363.54,3,2,0,0,0,0.0,6,0
7186,social,cautious,T2,82086.07,3,0,3,0,0,0.0,92,1
7187,referral,cautious,T1,4782.45,3,1,2,0,0,0.0,85,0
7188,paid_search,balanced,T2,61476.73,3,0,1,0,0,0.0,321,1
7189,organic,balanced,T2,9097.74,3,2,1,0,0,0.0,32,0
7190,paid_search,aggressive,T2,1355.5,9,2,0,0,0,0.0,27,1
7191,referral,cautious,T3+,1637.29,2,1,0,0,0,0.0,65,1
7192,bank_partner,balanced,T2,21446.88,5,0,0,0,0,0.0,91,1
7193,paid_search,cautious,T1,32380.63,10,1,6,2,0,13693.26,55,1
7194,bank_partner,balanced,T3+,21173.61,3,0,2,0,0,0.0,130,1
7196,paid_search,balanced,T1,41443.08,3,0,0,0,0,0.0,114,0
7200,referral,balanced,T1,10877.2,1,0,0,0,0,0.0,320,1
7201,bank_partner,balanced,T3+,8866.58,2,1,0,0,0,0.0,24,1
7202,social,aggressive,T3+,25445.9,11,0,7,3,0,14142.679999999998,94,1
7203,organic,cautious,T3+,25354.73,6,1,2,0,0,0.0,73,1
7204,paid_search,aggressive,T1,7644.38,5,1,2,4,0,2857.98,69,1
7205,bank_partner,aggressive,T3+,993.48,3,1,1,0,0,0.0,78,1
7207,referral,cautious,T2,5641.17,1,1,0,0,0,0.0,13,1
7209,organic,cautious,T1,5017.79,2,1,1,0,0,0.0,87,1
7210,paid_search,balanced,T3+,12823.04,5,1,4,0,0,0.0,76,1
7211,paid_search,cautious,T2,1129.95,0,0,0,0,0,0.0,276,1
7212,paid_search,balanced,T1,9460.22,5,4,2,0,0,0.0,10,0
7213,paid_search,cautious,T3+,23506.35,2,0,1,0,0,0.0,206,1
7215,paid_search,balanced,T2,7834.91,2,0,1,0,0,0.0,110,0
7216,organic,cautious,T3+,13502.7,3,0,2,0,0,0.0,229,1
7217,paid_search,balanced,T3+,5193.49,2,0,0,0,0,0.0,246,1
7220,organic,aggressive,T2,5085.58,1,0,0,0,0,0.0,111,1
7222,social,balanced,T3+,2772.29,5,5,2,0,0,0.0,43,1
7224,organic,cautious,T2,13876.15,3,0,1,0,0,0.0,304,1
7225,organic,balanced,T2,8824.42,0,0,0,0,0,0.0,256,1
7226,organic,balanced,T3+,2211.91,7,6,3,2,2,693.23,5,0
7227,social,balanced,T2,6886.64,1,1,0,0,0,0.0,80,1
7228,organic,aggressive,T2,5742.61,1,0,0,0,0,0.0,179,1
7230,organic,balanced,T2,2548.96,4,0,2,0,0,0.0,127,1
7232,organic,aggressive,T2,57660.72,15,5,5,3,1,21482.14,37,1
7234,referral,balanced,T3+,5233.97,3,0,1,0,0,0.0,148,1
7235,referral,cautious,T1,2250.72,1,0,0,0,0,0.0,220,1
7236,paid_search,aggressive,T1,1807.53,5,0,2,0,0,0.0,206,1
7237,referral,balanced,T2,31911.42,5,4,1,2,2,15700.71,34,0
7238,bank_partner,aggressive,T3+,14651.31,8,1,3,2,0,4674.28,90,1
7239,bank_partner,cautious,T2,9842.17,1,1,1,0,0,0.0,83,0
7240,referral,balanced,T3+,23219.29,3,3,0,0,0,0.0,42,0
7241,bank_partner,cautious,T3+,4186.77,1,1,0,0,0,0.0,14,1
7242,bank_partner,aggressive,T1,3232.8,4,0,2,0,0,0.0,251,1
7243,organic,aggressive,T1,13238.65,2,0,0,0,0,0.0,120,1
7244,organic,aggressive,T3+,7632.32,6,3,2,3,2,3421.63,9,0
7245,social,balanced,T3+,10240.02,3,3,0,0,0,0.0,17,1
7246,paid_search,balanced,T2,1922.63,4,1,1,0,0,0.0,48,0
7247,organic,balanced,T1,17909.59,2,1,2,0,0,0.0,59,0
7249,paid_search,balanced,T3+,3626.84,4,1,1,0,0,0.0,4,1
7250,social,cautious,T3+,2385.28,3,1,2,0,0,0.0,69,1
7254,organic,balanced,T2,6284.9,2,0,2,0,0,0.0,311,0
7255,bank_partner,cautious,T3+,1856.89,1,0,0,0,0,0.0,266,1
7256,bank_partner,balanced,T2,74026.79,3,0,0,0,0,0.0,149,1
7257,organic,balanced,T2,7777.8,1,0,0,0,0,0.0,165,1
7258,social,balanced,T2,73855.87,4,2,2,0,0,0.0,67,1
7259,organic,balanced,T3+,15068.46,0,0,0,0,0,0.0,236,1
7260,bank_partner,balanced,T2,1379.64,6,2,1,0,0,0.0,72,0
7261,referral,cautious,T1,21354.31,3,2,1,0,0,0.0,32,1
7262,organic,cautious,T1,33534.76,4,2,1,0,0,0.0,67,0
7263,social,cautious,T3+,1879.1,3,0,2,0,0,0.0,130,1
7264,referral,cautious,T3+,2824.09,3,1,2,0,0,0.0,61,1
7265,paid_search,cautious,T2,14245.7,5,0,1,0,0,0.0,101,1
7266,referral,cautious,T1,4308.79,3,0,2,0,0,0.0,129,1
7267,organic,balanced,T3+,1971.66,8,0,3,0,0,0.0,183,1
7268,referral,cautious,T2,40664.27,7,4,4,2,1,18452.530000000002,57,0
7269,organic,balanced,T2,28412.69,5,0,2,1,0,2494.19,264,1
7270,bank_partner,cautious,T3+,4913.54,3,0,1,0,0,0.0,125,1
7271,social,cautious,T1,3849.57,4,1,2,0,0,0.0,18,1
7272,paid_search,cautious,T1,17446.37,0,0,0,0,0,0.0,230,1
7275,bank_partner,balanced,T3+,11910.44,3,0,2,0,0,0.0,166,1
7276,paid_search,aggressive,T1,3699.07,2,2,0,0,0,0.0,29,1
7278,paid_search,balanced,T2,13575.59,4,1,1,0,0,0.0,67,0
7279,referral,balanced,T2,1165.71,0,0,0,0,0,0.0,133,1
7280,paid_search,balanced,T1,10960.22,1,0,0,0,0,0.0,91,1
7282,organic,cautious,T3+,3245.72,12,0,5,2,0,1125.5,92,0
7284,organic,cautious,T2,5203.94,2,0,1,0,0,0.0,202,1
7289,social,balanced,T2,1323.53,0,0,0,0,0,0.0,131,1
7291,referral,cautious,T2,10631.15,0,0,0,0,0,0.0,146,1
7292,social,balanced,T3+,27239.47,3,3,1,0,0,0.0,56,1
7294,referral,aggressive,T1,54297.49,6,0,3,3,0,26270.38,230,1
7295,paid_search,aggressive,T1,50567.18,3,0,0,0,0,0.0,93,1
7296,paid_search,cautious,T2,23403.04,2,1,2,0,0,0.0,89,1
7297,referral,balanced,T2,3001.23,1,0,1,0,0,0.0,295,1
7298,social,balanced,T1,5271.77,7,6,3,1,0,1827.18,14,0
7299,referral,cautious,T3+,12263.91,2,1,0,0,0,0.0,32,1
7301,organic,balanced,T3+,1222.71,9,2,5,0,0,0.0,42,1
7303,paid_search,balanced,T2,9301.03,1,1,0,0,0,0.0,84,1
7304,organic,aggressive,T1,17944.33,7,2,4,2,0,8883.93,78,1
7307,social,balanced,T1,14629.21,2,2,0,0,0,0.0,5,0
7308,referral,balanced,T3+,8068.86,7,1,4,0,0,0.0,39,1
7309,paid_search,balanced,T2,19602.8,1,0,1,0,0,0.0,95,1
7310,social,balanced,T3+,4058.39,4,0,2,0,0,0.0,261,1
7312,paid_search,balanced,T2,8483.8,1,0,0,0,0,0.0,191,1
7313,organic,balanced,T1,4672.12,4,1,1,0,0,0.0,6,1
7314,bank_partner,aggressive,T3+,4000.98,0,0,0,0,0,0.0,310,0
7316,paid_search,balanced,T1,1223.61,1,0,0,0,0,0.0,282,1
7317,referral,aggressive,T1,126429.2,2,0,0,0,0,0.0,148,1
7318,paid_search,cautious,T2,6016.06,3,0,2,0,0,0.0,170,1
7319,paid_search,aggressive,T2,3416.31,0,0,0,0,0,0.0,144,0
7321,paid_search,cautious,T1,4630.12,4,0,0,0,0,0.0,255,1
7323,social,balanced,T3+,2857.06,3,0,3,0,0,0.0,165,1
7324,social,cautious,T1,4964.59,5,2,1,2,0,883.98,39,0
7325,paid_search,balanced,T2,18056.82,10,0,2,1,0,5592.29,102,0
7326,organic,balanced,T1,12719.13,1,0,0,0,0,0.0,166,1
7327,paid_search,balanced,T2,48403.99,1,0,0,0,0,0.0,118,0
7329,organic,balanced,T1,1778.36,0,0,0,0,0,0.0,122,0
7331,referral,aggressive,T3+,30996.93,6,0,3,0,0,0.0,135,0
7332,referral,cautious,T2,2409.86,2,0,0,0,0,0.0,99,1
7333,organic,cautious,T1,12520.32,1,1,1,0,0,0.0,79,0
7335,organic,aggressive,T2,5102.81,3,0,2,0,0,0.0,274,1
7339,bank_partner,cautious,T2,3135.3,3,0,2,0,0,0.0,287,1
7340,paid_search,cautious,T1,14871.16,1,0,0,0,0,0.0,169,1
7342,social,balanced,T3+,22197.21,2,0,1,0,0,0.0,112,1
7343,referral,cautious,T3+,4111.39,1,0,1,0,0,0.0,94,1
7344,paid_search,aggressive,T2,5961.63,5,0,3,0,0,0.0,151,1
7347,organic,balanced,T3+,1584.9,4,1,2,0,0,0.0,63,1
7348,referral,balanced,T3+,1141.62,2,0,1,0,0,0.0,290,1
7349,social,cautious,T2,5842.07,2,0,0,0,0,0.0,343,0
7350,organic,aggressive,T2,19856.33,10,2,6,4,0,6306.48,21,0
7351,organic,aggressive,T3+,94639.89,2,0,0,0,0,0.0,198,1
7352,referral,balanced,T1,2282.59,8,1,2,2,0,761.61,10,0
7353,referral,balanced,T2,134456.4,1,0,1,0,0,0.0,240,1
7354,social,cautious,T2,1764.49,9,0,5,0,0,0.0,157,1
7355,social,cautious,T3+,17179.52,1,0,0,0,0,0.0,276,1
7356,organic,cautious,T1,11775.43,1,1,0,0,0,0.0,69,1
7357,organic,balanced,T2,4726.61,1,1,0,0,0,0.0,77,1
7358,paid_search,balanced,T3+,12499.5,2,0,0,0,0,0.0,97,1
7359,organic,cautious,T1,5423.07,8,0,6,3,0,4073.6000000000004,264,0
7360,referral,aggressive,T1,9474.43,5,0,1,0,0,0.0,190,0
7363,referral,aggressive,T2,1150.74,5,1,1,0,0,0.0,66,1
7364,organic,aggressive,T1,9815.27,1,0,1,0,0,0.0,94,1
7365,paid_search,balanced,T2,96159.74,5,0,3,1,0,42323.3,131,0
7367,organic,aggressive,T2,835.79,5,2,0,0,0,0.0,17,1
7368,paid_search,balanced,T3+,15257.45,3,3,0,0,0,0.0,29,1
7369,paid_search,balanced,T2,3423.51,3,1,1,0,0,0.0,84,1
7370,paid_search,cautious,T3+,5047.47,10,0,3,2,0,2292.11,273,0
7371,referral,balanced,T1,3297.92,4,1,1,0,0,0.0,7,1
7373,organic,aggressive,T3+,4923.46,2,0,1,2,0,2410.26,234,1
7374,organic,balanced,T1,6581.48,1,0,1,0,0,0.0,151,0
7375,social,balanced,T3+,1905.86,3,0,1,0,0,0.0,215,0
7376,organic,cautious,T3+,22000.37,1,1,0,0,0,0.0,6,0
7377,bank_partner,aggressive,T1,4200.96,1,0,0,0,0,0.0,131,1
7378,paid_search,aggressive,T1,13747.0,1,0,0,0,0,0.0,325,1
7380,bank_partner,balanced,T1,5116.1,8,4,4,1,0,848.51,13,0
7382,social,balanced,T3+,22890.52,7,1,4,0,0,0.0,63,1
7384,paid_search,cautious,T2,5361.64,5,0,2,0,0,0.0,165,1
7385,bank_partner,aggressive,T2,3809.71,7,1,4,0,0,0.0,87,1
7386,organic,cautious,T2,15237.4,0,0,0,0,0,0.0,192,1
7387,organic,balanced,T3+,10782.8,6,1,3,2,0,3633.57,50,1
7388,referral,balanced,T2,70903.23,2,0,0,0,0,0.0,95,1
7390,organic,balanced,T3+,8423.41,2,0,0,0,0,0.0,149,0
7391,social,cautious,T1,1622.34,1,0,0,0,0,0.0,132,1
7392,paid_search,balanced,T2,18843.58,4,0,1,0,0,0.0,252,1
7393,paid_search,balanced,T2,6460.16,4,2,2,0,0,0.0,38,1
7394,organic,balanced,T1,12148.71,6,0,4,5,1,12041.32,192,0
7395,organic,aggressive,T1,76029.59,1,0,0,0,0,0.0,104,1
7396,paid_search,balanced,T3+,91759.89,0,0,0,0,0,0.0,251,1
7397,paid_search,balanced,T1,11185.15,6,0,2,4,2,4635.84,122,1
7398,organic,balanced,T3+,45703.88,2,0,0,0,0,0.0,196,1
7399,social,balanced,T2,2244.4,1,0,0,0,0,0.0,148,1
7400,social,balanced,T2,10493.07,2,2,0,0,0,0.0,77,1
7401,referral,balanced,T2,4180.93,5,0,1,3,0,1337.68,224,1
7403,paid_search,cautious,T1,9949.85,2,0,1,0,0,0.0,114,0
7405,organic,cautious,T2,4900.72,1,1,1,0,0,0.0,83,1
7407,referral,balanced,T1,10505.78,3,1,1,0,0,0.0,47,0
7408,organic,balanced,T1,11109.13,3,0,1,0,0,0.0,91,1
7409,social,balanced,T1,14236.64,0,0,0,0,0,0.0,248,1
7410,paid_search,cautious,T2,23574.32,2,0,0,0,0,0.0,168,1
7411,organic,aggressive,T3+,4725.28,2,0,1,0,0,0.0,203,1
7413,organic,balanced,T3+,6640.16,4,1,2,0,0,0.0,79,1
7414,referral,balanced,T1,3417.52,3,0,1,0,0,0.0,119,1
7415,paid_search,aggressive,T1,12849.13,9,0,4,3,2,5490.22,94,0
7416,social,balanced,T1,12759.55,2,0,0,0,0,0.0,197,1
7418,bank_partner,balanced,T1,19704.65,0,0,0,0,0,0.0,184,1
7419,organic,cautious,T3+,9770.01,0,0,0,0,0,0.0,113,1
7420,referral,cautious,T3+,4422.0,4,3,2,0,0,0.0,55,0
7422,paid_search,cautious,T3+,3793.84,1,0,1,0,0,0.0,146,1
7423,social,balanced,T2,34645.32,3,3,1,0,0,0.0,60,0
7424,organic,balanced,T2,12985.97,3,1,1,0,0,0.0,19,1
7425,referral,cautious,T1,11062.97,11,0,5,0,0,0.0,106,1
7426,organic,cautious,T2,35781.69,3,1,1,0,0,0.0,76,1
7427,referral,balanced,T3+,7283.12,1,0,0,0,0,0.0,172,1
7428,paid_search,balanced,T2,2056.16,2,0,0,0,0,0.0,93,1
7429,organic,aggressive,T2,10734.32,4,0,2,0,0,0.0,206,1
7431,social,balanced,T1,6367.75,1,0,0,0,0,0.0,333,1
7432,organic,balanced,T3+,54711.38,2,0,1,0,0,0.0,258,1
7433,referral,aggressive,T2,8972.45,3,0,1,0,0,0.0,131,1
7434,bank_partner,balanced,T3+,1639.91,3,0,0,0,0,0.0,344,1
7435,organic,cautious,T2,1761.32,3,1,0,0,0,0.0,27,1
7437,referral,aggressive,T2,8303.84,6,3,2,0,0,0.0,78,1
7438,paid_search,balanced,T1,15069.9,2,0,0,0,0,0.0,104,1
7439,paid_search,balanced,T3+,43068.27,1,1,1,0,0,0.0,41,1
7442,paid_search,cautious,T1,11372.86,3,0,0,0,0,0.0,163,1
7443,organic,cautious,T1,15644.44,2,0,0,0,0,0.0,125,0
7446,organic,aggressive,T1,4023.99,4,4,1,0,0,0.0,37,0
7447,bank_partner,balanced,T3+,31454.82,3,0,1,0,0,0.0,259,1
7450,organic,aggressive,T3+,2944.79,7,0,4,3,0,663.54,145,1
7451,paid_search,balanced,T1,16749.23,1,1,0,0,0,0.0,77,0
7452,referral,balanced,T2,10213.14,4,4,2,0,0,0.0,3,0
7453,organic,cautious,T3+,6148.32,0,0,0,0,0,0.0,97,1
7454,social,cautious,T3+,4532.44,1,0,1,0,0,0.0,304,1
7455,bank_partner,cautious,T2,110062.26,4,1,2,0,0,0.0,48,1
7457,paid_search,balanced,T1,3902.91,4,0,1,0,0,0.0,164,0
7458,social,balanced,T3+,7631.33,5,0,2,0,0,0.0,120,1
7459,paid_search,balanced,T3+,20837.94,13,3,6,2,0,6467.5599999999995,32,1
7462,paid_search,balanced,T3+,947.74,9,4,5,1,1,100.0,36,1
7463,organic,aggressive,T1,2916.58,7,0,2,0,0,0.0,153,0
7464,referral,aggressive,T2,2377.17,7,1,2,0,0,0.0,41,1
7465,organic,cautious,T3+,11021.44,3,2,3,0,0,0.0,61,1
7466,paid_search,aggressive,T3+,24035.47,2,0,0,0,0,0.0,115,1
7467,organic,cautious,T1,10735.04,2,1,1,0,0,0.0,15,1
7468,social,cautious,T1,8724.34,1,0,0,0,0,0.0,267,1
7470,referral,cautious,T2,4194.62,4,0,1,0,0,0.0,146,1
7471,paid_search,cautious,T2,15616.4,0,0,0,0,0,0.0,335,1
7473,referral,balanced,T3+,54612.35,0,0,0,0,0,0.0,345,1
7474,referral,aggressive,T2,18035.3,5,1,2,0,0,0.0,46,0
7476,social,balanced,T1,10287.93,2,0,2,0,0,0.0,252,1
7477,referral,aggressive,T1,10477.18,5,0,3,0,0,0.0,180,1
7479,referral,cautious,T2,3500.2,2,0,0,0,0,0.0,109,0
7481,paid_search,aggressive,T2,13530.17,3,1,2,0,0,0.0,17,1
7482,organic,balanced,T3+,5961.65,4,0,1,0,0,0.0,168,1
7484,social,cautious,T2,1844.49,7,1,3,0,0,0.0,74,1
7485,paid_search,cautious,T1,4308.0,3,1,1,0,0,0.0,37,1
7486,organic,cautious,T2,20058.53,1,0,0,0,0,0.0,134,1
7487,paid_search,aggressive,T3+,25718.83,4,2,0,0,0,0.0,6,0
7488,organic,aggressive,T3+,1980.43,4,1,2,0,0,0.0,24,1
7489,organic,cautious,T2,13362.19,3,0,0,0,0,0.0,169,0
7490,organic,aggressive,T2,4931.54,6,0,3,0,0,0.0,118,1
7491,bank_partner,cautious,T1,4824.84,2,0,0,0,0,0.0,314,1
7492,bank_partner,aggressive,T3+,3320.31,3,1,1,0,0,0.0,32,0
7493,organic,balanced,T2,6806.56,0,0,0,0,0,0.0,222,1
7494,organic,cautious,T1,4958.37,4,1,2,1,0,1577.53,1,1
7495,referral,balanced,T1,16739.13,2,0,2,0,0,0.0,233,1
7496,bank_partner,cautious,T3+,8046.27,2,1,1,0,0,0.0,87,0
7497,social,cautious,T3+,4536.33,2,1,1,0,0,0.0,16,1
7498,organic,balanced,T1,5427.51,6,4,4,0,0,0.0,7,0
7499,organic,balanced,T2,3191.2,3,3,2,0,0,0.0,66,0
7501,organic,cautious,T1,2724.11,2,1,0,0,0,0.0,0,0
7503,social,cautious,T2,33932.27,7,7,3,2,2,9127.279999999999,29,0
7505,social,aggressive,T1,70308.64,3,0,1,0,0,0.0,188,1
7506,organic,aggressive,T1,1789.15,4,1,0,0,0,0.0,77,1
7507,paid_search,balanced,T1,9183.25,2,0,0,0,0,0.0,138,1
7508,social,aggressive,T3+,833.8,5,1,3,0,0,0.0,72,1
7509,organic,aggressive,T3+,10307.34,2,2,1,0,0,0.0,13,1
7510,organic,cautious,T1,10091.55,6,0,1,0,0,0.0,111,0
7512,organic,cautious,T2,11830.78,0,0,0,0,0,0.0,310,0
7514,referral,aggressive,T3+,12847.49,1,0,0,0,0,0.0,211,1
7515,social,balanced,T3+,1864.28,2,0,0,0,0,0.0,240,1
7516,paid_search,balanced,T1,13140.26,1,0,0,0,0,0.0,320,1
7517,paid_search,balanced,T3+,35308.26,2,0,1,0,0,0.0,318,1
7518,paid_search,balanced,T3+,5656.3,1,0,0,0,0,0.0,124,1
7519,referral,cautious,T2,2091.79,0,0,0,0,0,0.0,99,1
7520,paid_search,balanced,T2,9496.49,4,0,0,0,0,0.0,237,1
7521,paid_search,aggressive,T2,5262.19,1,0,0,0,0,0.0,195,1
7524,organic,balanced,T3+,4353.86,4,1,2,0,0,0.0,52,0
7525,paid_search,balanced,T2,1266.38,2,0,0,0,0,0.0,235,1
7526,paid_search,balanced,T3+,17282.79,0,0,0,0,0,0.0,240,1
7527,paid_search,balanced,T3+,91576.84,8,0,4,3,0,50960.85,107,1
7528,organic,cautious,T3+,2919.97,2,2,0,0,0,0.0,46,1
7529,paid_search,cautious,T1,9338.5,1,0,0,0,0,0.0,177,1
7530,social,aggressive,T3+,13715.45,1,0,0,0,0,0.0,210,1
7531,paid_search,cautious,T3+,575.83,3,0,0,0,0,0.0,113,1
7533,social,cautious,T3+,6338.8,4,0,0,0,0,0.0,99,1
7534,bank_partner,balanced,T3+,14328.08,10,0,3,1,0,1521.08,114,0
7536,bank_partner,balanced,T1,27600.8,1,1,1,0,0,0.0,43,1
7537,organic,balanced,T2,8598.34,2,0,0,0,0,0.0,143,1
7538,social,aggressive,T3+,34624.44,2,1,1,0,0,0.0,82,1
7539,bank_partner,balanced,T2,2124.38,1,0,1,0,0,0.0,349,1
7540,social,aggressive,T1,10628.76,9,2,5,2,1,3547.13,34,0
7545,organic,balanced,T1,16404.34,2,1,0,0,0,0.0,81,1
7546,organic,balanced,T1,30917.72,5,2,1,0,0,0.0,34,1
7547,organic,balanced,T3+,500.0,1,0,0,0,0,0.0,100,0
7550,bank_partner,cautious,T2,16664.03,6,1,3,0,0,0.0,59,1
7551,paid_search,balanced,T1,10961.94,0,0,0,0,0,0.0,271,1
7553,paid_search,aggressive,T1,17624.21,1,0,0,0,0,0.0,181,1
7554,bank_partner,balanced,T3+,35895.2,3,0,0,0,0,0.0,182,0
7555,organic,cautious,T1,500.0,2,2,2,0,0,0.0,0,1
7556,organic,balanced,T2,1208.57,5,0,2,0,0,0.0,203,0
7558,organic,cautious,T3+,6665.04,3,0,3,0,0,0.0,165,1
7559,social,balanced,T1,28637.24,2,0,2,0,0,0.0,121,1
7560,paid_search,aggressive,T1,37699.7,3,1,1,0,0,0.0,16,1
7561,referral,balanced,T2,9300.84,2,0,0,0,0,0.0,123,1
7562,paid_search,cautious,T3+,1745.73,1,0,1,0,0,0.0,207,1
7563,paid_search,balanced,T1,20620.91,2,0,0,0,0,0.0,132,1
7566,bank_partner,balanced,T3+,8354.1,1,0,0,0,0,0.0,141,0
7567,bank_partner,balanced,T1,5979.16,2,1,1,0,0,0.0,45,1
7568,paid_search,balanced,T2,1361.69,6,1,0,0,0,0.0,80,1
7570,organic,aggressive,T3+,8620.3,4,3,1,0,0,0.0,46,1
7571,paid_search,balanced,T2,4721.4,3,0,3,0,0,0.0,96,1
7573,social,cautious,T3+,88392.05,3,0,1,0,0,0.0,116,0
7574,paid_search,balanced,T3+,2807.92,1,0,0,0,0,0.0,297,1
7575,social,balanced,T1,5701.69,4,2,1,0,0,0.0,29,1
7576,referral,aggressive,T2,3487.28,0,0,0,0,0,0.0,267,0
7577,social,cautious,T2,11610.18,7,2,3,2,1,3696.49,23,0
7579,paid_search,balanced,T2,3778.29,11,2,4,2,0,1044.1899999999998,1,1
7580,social,balanced,T2,34938.28,3,0,1,0,0,0.0,242,1
7581,paid_search,aggressive,T1,9136.3,2,1,0,0,0,0.0,0,1
7583,organic,cautious,T3+,10295.62,0,0,0,0,0,0.0,105,0
7585,social,balanced,T1,11595.83,1,0,0,0,0,0.0,285,1
7586,bank_partner,aggressive,T2,12871.66,0,0,0,0,0,0.0,329,1
7587,referral,balanced,T2,2123.59,0,0,0,0,0,0.0,287,1
7588,paid_search,cautious,T2,2979.55,3,2,0,0,0,0.0,46,1
7589,organic,cautious,T1,23306.99,1,1,1,0,0,0.0,86,0
7591,paid_search,cautious,T1,11683.88,1,0,0,0,0,0.0,298,0
7592,referral,balanced,T2,1489.0,3,0,1,0,0,0.0,92,1
7594,organic,cautious,T3+,11369.48,9,4,2,0,0,0.0,47,1
7597,paid_search,balanced,T2,4208.92,5,0,2,0,0,0.0,244,1
7599,referral,cautious,T3+,4777.37,1,1,1,0,0,0.0,60,1
7600,organic,cautious,T1,10851.33,4,2,3,0,0,0.0,48,1
7603,organic,balanced,T2,5105.08,1,0,0,0,0,0.0,107,0
7604,social,balanced,T3+,6719.8,2,1,0,0,0,0.0,56,1
7605,social,cautious,T2,4930.15,3,0,1,0,0,0.0,289,1
7606,organic,cautious,T1,2893.27,8,1,6,1,0,969.99,76,0
7607,bank_partner,balanced,T2,5863.23,3,0,2,2,0,1407.23,146,0
7608,social,aggressive,T3+,7389.59,4,0,3,0,0,0.0,211,1
7610,paid_search,balanced,T2,40523.25,4,0,0,0,0,0.0,186,1
7611,social,aggressive,T1,6341.84,2,1,2,0,0,0.0,68,1
7613,social,cautious,T3+,13640.22,6,1,3,0,0,0.0,65,0
7614,organic,cautious,T1,11020.92,7,2,2,0,0,0.0,4,1
7615,paid_search,balanced,T1,6778.28,5,1,2,0,0,0.0,66,1
7618,organic,balanced,T3+,16386.87,3,0,0,0,0,0.0,292,1
7619,bank_partner,cautious,T2,14871.68,1,1,1,0,0,0.0,32,0
7620,bank_partner,balanced,T2,3284.18,3,1,1,0,0,0.0,12,1
7621,organic,cautious,T2,8925.49,0,0,0,0,0,0.0,171,1
7623,organic,balanced,T3+,3631.61,4,3,0,0,0,0.0,29,1
7624,organic,cautious,T1,12201.76,2,0,0,0,0,0.0,254,1
7625,organic,balanced,T1,10392.41,2,0,0,0,0,0.0,123,0
7626,organic,aggressive,T2,3830.07,6,0,0,0,0,0.0,145,1
7627,bank_partner,balanced,T1,7876.82,8,6,0,0,0,0.0,54,0
7629,referral,balanced,T1,47735.74,2,0,0,0,0,0.0,225,1
7630,bank_partner,balanced,T1,7687.52,6,2,1,0,0,0.0,22,1
7631,organic,balanced,T1,4096.92,1,0,0,0,0,0.0,199,1
7632,referral,aggressive,T3+,7432.44,5,1,2,0,0,0.0,38,1
7633,referral,balanced,T3+,31349.23,1,0,0,0,0,0.0,91,1
7634,social,aggressive,T2,4171.83,5,0,3,0,0,0.0,299,1
7637,organic,aggressive,T3+,23759.17,8,5,4,2,0,10028.83,21,0
7638,referral,balanced,T2,1522.77,3,3,2,0,0,0.0,55,0
7639,social,aggressive,T1,7059.35,6,1,3,3,2,3117.98,18,0
7640,referral,aggressive,T1,9864.28,3,0,0,0,0,0.0,176,0
7641,referral,cautious,T1,29274.5,4,1,3,0,0,0.0,84,1
7642,organic,cautious,T2,10948.37,1,1,1,0,0,0.0,79,1
7643,social,cautious,T1,38179.37,4,1,1,0,0,0.0,83,0
7645,organic,cautious,T3+,12343.69,1,0,1,0,0,0.0,159,1
7646,paid_search,cautious,T3+,5712.56,4,3,2,0,0,0.0,0,1
7647,organic,cautious,T1,10930.99,2,2,1,0,0,0.0,14,0
7648,organic,cautious,T1,31467.38,2,0,0,0,0,0.0,125,1
7649,organic,aggressive,T2,3316.44,5,4,2,0,0,0.0,40,1
7650,organic,balanced,T2,5987.35,3,2,1,0,0,0.0,31,0
7651,paid_search,cautious,T2,5425.14,4,4,3,0,0,0.0,15,1
7653,organic,balanced,T2,4357.32,4,2,0,0,0,0.0,25,1
7654,bank_partner,balanced,T2,10741.1,3,1,1,0,0,0.0,85,0
7655,referral,cautious,T1,5243.35,1,0,0,0,0,0.0,183,0
7656,organic,cautious,T2,19866.25,9,0,6,1,0,6048.14,115,0
7657,paid_search,balanced,T3+,4376.46,5,0,3,0,0,0.0,160,0
7658,paid_search,cautious,T1,9718.99,5,1,2,0,0,0.0,54,1
7659,organic,balanced,T2,7781.55,6,1,3,1,0,2785.92,17,1
7660,referral,aggressive,T2,6787.96,4,0,2,0,0,0.0,195,1
7661,bank_partner,aggressive,T3+,90836.75,3,2,0,0,0,0.0,59,1
7662,organic,balanced,T2,8891.6,2,0,0,0,0,0.0,175,1
7663,organic,cautious,T2,7939.42,3,0,1,0,0,0.0,111,1
7664,paid_search,cautious,T3+,10278.15,4,0,1,0,0,0.0,116,1
7665,paid_search,balanced,T2,7242.44,3,0,2,0,0,0.0,129,1
7666,organic,aggressive,T2,2372.91,2,0,1,0,0,0.0,143,1
7667,bank_partner,cautious,T3+,13370.88,4,1,2,0,0,0.0,46,1
7669,bank_partner,cautious,T2,2765.84,0,0,0,0,0,0.0,182,1
7671,bank_partner,aggressive,T1,2106.62,1,0,0,0,0,0.0,124,1
7672,bank_partner,cautious,T1,31939.61,7,0,4,0,0,0.0,159,1
7676,paid_search,balanced,T2,13706.78,5,2,3,0,0,0.0,2,1
7677,organic,balanced,T1,2400.81,2,0,1,0,0,0.0,131,1
7678,organic,balanced,T2,8104.7,2,0,1,0,0,0.0,191,0
7679,organic,aggressive,T2,7158.78,4,2,0,0,0,0.0,25,1
7680,paid_search,balanced,T2,109143.23,5,1,3,0,0,0.0,35,1
7682,organic,cautious,T1,62407.81,4,2,2,3,2,34689.97,51,0
7683,bank_partner,cautious,T1,8042.12,0,0,0,0,0,0.0,164,1
7684,paid_search,aggressive,T3+,1469.67,2,0,0,0,0,0.0,195,1
7685,referral,balanced,T1,7353.82,3,1,0,0,0,0.0,63,1
7686,referral,aggressive,T3+,4752.22,6,0,2,0,0,0.0,96,1
7687,bank_partner,balanced,T3+,901.97,6,0,1,0,0,0.0,209,1
7688,referral,cautious,T2,9335.67,1,0,0,0,0,0.0,216,0
7690,social,balanced,T1,5499.96,5,0,3,0,0,0.0,147,1
7691,organic,balanced,T3+,23036.29,5,0,2,0,0,0.0,267,1
7692,paid_search,cautious,T1,6065.48,0,0,0,0,0,0.0,208,1
7693,paid_search,balanced,T3+,54993.2,5,1,3,3,0,25286.39,45,1
7694,organic,cautious,T2,55132.83,3,0,0,0,0,0.0,151,1
7696,organic,balanced,T1,18492.19,1,0,0,0,0,0.0,260,1
7697,bank_partner,cautious,T3+,4802.63,7,3,1,3,2,2134.93,12,1
7698,organic,balanced,T3+,1651.89,3,1,2,0,0,0.0,37,1
7699,organic,cautious,T1,5767.2,5,0,2,2,0,1533.75,231,0
7700,paid_search,cautious,T3+,7198.11,4,0,1,3,0,3895.8700000000003,236,1
7701,organic,balanced,T2,500.0,1,0,0,0,0,0.0,207,1
7702,paid_search,balanced,T1,14196.7,5,0,0,0,0,0.0,137,1
7704,organic,aggressive,T2,9730.25,4,0,1,0,0,0.0,224,1
7705,referral,cautious,T2,17090.08,0,0,0,0,0,0.0,236,1
7706,social,cautious,T2,11023.2,6,0,2,5,2,6246.21,195,0
7707,organic,aggressive,T1,3443.9,3,1,2,0,0,0.0,40,1
7708,organic,balanced,T1,3394.53,3,0,1,0,0,0.0,192,1
7709,social,balanced,T2,4877.42,7,1,4,0,0,0.0,64,1
7710,paid_search,balanced,T3+,5969.17,1,0,0,0,0,0.0,161,1
7712,referral,balanced,T3+,11486.5,1,0,0,0,0,0.0,235,1
7713,social,cautious,T3+,10553.41,2,1,0,0,0,0.0,10,1
7715,organic,cautious,T3+,10122.14,3,0,0,0,0,0.0,188,1
7716,social,cautious,T3+,5841.17,0,0,0,0,0,0.0,356,1
7717,organic,balanced,T2,29716.6,5,4,1,0,0,0.0,37,1
7718,social,cautious,T1,45904.29,6,3,2,4,2,29469.66,10,1
7719,paid_search,cautious,T2,14658.43,1,0,0,0,0,0.0,244,1
7720,organic,balanced,T1,33003.87,6,3,4,1,0,4240.94,29,0
7722,social,cautious,T3+,8696.68,4,0,2,0,0,0.0,149,1
7723,bank_partner,aggressive,T1,6210.86,2,0,0,0,0,0.0,159,1
7724,referral,balanced,T2,7048.74,2,0,1,0,0,0.0,246,1
7725,organic,aggressive,T1,5437.71,0,0,0,0,0,0.0,158,1
7726,organic,aggressive,T2,3331.72,2,1,0,0,0,0.0,78,1
7727,paid_search,cautious,T3+,28851.68,2,0,0,0,0,0.0,329,1
7732,social,balanced,T1,11846.63,2,1,1,0,0,0.0,81,1
7734,social,balanced,T1,6147.53,4,0,1,0,0,0.0,161,1
7735,organic,cautious,T3+,1903.1,4,2,3,0,0,0.0,53,1
7738,bank_partner,aggressive,T3+,21733.56,2,0,2,0,0,0.0,105,1
7739,organic,aggressive,T3+,2835.89,0,0,0,0,0,0.0,328,1
7740,referral,cautious,T2,2421.33,6,0,2,0,0,0.0,272,1
7742,social,aggressive,T2,34358.56,3,1,1,0,0,0.0,64,1
7743,social,aggressive,T1,13907.93,4,0,1,0,0,0.0,142,1
7744,paid_search,aggressive,T2,24468.56,1,0,0,0,0,0.0,320,1
7746,social,cautious,T3+,52745.14,5,0,0,0,0,0.0,258,1
7747,paid_search,balanced,T1,15240.37,5,3,4,3,2,9245.99,61,0
7748,referral,cautious,T3+,24545.33,0,0,0,0,0,0.0,214,1
7750,referral,balanced,T2,5029.17,4,2,0,0,0,0.0,39,0
7751,organic,cautious,T3+,11121.49,1,0,0,0,0,0.0,210,1
7753,paid_search,cautious,T2,32923.34,2,0,1,0,0,0.0,287,1
7754,organic,balanced,T2,6088.34,7,0,3,2,0,2145.47,105,1
7755,paid_search,balanced,T2,12248.28,2,1,1,0,0,0.0,61,0
7756,organic,aggressive,T2,11146.58,3,0,3,0,0,0.0,172,1
7757,social,balanced,T3+,49160.53,2,0,2,0,0,0.0,189,1
7758,organic,balanced,T3+,3364.25,1,0,0,0,0,0.0,287,1
7759,organic,balanced,T3+,24673.52,7,2,3,2,1,7194.11,64,1
7760,referral,balanced,T2,10758.92,3,0,1,0,0,0.0,95,1
7761,referral,cautious,T1,10166.86,5,2,2,0,0,0.0,64,1
7762,organic,balanced,T2,2392.85,2,0,2,0,0,0.0,132,0
7763,organic,balanced,T2,15750.51,10,8,6,2,1,7912.66,21,1
7764,paid_search,balanced,T2,6054.02,2,0,1,0,0,0.0,175,1
7765,organic,cautious,T1,4029.85,3,1,0,0,0,0.0,17,0
7766,organic,cautious,T2,8568.49,4,0,0,0,0,0.0,118,0
7767,referral,aggressive,T2,4751.73,0,0,0,0,0,0.0,287,1
7768,organic,cautious,T3+,3464.59,3,0,1,0,0,0.0,179,1
7770,organic,cautious,T3+,28973.62,4,0,2,0,0,0.0,130,0
7771,bank_partner,balanced,T1,3580.45,3,2,1,0,0,0.0,75,1
7772,social,aggressive,T1,5128.77,2,0,2,0,0,0.0,165,1
7773,paid_search,balanced,T1,3940.73,4,1,3,0,0,0.0,36,1
7774,paid_search,cautious,T2,29410.12,10,1,7,4,1,25408.95,9,1
7775,paid_search,cautious,T3+,30375.13,0,0,0,0,0,0.0,120,1
7777,referral,cautious,T2,21844.08,5,1,2,0,0,0.0,61,1
7778,paid_search,cautious,T3+,7959.07,1,0,0,0,0,0.0,166,1
7779,paid_search,cautious,T1,10353.77,3,0,1,0,0,0.0,316,1
7781,paid_search,aggressive,T2,5626.12,3,0,0,0,0,0.0,145,1
7785,organic,cautious,T3+,4837.36,1,0,0,0,0,0.0,165,1
7786,social,cautious,T3+,36322.62,3,0,2,0,0,0.0,108,1
7787,paid_search,aggressive,T2,1505.11,2,0,0,0,0,0.0,325,1
7788,social,cautious,T1,4165.35,1,1,0,0,0,0.0,66,1
7791,social,cautious,T3+,62943.92,3,0,3,0,0,0.0,99,1
7792,social,cautious,T1,3939.21,5,5,0,0,0,0.0,47,1
7793,paid_search,aggressive,T2,67805.07,5,0,3,0,0,0.0,152,0
7794,referral,balanced,T2,8991.28,2,0,1,0,0,0.0,168,0
7795,organic,balanced,T1,5546.29,2,1,0,0,0,0.0,12,0
7796,organic,balanced,T2,9589.55,1,0,1,0,0,0.0,128,1
7798,referral,aggressive,T3+,2449.9,2,0,1,0,0,0.0,275,1
7799,organic,balanced,T1,47620.68,2,0,1,0,0,0.0,116,1
7801,bank_partner,balanced,T3+,18999.18,10,3,5,2,0,8686.86,22,0
7802,bank_partner,aggressive,T2,3279.2,2,1,0,0,0,0.0,41,1
7803,organic,cautious,T1,47562.74,4,1,1,0,0,0.0,73,1
7807,organic,cautious,T1,2974.91,2,1,0,0,0,0.0,32,1
7808,referral,cautious,T3+,6949.07,2,1,1,0,0,0.0,20,1
7809,paid_search,aggressive,T1,26656.19,4,0,2,0,0,0.0,199,0
7812,referral,cautious,T2,20132.99,4,0,2,0,0,0.0,214,1
7814,bank_partner,balanced,T1,11089.38,5,1,2,0,0,0.0,82,1
7815,social,balanced,T2,13710.68,2,0,1,0,0,0.0,282,0
7816,referral,aggressive,T2,17191.01,0,0,0,0,0,0.0,208,0
7817,organic,cautious,T1,27184.86,4,0,2,0,0,0.0,156,1
7819,bank_partner,cautious,T2,1583.77,2,0,0,0,0,0.0,266,1
7821,organic,aggressive,T1,50313.96,1,0,0,0,0,0.0,165,0
7822,paid_search,cautious,T2,18597.0,6,2,3,0,0,0.0,26,0
7823,bank_partner,cautious,T3+,16715.01,1,0,0,0,0,0.0,324,1
7825,referral,balanced,T1,5944.87,8,0,4,0,0,0.0,101,1
7826,organic,balanced,T3+,5183.66,4,0,1,0,0,0.0,195,1
7827,bank_partner,aggressive,T2,19152.06,2,2,0,0,0,0.0,56,1
7828,organic,balanced,T2,6805.6,3,0,1,0,0,0.0,164,0
7829,bank_partner,balanced,T2,29620.31,9,1,7,4,1,17355.46,57,1
7830,bank_partner,aggressive,T2,11308.1,3,1,1,0,0,0.0,51,0
7831,paid_search,cautious,T3+,539.69,4,0,2,0,0,0.0,100,1
7832,organic,cautious,T3+,29749.52,8,2,2,2,0,15856.689999999999,0,1
7833,paid_search,cautious,T1,1250.55,4,0,1,0,0,0.0,135,1
7834,paid_search,cautious,T3+,3419.64,6,0,4,2,0,613.9399999999999,155,1
7835,referral,cautious,T3+,3345.96,1,0,1,0,0,0.0,229,1
7836,paid_search,balanced,T1,4716.03,3,0,2,0,0,0.0,153,1
7837,paid_search,balanced,T2,5026.15,8,1,6,2,0,1962.44,40,0
7839,paid_search,balanced,T2,1248.62,3,0,0,0,0,0.0,147,1
7840,social,cautious,T2,12425.64,2,0,1,0,0,0.0,181,1
7841,social,balanced,T3+,10447.27,4,0,0,0,0,0.0,151,1
7843,organic,cautious,T1,28680.0,3,1,3,0,0,0.0,33,1
7845,social,aggressive,T2,2966.09,5,0,1,0,0,0.0,141,1
7846,organic,balanced,T3+,3747.98,1,0,1,0,0,0.0,172,1
7849,bank_partner,cautious,T2,23885.06,1,1,0,0,0,0.0,10,1
7850,organic,balanced,T1,13867.74,1,0,0,0,0,0.0,280,1
7851,referral,balanced,T2,14759.81,2,0,0,0,0,0.0,230,1
7852,referral,balanced,T1,39026.9,2,0,0,0,0,0.0,100,1
7853,paid_search,aggressive,T2,19278.08,5,1,2,0,0,0.0,81,1
7855,paid_search,cautious,T3+,2325.56,3,2,0,0,0,0.0,15,1
7856,paid_search,balanced,T3+,54578.09,6,0,5,3,0,15124.67,207,1
7857,social,balanced,T3+,3404.8,3,0,1,0,0,0.0,140,1
7858,social,cautious,T3+,9007.66,2,0,1,0,0,0.0,271,0
7860,organic,balanced,T2,2642.45,1,1,1,0,0,0.0,24,0
7861,organic,cautious,T2,3166.86,6,3,3,0,0,0.0,3,0
7862,bank_partner,cautious,T2,5824.72,2,0,2,0,0,0.0,224,1
7864,organic,balanced,T2,30543.98,10,0,4,2,0,11201.39,93,0
7865,paid_search,balanced,T3+,1371.62,2,0,1,0,0,0.0,212,1
7866,referral,cautious,T3+,39099.82,4,4,2,0,0,0.0,5,0
7867,organic,cautious,T2,2952.23,2,0,1,0,0,0.0,255,1
7868,referral,aggressive,T1,27237.19,5,3,2,0,0,0.0,48,1
7869,organic,balanced,T1,16501.22,4,0,2,0,0,0.0,132,1
7870,organic,aggressive,T3+,4838.52,4,0,2,0,0,0.0,97,1
7871,referral,cautious,T2,5455.65,2,0,2,0,0,0.0,257,1
7872,paid_search,cautious,T1,620.25,6,1,3,2,0,200.0,90,1
7873,organic,balanced,T3+,2374.5,1,0,0,0,0,0.0,230,1
7874,organic,balanced,T1,9851.93,4,2,1,0,0,0.0,72,1
7875,organic,balanced,T3+,8153.01,4,1,1,0,0,0.0,76,1
7877,paid_search,cautious,T2,42341.22,2,0,2,0,0,0.0,272,0
7878,paid_search,cautious,T2,6121.08,3,0,0,0,0,0.0,268,1
7879,referral,cautious,T3+,14253.54,1,0,1,0,0,0.0,343,1
7880,organic,balanced,T2,11308.23,1,0,0,0,0,0.0,218,1
7882,organic,balanced,T1,2530.93,5,0,2,0,0,0.0,290,1
7883,social,cautious,T1,13212.57,4,1,2,0,0,0.0,16,1
7884,bank_partner,aggressive,T1,47922.64,1,1,1,0,0,0.0,81,1
7885,bank_partner,cautious,T2,9858.66,2,2,1,0,0,0.0,7,1
7886,social,balanced,T2,8414.37,7,1,1,0,0,0.0,6,0
7887,organic,aggressive,T2,19378.41,5,3,2,0,0,0.0,1,1
7889,referral,cautious,T1,48235.85,8,0,5,0,0,0.0,124,1
7890,referral,aggressive,T3+,8626.75,3,0,2,0,0,0.0,115,1
7891,bank_partner,cautious,T1,1281.56,3,1,0,0,0,0.0,85,1
7892,paid_search,balanced,T2,7683.92,5,0,2,0,0,0.0,259,1
7894,organic,balanced,T1,8640.84,7,1,4,0,0,0.0,16,1
7895,organic,cautious,T3+,5513.53,1,0,0,0,0,0.0,244,1
7896,social,cautious,T3+,3990.03,0,0,0,0,0,0.0,113,1
7898,social,aggressive,T1,14118.39,2,1,1,0,0,0.0,82,0
7899,organic,cautious,T2,9802.61,1,0,0,0,0,0.0,212,1
7900,bank_partner,balanced,T3+,20835.76,2,0,0,0,0,0.0,298,1
7901,paid_search,cautious,T3+,4090.22,1,1,0,0,0,0.0,87,1
7902,paid_search,balanced,T2,4707.02,4,0,2,0,0,0.0,246,1
7903,social,cautious,T1,5655.93,2,2,1,0,0,0.0,76,1
7904,referral,balanced,T3+,70275.89,7,3,3,1,0,30803.91,12,0
7905,paid_search,cautious,T1,14222.45,1,0,1,0,0,0.0,249,1
7906,paid_search,balanced,T3+,4039.28,0,0,0,0,0,0.0,125,1
7907,paid_search,balanced,T3+,4320.8,1,0,1,0,0,0.0,132,1
7908,paid_search,cautious,T1,5867.72,5,0,1,0,0,0.0,222,1
7909,referral,balanced,T1,25019.61,8,0,4,1,0,4347.1,92,1
7910,organic,balanced,T3+,13728.79,3,1,1,0,0,0.0,70,1
7912,paid_search,balanced,T3+,78189.31,3,0,2,0,0,0.0,292,1
7915,bank_partner,balanced,T3+,12098.86,4,3,2,2,0,5719.1,14,0
7917,organic,cautious,T3+,40754.72,1,0,0,0,0,0.0,167,1
7918,organic,cautious,T3+,1059.07,2,0,1,0,0,0.0,146,1
7919,organic,balanced,T3+,4177.09,3,1,1,0,0,0.0,36,1
7920,paid_search,cautious,T2,21293.79,2,0,0,0,0,0.0,109,1
7921,organic,cautious,T1,70528.81,1,0,1,0,0,0.0,105,1
7922,organic,balanced,T2,2159.57,2,1,1,0,0,0.0,39,1
7923,paid_search,cautious,T1,8856.25,8,1,1,0,0,0.0,54,1
7924,social,balanced,T1,3443.12,3,1,0,0,0,0.0,39,1
7925,paid_search,cautious,T1,4850.8,1,1,1,0,0,0.0,38,1
7926,paid_search,balanced,T1,4604.04,1,0,0,0,0,0.0,241,1
7927,paid_search,cautious,T1,9514.1,2,2,0,0,0,0.0,10,1
7928,social,cautious,T2,5801.35,0,0,0,0,0,0.0,359,0
7930,referral,cautious,T3+,2045.66,3,1,1,0,0,0.0,15,1
7931,organic,aggressive,T1,3221.91,3,0,2,0,0,0.0,111,1
7932,referral,balanced,T3+,1320.73,3,0,2,0,0,0.0,210,1
7934,bank_partner,aggressive,T1,1594.96,2,0,1,0,0,0.0,183,1
7935,organic,cautious,T3+,9024.28,2,0,2,0,0,0.0,309,0
7936,paid_search,aggressive,T3+,4938.04,4,0,1,0,0,0.0,180,0
7937,organic,aggressive,T3+,23413.99,8,0,2,4,2,12678.55,115,1
7938,social,aggressive,T3+,7950.31,3,1,2,0,0,0.0,27,1
7939,organic,balanced,T3+,5728.15,1,0,0,0,0,0.0,263,1
7940,organic,balanced,T3+,5086.9,2,0,1,0,0,0.0,220,0
7941,organic,aggressive,T1,15335.73,2,0,0,0,0,0.0,227,1
7943,paid_search,balanced,T2,2168.64,2,0,0,0,0,0.0,105,1
7944,bank_partner,aggressive,T3+,1479.48,2,0,0,0,0,0.0,344,1
7946,bank_partner,balanced,T2,1870.87,4,0,2,0,0,0.0,185,1
7947,paid_search,balanced,T2,15415.53,0,0,0,0,0,0.0,279,1
7949,social,balanced,T3+,5305.32,4,2,2,0,0,0.0,18,1
7950,referral,balanced,T1,11682.38,8,5,4,0,0,0.0,30,1
7951,paid_search,balanced,T2,10844.26,5,0,1,0,0,0.0,118,0
7953,social,aggressive,T1,20804.11,11,6,6,3,1,13611.67,24,0
7954,paid_search,balanced,T3+,4774.25,1,0,1,0,0,0.0,144,1
7956,bank_partner,aggressive,T3+,4335.49,2,1,0,0,0,0.0,71,1
7957,paid_search,balanced,T1,162719.77,2,1,0,0,0,0.0,47,1
7958,bank_partner,aggressive,T2,12832.67,3,0,1,0,0,0.0,134,1
7959,paid_search,cautious,T3+,7239.68,2,1,1,0,0,0.0,84,1
7961,organic,balanced,T3+,35556.28,2,0,0,0,0,0.0,125,1
7962,social,cautious,T2,3691.25,0,0,0,0,0,0.0,195,0
7963,social,cautious,T2,25108.02,1,0,1,0,0,0.0,106,1
7966,social,cautious,T3+,7902.88,2,0,2,0,0,0.0,296,1
7968,paid_search,aggressive,T2,10128.85,1,1,0,0,0,0.0,28,1
7969,referral,cautious,T1,13018.43,3,1,1,0,0,0.0,74,0
7970,referral,balanced,T2,4849.72,5,0,1,0,0,0.0,249,1
7972,social,cautious,T1,7375.37,5,1,2,0,0,0.0,79,1
7973,bank_partner,balanced,T1,39710.63,7,0,4,2,0,19420.14,120,0
7974,bank_partner,balanced,T3+,4937.8,1,0,0,0,0,0.0,259,1
7976,bank_partner,aggressive,T3+,16584.67,2,0,1,0,0,0.0,191,1
7977,bank_partner,aggressive,T1,4472.66,1,0,0,0,0,0.0,99,0
7978,organic,balanced,T1,1710.54,1,0,0,0,0,0.0,294,1
7979,bank_partner,aggressive,T2,5628.79,0,0,0,0,0,0.0,107,1
7983,social,cautious,T1,1426.66,3,1,1,0,0,0.0,6,1
7984,social,aggressive,T1,4367.89,3,0,0,0,0,0.0,262,1
7986,social,balanced,T3+,3833.59,1,0,0,0,0,0.0,226,1
7987,referral,cautious,T3+,9433.94,1,0,0,0,0,0.0,311,1
7988,social,aggressive,T1,9834.67,4,0,1,0,0,0.0,216,0
7989,social,aggressive,T1,1356.57,5,0,2,0,0,0.0,117,0
7990,bank_partner,cautious,T2,42878.18,5,0,2,0,0,0.0,175,1
7991,bank_partner,cautious,T1,4874.3,0,0,0,0,0,0.0,229,1
7992,bank_partner,cautious,T3+,1458.59,3,1,1,0,0,0.0,53,0
7993,social,balanced,T1,4860.99,2,0,0,0,0,0.0,239,1
7994,referral,balanced,T1,15095.34,3,1,2,0,0,0.0,64,1
7995,social,balanced,T2,92589.68,4,0,3,0,0,0.0,160,1
7996,paid_search,balanced,T3+,3253.61,4,1,1,0,0,0.0,82,1
7997,paid_search,cautious,T2,26524.08,4,0,1,0,0,0.0,109,0
7998,paid_search,cautious,T1,7722.1,3,0,1,0,0,0.0,222,1
7999,organic,balanced,T1,43388.59,3,0,1,0,0,0.0,205,1
8001,bank_partner,balanced,T3+,13116.98,1,0,1,0,0,0.0,242,1
8002,bank_partner,cautious,T2,20670.82,2,2,1,0,0,0.0,38,1
8003,paid_search,balanced,T1,27496.2,5,1,4,0,0,0.0,77,1
8004,organic,cautious,T3+,13377.84,1,1,0,0,0,0.0,54,1
8005,referral,aggressive,T2,8596.87,11,1,4,5,0,6234.46,6,1
8006,bank_partner,cautious,T2,33529.5,3,0,0,0,0,0.0,183,0
8007,paid_search,balanced,T3+,3010.81,4,4,0,0,0,0.0,39,0
8008,referral,cautious,T2,1375.83,2,0,0,0,0,0.0,180,1
8009,bank_partner,cautious,T3+,4292.96,7,1,4,4,1,2340.12,85,1
8010,referral,aggressive,T2,6781.69,0,0,0,0,0,0.0,111,1
8011,paid_search,aggressive,T2,3196.64,2,2,0,0,0,0.0,42,0
8012,organic,aggressive,T2,942.22,1,0,1,0,0,0.0,271,1
8013,social,cautious,T2,29652.7,9,2,4,0,0,0.0,40,1
8014,paid_search,balanced,T3+,68437.85,3,1,1,0,0,0.0,71,1
8015,referral,aggressive,T3+,18623.87,3,2,1,0,0,0.0,22,0
8016,referral,aggressive,T2,1355.96,2,0,1,0,0,0.0,188,1
8017,social,balanced,T3+,14917.02,4,2,2,0,0,0.0,61,1
8019,organic,balanced,T1,67522.69,9,3,5,2,0,16971.420000000002,17,1
8020,bank_partner,balanced,T1,11096.29,0,0,0,0,0,0.0,107,1
8021,referral,cautious,T2,7357.73,1,0,0,0,0,0.0,254,1
8022,social,aggressive,T3+,64954.71,3,2,0,0,0,0.0,49,1
8023,organic,cautious,T1,5941.14,2,0,0,0,0,0.0,200,1
8025,organic,aggressive,T2,18287.25,6,0,4,2,0,6116.139999999999,141,0
8026,bank_partner,balanced,T2,4685.89,3,0,1,0,0,0.0,138,1
8027,referral,balanced,T1,10448.25,0,0,0,0,0,0.0,194,0
8029,social,cautious,T3+,57664.37,1,0,0,0,0,0.0,228,1
8031,social,cautious,T3+,638.67,5,1,2,0,0,0.0,30,1
8032,referral,cautious,T3+,2134.68,2,0,1,2,0,615.2,133,0
8034,social,balanced,T1,10337.42,1,0,0,0,0,0.0,134,1
8036,referral,balanced,T3+,1552.1,2,1,1,2,1,792.05,41,1
8038,referral,balanced,T3+,2715.62,2,0,1,0,0,0.0,186,1
8039,paid_search,aggressive,T3+,19062.65,1,0,0,0,0,0.0,255,1
8040,social,cautious,T2,39129.75,1,0,0,0,0,0.0,108,0
8041,organic,balanced,T2,3640.58,9,1,5,4,1,1610.99,53,1
8042,social,aggressive,T3+,4964.42,3,0,0,0,0,0.0,121,1
8043,organic,aggressive,T2,7548.42,7,4,3,0,0,0.0,29,1
8044,paid_search,cautious,T2,56440.93,3,0,2,0,0,0.0,132,1
8045,social,cautious,T2,11061.61,4,4,1,0,0,0.0,6,1
8046,organic,aggressive,T2,7250.0,4,0,2,0,0,0.0,265,1
8048,bank_partner,aggressive,T3+,12838.53,2,0,2,0,0,0.0,130,1
8049,bank_partner,balanced,T1,12804.48,12,1,9,2,0,3945.5,10,1
8050,organic,aggressive,T2,17054.42,7,0,3,2,0,6418.33,146,1
8051,paid_search,cautious,T3+,5860.79,3,1,0,0,0,0.0,68,1
8052,bank_partner,cautious,T2,18632.72,13,6,8,2,1,9265.3,16,0
8053,paid_search,cautious,T3+,31596.44,9,1,5,3,0,10748.77,67,0
8055,social,cautious,T1,6831.83,1,1,0,0,0,0.0,89,1
8056,organic,balanced,T1,2698.88,5,4,3,0,0,0.0,43,1
8057,referral,balanced,T2,38124.93,1,0,0,0,0,0.0,204,1
8058,organic,balanced,T1,13086.39,3,3,0,0,0,0.0,51,1
8059,social,cautious,T2,24299.67,5,0,1,0,0,0.0,186,1
8060,referral,cautious,T3+,37880.74,2,0,0,0,0,0.0,93,1
8061,paid_search,cautious,T1,32115.2,1,1,1,0,0,0.0,49,1
8062,bank_partner,cautious,T1,6415.56,7,1,2,0,0,0.0,72,1
8066,organic,balanced,T3+,6189.2,4,1,2,0,0,0.0,68,1
8068,paid_search,aggressive,T2,3644.48,1,0,0,0,0,0.0,185,1
8069,referral,cautious,T2,13108.5,1,0,1,0,0,0.0,344,1
8070,social,cautious,T3+,14040.74,4,0,1,0,0,0.0,134,0
8071,organic,cautious,T3+,17862.3,1,0,0,0,0,0.0,165,1
8072,social,cautious,T1,4109.01,1,0,0,0,0,0.0,264,1
8073,organic,cautious,T3+,16977.24,1,0,0,0,0,0.0,113,1
8075,bank_partner,cautious,T2,29181.62,5,2,0,0,0,0.0,40,1
8076,referral,cautious,T3+,2293.42,5,1,2,0,0,0.0,47,0
8078,paid_search,balanced,T3+,13096.89,5,1,3,0,0,0.0,31,1
8079,social,balanced,T2,20396.84,4,3,1,0,0,0.0,19,0
8080,referral,cautious,T1,50888.93,2,0,0,0,0,0.0,202,1
8083,bank_partner,aggressive,T2,54571.47,6,0,2,2,1,23974.62,129,0
8084,referral,cautious,T1,10019.85,7,1,3,0,0,0.0,63,1
8086,paid_search,aggressive,T2,41418.18,4,0,0,0,0,0.0,190,0
8087,organic,cautious,T3+,2939.07,1,1,0,0,0,0.0,63,0
8088,social,balanced,T2,21763.25,2,1,0,0,0,0.0,22,0
8089,referral,aggressive,T3+,13056.11,9,6,4,3,3,8926.51,2,0
8090,organic,cautious,T2,1620.32,0,0,0,0,0,0.0,283,1
8091,referral,cautious,T3+,11628.88,0,0,0,0,0,0.0,182,1
8093,organic,balanced,T1,8266.33,2,0,0,0,0,0.0,136,1
8094,social,balanced,T3+,1151.51,4,0,2,0,0,0.0,132,1
8096,paid_search,balanced,T1,2470.29,2,0,1,0,0,0.0,100,1
8097,referral,balanced,T2,55455.23,6,0,2,2,1,22385.94,134,0
8098,social,cautious,T3+,16100.68,3,0,1,0,0,0.0,169,1
8099,organic,aggressive,T3+,100917.41,2,1,0,0,0,0.0,50,1
8100,organic,balanced,T2,13160.9,6,1,1,0,0,0.0,28,0
8102,organic,balanced,T3+,10519.66,2,0,2,0,0,0.0,91,1
8103,paid_search,balanced,T3+,2290.12,2,1,0,0,0,0.0,55,0
8105,bank_partner,balanced,T1,12644.26,1,0,0,0,0,0.0,319,0
8106,bank_partner,balanced,T1,3729.02,5,1,0,0,0,0.0,1,1
8107,referral,cautious,T2,7040.66,7,1,2,0,0,0.0,73,1
8108,social,balanced,T2,6163.51,3,2,1,0,0,0.0,60,0
8110,organic,balanced,T1,2237.66,2,0,2,0,0,0.0,180,1
8111,referral,balanced,T3+,202114.91,5,2,1,0,0,0.0,26,1
8112,social,cautious,T1,37911.61,6,0,2,0,0,0.0,189,1
8115,referral,cautious,T1,2517.62,3,1,2,0,0,0.0,60,1
8116,organic,balanced,T2,38732.79,2,2,1,0,0,0.0,62,1
8117,paid_search,aggressive,T3+,17703.41,0,0,0,0,0,0.0,318,1
8118,organic,cautious,T3+,16677.56,3,0,1,0,0,0.0,233,1
8119,organic,cautious,T3+,2945.37,6,2,2,0,0,0.0,12,1
8120,social,cautious,T2,18670.97,4,0,0,0,0,0.0,219,1
8121,paid_search,balanced,T3+,43081.5,6,5,3,3,2,24682.820000000003,35,0
8122,organic,balanced,T2,5773.95,4,1,2,0,0,0.0,82,1
8123,referral,aggressive,T2,12651.06,5,0,1,0,0,0.0,191,1
8124,social,cautious,T3+,2469.45,3,3,1,0,0,0.0,53,1
8126,paid_search,balanced,T2,22411.1,4,1,1,0,0,0.0,73,1
8128,paid_search,balanced,T1,20193.59,2,0,0,0,0,0.0,149,1
8130,organic,cautious,T2,3708.76,1,0,0,0,0,0.0,279,1
8131,bank_partner,balanced,T1,2903.79,3,1,1,0,0,0.0,89,1
8132,organic,cautious,T2,8517.87,1,0,0,0,0,0.0,243,0
8133,bank_partner,cautious,T2,16975.17,3,0,2,1,0,5846.95,239,1
8135,referral,cautious,T2,9710.75,5,0,2,0,0,0.0,155,1
8137,paid_search,balanced,T3+,4785.21,1,0,0,0,0,0.0,180,0
8138,referral,balanced,T2,5515.45,2,1,0,0,0,0.0,77,1
8141,bank_partner,balanced,T3+,9289.57,6,1,4,1,0,3406.78,66,0
8144,social,aggressive,T2,83180.77,4,0,3,0,0,0.0,150,0
8146,social,balanced,T1,8583.32,3,0,0,0,0,0.0,130,1
8147,bank_partner,aggressive,T3+,14580.28,2,2,1,0,0,0.0,90,1
8149,paid_search,balanced,T1,15148.7,6,2,3,0,0,0.0,37,1
8150,bank_partner,balanced,T2,9061.61,3,1,2,0,0,0.0,63,1
8152,paid_search,cautious,T2,21711.11,11,3,8,3,0,10486.02,29,0
8153,social,balanced,T3+,8466.4,3,0,1,0,0,0.0,97,1
8155,social,balanced,T2,7043.75,4,0,1,0,0,0.0,143,0
8156,paid_search,balanced,T2,7845.75,5,0,2,0,0,0.0,136,1
8157,paid_search,cautious,T1,18340.18,5,1,1,0,0,0.0,1,1
8158,referral,balanced,T3+,11935.96,7,1,1,0,0,0.0,65,1
8159,referral,balanced,T2,49225.01,6,0,2,0,0,0.0,104,1
8160,referral,balanced,T3+,9097.84,7,1,1,0,0,0.0,71,0
8161,organic,aggressive,T1,14830.39,3,0,2,0,0,0.0,221,1
8162,organic,cautious,T3+,16091.34,9,0,5,3,0,9545.94,108,0
8163,social,cautious,T2,7618.89,1,1,1,0,0,0.0,44,1
8164,paid_search,balanced,T2,579.64,2,1,1,0,0,0.0,4,1
8165,paid_search,balanced,T3+,6216.12,5,0,2,0,0,0.0,94,1
8166,organic,aggressive,T2,20516.54,2,0,0,0,0,0.0,113,1
8168,referral,balanced,T3+,2834.02,3,0,1,0,0,0.0,176,1
8170,social,balanced,T2,5443.72,5,0,3,0,0,0.0,124,0
8172,referral,cautious,T3+,1578.45,2,0,1,0,0,0.0,209,1
8173,social,cautious,T2,12361.48,1,0,0,0,0,0.0,221,0
8176,referral,cautious,T1,46058.96,3,3,0,0,0,0.0,5,0
8177,organic,cautious,T3+,1749.67,0,0,0,0,0,0.0,227,1
8178,organic,cautious,T3+,8388.41,2,0,0,0,0,0.0,101,1
8179,social,balanced,T1,8430.24,3,0,1,0,0,0.0,112,1
8180,referral,balanced,T3+,1428.22,3,0,1,0,0,0.0,244,0
8181,bank_partner,balanced,T2,52559.95,5,0,2,0,0,0.0,108,1
8184,paid_search,balanced,T3+,4686.37,1,0,0,0,0,0.0,147,1
8185,organic,balanced,T2,59369.84,1,1,0,0,0,0.0,23,1
8186,referral,aggressive,T2,3288.62,2,1,2,0,0,0.0,78,1
8187,social,aggressive,T3+,42996.95,6,1,2,1,0,13951.16,66,1
8188,organic,balanced,T2,187582.35,1,0,1,0,0,0.0,345,0
8190,bank_partner,cautious,T1,8441.43,3,0,2,0,0,0.0,134,1
8192,social,aggressive,T1,1370.6,3,3,1,0,0,0.0,55,1
8193,referral,aggressive,T1,36058.58,4,2,3,0,0,0.0,53,1
8197,organic,cautious,T1,39654.46,3,0,1,0,0,0.0,218,1
8198,social,balanced,T2,6782.3,1,0,0,0,0,0.0,268,1
8199,referral,balanced,T1,4417.01,2,1,0,0,0,0.0,74,0
8200,organic,cautious,T1,22185.91,9,0,6,3,0,12000.53,161,0
8201,organic,cautious,T3+,5023.73,3,0,2,0,0,0.0,213,1
8202,social,balanced,T2,3445.89,4,0,1,0,0,0.0,91,1
8203,bank_partner,balanced,T2,3523.24,5,0,0,0,0,0.0,169,1
8205,organic,cautious,T1,9874.83,6,0,2,0,0,0.0,222,1
8206,organic,aggressive,T3+,7195.81,1,0,0,0,0,0.0,346,0
8207,organic,balanced,T3+,36807.65,4,1,1,0,0,0.0,74,0
8208,organic,balanced,T1,1060.54,3,0,2,0,0,0.0,281,1
8209,organic,balanced,T2,4725.63,3,2,2,0,0,0.0,41,0
8210,social,cautious,T2,16975.32,6,4,3,0,0,0.0,45,1
8211,social,balanced,T1,38615.65,3,1,1,0,0,0.0,24,1
8212,bank_partner,balanced,T3+,6845.39,1,0,0,0,0,0.0,169,1
8213,organic,balanced,T1,1831.85,5,2,1,0,0,0.0,57,1
8214,paid_search,cautious,T3+,7375.19,1,0,0,0,0,0.0,216,1
8215,social,aggressive,T1,14110.55,7,1,3,0,0,0.0,53,0
8216,bank_partner,balanced,T3+,744.45,2,2,1,0,0,0.0,3,1
8217,organic,cautious,T3+,7976.44,1,0,0,0,0,0.0,281,1
8219,paid_search,balanced,T1,1005.09,2,0,1,0,0,0.0,103,1
8221,social,aggressive,T1,7876.69,0,0,0,0,0,0.0,241,1
8222,paid_search,cautious,T2,6129.61,2,0,2,0,0,0.0,110,1
8223,organic,aggressive,T2,9204.15,1,0,0,0,0,0.0,287,1
8225,organic,cautious,T3+,4349.47,2,0,0,0,0,0.0,179,1
8226,referral,cautious,T2,4988.19,5,0,2,0,0,0.0,248,1
8227,social,cautious,T3+,8052.76,1,0,1,0,0,0.0,105,1
8228,social,balanced,T1,29716.91,6,1,3,1,0,4271.86,49,1
8229,organic,cautious,T3+,19060.19,6,5,2,3,3,13289.96,31,0
8231,referral,cautious,T1,10904.29,1,0,0,0,0,0.0,248,1
8232,bank_partner,aggressive,T2,16149.41,4,1,2,0,0,0.0,73,1
8233,paid_search,balanced,T2,42576.0,3,0,0,0,0,0.0,98,1
8234,social,balanced,T2,14253.57,1,0,1,0,0,0.0,220,1
8235,social,aggressive,T1,13108.27,2,0,0,0,0,0.0,145,1
8236,bank_partner,balanced,T3+,3003.14,2,0,0,0,0,0.0,253,1
8237,referral,balanced,T1,3703.49,3,0,1,0,0,0.0,174,1
8240,social,aggressive,T2,33644.19,1,0,0,0,0,0.0,286,1
8241,organic,cautious,T1,3072.81,2,0,1,0,0,0.0,127,1
8242,referral,balanced,T3+,31613.94,3,1,1,0,0,0.0,2,0
8243,social,aggressive,T2,44581.46,3,2,1,6,3,36903.34,26,0
8244,social,cautious,T3+,44483.47,1,0,1,0,0,0.0,297,1
8245,social,cautious,T2,4301.52,2,0,0,0,0,0.0,250,1
8246,paid_search,aggressive,T3+,9708.78,1,1,0,0,0,0.0,70,1
8248,paid_search,cautious,T2,2440.0,3,0,1,0,0,0.0,279,0
8249,referral,cautious,T1,12857.61,6,1,1,0,0,0.0,67,0
8250,social,balanced,T1,7637.03,1,1,0,0,0,0.0,70,1
8251,social,balanced,T1,10976.26,2,1,1,2,0,5521.65,69,1
8253,social,balanced,T1,39067.79,2,0,1,0,0,0.0,228,1
8254,social,balanced,T3+,44057.77,1,0,0,0,0,0.0,147,1
8255,referral,balanced,T1,6005.2,5,1,2,0,0,0.0,16,1
8256,paid_search,balanced,T1,6652.48,3,0,1,0,0,0.0,243,1
8257,organic,cautious,T3+,9546.39,0,0,0,0,0,0.0,222,1
8258,paid_search,balanced,T1,7379.29,2,1,1,0,0,0.0,73,0
8259,bank_partner,cautious,T3+,50329.98,6,0,4,0,0,0.0,97,0
8260,social,aggressive,T3+,40517.44,4,1,2,0,0,0.0,80,0
8261,organic,balanced,T1,3540.88,1,1,0,0,0,0.0,77,0
8263,organic,balanced,T1,4653.63,2,0,2,0,0,0.0,152,0
8264,social,cautious,T3+,54032.59,5,2,2,0,0,0.0,44,0
8265,paid_search,balanced,T3+,14901.23,0,0,0,0,0,0.0,155,1
8267,organic,balanced,T3+,7768.54,2,0,2,0,0,0.0,103,0
8268,paid_search,cautious,T3+,6064.47,11,1,4,0,0,0.0,18,1
8269,referral,aggressive,T3+,1632.98,2,0,1,0,0,0.0,184,1
8270,social,cautious,T3+,4302.83,0,0,0,0,0,0.0,127,0
8273,bank_partner,aggressive,T3+,48226.18,3,2,0,0,0,0.0,53,1
8276,social,balanced,T2,2360.31,4,0,2,0,0,0.0,151,1
8278,referral,balanced,T3+,2681.87,1,0,0,0,0,0.0,106,1
8279,organic,balanced,T3+,74459.71,7,4,3,0,0,0.0,25,1
8281,social,aggressive,T2,8521.1,2,1,1,0,0,0.0,2,1
8282,paid_search,cautious,T3+,4252.16,4,0,1,0,0,0.0,267,1
8283,social,aggressive,T3+,9269.49,4,0,2,0,0,0.0,154,0
8284,bank_partner,aggressive,T1,18318.33,2,0,0,0,0,0.0,275,1
8285,social,cautious,T1,2401.77,4,0,0,0,0,0.0,226,1
8286,referral,balanced,T3+,3108.35,2,0,0,0,0,0.0,147,1
8287,bank_partner,cautious,T3+,8817.97,0,0,0,0,0,0.0,274,1
8288,organic,cautious,T2,30244.74,5,1,1,0,0,0.0,66,0
8289,organic,balanced,T2,4183.21,4,2,1,0,0,0.0,34,0
8290,organic,cautious,T1,40896.9,0,0,0,0,0,0.0,290,0
8291,organic,balanced,T1,2272.67,1,0,0,0,0,0.0,265,1
8293,paid_search,balanced,T1,2586.48,0,0,0,0,0,0.0,216,1
8294,bank_partner,aggressive,T3+,8695.18,2,1,1,0,0,0.0,68,1
8295,organic,balanced,T2,5473.47,2,0,1,0,0,0.0,287,1
8299,organic,balanced,T1,5551.09,2,2,1,0,0,0.0,16,0
8300,social,aggressive,T1,4690.71,3,1,1,0,0,0.0,88,0
8302,social,balanced,T2,1032.36,3,0,1,0,0,0.0,152,1
8303,social,cautious,T3+,46161.22,5,1,2,0,0,0.0,67,1
8304,social,cautious,T3+,20471.6,3,2,1,0,0,0.0,28,0
8305,bank_partner,balanced,T1,9765.53,1,0,0,0,0,0.0,211,1
8306,organic,cautious,T2,34078.92,5,4,0,0,0,0.0,49,1
8308,organic,balanced,T1,2159.19,1,0,1,0,0,0.0,154,0
8310,referral,cautious,T3+,2724.1,8,0,4,2,0,905.73,133,1
8313,bank_partner,cautious,T2,27242.14,2,0,1,0,0,0.0,190,1
8314,social,balanced,T1,14247.8,3,0,2,0,0,0.0,159,1
8316,organic,balanced,T2,3951.35,5,1,3,0,0,0.0,68,0
8317,paid_search,cautious,T1,9225.05,3,0,1,0,0,0.0,160,1
8318,organic,aggressive,T2,1378.28,6,1,2,0,0,0.0,22,1
8319,organic,balanced,T1,11812.39,5,0,1,0,0,0.0,231,1
8320,social,balanced,T3+,2782.28,3,1,1,0,0,0.0,64,0
8322,organic,aggressive,T2,13991.67,8,3,3,0,0,0.0,37,1
8323,bank_partner,aggressive,T2,6519.34,5,0,4,2,0,3164.04,121,1
8324,organic,balanced,T1,2503.87,7,0,0,0,0,0.0,99,1
8325,referral,balanced,T3+,7830.45,5,1,4,0,0,0.0,77,0
8327,organic,cautious,T1,21454.5,2,0,1,0,0,0.0,224,1
8328,paid_search,cautious,T1,14676.67,2,0,0,0,0,0.0,97,1
8329,organic,cautious,T2,16506.62,3,0,2,2,1,4924.41,93,1
8330,social,cautious,T3+,4410.05,2,0,1,0,0,0.0,113,1
8331,social,balanced,T1,26433.49,3,0,2,0,0,0.0,231,0
8332,social,balanced,T2,7470.97,4,3,1,0,0,0.0,21,0
8333,paid_search,balanced,T2,11382.4,3,0,1,0,0,0.0,221,1
8334,social,aggressive,T3+,1964.08,4,1,0,0,0,0.0,33,1
8336,organic,aggressive,T1,5414.92,6,0,2,0,0,0.0,93,0
8337,social,cautious,T1,6858.86,4,1,1,0,0,0.0,33,1
8338,paid_search,balanced,T2,30211.33,2,0,1,0,0,0.0,240,1
8340,social,balanced,T1,9745.69,9,1,7,2,0,3863.63,77,1
8342,paid_search,balanced,T3+,8661.46,4,2,1,0,0,0.0,47,1
8343,referral,cautious,T3+,2872.05,1,1,0,0,0,0.0,57,1
8344,organic,balanced,T1,4757.79,6,1,4,1,0,1475.53,71,1
8345,referral,cautious,T2,6082.15,2,0,1,0,0,0.0,103,1
8346,referral,cautious,T1,6159.7,3,1,1,0,0,0.0,72,1
8349,organic,cautious,T3+,4215.74,2,0,0,0,0,0.0,101,1
8350,social,cautious,T1,7549.24,7,1,2,0,0,0.0,47,1
8351,organic,cautious,T3+,17458.12,2,0,0,0,0,0.0,297,0
8353,referral,balanced,T1,5210.34,6,4,4,2,0,1984.76,7,1
8354,social,cautious,T3+,5343.36,1,0,1,0,0,0.0,323,1
8355,social,balanced,T1,28355.3,10,3,8,1,0,9531.15,9,1
8356,referral,cautious,T1,5868.82,4,1,1,0,0,0.0,39,1
8358,referral,cautious,T1,3466.38,1,0,0,0,0,0.0,354,0
8359,bank_partner,cautious,T2,13099.79,1,0,0,0,0,0.0,159,1
8360,organic,balanced,T1,5542.37,2,0,1,0,0,0.0,120,1
8361,bank_partner,cautious,T1,5067.03,1,0,0,0,0,0.0,199,0
8362,organic,cautious,T1,14170.92,1,0,1,0,0,0.0,333,1
8363,paid_search,balanced,T3+,1385.74,3,1,0,0,0,0.0,73,1
8364,paid_search,cautious,T1,58582.64,7,0,4,1,0,12364.72,144,0
8365,organic,balanced,T1,2670.44,3,0,1,0,0,0.0,229,1
8366,organic,balanced,T3+,3272.73,2,0,0,0,0,0.0,317,1
8368,referral,aggressive,T2,3877.11,4,1,1,4,1,2043.6100000000001,32,0
8371,organic,balanced,T1,2681.01,7,0,2,0,0,0.0,105,0
8372,social,balanced,T3+,6878.12,7,0,2,0,0,0.0,116,1
8374,paid_search,aggressive,T1,24450.32,1,0,0,0,0,0.0,179,1
8376,social,balanced,T2,1584.26,3,0,1,0,0,0.0,108,1
8377,paid_search,balanced,T1,8793.3,4,0,1,0,0,0.0,184,1
8378,referral,balanced,T2,2507.09,2,1,0,0,0,0.0,34,1
8379,referral,aggressive,T1,4054.98,4,1,2,0,0,0.0,83,1
8381,referral,aggressive,T2,26057.21,3,1,2,0,0,0.0,47,1
8382,organic,cautious,T1,14134.39,3,0,1,0,0,0.0,267,0
8385,bank_partner,cautious,T3+,3682.01,1,1,0,0,0,0.0,69,1
8386,organic,cautious,T1,4524.92,4,0,2,0,0,0.0,234,1
8387,paid_search,balanced,T2,2699.52,1,0,1,0,0,0.0,270,1
8388,bank_partner,balanced,T3+,4074.57,2,0,1,0,0,0.0,173,1
8389,organic,balanced,T2,1734.0,2,0,0,0,0,0.0,109,0
8390,organic,cautious,T3+,16971.34,8,8,5,2,2,7239.02,33,0
8391,paid_search,balanced,T2,1182.06,1,0,0,0,0,0.0,302,1
8392,paid_search,balanced,T1,15411.86,3,0,1,0,0,0.0,258,1
8393,bank_partner,cautious,T3+,1472.47,3,3,1,0,0,0.0,0,0
8394,organic,balanced,T2,78274.3,3,0,1,0,0,0.0,116,1
8395,bank_partner,balanced,T2,7812.67,4,1,0,0,0,0.0,30,1
8396,paid_search,cautious,T1,46507.74,4,0,2,0,0,0.0,146,1
8399,organic,balanced,T2,5721.01,1,1,0,0,0,0.0,34,1
8400,paid_search,balanced,T3+,17393.18,4,1,1,0,0,0.0,54,1
8401,organic,balanced,T3+,16568.63,8,1,4,0,0,0.0,49,0
8403,organic,cautious,T3+,6644.19,1,0,0,0,0,0.0,261,1
8405,organic,cautious,T3+,4268.64,1,0,0,0,0,0.0,234,1
8406,paid_search,cautious,T3+,1764.11,1,0,0,0,0,0.0,177,0
8408,social,balanced,T3+,9766.22,7,2,2,0,0,0.0,54,1
8409,organic,aggressive,T2,7120.64,6,2,4,0,0,0.0,6,0
8410,organic,cautious,T3+,6078.86,1,0,1,0,0,0.0,106,0
8411,paid_search,cautious,T1,2971.9,1,1,0,0,0,0.0,72,0
8412,paid_search,aggressive,T2,6788.26,3,1,2,0,0,0.0,13,1
8413,organic,cautious,T2,23473.95,3,1,3,0,0,0.0,29,1
8415,organic,cautious,T3+,33643.92,2,0,0,0,0,0.0,247,1
8417,paid_search,balanced,T2,1786.73,3,0,3,0,0,0.0,155,0
8418,paid_search,cautious,T2,12630.61,3,0,1,0,0,0.0,242,1
8419,social,balanced,T1,24533.26,6,2,5,1,0,5280.94,24,1
8420,organic,balanced,T2,5785.47,3,0,1,0,0,0.0,258,1
8421,social,cautious,T1,7614.56,3,3,2,2,1,3179.97,20,1
8423,organic,cautious,T2,8754.54,3,3,1,0,0,0.0,4,1
8424,bank_partner,balanced,T1,2098.07,8,0,5,1,0,859.53,95,0
8425,social,aggressive,T1,64736.85,3,1,1,0,0,0.0,90,1
8426,bank_partner,balanced,T2,46103.87,6,0,3,2,0,13787.529999999999,165,0
8427,bank_partner,cautious,T1,21755.14,3,0,0,0,0,0.0,92,1
8428,paid_search,aggressive,T2,9936.45,3,0,0,0,0,0.0,107,1
8429,referral,balanced,T3+,1372.02,3,0,2,0,0,0.0,180,1
8432,referral,cautious,T2,9046.18,10,1,5,1,0,1491.89,81,1
8433,referral,aggressive,T1,9893.02,4,1,1,0,0,0.0,60,1
8434,social,cautious,T2,13888.7,2,1,1,0,0,0.0,30,1
8435,social,aggressive,T2,2671.06,6,1,1,0,0,0.0,85,1
8437,social,aggressive,T3+,33549.73,5,1,3,3,1,9254.779999999999,31,1
8438,referral,balanced,T1,12229.65,5,0,1,0,0,0.0,102,1
8440,paid_search,aggressive,T2,21131.61,1,0,0,0,0,0.0,109,0
8441,organic,cautious,T3+,25727.13,3,0,1,0,0,0.0,146,0
8442,social,balanced,T2,85783.22,3,0,0,2,0,45140.15,158,0
8443,organic,cautious,T3+,1331.74,3,0,1,0,0,0.0,156,0
8445,social,balanced,T1,10732.56,1,1,0,0,0,0.0,83,0
8446,paid_search,cautious,T3+,6340.99,5,1,0,0,0,0.0,65,1
8447,social,balanced,T2,7860.94,2,0,1,0,0,0.0,138,1
8448,referral,balanced,T2,2890.73,3,1,2,0,0,0.0,13,0
8449,organic,aggressive,T1,7838.21,2,0,2,0,0,0.0,286,1
8452,referral,cautious,T3+,67017.47,2,0,1,0,0,0.0,256,1
8453,organic,cautious,T2,62364.27,5,0,1,0,0,0.0,137,1
8455,referral,balanced,T1,30481.2,3,3,2,0,0,0.0,39,0
8456,organic,cautious,T1,8518.65,3,1,0,0,0,0.0,38,1
8457,paid_search,cautious,T3+,13419.01,2,0,2,0,0,0.0,161,1
8458,bank_partner,balanced,T2,7453.5,2,0,1,0,0,0.0,210,1
8459,bank_partner,cautious,T1,7631.62,1,0,0,0,0,0.0,96,1
8460,social,balanced,T2,2674.43,2,0,2,0,0,0.0,300,1
8461,bank_partner,balanced,T2,10878.44,4,1,1,3,0,5280.25,45,0
8462,bank_partner,balanced,T3+,3916.0,1,1,0,0,0,0.0,71,1
8463,paid_search,balanced,T3+,6610.28,0,0,0,0,0,0.0,133,0
8464,organic,balanced,T3+,601.36,1,0,1,0,0,0.0,132,1
8465,organic,cautious,T2,9545.96,6,2,2,0,0,0.0,7,1
8467,paid_search,cautious,T2,9273.17,2,0,0,0,0,0.0,93,0
8469,referral,cautious,T2,2462.55,4,0,2,0,0,0.0,259,1
8470,paid_search,cautious,T3+,740.91,2,0,0,0,0,0.0,106,1
8471,organic,balanced,T1,28941.75,2,0,0,0,0,0.0,148,1
8472,social,cautious,T2,2890.64,6,1,3,0,0,0.0,25,1
8473,organic,aggressive,T2,17340.13,3,0,0,0,0,0.0,108,1
8474,organic,balanced,T3+,18684.76,3,1,2,0,0,0.0,85,1
8475,paid_search,cautious,T2,28384.45,1,0,0,0,0,0.0,247,1
8476,organic,cautious,T3+,29040.04,5,1,2,0,0,0.0,17,1
8477,referral,balanced,T3+,2170.33,2,2,1,0,0,0.0,63,0
8478,bank_partner,cautious,T3+,1851.2,3,0,0,0,0,0.0,275,1
8479,organic,balanced,T1,2561.89,7,1,2,1,0,945.88,52,0
8480,social,balanced,T2,4429.21,9,2,3,0,0,0.0,62,0
8481,bank_partner,cautious,T2,95094.75,3,1,0,0,0,0.0,16,1
8482,social,cautious,T1,8555.1,4,0,2,0,0,0.0,232,1
8483,organic,cautious,T2,39238.34,2,0,0,0,0,0.0,194,1
8484,organic,balanced,T1,2710.04,2,1,0,0,0,0.0,74,1
8485,referral,cautious,T2,1800.65,5,0,2,0,0,0.0,202,1
8486,referral,balanced,T2,23042.26,4,3,1,0,0,0.0,62,1
8487,referral,cautious,T1,12751.38,1,0,0,0,0,0.0,175,1
8489,bank_partner,aggressive,T1,1400.61,0,0,0,0,0,0.0,172,0
8490,referral,balanced,T1,14910.7,4,3,0,0,0,0.0,2,1
8491,paid_search,cautious,T3+,52255.51,0,0,0,0,0,0.0,111,0
8492,bank_partner,cautious,T1,9154.22,2,0,0,0,0,0.0,107,0
8493,organic,cautious,T2,7139.85,2,0,1,0,0,0.0,231,1
8494,social,cautious,T3+,35947.74,4,2,1,0,0,0.0,43,0
8495,organic,balanced,T3+,5646.51,0,0,0,0,0,0.0,149,0
8496,organic,aggressive,T2,6607.37,4,4,2,0,0,0.0,26,1
8497,organic,balanced,T1,5944.32,4,1,1,0,0,0.0,24,1
8498,social,balanced,T1,3446.76,2,0,1,0,0,0.0,163,1
8500,bank_partner,balanced,T3+,47793.68,2,1,1,0,0,0.0,23,1
8501,referral,cautious,T2,10099.83,3,0,3,0,0,0.0,154,1
8503,paid_search,balanced,T3+,7005.11,0,0,0,0,0,0.0,136,1
8504,organic,aggressive,T1,17567.56,1,0,0,0,0,0.0,170,1
8505,paid_search,cautious,T1,32013.08,6,3,1,0,0,0.0,23,0
8507,paid_search,balanced,T1,969.22,0,0,0,0,0,0.0,182,1
8508,bank_partner,balanced,T1,8330.79,3,2,0,0,0,0.0,41,1
8509,referral,aggressive,T1,25258.56,2,0,1,0,0,0.0,204,1
8510,social,balanced,T1,45507.31,5,0,2,0,0,0.0,284,1
8511,bank_partner,cautious,T2,9991.4,3,0,1,0,0,0.0,186,1
8512,organic,balanced,T2,4000.1,2,2,0,0,0,0.0,26,1
8513,referral,cautious,T2,18436.56,9,0,3,0,0,0.0,94,1
8514,organic,balanced,T3+,1633.09,0,0,0,0,0,0.0,342,1
8515,paid_search,cautious,T1,21211.48,3,1,3,0,0,0.0,31,0
8516,bank_partner,balanced,T2,4772.24,3,1,2,0,0,0.0,45,1
8517,social,cautious,T3+,6099.03,5,0,2,0,0,0.0,249,0
8518,paid_search,balanced,T1,4902.04,0,0,0,0,0,0.0,263,1
8519,organic,aggressive,T2,12760.05,0,0,0,0,0,0.0,223,1
8523,organic,balanced,T2,7398.84,0,0,0,0,0,0.0,349,1
8524,organic,balanced,T1,10660.8,3,0,0,0,0,0.0,163,1
8526,organic,cautious,T2,17413.17,0,0,0,0,0,0.0,163,1
8527,bank_partner,cautious,T2,9452.8,3,0,0,0,0,0.0,123,1
8528,organic,aggressive,T1,1742.68,3,2,1,0,0,0.0,27,1
8530,paid_search,balanced,T2,21830.52,1,1,0,0,0,0.0,5,1
8531,paid_search,balanced,T3+,8721.84,5,1,2,0,0,0.0,88,0
8532,referral,balanced,T3+,2894.45,14,2,8,2,0,1327.07,6,1
8533,paid_search,balanced,T2,11021.19,1,0,1,0,0,0.0,151,1
8537,social,aggressive,T3+,4021.28,2,1,0,0,0,0.0,79,1
8538,paid_search,aggressive,T3+,4294.5,8,2,4,1,0,1070.09,11,1
8539,organic,balanced,T2,5264.15,10,0,4,1,0,1477.8,95,1
8540,paid_search,cautious,T3+,4386.44,1,0,0,0,0,0.0,129,1
8541,referral,cautious,T3+,10845.3,2,0,1,0,0,0.0,213,1
8542,bank_partner,aggressive,T3+,4472.2,1,0,0,0,0,0.0,302,1
8543,bank_partner,cautious,T2,21628.38,2,1,0,0,0,0.0,63,0
8545,bank_partner,balanced,T1,27213.53,2,0,0,0,0,0.0,235,1
8546,referral,aggressive,T2,7264.39,10,3,5,4,3,4350.66,18,1
8549,social,cautious,T3+,30350.89,4,0,2,0,0,0.0,236,1
8550,referral,aggressive,T3+,1487.92,2,0,1,0,0,0.0,171,1
8551,paid_search,balanced,T3+,10026.69,4,0,0,0,0,0.0,156,1
8552,social,cautious,T3+,5354.98,3,0,2,0,0,0.0,163,1
8553,paid_search,cautious,T1,7167.75,5,1,2,0,0,0.0,4,1
8554,referral,cautious,T1,19992.7,4,0,1,0,0,0.0,187,1
8555,referral,balanced,T1,11604.91,3,0,1,0,0,0.0,104,0
8557,social,aggressive,T1,32863.71,2,0,0,0,0,0.0,179,1
8558,paid_search,balanced,T3+,16798.94,3,0,1,0,0,0.0,144,1
8559,organic,balanced,T3+,1026.3,0,0,0,0,0,0.0,355,1
8560,organic,cautious,T3+,6088.6,12,1,7,5,0,2811.77,68,1
8562,organic,cautious,T1,1455.74,2,1,0,0,0,0.0,18,0
8563,paid_search,cautious,T2,2834.38,7,0,2,0,0,0.0,133,1
8564,organic,cautious,T2,3567.86,3,0,1,0,0,0.0,141,1
8566,bank_partner,aggressive,T3+,9815.64,3,3,0,0,0,0.0,50,1
8567,referral,balanced,T3+,1817.79,2,0,1,0,0,0.0,167,0
8568,organic,cautious,T3+,38644.22,2,0,1,0,0,0.0,288,1
8570,paid_search,balanced,T1,13395.58,6,0,2,0,0,0.0,107,1
8572,organic,balanced,T1,3862.15,1,0,1,0,0,0.0,320,1
8574,social,balanced,T3+,3892.4,1,0,0,0,0,0.0,290,1
8576,referral,balanced,T2,5516.39,5,0,1,0,0,0.0,160,1
8578,organic,aggressive,T1,4386.93,2,0,1,0,0,0.0,110,0
8580,bank_partner,aggressive,T1,1347.31,2,0,0,0,0,0.0,114,1
8582,paid_search,balanced,T2,15567.83,5,3,2,0,0,0.0,13,1
8583,social,balanced,T3+,2620.45,3,0,2,0,0,0.0,163,1
8584,paid_search,aggressive,T3+,26960.99,3,0,0,0,0,0.0,110,0
8585,bank_partner,balanced,T1,13244.61,6,2,3,3,0,4874.74,87,1
8586,organic,cautious,T1,4477.35,0,0,0,0,0,0.0,154,1
8587,bank_partner,cautious,T1,11761.21,6,6,2,0,0,0.0,29,0
8588,referral,cautious,T1,29665.98,3,0,2,0,0,0.0,99,1
8589,paid_search,balanced,T2,20986.77,1,1,0,0,0,0.0,79,1
8590,social,aggressive,T2,210372.91,3,0,2,0,0,0.0,319,0
8591,social,aggressive,T3+,9707.92,4,3,2,0,0,0.0,51,0
8593,organic,balanced,T3+,18158.01,6,1,2,0,0,0.0,21,1
8594,social,cautious,T3+,3094.3,0,0,0,0,0,0.0,340,1
8595,referral,aggressive,T2,3708.56,2,1,1,0,0,0.0,58,0
8597,organic,balanced,T3+,9666.3,1,0,0,0,0,0.0,208,1
8598,paid_search,balanced,T3+,2687.41,2,1,0,0,0,0.0,86,1
8599,social,balanced,T2,9321.34,3,1,1,0,0,0.0,29,1
8600,referral,balanced,T2,32353.85,2,0,1,0,0,0.0,244,1
8601,paid_search,balanced,T1,14761.05,9,1,3,1,0,2076.33,36,1
8604,organic,cautious,T2,12047.08,2,0,0,0,0,0.0,126,0
8605,paid_search,aggressive,T2,4408.25,3,0,1,0,0,0.0,96,1
8606,organic,cautious,T2,22585.04,7,0,1,0,0,0.0,98,1
8607,social,cautious,T3+,55170.84,1,0,1,0,0,0.0,178,1
8608,organic,balanced,T1,32504.92,11,3,7,3,0,14698.44,38,0
8609,paid_search,balanced,T2,1480.81,0,0,0,0,0,0.0,201,1
8611,bank_partner,cautious,T3+,13871.56,9,0,6,2,0,5643.969999999999,184,1
8613,paid_search,balanced,T1,9803.02,4,0,2,0,0,0.0,259,1
8614,paid_search,cautious,T1,10694.31,6,3,2,0,0,0.0,3,1
8616,organic,cautious,T3+,5316.24,3,1,0,0,0,0.0,8,1
8618,organic,cautious,T2,13572.62,6,0,1,0,0,0.0,191,1
8619,referral,balanced,T3+,25216.22,1,0,1,0,0,0.0,327,1
8620,referral,balanced,T2,36241.07,2,0,0,0,0,0.0,113,0
8621,referral,cautious,T2,293016.37,3,0,0,0,0,0.0,106,1
8622,organic,balanced,T2,19161.78,2,0,1,0,0,0.0,207,0
8624,bank_partner,balanced,T1,5235.18,1,0,1,0,0,0.0,164,1
8625,paid_search,aggressive,T1,4323.93,6,3,4,3,1,3066.98,25,0
8626,referral,aggressive,T3+,1580.01,6,0,2,0,0,0.0,102,1
8627,organic,cautious,T1,26182.98,1,1,1,0,0,0.0,80,0
8628,referral,balanced,T2,91384.92,5,4,1,0,0,0.0,65,0
8629,bank_partner,balanced,T3+,10124.26,4,0,2,0,0,0.0,124,1
8630,paid_search,aggressive,T1,8994.17,2,0,1,0,0,0.0,100,1
8631,organic,cautious,T2,31873.74,3,0,0,0,0,0.0,177,1
8632,social,balanced,T3+,11713.83,0,0,0,0,0,0.0,276,1
8633,referral,cautious,T3+,7853.79,4,0,1,0,0,0.0,276,1
8634,social,balanced,T2,22774.43,5,0,2,0,0,0.0,178,1
8635,social,cautious,T2,13241.93,3,1,2,0,0,0.0,21,1
8637,paid_search,cautious,T1,2237.74,1,0,1,0,0,0.0,312,1
8638,referral,balanced,T2,25379.03,2,0,1,0,0,0.0,128,0
8639,organic,cautious,T2,2312.72,0,0,0,0,0,0.0,107,1
8640,paid_search,cautious,T1,21969.58,3,0,0,0,0,0.0,164,1
8642,paid_search,balanced,T1,8290.73,6,0,1,0,0,0.0,94,1
8645,organic,balanced,T1,20564.03,3,1,1,0,0,0.0,55,1
8646,paid_search,balanced,T1,3663.8,10,0,8,1,0,577.71,146,1
8648,organic,balanced,T1,37544.82,3,0,1,0,0,0.0,246,1
8650,referral,balanced,T1,22617.08,4,2,2,0,0,0.0,27,0
8651,social,balanced,T3+,8866.82,1,0,0,0,0,0.0,96,1
8652,organic,cautious,T1,38467.01,1,0,0,0,0,0.0,99,0
8653,referral,balanced,T2,6493.25,5,0,2,0,0,0.0,145,0
8654,paid_search,cautious,T3+,34002.77,12,2,6,2,0,7827.31,78,1
8656,paid_search,cautious,T1,4752.68,2,0,0,0,0,0.0,161,1
8657,bank_partner,balanced,T3+,5810.99,3,0,0,0,0,0.0,125,1
8658,paid_search,cautious,T2,5054.68,1,0,0,0,0,0.0,323,1
8659,organic,balanced,T3+,7450.23,0,0,0,0,0,0.0,101,0
8660,referral,balanced,T3+,556.38,1,0,1,0,0,0.0,197,0
8661,bank_partner,cautious,T2,119992.47,8,0,6,1,0,20198.17,257,1
8662,paid_search,cautious,T2,5683.9,3,0,3,0,0,0.0,202,1
8664,referral,balanced,T1,19669.89,2,1,0,0,0,0.0,6,1
8665,referral,aggressive,T2,24244.9,3,1,1,0,0,0.0,69,1
8666,organic,balanced,T3+,22535.45,2,0,1,0,0,0.0,177,1
8667,social,cautious,T2,24444.58,3,1,2,0,0,0.0,48,0
8669,social,aggressive,T3+,3703.35,2,0,0,0,0,0.0,164,1
8670,social,aggressive,T2,15375.1,4,0,0,0,0,0.0,208,1
8671,bank_partner,balanced,T1,8885.31,2,1,2,3,1,4213.54,80,0
8672,social,aggressive,T1,4413.06,1,0,1,0,0,0.0,271,1
8674,social,cautious,T1,2319.53,3,3,1,0,0,0.0,11,1
8677,referral,balanced,T2,6046.95,3,0,1,0,0,0.0,133,1
8678,referral,cautious,T3+,18960.62,8,0,5,2,0,9504.42,163,1
8680,referral,cautious,T3+,5653.68,3,0,2,0,0,0.0,99,1
8681,organic,balanced,T3+,63127.26,5,2,3,0,0,0.0,39,1
8684,organic,cautious,T3+,4093.75,4,0,1,3,0,1677.4099999999999,226,0
8685,bank_partner,balanced,T2,7025.92,3,1,0,0,0,0.0,90,1
8687,organic,cautious,T2,47222.14,4,0,2,0,0,0.0,133,0
8688,organic,cautious,T2,13528.36,2,0,0,0,0,0.0,210,0
8689,referral,aggressive,T2,18672.56,9,7,5,3,2,7400.360000000001,26,0
8690,social,cautious,T3+,5438.88,2,0,1,0,0,0.0,304,1
8691,paid_search,balanced,T2,15379.25,4,0,0,0,0,0.0,132,1
8693,organic,aggressive,T2,28957.1,3,0,1,0,0,0.0,105,1
8694,referral,cautious,T1,3143.7,2,2,1,0,0,0.0,57,1
8696,bank_partner,balanced,T1,11204.94,2,0,0,0,0,0.0,158,1
8697,organic,cautious,T3+,1964.47,2,0,0,0,0,0.0,246,1
8698,referral,balanced,T2,9053.88,1,0,0,0,0,0.0,303,1
8699,paid_search,cautious,T2,21901.52,1,0,0,0,0,0.0,273,0
8700,organic,balanced,T3+,5642.06,1,0,0,0,0,0.0,92,1
8701,organic,balanced,T2,14806.1,8,2,4,1,0,2185.76,73,0
8702,paid_search,cautious,T1,18389.46,2,0,1,0,0,0.0,317,1
8703,organic,balanced,T1,4435.99,5,4,0,0,0,0.0,34,1
8704,organic,cautious,T2,5851.42,5,1,4,0,0,0.0,68,1
8705,referral,cautious,T3+,6999.07,1,0,0,0,0,0.0,91,0
8706,referral,aggressive,T2,26400.25,8,0,5,5,0,12711.31,139,1
8708,social,balanced,T2,9012.32,1,1,0,0,0,0.0,69,0
8709,paid_search,balanced,T2,6056.28,1,0,1,0,0,0.0,144,1
8710,organic,balanced,T3+,12655.25,9,4,4,2,1,3958.12,5,0
8711,paid_search,balanced,T2,18980.79,2,1,1,0,0,0.0,22,1
8715,paid_search,balanced,T2,5978.09,11,2,8,2,0,2481.1299999999997,4,1
8716,paid_search,aggressive,T2,22594.34,2,2,1,0,0,0.0,73,1
8717,paid_search,cautious,T1,21495.09,2,1,0,0,0,0.0,59,0
8718,social,cautious,T3+,15547.82,4,0,1,0,0,0.0,206,1
8719,paid_search,cautious,T2,28624.67,0,0,0,0,0,0.0,321,1
8721,social,aggressive,T3+,5972.39,0,0,0,0,0,0.0,120,1
8722,referral,balanced,T2,9324.07,5,0,0,0,0,0.0,108,1
8723,bank_partner,cautious,T2,13521.15,3,0,1,0,0,0.0,219,1
8724,referral,balanced,T2,33728.02,5,0,1,4,2,24122.07,97,1
8725,social,balanced,T1,119119.95,12,1,5,2,0,34224.229999999996,88,0
8726,social,cautious,T1,10091.97,4,1,1,0,0,0.0,5,1
8728,organic,cautious,T1,24341.76,6,1,2,0,0,0.0,1,1
8730,organic,balanced,T2,3720.22,9,0,4,3,1,2000.63,95,0
8731,referral,balanced,T2,13873.82,4,0,1,0,0,0.0,111,1
8733,social,cautious,T2,45887.71,11,1,6,3,0,19273.41,89,1
8734,bank_partner,balanced,T2,18116.72,2,0,2,0,0,0.0,195,1
8735,referral,balanced,T3+,2560.55,11,2,6,1,0,1021.58,65,1
8736,referral,aggressive,T3+,14441.57,1,0,0,0,0,0.0,167,1
8737,paid_search,cautious,T1,10320.23,3,2,0,0,0,0.0,51,1
8738,organic,balanced,T1,23194.99,16,2,6,1,0,4572.01,40,0
8739,bank_partner,cautious,T2,34830.58,6,1,4,1,0,5596.91,78,0
8740,paid_search,cautious,T1,2462.8,0,0,0,0,0,0.0,190,1
8741,social,balanced,T2,19313.87,2,1,0,0,0,0.0,12,0
8743,social,balanced,T2,8885.12,5,0,1,0,0,0.0,132,0
8745,paid_search,cautious,T2,11894.38,5,0,2,0,0,0.0,157,0
8746,referral,cautious,T1,16547.36,3,0,0,0,0,0.0,135,1
8749,organic,cautious,T2,4957.2,3,0,0,0,0,0.0,309,1
8751,referral,aggressive,T2,43462.53,2,0,1,0,0,0.0,184,1
8754,bank_partner,cautious,T1,16650.77,5,0,2,0,0,0.0,172,1
8755,referral,cautious,T2,4083.51,5,2,0,0,0,0.0,20,1
8756,bank_partner,aggressive,T3+,41912.66,3,1,1,0,0,0.0,66,1
8758,paid_search,cautious,T3+,5570.76,3,3,2,0,0,0.0,50,1
8759,social,cautious,T1,7008.13,6,1,3,0,0,0.0,66,1
8760,social,aggressive,T3+,3369.34,4,0,2,0,0,0.0,128,1
8762,social,cautious,T1,1258.7,6,0,3,0,0,0.0,306,1
8764,bank_partner,cautious,T3+,24771.88,1,0,0,0,0,0.0,312,1
8765,organic,cautious,T2,67144.02,14,0,6,2,0,32543.88,193,0
8766,social,cautious,T1,36759.33,1,0,0,0,0,0.0,140,1
8767,bank_partner,balanced,T2,21443.1,12,0,5,2,0,9192.33,169,0
8768,organic,cautious,T2,14865.59,3,0,0,0,0,0.0,182,1
8770,organic,balanced,T1,23260.38,4,0,1,0,0,0.0,108,1
8775,social,aggressive,T1,6313.76,1,0,1,0,0,0.0,140,0
8776,organic,cautious,T3+,16233.62,1,0,0,0,0,0.0,242,1
8777,referral,aggressive,T3+,27987.6,4,1,2,0,0,0.0,72,1
8779,referral,cautious,T3+,1401.13,12,5,4,0,0,0.0,30,1
8780,paid_search,aggressive,T1,2674.78,1,0,1,0,0,0.0,229,1
8782,paid_search,balanced,T1,7013.89,2,0,1,0,0,0.0,107,1
8783,bank_partner,balanced,T3+,13633.97,3,0,0,0,0,0.0,185,1
8785,social,aggressive,T3+,32054.19,5,2,2,0,0,0.0,11,1
8786,organic,balanced,T2,10913.87,4,0,0,0,0,0.0,180,0
8787,paid_search,balanced,T1,26877.22,3,0,0,0,0,0.0,161,1
8788,paid_search,balanced,T1,21742.21,4,1,2,0,0,0.0,69,1
8789,referral,aggressive,T3+,24684.98,1,1,0,0,0,0.0,25,1
8790,bank_partner,cautious,T2,50696.03,2,0,1,0,0,0.0,263,1
8791,referral,aggressive,T3+,8764.56,3,1,2,0,0,0.0,74,1
8792,organic,cautious,T2,4191.4,0,0,0,0,0,0.0,300,0
8793,social,aggressive,T1,3418.17,1,0,1,0,0,0.0,143,1
8794,paid_search,balanced,T3+,5372.68,3,3,2,0,0,0.0,37,1
8796,paid_search,cautious,T1,4016.52,3,2,3,0,0,0.0,65,0
8797,referral,balanced,T1,6404.09,2,2,0,0,0,0.0,72,0
8799,referral,cautious,T2,12085.24,3,0,1,0,0,0.0,278,1
8800,organic,balanced,T2,2437.69,4,0,1,0,0,0.0,97,1
8802,social,balanced,T1,2887.53,4,0,0,0,0,0.0,96,1
8803,social,cautious,T3+,31180.82,2,0,0,0,0,0.0,201,1
8804,social,cautious,T2,18345.11,1,0,0,0,0,0.0,314,1
8805,referral,aggressive,T3+,11240.2,7,3,4,0,0,0.0,36,0
8806,paid_search,balanced,T2,4625.67,1,1,0,0,0,0.0,76,1
8807,bank_partner,cautious,T1,33330.78,0,0,0,0,0,0.0,242,1
8808,organic,balanced,T1,25415.97,1,1,0,0,0,0.0,48,0
8809,organic,cautious,T2,2872.74,0,0,0,0,0,0.0,128,1
8810,referral,cautious,T2,7780.35,7,0,4,3,0,3632.39,104,1
8811,organic,balanced,T3+,31462.37,5,1,2,0,0,0.0,58,1
8812,paid_search,cautious,T1,12438.06,3,0,0,0,0,0.0,201,0
8813,paid_search,balanced,T2,5827.21,4,0,4,0,0,0.0,203,1
8814,social,balanced,T2,4877.86,1,1,1,0,0,0.0,34,1
8815,organic,balanced,T1,4045.94,0,0,0,0,0,0.0,134,1
8816,paid_search,cautious,T1,7470.51,4,0,0,0,0,0.0,103,1
8817,social,balanced,T2,4585.6,6,2,1,0,0,0.0,35,0
8818,paid_search,cautious,T3+,26840.83,4,0,2,2,0,11662.109999999999,126,1
8820,organic,balanced,T2,107864.94,2,0,0,0,0,0.0,277,0
8821,organic,cautious,T1,33741.5,2,0,0,0,0,0.0,131,0
8822,paid_search,cautious,T3+,899.4,8,0,4,0,0,0.0,154,1
8823,organic,aggressive,T3+,5106.14,3,0,1,0,0,0.0,224,1
8824,paid_search,aggressive,T3+,20181.89,8,3,6,2,1,10587.2,29,0
8825,referral,aggressive,T1,2047.15,11,1,8,0,0,0.0,28,0
8828,bank_partner,balanced,T3+,12018.07,0,0,0,0,0,0.0,317,1
8829,paid_search,cautious,T2,2414.28,5,0,1,0,0,0.0,123,1
8830,bank_partner,cautious,T1,9381.67,5,1,5,0,0,0.0,34,1
8832,bank_partner,balanced,T1,6585.99,3,1,2,0,0,0.0,80,1
8833,referral,cautious,T3+,36796.66,7,3,2,2,1,4016.16,30,0
8835,organic,balanced,T3+,11820.11,5,4,2,0,0,0.0,8,0
8836,organic,aggressive,T2,2026.11,5,0,0,0,0,0.0,217,1
8837,bank_partner,cautious,T2,2450.66,1,0,0,0,0,0.0,195,1
8840,referral,aggressive,T1,4003.86,4,1,2,0,0,0.0,89,1
8841,referral,cautious,T2,3079.75,4,0,1,0,0,0.0,96,1
8843,referral,cautious,T3+,84756.48,5,5,2,0,0,0.0,18,0
8844,organic,balanced,T3+,17965.13,5,3,1,1,0,7070.14,27,1
8845,social,balanced,T1,5025.62,3,3,1,0,0,0.0,22,0
8846,social,balanced,T2,2817.38,1,0,0,0,0,0.0,284,1
8847,organic,cautious,T3+,2209.91,1,0,1,0,0,0.0,327,1
8848,paid_search,balanced,T2,4529.11,3,1,1,0,0,0.0,19,0
8849,referral,cautious,T1,5340.31,3,2,1,0,0,0.0,43,1
8850,social,cautious,T3+,55462.43,4,0,1,0,0,0.0,166,1
8852,bank_partner,balanced,T3+,6608.53,1,0,0,0,0,0.0,146,1
8855,paid_search,balanced,T1,1473.93,1,0,0,0,0,0.0,113,1
8856,bank_partner,cautious,T2,23738.09,3,0,2,0,0,0.0,329,1
8857,organic,cautious,T3+,14476.38,1,0,0,0,0,0.0,166,1
8858,referral,balanced,T1,1188.51,2,0,0,0,0,0.0,107,1
8860,paid_search,cautious,T3+,7629.8,5,3,4,0,0,0.0,54,1
8861,social,cautious,T3+,71272.13,3,3,1,0,0,0.0,78,1
8862,social,cautious,T3+,15984.14,0,0,0,0,0,0.0,337,1
8863,referral,cautious,T2,33033.22,5,0,1,0,0,0.0,96,1
8864,referral,cautious,T1,11812.52,4,0,1,0,0,0.0,235,1
8865,organic,aggressive,T2,23024.07,4,0,3,4,1,17131.06,169,1
8866,social,balanced,T2,2910.57,2,1,1,0,0,0.0,44,1
8867,paid_search,cautious,T3+,9758.28,3,1,1,0,0,0.0,36,1
8868,referral,balanced,T3+,8086.1,3,1,1,0,0,0.0,51,0
8869,referral,balanced,T3+,20377.79,2,0,0,0,0,0.0,206,1
8873,organic,cautious,T2,2770.55,3,0,0,0,0,0.0,151,1
8876,organic,cautious,T1,11019.85,1,1,1,0,0,0.0,11,1
8877,organic,aggressive,T2,22229.61,2,1,1,0,0,0.0,35,0
8878,paid_search,balanced,T2,1476.45,0,0,0,0,0,0.0,113,1
8880,paid_search,balanced,T3+,4898.87,1,0,0,0,0,0.0,243,1
8881,paid_search,balanced,T2,6253.99,0,0,0,0,0,0.0,145,1
8882,referral,balanced,T1,11447.48,0,0,0,0,0,0.0,94,0
8883,paid_search,aggressive,T3+,10785.18,8,1,6,4,0,6439.06,71,1
8884,organic,aggressive,T3+,15367.78,5,1,0,0,0,0.0,59,1
8885,organic,balanced,T2,31913.07,2,1,0,0,0,0.0,14,0
8886,paid_search,balanced,T1,17730.62,1,0,0,0,0,0.0,180,1
8887,referral,cautious,T3+,10443.44,0,0,0,0,0,0.0,96,1
8888,organic,cautious,T2,5100.16,10,0,5,4,0,2326.25,175,1
8889,organic,cautious,T3+,819.34,1,0,0,0,0,0.0,234,1
8890,bank_partner,cautious,T2,19501.9,0,0,0,0,0,0.0,138,1
8891,paid_search,cautious,T2,6613.62,5,0,2,0,0,0.0,157,1
8892,social,cautious,T1,6648.68,2,1,0,0,0,0.0,12,1
8893,social,aggressive,T3+,28829.65,3,2,0,0,0,0.0,15,1
8894,referral,cautious,T2,30384.8,4,0,4,0,0,0.0,108,1
8897,referral,balanced,T2,43587.46,2,0,2,0,0,0.0,234,1
8900,organic,aggressive,T2,10689.74,4,1,2,0,0,0.0,4,0
8901,organic,balanced,T1,19180.4,1,0,0,0,0,0.0,279,0
8902,organic,balanced,T3+,25041.11,7,1,2,3,0,10637.93,30,1
8904,social,balanced,T3+,15606.41,5,1,1,0,0,0.0,4,1
8905,organic,balanced,T1,28799.68,2,1,1,0,0,0.0,60,0
8906,paid_search,balanced,T3+,20122.26,5,2,0,0,0,0.0,37,1
8907,bank_partner,cautious,T1,3513.0,6,1,2,0,0,0.0,63,0
8911,paid_search,aggressive,T2,7800.11,3,1,0,0,0,0.0,57,1
8912,social,balanced,T1,12902.32,2,2,1,0,0,0.0,40,1
8913,referral,balanced,T2,12325.38,5,1,3,1,0,2634.2,1,0
8914,organic,cautious,T2,2007.38,6,4,2,0,0,0.0,12,1
8915,social,cautious,T2,32214.38,10,1,9,3,0,13959.69,19,1
8916,paid_search,balanced,T2,34379.33,10,4,4,4,2,16135.0,39,0
8918,paid_search,balanced,T2,10102.47,3,0,0,0,0,0.0,183,1
8919,social,cautious,T3+,6647.59,6,0,1,0,0,0.0,148,1
8920,bank_partner,cautious,T3+,10306.14,2,0,1,0,0,0.0,298,1
8921,paid_search,aggressive,T2,27585.36,8,1,3,0,0,0.0,6,1
8922,bank_partner,cautious,T2,21077.85,2,2,0,0,0,0.0,86,1
8923,bank_partner,cautious,T1,2839.82,4,3,0,0,0,0.0,23,1
8924,referral,balanced,T3+,15162.4,1,0,0,0,0,0.0,129,0
8926,organic,cautious,T1,4395.14,2,0,0,0,0,0.0,123,1
8927,social,cautious,T3+,20305.17,4,0,2,0,0,0.0,152,0
8928,referral,balanced,T3+,28042.26,5,0,2,0,0,0.0,125,1
8930,paid_search,balanced,T2,20131.91,3,0,1,0,0,0.0,224,0
8931,referral,aggressive,T3+,7370.75,4,0,1,0,0,0.0,237,1
8932,bank_partner,balanced,T3+,5649.02,3,1,0,0,0,0.0,25,0
8933,referral,balanced,T3+,3003.86,1,1,0,0,0,0.0,4,1
8934,organic,balanced,T2,9631.84,3,0,1,0,0,0.0,185,1
8937,organic,cautious,T1,11727.33,3,0,1,0,0,0.0,132,1
8938,paid_search,aggressive,T2,29010.29,2,0,0,0,0,0.0,168,1
8940,organic,balanced,T2,5258.29,0,0,0,0,0,0.0,158,1
8943,organic,balanced,T1,500.0,8,2,1,0,0,0.0,45,1
8944,organic,cautious,T1,9527.25,5,0,1,0,0,0.0,211,1
8945,referral,cautious,T2,21006.36,2,1,0,0,0,0.0,45,1
8948,social,balanced,T3+,31206.57,2,0,0,0,0,0.0,154,1
8950,organic,cautious,T3+,29220.6,2,2,1,3,3,20390.37,4,0
8953,paid_search,balanced,T3+,17413.58,4,3,1,0,0,0.0,73,1
8954,social,aggressive,T2,3366.93,4,0,3,0,0,0.0,279,1
8955,social,balanced,T1,7621.89,9,2,2,0,0,0.0,18,1
8956,paid_search,balanced,T2,64579.4,0,0,0,0,0,0.0,297,1
8957,bank_partner,balanced,T3+,5165.09,1,0,0,0,0,0.0,192,1
8958,organic,cautious,T1,8729.03,3,0,1,0,0,0.0,187,1
8962,referral,balanced,T1,7274.34,2,1,2,0,0,0.0,63,1
8963,organic,balanced,T2,11092.47,3,1,2,0,0,0.0,73,1
8965,social,balanced,T2,4824.33,6,0,2,0,0,0.0,183,1
8966,bank_partner,balanced,T3+,11431.7,1,0,1,0,0,0.0,185,0
8967,organic,balanced,T3+,7637.85,2,1,1,0,0,0.0,28,0
8968,organic,aggressive,T2,3449.41,2,0,0,0,0,0.0,173,1
8969,organic,aggressive,T2,40044.8,2,0,1,0,0,0.0,206,1
8972,organic,balanced,T2,243547.02,5,1,3,0,0,0.0,64,1
8973,paid_search,cautious,T3+,12538.18,1,0,0,0,0,0.0,277,1
8974,social,balanced,T2,7408.49,4,1,2,0,0,0.0,76,0
8975,social,aggressive,T1,6773.7,3,0,0,0,0,0.0,172,1
8976,paid_search,balanced,T2,500.0,3,1,1,0,0,0.0,83,1
8977,bank_partner,cautious,T3+,53248.86,4,2,1,0,0,0.0,51,1
8979,referral,balanced,T3+,6854.19,1,0,1,0,0,0.0,197,1
8980,organic,cautious,T2,28473.65,2,1,1,0,0,0.0,82,0
8981,social,cautious,T3+,8236.15,2,0,1,0,0,0.0,156,1
8982,organic,balanced,T2,2714.36,2,0,2,0,0,0.0,125,0
8983,social,cautious,T3+,24290.01,4,0,0,0,0,0.0,134,0
8984,organic,balanced,T3+,11516.5,3,2,0,0,0,0.0,67,1
8985,referral,cautious,T2,177386.46,4,0,2,0,0,0.0,104,1
8986,paid_search,balanced,T3+,23760.67,2,0,1,0,0,0.0,149,1
8987,bank_partner,balanced,T3+,15186.51,5,0,0,0,0,0.0,118,1
8988,paid_search,cautious,T3+,875.11,3,1,0,0,0,0.0,3,1
8989,referral,balanced,T2,18774.34,10,4,5,3,1,8233.2,13,0
8991,referral,aggressive,T3+,788.91,5,3,0,0,0,0.0,2,1
8992,organic,aggressive,T2,35774.62,4,0,1,0,0,0.0,202,1
8994,bank_partner,cautious,T1,13710.88,1,0,1,0,0,0.0,194,1
8995,referral,aggressive,T2,5395.13,2,0,1,0,0,0.0,146,1
8996,organic,balanced,T3+,1560.15,4,0,0,0,0,0.0,111,1
8997,social,balanced,T3+,9470.88,3,0,2,0,0,0.0,114,1
9000,organic,cautious,T2,5002.28,2,2,0,0,0,0.0,23,0
9001,social,balanced,T2,13588.0,11,1,7,3,0,5155.87,43,1
9002,organic,balanced,T2,80680.65,2,0,0,0,0,0.0,314,0
9003,bank_partner,cautious,T2,15574.6,10,6,5,1,0,2611.46,43,0
9004,paid_search,balanced,T1,7308.45,1,0,0,0,0,0.0,247,1
9005,organic,balanced,T2,8604.05,4,0,1,0,0,0.0,284,1
9006,referral,balanced,T3+,883.41,7,3,4,2,0,303.02,39,0
9007,organic,aggressive,T3+,1019.44,3,0,0,0,0,0.0,114,1
9008,paid_search,cautious,T3+,8763.59,2,0,1,0,0,0.0,105,1
9009,organic,cautious,T3+,7797.21,2,0,0,0,0,0.0,221,0
9010,social,balanced,T1,10602.88,1,0,0,0,0,0.0,266,1
9011,referral,cautious,T3+,7848.56,4,0,1,0,0,0.0,109,0
9012,social,aggressive,T1,12778.19,0,0,0,0,0,0.0,270,1
9013,organic,cautious,T3+,5472.09,1,0,0,0,0,0.0,278,1
9016,social,cautious,T3+,20567.12,3,1,1,0,0,0.0,16,1
9017,social,cautious,T3+,6310.47,2,0,1,0,0,0.0,243,1
9018,organic,balanced,T3+,3411.75,1,1,0,0,0,0.0,30,0
9022,referral,aggressive,T2,7785.87,2,0,1,0,0,0.0,91,1
9023,organic,aggressive,T1,12199.51,1,0,1,0,0,0.0,302,1
9025,paid_search,cautious,T1,2844.12,3,0,2,0,0,0.0,209,1
9026,paid_search,balanced,T2,1129.97,6,0,3,0,0,0.0,213,1
9029,organic,balanced,T3+,8622.62,0,0,0,0,0,0.0,236,0
9030,paid_search,cautious,T3+,3891.63,6,2,1,0,0,0.0,7,1
9031,organic,balanced,T2,27495.3,3,1,1,0,0,0.0,40,0
9032,social,balanced,T2,28389.12,5,3,1,0,0,0.0,30,0
9033,bank_partner,balanced,T2,39625.82,0,0,0,0,0,0.0,326,0
9036,organic,cautious,T3+,5528.67,2,0,0,0,0,0.0,195,1
9037,social,balanced,T2,8455.63,6,1,2,0,0,0.0,31,0
9038,organic,balanced,T1,2675.22,4,1,2,0,0,0.0,12,1
9039,paid_search,balanced,T2,6324.21,2,2,0,0,0,0.0,18,0
9040,social,cautious,T2,9678.47,1,0,1,0,0,0.0,178,1
9041,organic,cautious,T2,9334.57,4,0,3,0,0,0.0,102,0
9042,social,aggressive,T3+,45209.6,3,0,1,0,0,0.0,115,1
9043,bank_partner,balanced,T3+,3026.4,5,0,1,0,0,0.0,180,1
9044,bank_partner,aggressive,T1,3950.6,7,2,4,3,0,1317.98,31,0
9045,referral,cautious,T2,21432.79,2,1,0,0,0,0.0,51,1
9048,bank_partner,balanced,T1,14893.69,3,0,1,0,0,0.0,134,0
9050,referral,cautious,T2,7790.43,3,0,0,0,0,0.0,110,1
9051,social,balanced,T3+,21939.96,2,0,0,0,0,0.0,172,1
9053,organic,aggressive,T2,1039.64,4,4,2,2,0,357.93,17,0
9054,organic,balanced,T2,3058.05,1,0,0,0,0,0.0,162,1
9055,social,cautious,T1,20842.33,2,0,1,0,0,0.0,239,1
9056,paid_search,balanced,T2,5114.84,2,1,0,0,0,0.0,85,1
9057,referral,balanced,T2,5231.45,2,2,0,0,0,0.0,66,1
9058,paid_search,balanced,T3+,1319.07,1,0,0,0,0,0.0,151,1
9061,referral,cautious,T1,25650.16,2,0,0,0,0,0.0,126,1
9062,paid_search,balanced,T2,4214.66,3,0,1,0,0,0.0,150,1
9064,bank_partner,balanced,T3+,3904.59,3,3,1,0,0,0.0,22,0
9065,referral,aggressive,T1,8411.12,3,3,0,0,0,0.0,17,0
9066,referral,cautious,T3+,4239.03,0,0,0,0,0,0.0,136,1
9067,bank_partner,balanced,T3+,24535.19,2,2,2,0,0,0.0,35,1
9068,paid_search,balanced,T1,11697.6,3,0,1,2,0,5208.27,152,1
9069,bank_partner,balanced,T1,81182.16,7,0,5,2,0,25115.980000000003,153,1
9070,referral,cautious,T1,3023.35,6,0,2,1,0,667.03,286,0
9071,paid_search,balanced,T2,4563.09,0,0,0,0,0,0.0,250,1
9073,organic,cautious,T1,1174.78,2,1,0,0,0,0.0,62,1
9074,organic,cautious,T1,2020.41,8,2,4,2,0,1188.94,33,1
9075,bank_partner,cautious,T3+,4200.42,4,0,3,0,0,0.0,151,1
9076,paid_search,balanced,T1,2430.63,0,0,0,0,0,0.0,155,0
9077,organic,balanced,T1,12131.83,2,0,1,0,0,0.0,271,1
9078,paid_search,aggressive,T3+,5371.83,10,2,4,1,0,1953.02,11,0
9079,bank_partner,balanced,T3+,7905.66,8,1,5,1,0,1060.15,69,0
9080,social,balanced,T3+,16630.69,0,0,0,0,0,0.0,180,0
9081,organic,cautious,T2,34577.79,4,1,1,0,0,0.0,29,0
9082,organic,balanced,T3+,3935.34,4,0,2,0,0,0.0,147,0
9083,organic,cautious,T3+,8236.11,4,0,0,0,0,0.0,189,1
9086,paid_search,cautious,T3+,8461.28,1,0,0,0,0,0.0,169,1
9088,paid_search,cautious,T3+,11557.72,5,0,1,0,0,0.0,149,0
9089,organic,balanced,T3+,698.58,5,2,3,3,1,382.65,30,0
9092,social,cautious,T2,16444.19,8,0,2,3,0,9680.76,144,0
9093,referral,cautious,T3+,6081.25,3,1,0,0,0,0.0,1,0
9097,organic,aggressive,T2,6533.07,6,3,3,0,0,0.0,24,0
9098,bank_partner,cautious,T2,1365.27,4,0,2,0,0,0.0,167,1
9100,bank_partner,cautious,T1,4668.38,6,0,3,0,0,0.0,100,0
9102,organic,balanced,T1,24618.56,5,5,3,0,0,0.0,24,1
9103,bank_partner,aggressive,T2,11441.94,9,1,4,0,0,0.0,36,1
9104,organic,cautious,T2,9091.78,6,0,1,0,0,0.0,122,1
9105,referral,aggressive,T3+,29776.19,1,0,1,0,0,0.0,116,1
9106,social,cautious,T1,1701.57,4,1,2,0,0,0.0,14,1
9107,social,balanced,T3+,13212.42,4,3,1,0,0,0.0,0,1
9108,paid_search,balanced,T2,7472.31,3,0,1,0,0,0.0,152,1
9109,social,cautious,T2,12737.28,2,1,0,0,0,0.0,75,1
9110,referral,balanced,T2,6989.88,1,0,1,0,0,0.0,186,1
9112,social,cautious,T2,3868.17,1,0,1,0,0,0.0,242,1
9113,paid_search,balanced,T2,4617.7,3,0,1,0,0,0.0,118,1
9114,referral,cautious,T3+,15870.18,8,2,1,3,2,9251.34,13,0
9115,referral,cautious,T2,2518.7,3,0,1,0,0,0.0,190,1
9116,paid_search,balanced,T2,14193.37,4,0,2,0,0,0.0,309,1
9117,paid_search,cautious,T2,7093.42,1,0,1,0,0,0.0,226,1
9118,referral,balanced,T2,7526.77,2,1,1,0,0,0.0,3,0
9119,organic,balanced,T1,6484.86,6,2,5,2,1,2779.02,25,0
9120,organic,cautious,T1,6925.51,2,0,1,0,0,0.0,134,1
9121,social,aggressive,T1,9542.74,1,1,0,0,0,0.0,44,0
9123,social,balanced,T1,4186.57,7,3,1,0,0,0.0,8,0
9124,organic,balanced,T2,4203.6,4,0,3,0,0,0.0,165,0
9125,social,aggressive,T1,1783.79,6,1,3,0,0,0.0,69,1
9126,organic,aggressive,T3+,16077.38,3,2,0,0,0,0.0,43,0
9127,referral,balanced,T1,28946.81,4,2,2,0,0,0.0,43,1
9128,social,balanced,T1,2567.95,1,0,0,0,0,0.0,143,1
9129,paid_search,aggressive,T3+,21733.05,1,1,0,0,0,0.0,15,1
9130,paid_search,cautious,T2,3626.15,4,0,3,0,0,0.0,215,1
9131,paid_search,cautious,T3+,15284.66,2,0,1,0,0,0.0,158,1
9132,paid_search,balanced,T3+,5757.97,4,1,1,0,0,0.0,76,1
9134,referral,aggressive,T1,3168.41,5,3,3,3,0,1737.07,42,1
9135,paid_search,balanced,T1,26380.13,4,0,1,0,0,0.0,221,1
9136,social,cautious,T2,1107.47,1,0,1,0,0,0.0,167,1
9138,referral,balanced,T3+,4311.63,3,0,0,0,0,0.0,249,1
9139,organic,cautious,T3+,6827.77,7,1,1,3,0,2860.3500000000004,84,1
9140,social,aggressive,T2,26338.47,3,2,0,0,0,0.0,29,1
9141,organic,aggressive,T1,4993.33,2,0,1,0,0,0.0,115,1
9142,organic,cautious,T2,8662.62,1,1,0,0,0,0.0,4,1
9143,social,aggressive,T3+,20236.89,1,0,1,0,0,0.0,210,1
9145,paid_search,cautious,T2,15498.95,2,1,2,0,0,0.0,9,0
9146,organic,cautious,T3+,9008.92,4,0,1,0,0,0.0,195,0
9147,organic,cautious,T3+,16289.05,3,2,3,0,0,0.0,7,1
9148,bank_partner,cautious,T2,926.75,1,1,1,0,0,0.0,30,1
9151,organic,balanced,T2,14967.18,6,1,3,0,0,0.0,80,1
9153,organic,cautious,T1,4620.59,4,0,1,0,0,0.0,154,0
9155,paid_search,balanced,T2,5503.55,3,0,1,0,0,0.0,170,1
9156,paid_search,balanced,T2,16452.37,4,1,0,0,0,0.0,38,1
9157,organic,balanced,T2,220262.17,5,1,1,0,0,0.0,48,1
9159,social,aggressive,T2,1511.42,4,1,1,0,0,0.0,64,0
9160,organic,cautious,T1,25168.77,8,0,6,0,0,0.0,144,1
9161,referral,balanced,T1,10542.86,1,0,1,0,0,0.0,333,1
9162,social,balanced,T3+,14355.12,6,5,3,0,0,0.0,0,0
9164,paid_search,aggressive,T3+,6598.82,4,0,1,0,0,0.0,287,1
9165,social,cautious,T2,3278.43,2,0,1,0,0,0.0,158,0
9166,referral,balanced,T3+,3937.67,3,1,1,0,0,0.0,83,1
9167,paid_search,cautious,T1,6485.35,1,0,1,0,0,0.0,264,1
9169,organic,cautious,T3+,3811.21,2,0,1,0,0,0.0,283,1
9170,social,balanced,T2,11366.65,1,0,0,0,0,0.0,223,1
9171,bank_partner,cautious,T2,4115.17,3,0,0,0,0,0.0,105,1
9172,organic,cautious,T3+,3428.37,2,0,0,0,0,0.0,148,1
9173,social,aggressive,T1,5085.93,0,0,0,0,0,0.0,159,1
9174,bank_partner,cautious,T1,33730.06,4,0,1,0,0,0.0,143,1
9175,organic,aggressive,T1,7180.44,4,0,1,2,0,3445.38,185,0
9176,referral,balanced,T1,5772.18,1,1,1,0,0,0.0,6,1
9177,paid_search,cautious,T1,13058.79,2,0,0,0,0,0.0,244,1
9179,bank_partner,aggressive,T1,7999.76,10,0,5,2,0,3625.0,189,0
9180,organic,cautious,T1,15026.15,9,3,5,1,0,6565.49,22,0
9181,paid_search,aggressive,T1,8369.29,5,1,1,0,0,0.0,89,1
9182,social,aggressive,T1,16742.13,1,0,0,0,0,0.0,189,0
9183,paid_search,aggressive,T1,67982.02,2,0,0,0,0,0.0,158,0
9184,referral,balanced,T1,59404.73,0,0,0,0,0,0.0,317,1
9186,referral,cautious,T1,7368.4,1,1,0,0,0,0.0,50,1
9187,referral,cautious,T3+,126189.6,2,0,2,3,0,82811.12,308,0
9188,organic,balanced,T2,3110.5,3,3,2,0,0,0.0,26,1
9189,social,cautious,T1,6412.53,2,0,0,0,0,0.0,109,1
9190,organic,aggressive,T2,4421.1,10,1,5,3,0,1146.99,63,1
9191,paid_search,balanced,T3+,6777.08,2,0,0,0,0,0.0,259,1
9192,organic,cautious,T2,5697.55,2,0,0,0,0,0.0,161,1
9194,organic,cautious,T1,9168.19,4,1,1,0,0,0.0,19,1
9197,bank_partner,cautious,T3+,10115.15,2,1,1,0,0,0.0,77,1
9198,organic,aggressive,T3+,7517.91,1,0,1,0,0,0.0,157,1
9199,social,aggressive,T1,2685.81,2,0,0,0,0,0.0,185,1
9200,paid_search,cautious,T3+,20088.56,4,2,2,0,0,0.0,21,1
9201,organic,cautious,T1,6808.88,4,0,2,0,0,0.0,180,1
9202,referral,cautious,T1,7976.93,4,2,0,0,0,0.0,1,1
9204,paid_search,balanced,T1,3816.56,4,0,3,0,0,0.0,242,0
9205,social,aggressive,T3+,25474.2,9,2,3,0,0,0.0,49,0
9206,referral,cautious,T2,23143.46,7,2,2,0,0,0.0,44,1
9207,organic,balanced,T3+,14572.47,2,2,0,0,0,0.0,75,1
9208,paid_search,balanced,T1,35353.58,0,0,0,0,0,0.0,172,1
9209,organic,balanced,T3+,10530.88,1,0,0,0,0,0.0,113,1
9210,social,cautious,T1,9983.52,3,3,0,0,0,0.0,50,1
9211,referral,cautious,T1,16776.0,5,0,2,0,0,0.0,187,1
9214,organic,aggressive,T1,6420.76,2,0,2,0,0,0.0,117,1
9217,organic,cautious,T1,4178.41,5,0,1,0,0,0.0,114,1
9218,organic,aggressive,T2,74270.79,9,0,3,0,0,0.0,209,1
9220,paid_search,cautious,T2,3124.78,2,0,0,0,0,0.0,167,0
9221,organic,aggressive,T2,28125.94,8,1,3,2,0,5488.87,44,0
9222,social,balanced,T3+,17172.27,4,0,0,0,0,0.0,308,1
9224,bank_partner,balanced,T1,10059.99,5,0,4,2,0,1932.75,154,0
9226,paid_search,balanced,T2,7152.27,4,4,1,0,0,0.0,18,1
9227,paid_search,balanced,T1,4016.4,1,0,1,0,0,0.0,116,0
9228,bank_partner,balanced,T3+,6951.98,3,1,0,0,0,0.0,29,0
9230,organic,cautious,T1,2101.78,3,0,0,0,0,0.0,131,1
9231,organic,cautious,T2,1696.08,3,0,2,0,0,0.0,170,0
9234,referral,balanced,T2,6097.72,1,1,0,0,0,0.0,31,0
9235,social,balanced,T2,14892.49,1,0,1,0,0,0.0,171,1
9237,organic,aggressive,T2,2632.89,1,1,0,0,0,0.0,3,0
9239,paid_search,cautious,T3+,7722.39,0,0,0,0,0,0.0,215,1
9240,referral,cautious,T3+,2804.44,4,0,2,0,0,0.0,130,1
9242,social,balanced,T3+,3089.59,0,0,0,0,0,0.0,318,0
9243,paid_search,balanced,T1,42635.87,6,0,3,0,0,0.0,181,0
9244,paid_search,balanced,T2,1833.8,9,4,5,1,0,259.0,39,1
9245,organic,cautious,T3+,10500.66,0,0,0,0,0,0.0,242,1
9246,referral,aggressive,T1,19553.86,6,2,1,0,0,0.0,1,1
9247,bank_partner,balanced,T2,5989.6,3,2,1,0,0,0.0,48,1
9248,organic,cautious,T1,17019.62,5,0,1,0,0,0.0,113,0
9249,social,cautious,T2,12910.03,9,2,4,3,0,7411.7699999999995,57,1
9250,organic,balanced,T2,18332.98,4,1,1,0,0,0.0,87,1
9251,organic,aggressive,T3+,4091.94,6,0,3,3,0,1726.24,95,0
9252,paid_search,balanced,T3+,9668.44,5,5,3,1,0,2265.7,19,0
9255,paid_search,cautious,T1,17154.82,2,0,1,0,0,0.0,175,1
9256,referral,balanced,T3+,6609.96,6,1,3,2,0,3192.0200000000004,25,0
9257,social,aggressive,T2,1554.36,4,0,2,0,0,0.0,112,1
9258,paid_search,cautious,T3+,8631.78,2,1,2,0,0,0.0,62,1
9259,referral,cautious,T2,2809.17,5,1,3,0,0,0.0,80,0
9260,bank_partner,aggressive,T2,14386.99,4,1,0,0,0,0.0,83,0
9262,organic,balanced,T2,18301.48,0,0,0,0,0,0.0,330,1
9263,organic,cautious,T3+,8331.82,0,0,0,0,0,0.0,355,1
9264,paid_search,balanced,T3+,54886.43,3,1,1,0,0,0.0,38,1
9265,referral,aggressive,T3+,12582.39,4,0,1,0,0,0.0,162,1
9266,paid_search,cautious,T2,5458.02,4,1,2,0,0,0.0,12,1
9268,paid_search,cautious,T3+,4414.9,4,3,2,0,0,0.0,30,0
9269,organic,cautious,T1,9097.68,2,0,0,0,0,0.0,152,1
9270,paid_search,aggressive,T3+,3555.93,1,0,0,0,0,0.0,175,1
9271,organic,balanced,T1,87051.97,9,3,6,1,0,35944.61,22,0
9273,paid_search,cautious,T3+,19910.37,11,2,8,2,1,7895.36,59,0
9275,paid_search,cautious,T3+,22462.23,1,1,0,0,0,0.0,54,1
9276,referral,balanced,T2,3484.32,6,1,4,0,0,0.0,84,1
9277,bank_partner,balanced,T2,9462.07,1,1,1,0,0,0.0,78,0
9278,social,balanced,T3+,25399.18,4,0,2,0,0,0.0,135,1
9279,organic,cautious,T1,12178.78,2,0,0,0,0,0.0,330,1
9280,organic,cautious,T1,1548.27,1,0,0,0,0,0.0,212,1
9281,bank_partner,cautious,T2,4811.39,0,0,0,0,0,0.0,332,1
9282,bank_partner,cautious,T2,69632.56,7,0,3,0,0,0.0,223,1
9283,referral,balanced,T1,11296.24,7,2,1,0,0,0.0,21,0
9284,referral,balanced,T1,9627.35,0,0,0,0,0,0.0,302,1
9286,social,aggressive,T2,1216.6,2,1,0,0,0,0.0,42,0
9288,organic,cautious,T1,3779.43,4,1,0,0,0,0.0,2,1
9290,organic,cautious,T2,9715.89,3,0,1,0,0,0.0,112,0
9292,social,aggressive,T2,3708.67,5,2,3,0,0,0.0,60,1
9294,social,balanced,T3+,6601.95,1,0,1,0,0,0.0,195,1
9297,organic,aggressive,T1,24356.53,7,2,2,2,0,5566.54,25,1
9298,organic,balanced,T2,4047.69,3,0,0,0,0,0.0,229,1
9299,paid_search,aggressive,T1,36578.42,3,0,3,0,0,0.0,277,1
9300,organic,balanced,T1,3313.01,4,0,2,0,0,0.0,101,0
9301,paid_search,balanced,T3+,8431.07,5,1,2,0,0,0.0,44,1
9303,referral,cautious,T1,8640.46,1,1,0,0,0,0.0,20,0
9306,paid_search,balanced,T3+,18122.29,1,0,0,0,0,0.0,310,0
9307,organic,balanced,T3+,777.08,0,0,0,0,0,0.0,142,1
9308,bank_partner,cautious,T3+,2752.64,2,2,0,0,0,0.0,65,0
9309,paid_search,cautious,T1,2645.86,5,0,3,0,0,0.0,176,1
9312,paid_search,aggressive,T1,3326.51,7,0,3,0,0,0.0,205,1
9315,paid_search,balanced,T2,2525.92,3,0,0,0,0,0.0,107,0
9316,referral,cautious,T3+,24938.21,7,5,3,0,0,0.0,4,1
9317,bank_partner,cautious,T3+,31518.24,6,0,3,1,0,12555.0,191,1
9318,organic,cautious,T3+,2864.25,5,0,3,0,0,0.0,118,1
9319,social,cautious,T2,2626.05,2,0,2,0,0,0.0,191,1
9320,bank_partner,balanced,T1,12445.21,3,1,0,0,0,0.0,5,1
9321,social,balanced,T3+,5214.67,2,0,1,0,0,0.0,306,1
9323,social,cautious,T1,10099.69,3,0,0,0,0,0.0,215,1
9324,referral,aggressive,T2,2782.75,0,0,0,0,0,0.0,254,1
9325,paid_search,cautious,T1,28091.03,0,0,0,0,0,0.0,254,1
9326,bank_partner,cautious,T1,10092.13,6,1,2,0,0,0.0,8,1
9327,bank_partner,aggressive,T2,18412.45,2,0,1,0,0,0.0,130,1
9328,bank_partner,cautious,T3+,12161.99,3,0,1,0,0,0.0,241,1
9329,paid_search,cautious,T2,12713.63,7,5,2,3,3,8361.48,14,0
9330,paid_search,cautious,T2,3046.04,5,0,1,0,0,0.0,98,1
9331,organic,aggressive,T2,2879.3,5,2,0,3,0,1200.64,17,1
9332,bank_partner,balanced,T3+,1043.79,2,1,1,0,0,0.0,74,0
9333,bank_partner,aggressive,T1,18672.18,1,1,0,0,0,0.0,74,0
9334,referral,aggressive,T3+,24511.07,5,0,1,0,0,0.0,204,1
9335,referral,aggressive,T2,15916.96,2,0,0,0,0,0.0,115,1
9336,bank_partner,aggressive,T2,2170.87,1,0,0,0,0,0.0,292,1
9337,organic,cautious,T1,8805.39,4,1,1,0,0,0.0,28,1
9339,bank_partner,balanced,T2,10669.35,5,0,2,0,0,0.0,199,1
9340,referral,cautious,T2,11301.04,7,7,5,0,0,0.0,19,0
9341,referral,balanced,T3+,17147.11,7,0,2,0,0,0.0,111,0
9342,organic,cautious,T2,5271.93,7,0,4,0,0,0.0,112,0
9345,organic,balanced,T3+,10075.9,1,0,0,0,0,0.0,156,1
9346,organic,balanced,T3+,9079.4,5,0,2,0,0,0.0,114,1
9347,organic,cautious,T3+,1265.34,1,0,0,0,0,0.0,120,1
9348,social,cautious,T2,10685.51,2,1,1,0,0,0.0,34,1
9349,organic,balanced,T2,11098.54,5,0,1,0,0,0.0,97,1
9351,referral,cautious,T1,12075.89,3,0,1,0,0,0.0,153,1
9353,bank_partner,balanced,T3+,10046.0,0,0,0,0,0,0.0,162,1
9356,organic,balanced,T2,6723.79,1,0,0,0,0,0.0,109,1
9357,referral,balanced,T1,17951.34,8,2,5,2,0,8849.49,52,1
9358,paid_search,cautious,T1,6343.03,4,0,3,0,0,0.0,169,1
9359,organic,aggressive,T2,9468.34,5,5,3,2,2,4087.38,21,0
9361,organic,cautious,T3+,11202.98,3,0,1,0,0,0.0,170,1
9362,social,balanced,T2,6168.37,2,1,1,0,0,0.0,20,1
9363,paid_search,balanced,T1,25988.78,1,1,1,0,0,0.0,33,1
9365,organic,cautious,T3+,5398.19,2,0,1,0,0,0.0,163,1
9366,referral,balanced,T3+,2136.46,2,0,0,0,0,0.0,144,1
9369,paid_search,cautious,T2,5965.64,0,0,0,0,0,0.0,349,1
9370,bank_partner,balanced,T3+,29982.5,5,2,4,1,0,8802.78,7,0
9371,social,cautious,T1,11042.21,2,0,1,0,0,0.0,292,1
9372,organic,cautious,T1,11379.16,2,1,0,0,0,0.0,56,1
9373,social,balanced,T1,19834.65,6,2,2,0,0,0.0,49,1
9374,paid_search,cautious,T2,25177.6,0,0,0,0,0,0.0,237,1
9375,organic,cautious,T1,5371.75,2,0,1,0,0,0.0,321,1
9376,social,cautious,T1,5864.48,0,0,0,0,0,0.0,208,1
9377,social,cautious,T2,4308.62,0,0,0,0,0,0.0,130,0
9379,referral,cautious,T3+,23106.45,3,1,0,0,0,0.0,90,1
9380,organic,aggressive,T2,604.21,4,0,2,0,0,0.0,247,1
9382,social,balanced,T1,12613.63,11,3,5,3,1,3162.98,33,0
9383,referral,balanced,T2,10323.37,3,0,0,0,0,0.0,209,1
9384,referral,cautious,T2,27697.55,1,0,1,0,0,0.0,301,0
9385,bank_partner,cautious,T3+,2243.86,6,2,2,4,2,1516.54,32,1
9386,social,cautious,T2,2313.72,4,0,2,0,0,0.0,253,1
9388,organic,balanced,T3+,18746.5,3,0,1,0,0,0.0,137,0
9391,social,balanced,T2,65769.66,2,0,0,0,0,0.0,122,1
9392,referral,cautious,T1,12796.85,1,1,1,0,0,0.0,86,0
9393,referral,balanced,T1,7384.8,2,0,0,0,0,0.0,94,1
9394,social,balanced,T3+,4754.9,1,0,0,0,0,0.0,183,0
9395,social,cautious,T3+,8551.73,1,0,0,0,0,0.0,128,1
9396,organic,balanced,T3+,2451.93,3,0,1,0,0,0.0,138,0
9397,referral,cautious,T1,28895.93,1,0,0,0,0,0.0,93,1
9400,bank_partner,cautious,T1,13996.78,2,1,1,0,0,0.0,76,1
9401,organic,balanced,T1,1694.0,2,0,1,0,0,0.0,104,1
9402,organic,cautious,T2,4406.79,2,0,1,0,0,0.0,167,1
9403,paid_search,balanced,T2,3159.15,0,0,0,0,0,0.0,101,0
9404,paid_search,aggressive,T1,15855.03,4,0,2,0,0,0.0,116,1
9406,paid_search,balanced,T2,969.92,3,0,0,0,0,0.0,154,1
9407,social,cautious,T1,22891.85,5,1,0,0,0,0.0,82,1
9408,referral,balanced,T2,7824.3,4,0,1,0,0,0.0,134,1
9409,social,aggressive,T1,911.93,3,2,0,0,0,0.0,52,1
9410,referral,cautious,T3+,4461.46,3,1,0,0,0,0.0,7,1
9412,social,balanced,T2,5609.15,6,0,3,2,0,2312.27,138,0
9413,paid_search,cautious,T2,3250.99,2,0,1,0,0,0.0,230,1
9414,referral,balanced,T3+,15950.51,0,0,0,0,0,0.0,204,1
9415,paid_search,balanced,T3+,2236.17,4,1,0,0,0,0.0,89,1
9416,referral,balanced,T1,1644.81,2,2,0,0,0,0.0,66,0
9421,social,balanced,T2,3194.17,2,1,0,0,0,0.0,72,1
9423,paid_search,cautious,T1,1094.87,3,1,1,0,0,0.0,88,1
9424,bank_partner,balanced,T1,4815.02,3,0,1,0,0,0.0,99,1
9425,paid_search,aggressive,T3+,9707.99,0,0,0,0,0,0.0,264,1
9428,organic,cautious,T3+,34889.77,6,4,5,1,0,12940.34,17,0
9430,organic,cautious,T1,5122.16,4,0,4,0,0,0.0,125,1
9431,paid_search,cautious,T3+,4035.7,8,0,3,0,0,0.0,177,1
9436,organic,aggressive,T2,46754.59,3,1,1,0,0,0.0,63,1
9437,referral,cautious,T2,36275.44,6,1,3,3,2,18984.02,65,1
9438,bank_partner,aggressive,T2,910.41,1,0,0,0,0,0.0,179,1
9439,organic,balanced,T3+,22955.01,2,0,2,0,0,0.0,100,0
9440,social,aggressive,T2,2959.37,1,0,0,0,0,0.0,237,1
9441,social,cautious,T1,2254.13,2,0,1,0,0,0.0,159,0
9442,bank_partner,cautious,T2,10174.69,13,2,7,2,0,5057.66,49,0
9444,referral,cautious,T2,15596.46,1,0,0,0,0,0.0,149,0
9445,referral,balanced,T2,10156.73,6,0,1,0,0,0.0,126,1
9446,paid_search,balanced,T2,3017.26,2,0,0,0,0,0.0,182,1
9447,paid_search,balanced,T3+,34123.97,2,0,0,0,0,0.0,161,1
9449,organic,balanced,T3+,719.4,3,2,2,0,0,0.0,58,1
9450,social,balanced,T1,21585.88,4,0,0,0,0,0.0,106,1
9451,paid_search,aggressive,T2,1054.28,1,1,0,0,0,0.0,30,1
9452,paid_search,balanced,T3+,5104.73,3,0,2,0,0,0.0,222,1
9453,bank_partner,balanced,T1,10373.71,2,0,1,0,0,0.0,239,1
9454,paid_search,cautious,T3+,821.11,0,0,0,0,0,0.0,126,0
9455,social,balanced,T2,31194.31,0,0,0,0,0,0.0,275,1
9457,paid_search,cautious,T1,10518.28,7,0,4,0,0,0.0,114,1
9459,social,balanced,T2,5397.58,8,7,3,1,1,547.57,18,0
9460,social,balanced,T2,38552.21,2,0,0,0,0,0.0,169,1
9461,referral,balanced,T3+,16518.92,5,1,1,0,0,0.0,44,0
9462,referral,cautious,T1,6629.7,9,1,3,0,0,0.0,17,0
9463,organic,balanced,T1,54009.52,1,0,0,0,0,0.0,104,0
9464,organic,balanced,T1,42781.61,1,0,0,0,0,0.0,269,1
9465,organic,balanced,T3+,8920.1,3,0,1,0,0,0.0,214,0
9467,referral,cautious,T1,6687.75,6,4,3,0,0,0.0,9,1
9468,organic,cautious,T3+,15513.5,4,0,1,0,0,0.0,237,1
9469,referral,balanced,T2,500.0,4,2,0,0,0,0.0,55,1
9470,organic,balanced,T2,28129.56,5,0,0,0,0,0.0,237,0
9472,referral,cautious,T2,20282.33,10,0,6,1,0,3812.3,143,0
9473,organic,balanced,T1,12255.09,7,4,4,4,3,5039.07,42,0
9474,social,aggressive,T3+,11453.65,2,1,0,0,0,0.0,19,1
9475,referral,balanced,T3+,4210.22,4,2,1,0,0,0.0,72,1
9476,social,aggressive,T1,8398.84,1,0,0,0,0,0.0,96,0
9478,paid_search,balanced,T1,12117.95,5,0,3,0,0,0.0,163,0
9479,organic,cautious,T1,5571.44,5,0,2,0,0,0.0,93,1
9481,referral,balanced,T3+,6813.29,2,0,0,0,0,0.0,226,1
9482,paid_search,balanced,T1,875.11,3,1,0,0,0,0.0,63,1
9483,paid_search,balanced,T3+,2555.79,1,1,1,0,0,0.0,8,1
9484,organic,balanced,T1,3510.77,7,1,3,0,0,0.0,81,1
9485,organic,balanced,T1,1153.66,4,0,2,0,0,0.0,241,0
9486,organic,balanced,T3+,1981.2,5,4,2,0,0,0.0,31,1
9487,organic,aggressive,T3+,13662.58,3,0,0,0,0,0.0,251,0
9489,social,cautious,T1,6973.3,1,1,0,0,0,0.0,33,1
9490,paid_search,aggressive,T2,15710.83,2,0,2,0,0,0.0,280,0
9491,organic,cautious,T3+,13214.42,0,0,0,0,0,0.0,189,1
9492,paid_search,cautious,T3+,13045.32,2,0,2,0,0,0.0,250,0
9493,referral,balanced,T3+,20598.37,3,0,0,0,0,0.0,276,1
9494,social,cautious,T1,71013.46,2,2,0,0,0,0.0,63,0
9496,organic,balanced,T2,2319.21,3,0,0,0,0,0.0,262,1
9497,paid_search,cautious,T2,7998.2,2,2,0,0,0,0.0,22,0
9500,bank_partner,cautious,T2,13191.8,1,1,1,0,0,0.0,63,1
9501,organic,balanced,T1,4412.34,4,0,1,0,0,0.0,140,1
9503,social,cautious,T3+,2269.96,3,0,3,0,0,0.0,268,1
9504,organic,aggressive,T2,37316.6,2,1,0,0,0,0.0,35,1
9505,organic,balanced,T3+,26144.86,2,0,0,0,0,0.0,112,1
9506,organic,cautious,T3+,1627.88,4,0,1,0,0,0.0,129,1
9507,paid_search,cautious,T2,762.75,3,1,0,0,0,0.0,79,1
9511,social,balanced,T2,2211.03,1,0,0,0,0,0.0,193,1
9512,social,balanced,T1,9445.09,2,0,1,0,0,0.0,114,1
9513,paid_search,cautious,T3+,28654.3,7,0,4,0,0,0.0,186,0
9514,paid_search,balanced,T3+,11893.28,4,1,1,0,0,0.0,23,1
9515,bank_partner,aggressive,T2,8086.72,9,7,3,3,1,3914.82,14,1
9516,bank_partner,balanced,T1,5807.92,3,0,0,0,0,0.0,344,0
9517,paid_search,balanced,T2,7223.93,1,0,0,0,0,0.0,124,0
9518,organic,balanced,T3+,40725.54,1,1,0,0,0,0.0,45,1
9519,organic,cautious,T3+,4073.25,4,0,0,0,0,0.0,100,1
9521,organic,cautious,T3+,32187.8,1,0,0,0,0,0.0,143,1
9522,bank_partner,cautious,T3+,16060.91,6,0,1,0,0,0.0,131,1
9523,paid_search,balanced,T1,40808.91,10,3,5,3,1,12212.33,30,0
9526,paid_search,cautious,T1,2812.25,1,0,0,0,0,0.0,340,1
9528,organic,balanced,T1,48181.15,0,0,0,0,0,0.0,148,0
9529,bank_partner,cautious,T3+,24648.46,4,0,0,0,0,0.0,234,1
9530,organic,aggressive,T1,2314.3,3,1,2,0,0,0.0,52,1
9531,paid_search,cautious,T2,5978.54,1,1,1,0,0,0.0,88,0
9533,social,aggressive,T3+,7178.7,3,0,2,0,0,0.0,127,1
9534,organic,balanced,T1,1537.21,5,0,2,0,0,0.0,129,0
9535,organic,cautious,T3+,26910.46,8,0,3,2,0,10457.06,225,0
9536,social,balanced,T2,4870.57,4,0,2,0,0,0.0,123,1
9537,social,balanced,T2,16930.87,2,0,2,0,0,0.0,121,1
9538,bank_partner,cautious,T2,26700.99,5,1,2,0,0,0.0,79,0
9539,referral,cautious,T1,39102.4,9,0,3,0,0,0.0,135,1
9540,referral,cautious,T2,1127.86,2,0,0,0,0,0.0,126,0
9542,paid_search,balanced,T3+,12326.01,2,0,0,0,0,0.0,150,1
9543,organic,cautious,T3+,11086.99,3,1,0,0,0,0.0,85,1
9544,organic,aggressive,T2,25810.88,2,0,1,0,0,0.0,93,0
9545,referral,cautious,T1,3620.53,8,0,4,2,0,1038.19,101,1
9548,referral,cautious,T2,21791.44,2,0,1,0,0,0.0,303,1
9551,organic,aggressive,T3+,3172.25,0,0,0,0,0,0.0,235,0
9552,referral,balanced,T2,2934.37,1,0,0,0,0,0.0,187,0
9554,paid_search,cautious,T2,55411.67,2,0,0,0,0,0.0,275,1
9555,social,cautious,T1,14558.62,2,0,0,0,0,0.0,204,1
9556,organic,aggressive,T3+,18436.21,2,0,0,0,0,0.0,228,1
9557,organic,cautious,T1,4353.83,3,2,2,0,0,0.0,33,0
9558,organic,cautious,T1,10012.11,0,0,0,0,0,0.0,332,1
9559,organic,cautious,T1,2018.48,0,0,0,0,0,0.0,308,1
9560,organic,balanced,T3+,3340.73,0,0,0,0,0,0.0,216,0
9561,referral,balanced,T2,8210.73,5,0,2,0,0,0.0,195,1
9562,referral,balanced,T1,22149.25,3,0,0,0,0,0.0,278,1
9566,paid_search,cautious,T3+,25699.28,1,0,0,0,0,0.0,216,1
9567,referral,balanced,T1,28987.91,3,1,0,0,0,0.0,71,1
9568,organic,balanced,T2,1431.03,3,0,1,2,1,400.37,150,0
9569,organic,balanced,T2,11050.09,1,0,0,0,0,0.0,259,1
9570,referral,balanced,T2,23070.77,3,0,1,0,0,0.0,265,0
9572,social,balanced,T1,11751.44,3,2,1,0,0,0.0,53,1
9573,referral,cautious,T3+,10850.8,2,1,0,0,0,0.0,22,1
9576,paid_search,aggressive,T2,8606.66,2,1,1,0,0,0.0,42,1
9577,social,cautious,T2,20303.51,2,1,1,0,0,0.0,45,0
9578,paid_search,cautious,T3+,11616.91,6,0,2,0,0,0.0,100,1
9579,organic,balanced,T2,122925.61,3,0,2,0,0,0.0,264,1
9580,bank_partner,cautious,T1,3624.58,2,0,0,0,0,0.0,160,1
9581,organic,cautious,T1,30982.12,2,0,2,0,0,0.0,343,1
9582,paid_search,balanced,T2,3176.52,4,0,0,0,0,0.0,152,1
9583,organic,cautious,T2,21835.43,1,1,1,0,0,0.0,88,1
9587,organic,cautious,T2,110718.16,2,1,1,0,0,0.0,75,1
9588,referral,balanced,T1,9278.57,7,1,3,0,0,0.0,45,1
9589,organic,balanced,T1,34210.31,5,4,3,0,0,0.0,48,0
9590,referral,cautious,T2,9023.49,5,1,1,0,0,0.0,35,0
9591,social,cautious,T2,16436.94,1,0,0,0,0,0.0,217,1
9592,referral,balanced,T3+,1240.97,7,3,1,1,1,248.56,20,0
9593,social,aggressive,T3+,8863.81,5,1,3,0,0,0.0,89,1
9594,paid_search,cautious,T3+,2175.55,5,0,2,0,0,0.0,194,0
9595,organic,balanced,T1,19198.76,1,0,0,0,0,0.0,331,0
9596,referral,cautious,T2,17136.97,5,1,2,0,0,0.0,33,0
9597,organic,balanced,T3+,4296.39,8,0,3,4,0,1895.13,133,0
9599,organic,balanced,T1,25840.57,2,0,1,0,0,0.0,203,1
9600,paid_search,balanced,T2,8451.93,4,3,0,0,0,0.0,64,0
9601,paid_search,cautious,T2,4427.56,1,1,0,0,0,0.0,60,1
9603,social,balanced,T2,70253.7,2,1,2,0,0,0.0,71,1
9604,social,balanced,T1,22907.08,1,1,0,0,0,0.0,28,1
9605,organic,balanced,T1,13080.6,0,0,0,0,0,0.0,360,1
9606,paid_search,cautious,T3+,22859.18,1,0,0,0,0,0.0,205,1
9607,organic,balanced,T2,7385.3,8,1,2,0,0,0.0,32,1
9608,paid_search,aggressive,T2,633.49,2,1,1,0,0,0.0,66,0
9609,social,balanced,T3+,8122.13,3,0,1,0,0,0.0,200,1
9610,social,balanced,T1,2393.25,2,0,2,0,0,0.0,99,1
9611,bank_partner,cautious,T3+,4472.0,8,1,0,0,0,0.0,63,0
9615,bank_partner,balanced,T2,7780.08,5,3,4,0,0,0.0,47,1
9617,social,balanced,T2,4535.22,2,0,1,0,0,0.0,154,1
9618,organic,balanced,T3+,3199.28,2,0,0,0,0,0.0,319,1
9619,bank_partner,balanced,T3+,14070.58,10,1,1,0,0,0.0,53,1
9620,referral,cautious,T2,16031.35,6,1,4,3,3,7515.15,57,0
9621,organic,cautious,T2,4495.07,2,0,0,0,0,0.0,194,1
9624,social,balanced,T2,18106.6,2,0,1,0,0,0.0,119,1
9625,organic,cautious,T3+,1165.37,1,1,1,0,0,0.0,47,1
9626,paid_search,balanced,T1,15630.48,8,0,2,0,0,0.0,213,1
9627,referral,balanced,T1,9101.96,3,1,1,0,0,0.0,79,1
9630,paid_search,cautious,T2,11732.02,3,0,1,0,0,0.0,237,1
9631,organic,balanced,T1,3452.69,4,0,2,2,0,1172.66,142,0
9632,referral,balanced,T3+,37875.27,4,0,2,0,0,0.0,162,1
9633,paid_search,balanced,T3+,9765.56,3,1,1,0,0,0.0,42,1
9635,organic,balanced,T1,1538.03,10,8,2,0,0,0.0,11,0
9636,paid_search,balanced,T3+,29846.77,1,0,0,0,0,0.0,298,1
9637,paid_search,aggressive,T3+,74718.23,9,0,2,2,0,31620.73,156,0
9638,social,cautious,T3+,4967.97,3,1,1,0,0,0.0,42,0
9642,bank_partner,balanced,T1,5438.86,4,0,4,0,0,0.0,204,1
9644,paid_search,balanced,T1,13851.36,3,0,1,0,0,0.0,242,1
9645,organic,cautious,T1,4324.89,3,1,1,0,0,0.0,55,1
9646,organic,cautious,T2,20602.71,7,7,3,0,0,0.0,31,0
9647,organic,balanced,T1,7454.74,1,0,1,0,0,0.0,242,0
9648,bank_partner,balanced,T1,8026.12,1,0,0,0,0,0.0,118,1
9649,organic,cautious,T2,260986.56,4,0,1,0,0,0.0,151,0
9651,social,balanced,T1,40108.94,2,0,2,0,0,0.0,262,1
9654,bank_partner,cautious,T2,1869.15,2,0,0,0,0,0.0,136,1
9656,organic,balanced,T3+,7636.36,4,3,2,0,0,0.0,19,1
9658,social,cautious,T2,1268.59,7,0,3,0,0,0.0,137,1
9659,social,cautious,T3+,4314.3,2,0,1,0,0,0.0,115,0
9661,paid_search,balanced,T2,21306.09,6,0,2,0,0,0.0,200,1
9663,bank_partner,cautious,T2,32895.76,1,1,0,0,0,0.0,10,0
9664,social,cautious,T3+,17159.42,1,0,1,0,0,0.0,203,1
9665,paid_search,cautious,T1,28870.89,1,0,1,0,0,0.0,290,1
9666,bank_partner,cautious,T2,8494.17,1,1,0,0,0,0.0,49,0
9667,paid_search,aggressive,T3+,8706.0,3,0,1,0,0,0.0,116,1
9668,social,balanced,T1,13712.49,9,4,5,4,2,6273.01,18,1
9670,social,balanced,T2,27775.06,2,0,0,0,0,0.0,234,1
9671,paid_search,aggressive,T3+,15552.0,1,0,1,0,0,0.0,234,1
9672,bank_partner,balanced,T1,9116.81,2,0,1,0,0,0.0,164,1
9673,social,balanced,T1,6119.0,2,0,0,0,0,0.0,94,0
9675,paid_search,balanced,T2,18266.55,0,0,0,0,0,0.0,282,1
9676,paid_search,cautious,T1,5449.09,3,3,1,0,0,0.0,26,0
9677,social,aggressive,T1,10846.08,3,0,1,0,0,0.0,161,1
9679,organic,balanced,T2,93539.4,5,1,1,2,0,52424.990000000005,65,1
9681,referral,cautious,T2,5091.09,2,0,1,0,0,0.0,181,1
9682,social,balanced,T3+,20527.25,1,0,0,0,0,0.0,113,1
9683,referral,aggressive,T1,1275.34,0,0,0,0,0,0.0,194,1
9684,organic,cautious,T1,5944.75,2,0,2,0,0,0.0,208,1
9685,paid_search,balanced,T1,3004.54,3,0,1,0,0,0.0,98,1
9687,paid_search,aggressive,T3+,4015.91,2,1,1,0,0,0.0,36,0
9688,social,aggressive,T2,3059.04,13,0,7,1,0,998.03,142,0
9690,organic,balanced,T1,33322.65,3,1,0,0,0,0.0,32,1
9691,bank_partner,balanced,T3+,4811.5,3,1,1,0,0,0.0,14,0
9692,paid_search,cautious,T1,19564.07,1,0,1,0,0,0.0,115,1
9694,paid_search,balanced,T2,6765.29,1,0,1,0,0,0.0,309,1
9695,social,balanced,T3+,12921.13,8,1,3,0,0,0.0,33,1
9696,organic,cautious,T3+,25681.86,2,0,1,0,0,0.0,168,1
9697,bank_partner,balanced,T2,10449.47,8,0,6,1,0,2541.54,94,0
9698,organic,cautious,T3+,3711.53,2,0,0,0,0,0.0,263,1
9699,bank_partner,aggressive,T1,8073.33,5,1,3,0,0,0.0,19,1
9700,social,aggressive,T2,14736.8,2,0,0,0,0,0.0,240,1
9703,organic,balanced,T1,6011.21,2,0,1,0,0,0.0,268,1
9704,organic,cautious,T3+,3401.64,0,0,0,0,0,0.0,131,1
9705,organic,balanced,T2,48078.29,4,0,1,0,0,0.0,115,1
9706,bank_partner,aggressive,T1,2146.26,2,1,1,0,0,0.0,76,1
9708,organic,cautious,T2,50192.02,2,2,0,0,0,0.0,2,0
9709,organic,cautious,T2,6224.04,4,0,1,0,0,0.0,165,1
9710,referral,balanced,T2,19301.77,3,0,0,0,0,0.0,111,1
9711,social,cautious,T2,55079.79,2,0,1,0,0,0.0,104,1
9712,organic,cautious,T3+,14520.16,2,0,2,0,0,0.0,267,1
9713,paid_search,balanced,T2,1373.93,11,4,4,1,0,396.4,18,1
9714,referral,balanced,T1,27900.32,0,0,0,0,0,0.0,150,1
9715,social,cautious,T1,6293.0,0,0,0,0,0,0.0,347,1
9716,social,cautious,T1,5515.79,1,0,0,0,0,0.0,135,0
9717,organic,cautious,T3+,19713.22,3,0,2,0,0,0.0,103,1
9718,organic,cautious,T1,6989.74,5,4,2,0,0,0.0,54,0
9719,organic,balanced,T2,4355.27,10,0,4,0,0,0.0,131,1
9720,organic,cautious,T2,1060.36,3,2,0,0,0,0.0,15,0
9721,paid_search,aggressive,T3+,2919.0,1,0,0,0,0,0.0,287,1
9724,social,balanced,T3+,7737.7,1,0,0,0,0,0.0,217,1
9725,referral,cautious,T2,22211.8,5,0,2,0,0,0.0,218,0
9726,paid_search,balanced,T2,39367.85,2,1,1,0,0,0.0,20,1
9730,paid_search,cautious,T1,33644.55,1,1,0,0,0,0.0,87,1
9731,organic,balanced,T2,20741.79,9,0,3,0,0,0.0,198,1
9732,referral,balanced,T1,4656.9,5,1,1,0,0,0.0,29,1
9733,referral,balanced,T2,9301.46,4,1,3,0,0,0.0,34,1
9735,social,balanced,T2,16334.63,7,3,2,2,0,7473.179999999999,15,0
9736,referral,balanced,T2,6753.42,0,0,0,0,0,0.0,111,1
9737,social,cautious,T1,11619.52,3,1,1,0,0,0.0,10,0
9738,organic,aggressive,T3+,10096.87,0,0,0,0,0,0.0,314,1
9739,organic,balanced,T3+,4319.6,5,1,3,0,0,0.0,40,0
9740,organic,cautious,T3+,5690.75,0,0,0,0,0,0.0,286,1
9741,referral,cautious,T3+,10649.42,6,0,3,4,2,8678.2,143,0
9742,referral,balanced,T3+,7074.81,1,0,1,0,0,0.0,102,1
9743,paid_search,cautious,T1,17987.39,2,0,1,0,0,0.0,246,1
9744,bank_partner,aggressive,T3+,17680.15,4,2,2,0,0,0.0,43,1
9745,paid_search,cautious,T2,3006.93,3,1,1,0,0,0.0,52,0
9749,organic,balanced,T3+,7990.62,3,0,2,0,0,0.0,267,1
9750,bank_partner,balanced,T2,6807.5,1,1,0,0,0,0.0,79,1
9751,organic,cautious,T3+,42067.44,3,0,2,0,0,0.0,167,1
9752,organic,balanced,T1,29521.43,1,0,0,0,0,0.0,196,1
9753,paid_search,cautious,T3+,142560.12,2,1,1,0,0,0.0,81,1
9755,social,cautious,T1,7230.69,8,4,7,1,0,721.34,2,0
9756,referral,cautious,T3+,15392.84,0,0,0,0,0,0.0,252,1
9758,paid_search,aggressive,T2,2489.44,1,1,1,0,0,0.0,54,1
9759,referral,balanced,T1,19152.08,2,0,1,0,0,0.0,247,1
9760,organic,cautious,T3+,4238.35,1,0,0,0,0,0.0,116,1
9762,organic,balanced,T2,17141.07,4,4,1,0,0,0.0,10,1
9763,paid_search,balanced,T3+,11035.27,3,1,0,0,0,0.0,87,1
9764,referral,balanced,T3+,973.3,0,0,0,0,0,0.0,203,1
9765,organic,cautious,T3+,46044.52,2,0,0,0,0,0.0,136,1
9766,bank_partner,cautious,T3+,5017.85,4,0,2,0,0,0.0,116,1
9767,organic,aggressive,T1,500.0,6,0,2,0,0,0.0,233,1
9768,paid_search,balanced,T2,3707.68,3,0,0,0,0,0.0,216,1
9769,organic,aggressive,T2,3271.02,14,0,8,1,0,1357.16,130,1
9770,bank_partner,balanced,T2,18018.16,4,2,2,0,0,0.0,0,1
9771,organic,aggressive,T1,1484.43,2,0,0,0,0,0.0,167,1
9772,organic,balanced,T2,63581.08,4,1,0,0,0,0.0,6,1
9773,bank_partner,aggressive,T3+,4983.26,3,1,2,0,0,0.0,52,1
9775,organic,cautious,T3+,10161.55,1,0,1,0,0,0.0,95,1
9777,organic,balanced,T3+,32346.2,2,0,0,0,0,0.0,115,1
9778,paid_search,cautious,T2,6449.83,0,0,0,0,0,0.0,315,1
9779,organic,cautious,T1,2973.63,1,0,1,0,0,0.0,141,0
9781,bank_partner,balanced,T2,20679.45,2,0,2,0,0,0.0,123,1
9782,organic,balanced,T2,28917.85,10,0,6,1,0,9174.25,153,0
9783,paid_search,cautious,T1,42848.84,3,0,2,0,0,0.0,144,1
9784,paid_search,balanced,T2,3762.59,8,1,4,0,0,0.0,87,1
9786,paid_search,balanced,T3+,24444.56,3,3,2,0,0,0.0,11,0
9787,organic,balanced,T3+,23763.63,1,0,0,0,0,0.0,184,1
9788,paid_search,balanced,T2,8197.16,3,0,2,0,0,0.0,286,1
9789,organic,balanced,T3+,3934.13,2,1,1,0,0,0.0,35,1
9790,organic,cautious,T2,22114.96,4,1,2,0,0,0.0,40,1
9792,organic,balanced,T1,2433.99,2,0,0,0,0,0.0,114,1
9793,organic,balanced,T3+,3696.81,5,3,4,2,0,1441.56,13,1
9794,bank_partner,aggressive,T2,11792.67,3,0,0,0,0,0.0,166,1
9795,paid_search,aggressive,T2,7542.32,4,3,0,0,0,0.0,30,0
9796,paid_search,balanced,T1,8471.09,2,0,1,0,0,0.0,302,1
9797,paid_search,balanced,T1,6170.22,2,0,0,0,0,0.0,185,1
9798,paid_search,balanced,T1,12965.9,5,1,2,3,0,3194.8,13,1
9799,referral,balanced,T2,29908.82,2,0,0,0,0,0.0,179,1
9801,paid_search,cautious,T3+,21784.15,1,1,1,0,0,0.0,66,1
9802,organic,cautious,T3+,1767.16,3,0,0,0,0,0.0,99,0
9803,paid_search,cautious,T1,2337.41,7,0,3,2,0,734.96,162,0
9804,social,balanced,T2,10060.21,1,0,0,0,0,0.0,192,1
9805,social,balanced,T2,8388.72,0,0,0,0,0,0.0,360,1
9807,social,balanced,T2,9905.07,1,0,0,0,0,0.0,339,1
9808,paid_search,cautious,T2,23257.62,4,1,2,0,0,0.0,6,1
9809,referral,cautious,T1,4180.32,3,2,1,0,0,0.0,82,1
9811,bank_partner,aggressive,T3+,3547.1,4,2,1,0,0,0.0,76,1
9812,paid_search,aggressive,T2,4913.5,2,0,0,0,0,0.0,269,1
9813,paid_search,cautious,T1,2785.91,7,2,2,1,0,1188.01,18,1
9815,organic,balanced,T1,5903.61,2,1,0,0,0,0.0,16,1
9816,paid_search,cautious,T2,34600.39,4,1,3,0,0,0.0,54,0
9817,organic,cautious,T2,26834.89,3,0,1,0,0,0.0,281,0
9818,social,cautious,T3+,16195.73,3,1,2,0,0,0.0,71,1
9819,referral,cautious,T2,7671.71,6,0,1,0,0,0.0,112,1
9820,social,aggressive,T3+,7355.9,4,1,1,0,0,0.0,26,1
9822,paid_search,aggressive,T2,11814.75,1,0,0,0,0,0.0,150,0
9827,social,cautious,T2,14737.59,4,1,1,0,0,0.0,10,1
9829,paid_search,aggressive,T3+,12004.91,2,0,1,0,0,0.0,126,0
9830,social,balanced,T1,6119.61,1,0,0,0,0,0.0,150,1
9834,organic,balanced,T2,37492.17,1,1,1,0,0,0.0,89,1
9836,organic,cautious,T3+,7369.37,8,7,5,2,0,2952.31,1,1
9838,organic,aggressive,T3+,15349.06,1,0,0,0,0,0.0,297,1
9839,referral,balanced,T1,1317.08,4,0,2,0,0,0.0,151,1
9840,paid_search,cautious,T2,8559.69,5,1,4,0,0,0.0,10,1
9841,social,cautious,T1,6734.95,4,1,2,0,0,0.0,16,0
9844,paid_search,aggressive,T2,2058.24,4,1,1,0,0,0.0,9,0
9845,organic,balanced,T3+,10504.19,7,0,1,0,0,0.0,92,1
9846,organic,balanced,T1,22246.15,3,3,1,0,0,0.0,63,0
9847,paid_search,cautious,T3+,18974.57,3,1,1,0,0,0.0,86,1
9848,organic,cautious,T1,5534.91,1,0,0,0,0,0.0,182,1
9849,social,balanced,T1,4875.1,5,0,1,0,0,0.0,176,0
9850,organic,balanced,T3+,27804.03,9,5,5,1,0,3151.73,44,0
9851,organic,cautious,T2,11328.51,0,0,0,0,0,0.0,239,1
9852,organic,aggressive,T2,46127.56,3,0,2,0,0,0.0,112,1
9853,referral,balanced,T2,15060.63,2,1,0,0,0,0.0,28,0
9854,organic,cautious,T2,5262.44,7,1,3,4,2,3181.2,63,0
9855,social,cautious,T2,8014.71,1,1,1,0,0,0.0,90,1
9856,paid_search,cautious,T3+,31053.94,4,0,1,0,0,0.0,222,1
9858,paid_search,cautious,T2,16553.22,5,0,1,0,0,0.0,229,1
9859,organic,cautious,T2,14954.98,11,1,8,2,0,3605.88,55,1
9860,paid_search,balanced,T2,50760.07,3,0,0,0,0,0.0,265,1
9861,organic,cautious,T3+,6601.33,2,0,1,0,0,0.0,163,1
9863,social,cautious,T3+,23816.16,3,0,0,0,0,0.0,216,1
9864,organic,aggressive,T1,7718.11,8,1,3,3,0,4827.88,25,1
9865,organic,balanced,T3+,15095.25,3,2,3,0,0,0.0,28,0
9866,paid_search,cautious,T1,38399.94,1,1,1,0,0,0.0,17,1
9867,referral,cautious,T2,15984.25,1,0,0,0,0,0.0,235,0
9868,bank_partner,balanced,T2,16927.8,5,0,3,1,0,3474.91,117,1
9869,referral,cautious,T1,6469.42,3,0,0,0,0,0.0,106,1
9870,social,balanced,T1,1970.75,3,0,1,0,0,0.0,105,1
9871,bank_partner,aggressive,T2,1042.3,7,0,2,0,0,0.0,135,1
9873,referral,balanced,T3+,62773.89,1,0,1,0,0,0.0,175,1
9874,bank_partner,cautious,T2,22159.91,5,1,2,0,0,0.0,18,0
9875,social,balanced,T1,52386.91,1,0,0,0,0,0.0,307,1
9876,organic,cautious,T2,18395.93,1,0,0,0,0,0.0,169,1
9877,organic,cautious,T2,5884.28,3,2,1,0,0,0.0,58,1
9878,referral,aggressive,T3+,14326.43,2,0,2,0,0,0.0,304,1
9879,organic,aggressive,T3+,5327.69,1,1,0,0,0,0.0,40,0
9881,paid_search,cautious,T2,7827.01,5,5,0,0,0,0.0,1,0
9883,organic,aggressive,T2,6733.62,3,0,0,0,0,0.0,256,0
9886,paid_search,balanced,T2,2449.87,2,0,1,0,0,0.0,106,1
9887,referral,cautious,T1,3833.49,2,0,1,0,0,0.0,136,1
9888,organic,aggressive,T2,4122.03,0,0,0,0,0,0.0,260,1
9890,social,cautious,T1,2544.75,3,1,1,0,0,0.0,88,0
9891,paid_search,cautious,T2,4443.96,7,0,4,0,0,0.0,194,1
9892,organic,balanced,T1,10856.38,1,0,0,0,0,0.0,231,1
9893,paid_search,balanced,T2,13358.14,1,1,0,0,0,0.0,88,1
9894,social,balanced,T1,55375.62,7,0,4,1,0,10765.39,205,0
9895,paid_search,aggressive,T1,20724.56,2,0,0,0,0,0.0,269,1
9897,organic,balanced,T2,11750.14,2,1,0,0,0,0.0,83,1
9898,social,aggressive,T3+,7673.44,4,1,1,0,0,0.0,65,0
9899,bank_partner,balanced,T2,30739.56,4,0,4,0,0,0.0,125,0
9901,organic,cautious,T1,3486.58,2,2,1,0,0,0.0,1,1
9902,bank_partner,balanced,T2,31333.81,5,0,4,2,0,14002.869999999999,105,1
9906,social,aggressive,T1,4509.79,4,0,1,0,0,0.0,243,1
9907,organic,cautious,T1,500.0,0,0,0,0,0,0.0,201,1
9908,referral,cautious,T1,22707.97,3,0,1,0,0,0.0,97,1
9910,social,cautious,T1,4220.78,7,0,4,2,0,1297.32,284,1
9911,organic,aggressive,T1,2040.53,0,0,0,0,0,0.0,116,1
9912,paid_search,balanced,T2,14485.62,3,1,0,0,0,0.0,52,1
9913,paid_search,balanced,T2,3112.68,3,0,1,0,0,0.0,128,1
9914,paid_search,balanced,T2,8022.44,4,0,2,0,0,0.0,172,0
9915,referral,cautious,T1,4382.77,3,0,3,1,0,1315.25,256,1
9916,referral,balanced,T3+,9887.16,2,0,1,0,0,0.0,121,1
9917,paid_search,cautious,T1,5796.03,2,0,0,0,0,0.0,101,1
9918,social,cautious,T3+,13636.66,2,1,0,0,0,0.0,52,1
9921,bank_partner,balanced,T1,20338.61,2,0,1,0,0,0.0,93,1
9922,paid_search,aggressive,T1,28611.29,0,0,0,0,0,0.0,160,1
9923,bank_partner,aggressive,T2,6764.46,4,1,0,0,0,0.0,78,0
9924,organic,balanced,T1,15690.1,3,3,0,0,0,0.0,42,0
9925,paid_search,cautious,T2,8252.43,0,0,0,0,0,0.0,254,1
9926,paid_search,balanced,T3+,11542.49,11,3,7,1,0,2446.02,37,1
9927,referral,cautious,T2,69654.13,2,0,1,0,0,0.0,200,1
9928,referral,balanced,T2,8635.79,2,0,0,0,0,0.0,183,1
9930,bank_partner,balanced,T3+,36410.93,5,0,2,0,0,0.0,121,1
9931,paid_search,balanced,T3+,78816.87,1,1,0,0,0,0.0,3,1
9932,bank_partner,balanced,T2,17531.49,2,1,1,0,0,0.0,81,0
9933,referral,cautious,T1,22086.94,3,1,2,0,0,0.0,87,0
9934,organic,balanced,T3+,26312.25,4,3,1,0,0,0.0,6,1
9935,organic,balanced,T1,9678.95,1,0,0,0,0,0.0,127,1
9936,paid_search,cautious,T3+,1922.3,1,1,0,0,0,0.0,21,1
9939,organic,cautious,T1,22286.07,7,0,4,0,0,0.0,162,1
9940,paid_search,cautious,T3+,13027.39,2,1,1,0,0,0.0,40,1
9941,organic,balanced,T3+,10512.1,3,1,0,0,0,0.0,58,1
9942,social,cautious,T2,20362.4,1,0,1,0,0,0.0,229,1
9943,paid_search,aggressive,T3+,4289.98,4,0,0,0,0,0.0,130,1
9944,social,cautious,T3+,12754.2,0,0,0,0,0,0.0,257,1
9945,organic,cautious,T2,1319.48,5,0,2,0,0,0.0,125,1
9947,referral,cautious,T2,43806.6,0,0,0,0,0,0.0,250,1
9948,referral,balanced,T3+,4559.68,5,0,2,0,0,0.0,239,1
9950,organic,balanced,T2,12554.98,5,2,3,1,0,2108.08,51,1
9951,paid_search,balanced,T1,178107.81,3,0,2,0,0,0.0,105,1
9952,referral,balanced,T3+,9416.91,1,0,1,0,0,0.0,137,1
9953,bank_partner,aggressive,T2,3788.63,1,0,0,0,0,0.0,154,0
9954,referral,cautious,T2,9661.53,3,0,1,0,0,0.0,126,1
9955,social,aggressive,T2,2462.2,5,1,1,0,0,0.0,39,1
9956,paid_search,balanced,T3+,10005.41,4,1,3,0,0,0.0,85,0
9957,paid_search,aggressive,T3+,2041.48,1,0,1,0,0,0.0,235,1
9958,organic,cautious,T2,2429.38,6,0,2,0,0,0.0,131,0
9959,organic,balanced,T2,177806.25,2,0,1,0,0,0.0,162,1
9960,referral,balanced,T1,7823.66,9,3,6,1,0,2071.39,48,0
9961,social,cautious,T1,8604.44,3,0,1,0,0,0.0,261,0
9962,referral,balanced,T2,10606.83,4,0,0,0,0,0.0,252,1
9963,referral,balanced,T2,4232.74,1,1,0,0,0,0.0,86,1
9964,referral,cautious,T2,14893.21,3,0,1,0,0,0.0,115,1
9965,social,cautious,T2,1984.62,2,0,1,0,0,0.0,95,1
9966,organic,balanced,T1,9510.51,1,0,0,0,0,0.0,214,1
9967,referral,balanced,T1,16232.24,11,0,4,1,0,4993.71,263,1
9969,referral,aggressive,T2,15898.49,4,4,1,0,0,0.0,14,1
9971,bank_partner,balanced,T3+,3018.69,1,0,1,0,0,0.0,140,1
9972,organic,balanced,T1,1418.59,3,0,2,0,0,0.0,143,1
9973,bank_partner,balanced,T3+,3033.21,4,0,2,2,0,1203.1,115,1
9975,referral,aggressive,T3+,2725.19,3,1,2,0,0,0.0,46,1
9977,referral,cautious,T1,8817.19,3,0,1,0,0,0.0,241,1
9978,organic,balanced,T1,4467.22,13,2,8,1,0,518.5,22,0
9979,bank_partner,cautious,T1,1805.08,3,3,1,0,0,0.0,13,1
9980,organic,cautious,T2,1873.89,1,0,0,0,0,0.0,275,1
9981,organic,cautious,T1,26115.02,0,0,0,0,0,0.0,133,1
9982,bank_partner,balanced,T1,3218.82,2,2,1,0,0,0.0,15,1
9983,social,balanced,T2,23811.01,1,0,1,0,0,0.0,208,1
9984,organic,balanced,T1,7256.97,6,0,2,0,0,0.0,128,1
9985,organic,balanced,T3+,6201.88,1,0,0,0,0,0.0,108,1
9986,paid_search,balanced,T1,8841.96,3,0,2,0,0,0.0,167,1
9988,organic,balanced,T1,14343.94,1,0,0,0,0,0.0,98,1
9989,organic,cautious,T2,33559.77,2,0,0,0,0,0.0,152,1
9990,social,cautious,T3+,14976.24,2,0,0,0,0,0.0,158,1
9991,social,cautious,T1,10047.39,0,0,0,0,0,0.0,263,1
9992,referral,balanced,T3+,2138.56,4,0,2,0,0,0.0,111,1
9993,bank_partner,aggressive,T2,2464.98,3,0,0,0,0,0.0,113,1
9995,social,aggressive,T2,24128.67,2,0,0,0,0,0.0,137,0
9996,referral,aggressive,T1,3452.11,6,1,2,0,0,0.0,73,1
9998,organic,aggressive,T2,32172.11,2,0,0,0,0,0.0,236,1
9999,paid_search,aggressive,T2,136633.76,4,0,2,0,0,0.0,338,0
10000,paid_search,balanced,T1,22895.98,2,0,1,0,0,0.0,114,1
10001,paid_search,cautious,T2,5081.74,3,0,0,0,0,0.0,205,1
10002,organic,balanced,T3+,1202.56,0,0,0,0,0,0.0,355,1
10003,referral,balanced,T1,2302.12,2,0,1,0,0,0.0,250,1
10004,organic,aggressive,T1,7472.83,6,0,1,0,0,0.0,182,1
10005,bank_partner,balanced,T2,19583.48,1,0,0,0,0,0.0,286,1
10006,organic,aggressive,T2,5190.62,3,0,1,0,0,0.0,156,1
10009,referral,aggressive,T1,16687.08,5,1,3,0,0,0.0,57,1
10010,organic,balanced,T2,12856.64,5,1,1,0,0,0.0,88,1
10012,referral,balanced,T2,8583.74,1,0,1,0,0,0.0,194,1
10013,paid_search,aggressive,T3+,20307.25,1,0,0,0,0,0.0,128,1
10014,bank_partner,balanced,T2,9080.21,9,0,6,3,0,3329.4,102,1
10015,social,aggressive,T2,5660.74,2,0,1,0,0,0.0,171,1
10016,referral,balanced,T3+,6255.78,2,0,0,0,0,0.0,160,1
10017,paid_search,balanced,T1,7130.22,4,0,2,0,0,0.0,178,1
10018,organic,balanced,T2,1817.53,3,1,1,0,0,0.0,66,1
10020,organic,cautious,T2,14485.94,3,0,2,0,0,0.0,174,1
10021,organic,aggressive,T3+,1165.43,5,0,4,0,0,0.0,270,1
10022,organic,cautious,T1,7945.19,3,0,0,0,0,0.0,206,1
10023,organic,balanced,T3+,19394.6,5,2,2,0,0,0.0,64,0
10024,organic,balanced,T3+,4463.61,0,0,0,0,0,0.0,331,0
10025,paid_search,balanced,T2,19041.37,2,0,1,0,0,0.0,202,1
10026,paid_search,balanced,T3+,28351.68,2,0,0,1,0,12023.92,109,0
10027,social,aggressive,T2,4133.62,6,0,1,0,0,0.0,154,0
10028,organic,aggressive,T2,7154.37,1,0,0,0,0,0.0,274,1
10030,organic,cautious,T3+,7811.87,4,0,2,0,0,0.0,127,1
10032,paid_search,balanced,T1,39446.33,2,0,0,0,0,0.0,220,1
10034,social,balanced,T2,2641.77,1,0,0,0,0,0.0,153,1
10037,organic,cautious,T2,6354.04,1,1,0,0,0,0.0,23,0
10040,referral,cautious,T2,10700.07,4,0,1,2,0,5300.719999999999,158,0
10041,paid_search,balanced,T1,4186.01,7,3,1,0,0,0.0,8,1
10042,referral,cautious,T2,4629.34,13,0,5,2,0,2177.54,198,1
10043,organic,balanced,T2,7209.78,6,5,3,2,1,1420.52,18,1
10045,referral,aggressive,T1,13406.9,0,0,0,0,0,0.0,198,1
10046,organic,balanced,T3+,4578.38,2,0,1,0,0,0.0,187,1
10047,social,cautious,T1,2040.98,15,0,7,1,0,501.43,126,1
10049,paid_search,balanced,T1,3742.11,2,0,0,0,0,0.0,264,1
10050,bank_partner,cautious,T2,9615.77,8,2,3,1,0,1455.97,11,0
10052,organic,cautious,T1,2442.95,5,0,3,0,0,0.0,98,1
10053,organic,aggressive,T2,12006.9,1,1,0,0,0,0.0,81,1
10054,social,cautious,T3+,2525.93,6,2,2,4,2,1501.04,41,0
10056,social,cautious,T1,12716.24,4,1,2,0,0,0.0,74,1
10057,social,balanced,T1,664.52,2,0,1,0,0,0.0,255,1
10059,paid_search,balanced,T2,2347.38,5,1,2,0,0,0.0,3,1
10060,social,balanced,T2,7296.04,3,3,0,0,0,0.0,21,1
10061,social,aggressive,T2,7254.66,4,1,0,0,0,0.0,37,1
10064,referral,balanced,T2,8885.42,2,0,1,0,0,0.0,328,1
10066,paid_search,cautious,T3+,3659.73,3,1,1,0,0,0.0,63,1
10067,referral,cautious,T3+,5239.08,1,0,1,0,0,0.0,228,1
10068,referral,cautious,T2,5718.3,2,2,1,0,0,0.0,31,1
10070,organic,cautious,T1,2692.97,1,0,0,0,0,0.0,139,1
10071,social,cautious,T1,5431.88,0,0,0,0,0,0.0,210,1
10072,referral,cautious,T2,21550.55,3,1,1,0,0,0.0,83,0
10074,referral,cautious,T3+,500.0,2,0,0,0,0,0.0,97,1
10077,social,balanced,T2,126424.7,4,0,3,0,0,0.0,126,0
10078,organic,balanced,T1,63395.62,5,1,3,2,0,32273.18,30,1
10079,social,balanced,T2,26467.64,2,0,0,0,0,0.0,306,1
10081,organic,cautious,T1,57548.34,2,1,1,0,0,0.0,31,1
10082,bank_partner,aggressive,T3+,3514.05,4,4,1,0,0,0.0,0,1
10083,bank_partner,aggressive,T2,28427.98,2,0,0,0,0,0.0,309,1
10085,organic,aggressive,T3+,3959.39,4,0,2,0,0,0.0,104,1
10087,social,aggressive,T3+,12531.03,5,0,3,0,0,0.0,159,0
10088,organic,balanced,T1,20122.37,8,2,4,3,0,11081.01,15,0
10089,social,cautious,T3+,15864.5,1,0,0,0,0,0.0,235,1
10090,paid_search,aggressive,T3+,7878.38,4,1,1,0,0,0.0,81,1
10091,paid_search,balanced,T1,8434.13,2,0,0,0,0,0.0,148,1
10095,social,balanced,T3+,5917.27,0,0,0,0,0,0.0,119,1
10096,referral,cautious,T1,55697.77,1,0,1,0,0,0.0,215,1
10098,social,balanced,T2,2465.32,1,0,0,0,0,0.0,186,1
10099,organic,balanced,T1,4389.13,2,0,2,0,0,0.0,157,1
10101,paid_search,cautious,T1,2834.35,2,0,1,0,0,0.0,101,0
10103,organic,balanced,T2,18495.17,3,1,1,0,0,0.0,38,0
10104,referral,balanced,T3+,120986.99,8,0,1,3,1,63011.71,127,0
10105,bank_partner,cautious,T2,13336.62,3,2,1,0,0,0.0,43,0
10106,bank_partner,balanced,T1,17781.72,2,0,0,0,0,0.0,157,0
10108,organic,aggressive,T1,55072.85,5,2,2,2,1,29931.09,9,0
10109,paid_search,balanced,T3+,16780.89,4,1,3,0,0,0.0,66,1
10110,organic,balanced,T3+,5553.55,0,0,0,0,0,0.0,154,1
10111,organic,cautious,T2,758.21,5,0,1,0,0,0.0,215,1
10112,social,cautious,T3+,5543.07,0,0,0,0,0,0.0,331,1
10113,social,balanced,T1,152816.67,5,0,3,0,0,0.0,238,1
10114,organic,aggressive,T2,6319.07,13,2,7,2,1,1940.91,49,1
10115,organic,cautious,T1,16068.27,2,0,0,0,0,0.0,142,1
10116,social,aggressive,T3+,752.36,1,0,1,0,0,0.0,174,1
10118,organic,aggressive,T3+,77526.98,8,1,2,0,0,0.0,26,0
10119,bank_partner,balanced,T2,1885.45,4,1,4,0,0,0.0,88,1
10120,paid_search,cautious,T1,5600.94,0,0,0,0,0,0.0,315,1
10122,organic,cautious,T1,4996.31,5,0,1,0,0,0.0,111,1
10123,social,balanced,T1,2212.95,2,1,1,0,0,0.0,56,1
10124,paid_search,cautious,T2,11338.36,4,1,1,0,0,0.0,22,0
10125,organic,balanced,T3+,1245.15,2,0,1,0,0,0.0,155,1
10126,paid_search,balanced,T3+,3230.21,4,0,3,0,0,0.0,132,1
10127,organic,balanced,T3+,41367.89,5,1,2,0,0,0.0,55,1
10128,paid_search,cautious,T3+,8778.35,6,1,3,1,0,2338.9,16,1
10130,social,cautious,T3+,81205.03,3,0,2,0,0,0.0,212,0
10132,social,balanced,T1,930.11,2,0,2,0,0,0.0,228,1
10134,organic,cautious,T2,16229.35,3,3,0,0,0,0.0,1,1
10135,paid_search,cautious,T2,49768.24,10,0,3,2,0,20362.55,125,0
10137,referral,balanced,T2,1526.64,2,0,1,0,0,0.0,167,1
10139,organic,balanced,T3+,3106.6,0,0,0,0,0,0.0,214,1
10140,organic,cautious,T3+,5432.91,1,0,0,0,0,0.0,192,1
10142,organic,cautious,T1,21507.36,2,0,0,0,0,0.0,240,1
10145,organic,balanced,T1,3565.46,2,0,0,0,0,0.0,101,1
10147,bank_partner,balanced,T3+,7694.73,1,0,0,0,0,0.0,263,1
10148,organic,aggressive,T1,1945.13,0,0,0,0,0,0.0,271,1
10152,organic,aggressive,T2,35880.7,5,1,2,0,0,0.0,52,1
10153,bank_partner,balanced,T1,71692.09,2,2,0,0,0,0.0,26,0
10155,paid_search,balanced,T3+,11245.19,2,1,0,0,0,0.0,56,1
10156,social,balanced,T3+,5962.12,3,2,1,0,0,0.0,13,1
10157,social,balanced,T2,2829.75,3,1,0,0,0,0.0,66,1
10158,referral,aggressive,T3+,1311.21,1,0,0,0,0,0.0,255,1
10159,referral,balanced,T3+,15465.52,5,0,0,0,0,0.0,198,1
10160,paid_search,balanced,T1,2154.61,1,0,1,0,0,0.0,98,1
10161,paid_search,cautious,T2,42516.68,4,1,0,0,0,0.0,21,1
10163,social,balanced,T3+,2089.63,6,0,1,0,0,0.0,144,1
10164,bank_partner,cautious,T1,12019.23,1,1,0,0,0,0.0,11,1
10165,referral,cautious,T2,6708.85,4,4,4,0,0,0.0,26,0
10166,paid_search,cautious,T1,3911.35,4,0,1,0,0,0.0,106,1
10167,paid_search,balanced,T3+,6714.28,4,1,2,0,0,0.0,74,1
10168,social,aggressive,T3+,9078.92,1,0,0,0,0,0.0,113,1
10169,organic,cautious,T3+,7072.04,0,0,0,0,0,0.0,127,0
10170,paid_search,balanced,T3+,10001.66,3,1,2,0,0,0.0,39,1
10172,paid_search,aggressive,T1,27024.29,0,0,0,0,0,0.0,251,1
10173,organic,balanced,T3+,49935.89,2,0,0,0,0,0.0,145,1
10174,organic,cautious,T2,67439.47,1,0,1,0,0,0.0,155,1
10175,organic,aggressive,T3+,12939.17,10,0,3,0,0,0.0,95,1
10176,paid_search,cautious,T2,18951.65,4,0,0,0,0,0.0,201,1
10177,paid_search,cautious,T1,5675.88,3,0,1,0,0,0.0,325,1
10178,bank_partner,aggressive,T3+,4937.52,5,2,1,0,0,0.0,30,1
10180,bank_partner,cautious,T2,10974.57,4,0,1,2,0,1335.26,165,1
10181,organic,cautious,T2,18778.07,4,3,1,0,0,0.0,56,0
10183,social,balanced,T2,10614.88,2,0,1,0,0,0.0,190,1
10184,paid_search,cautious,T1,3655.75,1,0,0,0,0,0.0,144,1
10185,social,aggressive,T3+,21885.8,5,0,1,0,0,0.0,96,1
10186,organic,cautious,T2,63720.14,1,0,0,0,0,0.0,148,1
10188,bank_partner,balanced,T2,12972.44,2,0,1,0,0,0.0,254,1
10189,referral,cautious,T2,7514.19,6,4,2,0,0,0.0,30,1
10190,organic,cautious,T2,10122.93,3,0,0,0,0,0.0,124,1
10191,referral,balanced,T3+,12420.53,1,0,0,0,0,0.0,98,1
10192,paid_search,balanced,T1,4951.2,0,0,0,0,0,0.0,165,1
10193,organic,balanced,T1,9263.77,3,0,0,0,0,0.0,158,1
10194,organic,balanced,T2,7224.27,2,1,1,0,0,0.0,64,1
10195,bank_partner,aggressive,T2,15947.62,5,1,3,0,0,0.0,43,0
10196,organic,cautious,T1,8486.07,2,1,1,0,0,0.0,41,1
10198,organic,balanced,T1,18007.95,1,0,0,0,0,0.0,209,1
10199,paid_search,cautious,T2,2793.47,5,1,2,0,0,0.0,55,0
10203,organic,balanced,T3+,4095.01,1,0,0,0,0,0.0,306,1
10204,referral,balanced,T2,3705.05,1,0,1,0,0,0.0,195,1
10205,organic,balanced,T1,6612.85,3,0,1,0,0,0.0,155,1
10206,referral,balanced,T3+,2971.99,3,1,0,0,0,0.0,87,0
10207,bank_partner,aggressive,T2,7155.73,2,0,0,0,0,0.0,122,1
10208,paid_search,aggressive,T1,8358.64,0,0,0,0,0,0.0,257,0
10209,social,aggressive,T2,20236.09,3,0,2,0,0,0.0,234,1
10210,referral,aggressive,T1,33963.28,2,0,1,0,0,0.0,145,1
10212,organic,balanced,T3+,16697.38,10,4,4,1,0,3426.48,41,0
10213,bank_partner,balanced,T3+,14329.64,4,2,1,0,0,0.0,32,1
10216,organic,balanced,T2,9672.67,6,0,5,3,0,2399.09,167,1
10218,bank_partner,balanced,T2,5584.19,3,1,3,0,0,0.0,68,1
10219,referral,cautious,T3+,6424.59,3,1,2,0,0,0.0,19,1
10220,bank_partner,aggressive,T2,851.39,4,0,2,0,0,0.0,191,1
10221,organic,aggressive,T1,6417.1,3,2,2,0,0,0.0,62,0
10222,referral,cautious,T2,28766.02,2,0,0,0,0,0.0,177,0
10223,referral,cautious,T1,7368.46,4,0,4,1,0,965.56,234,1
10224,organic,cautious,T3+,1410.96,8,1,6,0,0,0.0,9,1
10225,paid_search,balanced,T1,5932.66,1,0,1,0,0,0.0,197,1
10226,bank_partner,cautious,T2,47214.71,5,1,1,0,0,0.0,34,1
10227,social,balanced,T3+,5043.1,2,0,0,0,0,0.0,218,0
10228,referral,balanced,T3+,19956.26,4,0,2,0,0,0.0,283,1
10229,organic,cautious,T1,2822.09,3,1,0,0,0,0.0,11,0
10230,paid_search,balanced,T2,2091.75,4,1,1,0,0,0.0,79,0
10231,social,cautious,T2,6805.99,3,0,2,0,0,0.0,100,1
10233,social,cautious,T3+,14321.13,3,0,2,0,0,0.0,118,1
10234,referral,cautious,T2,6596.05,2,0,1,0,0,0.0,152,1
10236,referral,balanced,T3+,9650.8,4,0,2,0,0,0.0,141,1
10237,paid_search,cautious,T2,2136.36,4,0,0,0,0,0.0,164,1
10239,organic,balanced,T1,56646.91,2,1,1,0,0,0.0,45,1
10240,social,balanced,T3+,10437.03,4,1,1,0,0,0.0,10,1
10241,social,balanced,T2,8092.44,2,0,0,0,0,0.0,147,0
10242,paid_search,cautious,T3+,14540.82,2,0,1,0,0,0.0,281,1
10243,bank_partner,balanced,T2,2815.0,1,0,1,0,0,0.0,230,1
10245,referral,cautious,T3+,31051.0,6,1,1,0,0,0.0,19,1
10246,social,cautious,T1,7875.01,0,0,0,0,0,0.0,286,1
10247,referral,balanced,T2,13681.45,0,0,0,0,0,0.0,293,1
10248,referral,balanced,T3+,30899.94,6,0,4,2,0,13294.32,236,1
10249,bank_partner,cautious,T2,3880.74,5,1,1,0,0,0.0,24,1
10250,paid_search,balanced,T2,5789.09,2,0,1,0,0,0.0,223,1
10251,organic,balanced,T1,161743.67,4,0,1,0,0,0.0,96,1
10252,organic,balanced,T1,35504.36,8,0,2,0,0,0.0,143,1
10254,bank_partner,cautious,T3+,7969.31,2,0,0,0,0,0.0,98,0
10255,paid_search,balanced,T1,7334.27,1,0,0,0,0,0.0,239,1
10256,organic,cautious,T2,23759.45,5,0,3,0,0,0.0,91,1
10257,referral,aggressive,T2,2376.39,5,0,4,0,0,0.0,129,1
10259,organic,aggressive,T1,3446.34,2,0,1,0,0,0.0,233,1
10260,bank_partner,cautious,T3+,23251.71,3,1,0,0,0,0.0,27,1
10261,social,aggressive,T1,22925.4,11,0,8,3,0,15434.32,147,1
10262,social,aggressive,T1,688.04,0,0,0,0,0,0.0,146,0
10264,paid_search,balanced,T3+,7530.68,7,4,3,0,0,0.0,43,1
10265,social,balanced,T1,14243.64,2,0,1,0,0,0.0,144,1
10266,organic,balanced,T3+,4086.05,4,3,1,0,0,0.0,57,0
10267,paid_search,aggressive,T3+,16051.04,1,0,0,0,0,0.0,267,1
10268,paid_search,aggressive,T3+,13785.4,1,0,1,0,0,0.0,172,1
10269,paid_search,cautious,T1,7499.69,3,0,2,0,0,0.0,326,1
10270,referral,cautious,T1,10204.21,5,1,2,1,0,4200.33,45,0
10271,organic,cautious,T3+,12253.96,2,0,2,0,0,0.0,129,0
10273,referral,cautious,T3+,18607.71,1,0,1,0,0,0.0,93,1
10274,organic,balanced,T2,7948.99,6,1,1,3,0,3617.75,23,0
10275,paid_search,cautious,T2,20197.39,4,0,2,0,0,0.0,121,1
10279,social,aggressive,T3+,22647.18,2,0,0,0,0,0.0,156,1
10280,organic,cautious,T3+,11535.35,3,0,1,0,0,0.0,227,0
10281,paid_search,balanced,T2,8850.0,6,0,1,0,0,0.0,126,1
10282,organic,balanced,T3+,1926.5,2,1,0,0,0,0.0,42,1
10283,bank_partner,aggressive,T1,13104.2,1,0,1,0,0,0.0,208,1
10284,social,balanced,T3+,14643.79,1,1,0,0,0,0.0,31,1
10286,paid_search,balanced,T2,858.54,2,0,2,0,0,0.0,227,1
10287,paid_search,balanced,T3+,48277.01,1,0,0,0,0,0.0,104,0
10288,bank_partner,balanced,T3+,20281.87,3,0,0,0,0,0.0,94,1
10289,organic,cautious,T2,19377.68,2,1,1,0,0,0.0,86,0
10290,paid_search,cautious,T2,2454.85,1,0,0,0,0,0.0,279,1
10292,organic,balanced,T1,2792.86,4,3,1,0,0,0.0,38,1
10293,bank_partner,cautious,T1,25406.21,3,0,1,0,0,0.0,212,1
10294,bank_partner,balanced,T1,12762.7,2,1,0,0,0,0.0,86,0
10295,referral,cautious,T2,23632.15,2,0,1,0,0,0.0,110,1
10296,referral,cautious,T3+,9053.45,3,0,2,0,0,0.0,115,1
10297,bank_partner,cautious,T2,41807.76,11,0,6,2,0,9187.300000000001,260,1
10298,paid_search,balanced,T2,18561.6,3,0,1,0,0,0.0,114,1
10299,organic,balanced,T2,15949.07,4,2,3,0,0,0.0,80,0
10300,organic,cautious,T1,7046.82,3,2,1,0,0,0.0,14,0
10301,organic,cautious,T1,7843.12,1,0,1,0,0,0.0,158,1
10302,organic,cautious,T1,24709.67,2,0,1,0,0,0.0,290,0
10303,social,cautious,T2,12915.43,1,0,0,0,0,0.0,221,1
10305,organic,balanced,T1,11046.81,9,3,3,1,0,3709.72,3,1
10306,organic,cautious,T2,2165.51,1,0,0,0,0,0.0,252,1
10308,organic,cautious,T2,6523.48,3,0,1,0,0,0.0,97,0
10309,social,aggressive,T2,1749.23,1,0,1,0,0,0.0,100,1
10310,bank_partner,cautious,T2,93236.04,4,2,1,0,0,0.0,3,1
10312,paid_search,balanced,T2,57151.98,3,2,2,0,0,0.0,59,1
10313,referral,cautious,T2,18115.76,1,1,0,0,0,0.0,6,1
10314,paid_search,aggressive,T2,49809.36,9,8,7,1,0,13796.53,15,0
10315,bank_partner,balanced,T2,27063.36,8,0,3,1,0,4212.99,96,0
10318,paid_search,balanced,T1,2399.16,5,2,2,0,0,0.0,64,1
10319,bank_partner,cautious,T3+,2688.42,2,0,2,0,0,0.0,146,1
10320,organic,aggressive,T2,1630.87,1,0,0,0,0,0.0,328,1
10321,social,cautious,T3+,34021.86,2,0,0,0,0,0.0,92,1
10322,bank_partner,balanced,T2,25263.46,9,0,2,3,0,6271.610000000001,205,1
10323,organic,cautious,T3+,56215.18,1,0,0,0,0,0.0,136,0
10324,referral,cautious,T1,10267.49,6,0,5,5,0,6246.78,196,1
10326,bank_partner,balanced,T3+,1220.58,2,0,1,0,0,0.0,196,1
10327,paid_search,balanced,T3+,30321.54,5,0,1,0,0,0.0,190,1
10328,bank_partner,balanced,T1,21407.22,3,2,2,0,0,0.0,51,0
10329,referral,aggressive,T1,12375.69,2,0,0,0,0,0.0,182,1
10330,social,cautious,T1,2879.69,2,1,1,0,0,0.0,73,1
10332,social,aggressive,T3+,31912.54,1,0,0,0,0,0.0,321,1
10334,organic,cautious,T2,5947.91,1,0,0,0,0,0.0,250,0
10335,paid_search,balanced,T1,15490.83,2,1,2,4,2,7702.0,80,1
10336,paid_search,balanced,T2,11896.77,2,0,0,0,0,0.0,133,1
10337,organic,balanced,T3+,7055.48,1,0,0,0,0,0.0,176,1
10338,social,cautious,T1,37835.04,1,0,0,0,0,0.0,96,1
10339,organic,balanced,T1,7855.43,4,2,3,0,0,0.0,17,1
10340,paid_search,balanced,T3+,17115.92,3,1,2,0,0,0.0,89,1
10341,paid_search,aggressive,T1,95693.55,2,1,0,0,0,0.0,34,1
10342,organic,cautious,T3+,4265.59,1,0,0,0,0,0.0,280,0
10343,paid_search,cautious,T1,9353.01,3,0,0,0,0,0.0,319,0
10345,referral,cautious,T3+,3203.64,5,1,2,0,0,0.0,78,1
10346,bank_partner,balanced,T2,78765.88,5,0,0,0,0,0.0,243,1
10347,social,cautious,T1,21224.32,1,0,0,0,0,0.0,251,1
10348,paid_search,aggressive,T2,92047.3,0,0,0,0,0,0.0,136,1
10349,bank_partner,aggressive,T2,27816.74,1,0,1,0,0,0.0,179,1
10350,bank_partner,balanced,T1,2261.02,6,2,2,4,1,990.93,18,1
10351,organic,balanced,T2,5885.59,3,0,1,0,0,0.0,190,1
10352,referral,balanced,T2,30525.34,2,2,1,0,0,0.0,47,0
10353,organic,aggressive,T2,4667.38,1,1,0,0,0,0.0,13,0
10354,organic,balanced,T1,3997.48,3,2,0,0,0,0.0,40,1
10356,paid_search,cautious,T3+,2314.28,1,0,1,0,0,0.0,221,1
10358,organic,cautious,T2,17562.21,1,0,1,0,0,0.0,101,1
10359,organic,balanced,T2,7598.39,5,2,2,0,0,0.0,10,1
10360,paid_search,cautious,T3+,5847.22,4,0,0,0,0,0.0,140,1
10361,bank_partner,aggressive,T1,8630.76,7,2,4,4,3,5268.25,76,0
10362,paid_search,aggressive,T2,10445.17,5,2,2,0,0,0.0,79,1
10364,paid_search,cautious,T1,3774.43,6,1,2,0,0,0.0,88,1
10365,paid_search,balanced,T1,11434.96,0,0,0,0,0,0.0,249,1
10366,bank_partner,balanced,T3+,26396.59,1,1,0,0,0,0.0,37,1
10367,paid_search,cautious,T3+,43160.06,4,2,2,0,0,0.0,3,1
10369,organic,cautious,T3+,3662.54,8,0,3,0,0,0.0,146,0
10370,referral,balanced,T3+,1061.0,1,0,0,0,0,0.0,196,1
10371,paid_search,balanced,T2,8241.67,4,4,1,0,0,0.0,31,0
10373,organic,aggressive,T3+,1811.71,0,0,0,0,0,0.0,278,1
10375,referral,balanced,T3+,7728.83,2,0,0,0,0,0.0,262,1
10376,organic,balanced,T2,8853.06,3,0,0,0,0,0.0,139,1
10379,paid_search,balanced,T2,9484.35,5,0,2,0,0,0.0,108,0
10380,paid_search,balanced,T1,4485.79,1,0,0,0,0,0.0,149,0
10381,organic,balanced,T1,37865.79,1,1,1,0,0,0.0,81,1
10382,bank_partner,balanced,T1,61848.24,1,1,1,0,0,0.0,70,0
10384,organic,balanced,T2,5194.69,2,0,1,0,0,0.0,247,1
10385,social,cautious,T3+,2842.31,12,0,7,4,2,1687.35,175,0
10386,organic,cautious,T1,10196.99,2,1,1,0,0,0.0,4,1
10387,organic,aggressive,T1,10832.01,3,0,0,0,0,0.0,98,0
10388,bank_partner,cautious,T3+,20322.41,4,2,0,0,0,0.0,32,0
10390,organic,cautious,T3+,11521.15,2,0,0,0,0,0.0,155,1
10393,referral,balanced,T3+,14819.18,2,0,2,0,0,0.0,106,1
10394,organic,cautious,T1,2542.53,7,0,1,0,0,0.0,215,0
10395,referral,cautious,T2,3290.49,3,0,0,0,0,0.0,123,1
10396,organic,aggressive,T3+,13722.35,3,3,1,0,0,0.0,9,1
10397,organic,aggressive,T2,63455.77,7,1,2,4,1,24859.590000000004,38,1
10398,social,cautious,T2,5556.33,4,0,1,0,0,0.0,195,1
10399,referral,balanced,T2,29687.96,3,2,2,0,0,0.0,59,1
10400,referral,aggressive,T3+,9570.5,4,0,2,0,0,0.0,124,1
10401,paid_search,balanced,T3+,5391.16,1,0,1,0,0,0.0,134,1
10402,referral,cautious,T2,186167.24,6,0,3,0,0,0.0,155,1
10405,social,cautious,T1,26320.14,3,1,2,0,0,0.0,16,0
10406,organic,aggressive,T3+,2139.47,3,0,1,0,0,0.0,175,1
10407,bank_partner,aggressive,T3+,12454.04,3,0,1,0,0,0.0,250,1
10408,referral,cautious,T3+,15160.93,2,0,0,0,0,0.0,139,1
10409,social,balanced,T3+,10605.27,8,1,3,3,0,5254.950000000001,14,1
10410,referral,cautious,T1,2999.09,1,0,1,0,0,0.0,126,1
10411,referral,balanced,T2,23306.53,1,1,1,0,0,0.0,48,1
10412,paid_search,cautious,T3+,5020.5,6,1,2,0,0,0.0,57,1
10413,organic,cautious,T2,4996.08,2,0,0,0,0,0.0,160,1
10414,paid_search,balanced,T1,53110.67,1,0,0,0,0,0.0,162,1
10417,paid_search,aggressive,T3+,14419.05,1,0,0,0,0,0.0,147,1
10418,organic,balanced,T3+,14429.31,1,1,1,0,0,0.0,50,0
10419,social,balanced,T2,4087.57,4,2,1,0,0,0.0,21,1
10421,referral,balanced,T3+,13171.28,3,0,1,0,0,0.0,221,1
10422,social,balanced,T3+,38714.51,2,0,1,0,0,0.0,180,1
10424,paid_search,cautious,T1,7136.75,2,0,1,0,0,0.0,110,1
10425,paid_search,balanced,T3+,4378.82,2,0,1,0,0,0.0,241,1
10426,organic,balanced,T3+,11654.38,1,0,0,0,0,0.0,245,1
10427,bank_partner,balanced,T1,10184.79,3,2,0,0,0,0.0,1,1
10428,social,cautious,T2,7624.03,3,0,2,0,0,0.0,221,1
10431,organic,cautious,T1,16730.37,2,2,0,0,0,0.0,85,0
10433,social,cautious,T2,12881.01,5,0,1,0,0,0.0,154,1
10434,organic,balanced,T3+,8553.29,5,0,0,0,0,0.0,119,1
10435,organic,balanced,T3+,14268.79,0,0,0,0,0,0.0,291,1
10436,social,cautious,T1,6783.23,1,0,0,0,0,0.0,174,1
10440,paid_search,cautious,T1,6465.33,6,0,1,0,0,0.0,197,1
10443,organic,balanced,T2,44906.28,7,0,3,0,0,0.0,138,1
10445,social,balanced,T2,29884.17,3,1,0,0,0,0.0,90,1
10446,organic,balanced,T3+,7675.76,7,1,4,0,0,0.0,40,1
10448,bank_partner,balanced,T2,728.44,2,2,0,0,0,0.0,34,0
10449,bank_partner,balanced,T3+,7307.93,2,0,1,0,0,0.0,267,1
10451,organic,balanced,T3+,11558.05,4,0,0,0,0,0.0,141,1
10452,social,balanced,T3+,31637.44,2,1,0,0,0,0.0,1,1
10453,organic,cautious,T1,2282.64,3,0,2,0,0,0.0,210,1
10454,social,cautious,T3+,26096.73,2,1,1,0,0,0.0,83,1
10455,paid_search,cautious,T1,6392.33,5,0,1,0,0,0.0,161,0
10456,social,cautious,T2,5645.95,3,2,1,0,0,0.0,48,1
10457,organic,cautious,T3+,47201.4,1,1,0,0,0,0.0,51,1
10458,bank_partner,aggressive,T1,46033.62,1,1,1,0,0,0.0,14,1
10459,bank_partner,balanced,T2,20460.16,9,3,6,3,1,5750.04,14,0
10461,referral,cautious,T3+,2048.78,3,0,0,0,0,0.0,106,1
10462,bank_partner,cautious,T2,6742.3,7,2,3,0,0,0.0,53,0
10464,organic,balanced,T2,16967.8,2,0,1,0,0,0.0,137,1
10465,social,aggressive,T3+,6818.07,4,0,1,0,0,0.0,100,1
10467,paid_search,aggressive,T3+,4245.09,8,0,2,0,0,0.0,95,1
10468,organic,cautious,T1,16697.01,1,0,1,0,0,0.0,160,1
10469,organic,balanced,T2,16964.58,4,1,1,0,0,0.0,58,1
10470,social,balanced,T1,15500.69,1,0,0,0,0,0.0,298,1
10471,paid_search,balanced,T2,2953.74,1,0,0,0,0,0.0,138,1
10473,referral,balanced,T1,9581.06,10,4,5,1,0,1252.52,16,1
10477,organic,balanced,T2,8758.33,5,0,3,5,0,6608.99,106,0
10478,organic,cautious,T2,31047.13,5,1,4,0,0,0.0,46,1
10479,referral,cautious,T1,9944.03,2,2,1,0,0,0.0,21,0
10480,social,balanced,T2,42736.0,4,0,0,0,0,0.0,209,1
10482,bank_partner,balanced,T3+,4107.15,9,4,5,3,1,1691.16,20,1
10483,referral,balanced,T2,10790.82,2,0,1,0,0,0.0,99,1
10484,paid_search,balanced,T1,18544.13,6,0,4,3,0,10110.49,251,1
10485,organic,balanced,T3+,59135.57,2,0,2,0,0,0.0,241,1
10487,organic,cautious,T3+,2828.47,1,0,1,0,0,0.0,292,1
10488,organic,balanced,T2,8507.77,0,0,0,0,0,0.0,132,1
10490,paid_search,cautious,T2,3342.69,2,1,1,0,0,0.0,81,0
10491,paid_search,balanced,T2,25477.08,4,0,0,0,0,0.0,125,0
10492,paid_search,cautious,T1,6166.23,0,0,0,0,0,0.0,187,1
10493,paid_search,cautious,T2,7739.7,3,0,0,0,0,0.0,127,0
10494,paid_search,balanced,T3+,17549.83,6,0,1,0,0,0.0,97,1
10495,organic,balanced,T2,14842.74,3,0,1,0,0,0.0,297,0
10497,social,balanced,T2,9343.62,14,0,3,3,0,3472.4300000000003,104,0
10498,social,cautious,T1,50135.85,4,1,2,0,0,0.0,50,0
10501,paid_search,balanced,T1,1241.33,4,0,0,4,1,877.83,207,1
10502,bank_partner,cautious,T1,4766.24,5,0,3,0,0,0.0,255,0
10504,paid_search,cautious,T2,14286.07,2,1,1,0,0,0.0,28,1
10505,social,cautious,T3+,20914.9,7,0,0,0,0,0.0,230,1
10507,organic,balanced,T1,2553.69,3,0,2,0,0,0.0,131,1
10508,bank_partner,cautious,T3+,4415.6,3,0,3,0,0,0.0,173,1
10510,referral,cautious,T1,5103.67,2,0,1,0,0,0.0,230,0
10511,organic,balanced,T2,1040.91,2,0,1,0,0,0.0,132,1
10512,organic,balanced,T3+,14913.57,6,2,3,0,0,0.0,71,0
10514,social,cautious,T2,3575.5,1,0,0,0,0,0.0,150,1
10515,organic,cautious,T2,13710.87,11,1,5,3,0,5953.23,76,1
10516,bank_partner,balanced,T2,8447.43,2,0,0,0,0,0.0,285,1
10517,referral,balanced,T1,49666.4,5,0,2,0,0,0.0,161,1
10518,paid_search,cautious,T1,1416.92,1,1,1,0,0,0.0,66,1
10520,organic,balanced,T2,2748.0,0,0,0,0,0,0.0,301,1
10522,paid_search,cautious,T1,12062.15,2,1,0,0,0,0.0,23,1
10523,referral,balanced,T1,62136.73,5,3,3,1,0,9635.19,27,1
10524,paid_search,cautious,T3+,93741.39,2,2,2,0,0,0.0,39,1
10525,bank_partner,cautious,T2,6728.23,0,0,0,0,0,0.0,201,1
10526,paid_search,aggressive,T1,2441.69,1,0,0,0,0,0.0,358,1
10527,referral,cautious,T3+,2906.82,3,2,3,0,0,0.0,10,0
10528,organic,aggressive,T1,11188.61,1,0,0,0,0,0.0,260,1
10529,social,cautious,T2,46045.18,2,2,0,0,0,0.0,57,0
10530,paid_search,balanced,T1,4899.28,2,0,1,0,0,0.0,141,1
10531,referral,balanced,T3+,13265.81,1,0,1,0,0,0.0,205,1
10532,paid_search,balanced,T3+,3030.33,2,0,0,0,0,0.0,113,1
10533,paid_search,aggressive,T1,1087.09,3,3,1,0,0,0.0,63,1
10534,bank_partner,balanced,T2,5311.71,1,0,1,0,0,0.0,285,1
10535,social,balanced,T2,4855.75,4,0,0,0,0,0.0,175,0
10536,organic,balanced,T3+,2539.85,1,0,0,0,0,0.0,197,1
10538,paid_search,balanced,T2,22160.09,1,0,0,0,0,0.0,196,1
10540,paid_search,balanced,T2,33814.8,0,0,0,0,0,0.0,276,1
10542,referral,balanced,T2,10020.65,1,1,0,0,0,0.0,84,0
10543,bank_partner,cautious,T1,6019.69,0,0,0,0,0,0.0,319,1
10544,referral,balanced,T1,22995.6,2,1,0,0,0,0.0,70,0
10545,organic,balanced,T3+,2159.48,1,1,1,0,0,0.0,26,1
10546,referral,cautious,T3+,3244.89,1,0,1,0,0,0.0,105,0
10547,bank_partner,cautious,T3+,14374.46,6,2,4,0,0,0.0,59,1
10548,bank_partner,aggressive,T2,20170.31,1,0,1,0,0,0.0,103,1
10549,bank_partner,balanced,T2,13382.25,3,0,2,0,0,0.0,117,0
10551,bank_partner,cautious,T1,4818.56,1,0,0,0,0,0.0,345,0
10552,social,cautious,T3+,16645.95,3,1,1,0,0,0.0,17,1
10553,bank_partner,balanced,T2,2623.37,1,0,0,0,0,0.0,298,1
10554,social,cautious,T1,4602.54,1,1,0,0,0,0.0,47,1
10555,social,balanced,T1,7030.57,4,2,1,0,0,0.0,75,1
10556,organic,cautious,T3+,11553.14,5,0,2,0,0,0.0,273,1
10558,bank_partner,balanced,T3+,9372.07,3,1,2,0,0,0.0,43,1
10559,referral,cautious,T3+,8612.54,4,0,1,0,0,0.0,247,1
10561,organic,cautious,T3+,42328.52,1,0,0,0,0,0.0,129,0
10562,bank_partner,cautious,T2,4191.01,1,1,0,0,0,0.0,67,1
10564,referral,cautious,T3+,2779.39,0,0,0,0,0,0.0,362,0
10565,referral,aggressive,T3+,8987.69,6,2,3,0,0,0.0,78,1
10566,organic,cautious,T1,3017.27,3,0,1,0,0,0.0,257,1
10568,organic,cautious,T2,21669.91,5,1,3,0,0,0.0,65,1
10569,social,balanced,T1,11779.95,3,0,1,0,0,0.0,285,1
10570,paid_search,cautious,T3+,1495.88,3,0,1,0,0,0.0,253,1
10571,organic,cautious,T3+,5478.06,2,0,0,0,0,0.0,172,1
10572,social,balanced,T1,46884.64,8,1,4,4,0,23614.61,23,0
10573,organic,cautious,T3+,6833.29,1,0,0,0,0,0.0,96,1
10574,referral,cautious,T1,7557.59,2,0,0,0,0,0.0,269,1
10575,referral,balanced,T3+,626.35,5,0,2,0,0,0.0,146,1
10577,social,balanced,T3+,5176.37,0,0,0,0,0,0.0,276,0
10578,bank_partner,balanced,T2,7177.5,8,0,2,1,0,2516.51,137,1
10579,bank_partner,balanced,T1,25499.01,0,0,0,0,0,0.0,175,1
10580,social,aggressive,T1,4932.09,6,0,2,0,0,0.0,159,1
10581,bank_partner,cautious,T3+,15510.5,4,4,1,0,0,0.0,32,0
10583,social,balanced,T2,9264.02,3,0,1,0,0,0.0,141,1
10585,organic,cautious,T3+,2193.48,2,0,2,0,0,0.0,236,1
10587,social,balanced,T3+,18526.53,7,4,7,2,2,10831.54,33,0
10588,social,aggressive,T1,47411.89,3,0,1,0,0,0.0,139,1
10590,referral,balanced,T1,37671.49,8,0,6,1,0,7021.38,110,0
10591,bank_partner,cautious,T3+,5819.82,10,0,4,3,0,1123.78,139,0
10593,social,balanced,T3+,9739.65,5,0,4,6,1,8344.11,126,1
10594,social,aggressive,T1,20550.81,3,0,0,0,0,0.0,174,0
10595,paid_search,balanced,T1,56934.2,3,0,1,0,0,0.0,241,1
10596,bank_partner,balanced,T2,7964.05,3,0,2,0,0,0.0,120,1
10599,paid_search,balanced,T1,36923.81,6,3,2,0,0,0.0,1,1
10600,organic,balanced,T3+,4314.17,3,1,2,0,0,0.0,75,0
10601,social,balanced,T3+,1849.4,1,1,0,0,0,0.0,6,1
10602,organic,balanced,T3+,129955.23,6,2,3,1,0,35059.18,5,1
10603,paid_search,aggressive,T3+,3677.43,2,2,1,0,0,0.0,55,1
10604,social,aggressive,T2,14840.58,0,0,0,0,0,0.0,130,1
10605,referral,aggressive,T2,49022.05,5,0,0,2,0,22153.73,112,0
10606,organic,cautious,T1,19704.75,5,1,1,0,0,0.0,90,1
10607,referral,cautious,T3+,5312.16,6,0,0,0,0,0.0,183,1
10608,social,cautious,T1,28768.41,1,0,0,0,0,0.0,160,0
10610,paid_search,cautious,T3+,14091.36,0,0,0,0,0,0.0,201,1
10611,referral,cautious,T2,7533.38,1,0,0,0,0,0.0,357,1
10612,referral,balanced,T1,798.59,1,0,1,0,0,0.0,128,1
10614,organic,cautious,T2,10655.37,4,3,2,0,0,0.0,11,1
10616,social,aggressive,T2,2865.88,4,0,3,0,0,0.0,239,1
10617,organic,aggressive,T2,7786.02,2,0,0,0,0,0.0,274,1
10618,organic,cautious,T1,11593.56,10,4,9,1,0,4720.49,36,0
10619,bank_partner,balanced,T3+,2112.01,4,0,1,0,0,0.0,104,1
10620,organic,balanced,T2,1314.39,1,1,0,0,0,0.0,48,1
10621,bank_partner,balanced,T1,1472.44,1,0,1,0,0,0.0,195,1
10622,organic,aggressive,T2,11280.88,1,1,1,0,0,0.0,68,1
10623,social,balanced,T2,13449.27,2,0,2,0,0,0.0,236,1
10624,paid_search,balanced,T3+,21115.35,6,0,1,0,0,0.0,114,1
10625,paid_search,balanced,T2,11011.09,4,1,0,0,0,0.0,10,1
10626,social,cautious,T3+,18269.49,2,0,0,0,0,0.0,94,0
10627,organic,cautious,T1,38548.75,5,2,2,0,0,0.0,14,0
10628,social,cautious,T3+,10857.89,2,0,0,0,0,0.0,128,1
10629,bank_partner,cautious,T3+,34441.06,3,0,3,0,0,0.0,200,1
10630,referral,cautious,T3+,6159.4,3,0,2,0,0,0.0,102,1
10631,referral,balanced,T3+,8537.15,1,1,0,0,0,0.0,29,0
10632,paid_search,balanced,T2,4965.43,3,0,0,0,0,0.0,181,0
10633,paid_search,cautious,T2,5826.44,0,0,0,0,0,0.0,154,1
10634,social,balanced,T3+,12050.36,2,2,0,0,0,0.0,48,0
10635,organic,balanced,T1,24193.2,0,0,0,0,0,0.0,324,1
10636,organic,aggressive,T1,4582.81,1,0,1,0,0,0.0,249,1
10640,organic,balanced,T1,8416.81,1,0,0,0,0,0.0,253,1
10641,paid_search,balanced,T3+,9483.35,3,0,2,0,0,0.0,91,1
10642,paid_search,balanced,T3+,6932.71,3,0,2,0,0,0.0,97,0
10643,organic,balanced,T2,10333.95,11,0,3,3,0,3353.5299999999997,146,0
10646,bank_partner,aggressive,T3+,8910.35,0,0,0,0,0,0.0,324,1
10647,social,cautious,T1,8368.28,3,1,3,0,0,0.0,78,1
10649,paid_search,balanced,T2,6972.08,1,0,0,0,0,0.0,95,1
10651,bank_partner,cautious,T1,14079.19,2,1,0,0,0,0.0,80,1
10652,organic,balanced,T2,15924.05,3,0,1,4,0,6939.650000000001,170,0
10653,paid_search,cautious,T3+,4949.74,3,1,2,0,0,0.0,59,1
10654,referral,balanced,T2,1867.99,4,1,2,0,0,0.0,25,1
10655,organic,balanced,T1,21714.15,5,3,2,0,0,0.0,13,1
10657,paid_search,cautious,T2,20083.75,6,1,2,0,0,0.0,56,1
10658,organic,balanced,T1,3072.44,9,4,5,3,3,1685.78,15,0
10659,paid_search,balanced,T2,6500.63,2,0,1,0,0,0.0,213,1
10660,social,balanced,T1,2473.56,2,0,1,0,0,0.0,212,1
10662,bank_partner,cautious,T2,68943.11,9,0,5,3,0,42204.94,144,1
10663,paid_search,balanced,T1,36281.28,4,0,2,0,0,0.0,267,1
10664,paid_search,balanced,T2,2332.98,7,1,3,1,0,603.27,6,1
10666,organic,balanced,T1,1550.7,2,0,1,0,0,0.0,110,0
10667,paid_search,balanced,T2,7556.19,6,4,2,0,0,0.0,38,1
10668,social,aggressive,T2,726.36,4,1,1,0,0,0.0,72,0
10669,social,balanced,T3+,25150.87,0,0,0,0,0,0.0,188,1
10670,paid_search,balanced,T2,13661.07,6,1,3,1,0,1756.98,11,0
10672,social,balanced,T2,4815.02,2,0,1,0,0,0.0,156,1
10673,paid_search,aggressive,T2,6076.88,1,0,1,0,0,0.0,92,0
10674,bank_partner,cautious,T3+,1480.41,2,0,0,0,0,0.0,97,1
10676,social,cautious,T2,9523.98,2,2,1,0,0,0.0,88,1
10678,referral,balanced,T1,33752.51,2,1,0,0,0,0.0,34,1
10679,social,aggressive,T2,39737.03,2,0,1,0,0,0.0,329,0
10680,organic,cautious,T2,15904.0,0,0,0,0,0,0.0,174,1
10681,organic,balanced,T3+,500.0,5,2,3,0,0,0.0,75,1
10682,referral,balanced,T2,149254.29,8,0,2,0,0,0.0,197,1
10684,organic,balanced,T2,20918.55,4,1,1,0,0,0.0,78,0
10686,referral,balanced,T2,1574.79,0,0,0,0,0,0.0,260,1
10688,organic,balanced,T1,53730.73,0,0,0,0,0,0.0,365,1
10689,organic,balanced,T3+,11619.53,4,1,2,1,0,1017.22,84,0
10692,paid_search,balanced,T2,21831.07,6,0,2,3,0,7777.41,95,0
10693,social,balanced,T3+,35548.91,1,0,1,0,0,0.0,170,1
10694,paid_search,aggressive,T2,93033.37,1,0,1,0,0,0.0,189,1
10696,paid_search,cautious,T3+,12979.47,7,3,3,0,0,0.0,5,0
10697,organic,balanced,T3+,11035.25,3,1,2,0,0,0.0,30,0
10699,bank_partner,balanced,T3+,4874.99,3,0,1,0,0,0.0,303,1
10700,bank_partner,balanced,T1,1517.48,6,3,4,1,0,387.54,28,1
10701,paid_search,cautious,T3+,1379.47,5,2,1,0,0,0.0,36,1
10702,social,cautious,T3+,14086.79,3,0,1,0,0,0.0,156,1
10703,social,aggressive,T1,8396.11,0,0,0,0,0,0.0,301,0
10704,social,cautious,T3+,38483.1,2,2,1,0,0,0.0,17,1
10705,organic,cautious,T3+,44776.65,4,1,2,0,0,0.0,42,1
10707,paid_search,balanced,T1,4103.87,3,0,1,0,0,0.0,228,1
10709,paid_search,balanced,T1,38967.16,1,0,1,0,0,0.0,126,1
10711,bank_partner,aggressive,T2,2997.39,4,3,1,1,1,470.35,62,0
10712,organic,cautious,T2,41422.5,6,1,2,0,0,0.0,42,1
10714,bank_partner,balanced,T3+,23385.86,9,1,4,1,0,8553.74,82,0
10715,paid_search,balanced,T1,21522.87,2,2,0,0,0,0.0,11,1
10717,referral,balanced,T3+,4313.53,3,0,0,0,0,0.0,157,1
10718,organic,cautious,T1,5804.27,1,1,0,0,0,0.0,60,0
10719,organic,cautious,T1,74140.91,1,0,0,0,0,0.0,100,0
10720,organic,balanced,T1,64758.57,7,1,5,2,0,8461.75,4,1
10722,organic,balanced,T3+,3175.54,6,1,1,0,0,0.0,70,1
10724,referral,aggressive,T1,6126.33,2,0,0,0,0,0.0,189,1
10726,referral,balanced,T3+,61286.94,8,7,4,1,0,16132.52,36,0
10728,organic,cautious,T3+,8672.78,4,2,1,0,0,0.0,11,1
10730,organic,cautious,T1,53454.69,2,0,1,0,0,0.0,93,1
10731,organic,cautious,T3+,7133.64,2,1,0,0,0,0.0,44,1
10732,social,cautious,T2,3148.36,1,0,0,0,0,0.0,331,0
10735,social,balanced,T2,20861.21,8,2,3,2,0,7263.58,36,0
10736,social,balanced,T3+,2109.71,1,0,0,0,0,0.0,103,1
10738,paid_search,balanced,T2,19596.35,3,0,2,0,0,0.0,115,1
10739,organic,cautious,T3+,1906.12,3,0,1,0,0,0.0,231,0
10740,paid_search,cautious,T2,3588.21,4,4,2,3,3,1999.27,23,0
10741,social,cautious,T2,3405.12,7,0,3,1,0,1063.88,102,0
10742,paid_search,cautious,T2,6461.0,5,2,3,0,0,0.0,68,1
10743,referral,aggressive,T3+,4006.19,8,1,3,0,0,0.0,61,0
10745,paid_search,balanced,T1,3578.93,3,0,1,0,0,0.0,116,1
10746,social,cautious,T3+,7792.5,2,0,2,0,0,0.0,101,1
10747,organic,aggressive,T3+,1772.36,0,0,0,0,0,0.0,268,0
10749,paid_search,aggressive,T1,20611.09,3,0,0,0,0,0.0,257,1
10750,referral,aggressive,T1,20431.58,1,0,0,0,0,0.0,197,1
10751,referral,balanced,T1,40090.12,14,1,5,2,0,18066.03,13,1
10752,bank_partner,balanced,T3+,3943.67,1,1,0,0,0,0.0,83,1
10753,paid_search,cautious,T2,5042.41,5,0,4,0,0,0.0,123,1
10755,paid_search,aggressive,T2,2649.64,0,0,0,0,0,0.0,220,1
10756,paid_search,aggressive,T2,10020.84,3,2,2,0,0,0.0,10,0
10757,bank_partner,aggressive,T1,7153.43,1,0,0,0,0,0.0,101,1
10758,paid_search,balanced,T2,4727.19,11,2,4,2,0,1875.62,54,1
10759,social,balanced,T2,1827.61,2,0,2,0,0,0.0,163,1
10760,paid_search,cautious,T3+,11039.66,7,0,3,0,0,0.0,227,0
10761,bank_partner,balanced,T3+,16797.08,6,0,3,0,0,0.0,182,1
10763,organic,cautious,T3+,4625.36,3,0,0,0,0,0.0,207,1
10764,paid_search,cautious,T1,2676.79,1,1,0,0,0,0.0,4,0
10765,organic,balanced,T2,11303.72,4,0,1,0,0,0.0,189,1
10766,social,aggressive,T3+,3367.9,1,0,0,0,0,0.0,102,0
10767,organic,cautious,T1,13815.85,5,1,2,0,0,0.0,59,1
10768,bank_partner,balanced,T2,905.08,6,0,2,0,0,0.0,200,1
10769,referral,cautious,T2,5184.44,1,0,1,0,0,0.0,167,1
10770,paid_search,cautious,T3+,23175.66,3,0,1,0,0,0.0,130,1
10771,social,balanced,T2,4506.72,3,0,0,0,0,0.0,205,1
10773,paid_search,cautious,T2,19472.51,6,0,4,2,0,7655.139999999999,176,1
10774,referral,cautious,T2,30238.65,2,0,0,0,0,0.0,194,1
10777,organic,balanced,T1,8574.45,1,0,0,0,0,0.0,336,1
10778,social,aggressive,T1,5834.52,5,0,3,0,0,0.0,132,1
10779,social,balanced,T2,6156.76,3,0,0,0,0,0.0,110,1
10781,organic,balanced,T2,2108.48,2,0,0,0,0,0.0,143,1
10784,paid_search,cautious,T3+,9126.91,7,0,5,1,0,2118.03,103,1
10785,social,aggressive,T3+,11152.38,1,0,1,0,0,0.0,142,1
10786,social,aggressive,T3+,4629.74,1,0,0,0,0,0.0,224,1
10787,organic,cautious,T2,1745.95,3,0,0,0,0,0.0,110,1
10788,bank_partner,aggressive,T1,1706.33,2,1,1,0,0,0.0,15,1
10789,paid_search,aggressive,T1,2007.49,4,0,1,0,0,0.0,157,1
10790,organic,balanced,T1,4948.48,3,0,1,0,0,0.0,172,1
10791,referral,aggressive,T1,36231.33,2,2,1,0,0,0.0,56,1
10792,social,balanced,T3+,2509.49,4,0,1,0,0,0.0,179,1
10793,paid_search,cautious,T2,1463.39,7,1,0,0,0,0.0,76,0
10794,organic,cautious,T2,4415.63,10,0,7,3,0,2476.98,94,1
10796,organic,balanced,T3+,41066.63,10,0,4,1,0,16568.07,234,1
10797,organic,balanced,T2,43861.22,5,0,2,0,0,0.0,153,1
10799,organic,cautious,T2,2505.03,4,2,0,0,0,0.0,53,0
10801,bank_partner,balanced,T2,5540.52,0,0,0,0,0,0.0,189,1
10802,organic,balanced,T3+,5595.53,14,1,6,1,0,2136.44,0,1
10803,social,balanced,T2,4721.93,1,0,1,0,0,0.0,253,1
10804,social,cautious,T1,2052.67,1,1,1,0,0,0.0,68,1
10805,organic,balanced,T2,13321.35,1,1,0,0,0,0.0,55,0
10807,organic,balanced,T2,2163.86,5,0,1,0,0,0.0,282,1
10808,social,balanced,T2,14019.81,1,1,1,0,0,0.0,0,1
10810,organic,cautious,T3+,7210.24,3,0,1,0,0,0.0,128,1
10811,social,cautious,T2,2822.87,4,0,2,0,0,0.0,169,0
10813,organic,balanced,T3+,17545.64,2,0,1,0,0,0.0,102,0
10814,bank_partner,cautious,T1,3361.84,1,0,0,0,0,0.0,98,1
10817,paid_search,balanced,T2,37234.39,2,0,0,0,0,0.0,224,1
10818,referral,balanced,T1,38198.07,4,2,1,0,0,0.0,48,1
10819,referral,balanced,T2,8203.57,2,0,0,0,0,0.0,195,1
10821,social,aggressive,T1,86511.73,8,1,3,0,0,0.0,47,0
10823,organic,cautious,T2,10675.17,6,0,2,0,0,0.0,123,1
10825,paid_search,balanced,T1,7617.47,7,1,3,0,0,0.0,65,0
10826,organic,balanced,T2,31191.59,1,1,0,0,0,0.0,6,1
10827,organic,aggressive,T1,21082.49,3,1,0,0,0,0.0,87,1
10828,organic,balanced,T1,1011.97,1,0,1,0,0,0.0,262,0
10829,paid_search,balanced,T2,10073.2,8,0,3,2,0,2534.7200000000003,125,1
10830,paid_search,balanced,T1,18400.53,4,0,1,0,0,0.0,112,1
10831,bank_partner,cautious,T3+,41518.61,0,0,0,0,0,0.0,131,1
10832,paid_search,cautious,T3+,21279.19,4,1,0,0,0,0.0,88,1
10833,organic,balanced,T3+,14256.2,4,0,1,0,0,0.0,191,1
10834,organic,cautious,T1,4391.92,4,2,2,0,0,0.0,28,1
10835,bank_partner,balanced,T2,5113.17,1,1,0,0,0,0.0,59,1
10836,paid_search,cautious,T2,13317.57,1,1,0,0,0,0.0,81,1
10839,organic,cautious,T3+,6279.51,3,0,0,0,0,0.0,261,0
10840,social,cautious,T2,7894.55,3,0,0,0,0,0.0,230,1
10842,social,cautious,T2,5166.94,2,0,1,0,0,0.0,254,0
10845,paid_search,balanced,T1,5303.95,10,2,4,1,0,1305.3,74,1
10846,organic,balanced,T1,7679.39,1,0,1,0,0,0.0,207,1
10849,paid_search,cautious,T2,2451.96,3,0,0,0,0,0.0,302,1
10850,social,aggressive,T1,18844.02,9,1,6,2,0,6857.83,66,0
10851,social,cautious,T3+,61861.7,1,1,1,0,0,0.0,20,0
10852,paid_search,aggressive,T1,105059.57,0,0,0,0,0,0.0,304,1
10853,social,balanced,T2,61426.84,0,0,0,0,0,0.0,245,0
10854,organic,balanced,T1,3394.98,6,4,2,0,0,0.0,15,0
10855,referral,balanced,T2,20139.56,3,1,1,0,0,0.0,83,1
10856,paid_search,cautious,T3+,61702.55,4,3,0,0,0,0.0,73,1
10857,paid_search,aggressive,T2,8568.64,0,0,0,0,0,0.0,116,1
10859,organic,balanced,T1,3439.88,0,0,0,0,0,0.0,98,0
10860,organic,cautious,T2,5787.92,3,3,0,0,0,0.0,72,1
10861,referral,aggressive,T1,4073.06,4,3,1,0,0,0.0,48,1
10862,referral,balanced,T1,31238.58,5,1,0,0,0,0.0,90,1
10864,bank_partner,cautious,T3+,8130.77,3,1,2,0,0,0.0,1,1
10865,organic,balanced,T2,6261.41,1,0,0,0,0,0.0,327,1
10866,organic,balanced,T3+,6145.0,1,0,1,0,0,0.0,180,1
10867,organic,cautious,T3+,17808.45,1,0,0,0,0,0.0,109,0
10868,organic,balanced,T2,5083.48,3,0,2,0,0,0.0,208,1
10870,organic,cautious,T3+,10265.2,7,1,5,2,0,2584.46,18,0
10872,referral,cautious,T2,6035.83,0,0,0,0,0,0.0,171,0
10873,social,cautious,T3+,8500.83,5,0,1,0,0,0.0,244,0
10874,referral,aggressive,T3+,9046.01,2,0,0,0,0,0.0,198,0
10875,bank_partner,balanced,T2,5604.58,2,0,0,0,0,0.0,300,1
10876,organic,balanced,T2,11280.18,1,0,1,0,0,0.0,222,1
10877,organic,balanced,T1,39972.63,3,0,1,0,0,0.0,107,0
10878,social,aggressive,T2,9287.68,7,0,3,1,0,2475.96,115,1
10879,paid_search,balanced,T1,6573.11,3,0,1,0,0,0.0,159,1
10880,organic,cautious,T1,16127.5,2,0,1,0,0,0.0,190,1
10881,paid_search,balanced,T3+,18166.8,13,0,6,3,0,8499.279999999999,138,1
10882,bank_partner,aggressive,T1,8269.79,12,1,8,3,0,3826.5299999999997,1,0
10885,paid_search,balanced,T3+,46968.35,5,3,4,3,1,10170.37,23,0
10886,paid_search,cautious,T1,10995.17,1,0,0,0,0,0.0,150,1
10887,paid_search,balanced,T1,6598.09,3,3,0,0,0,0.0,43,1
10888,referral,cautious,T3+,12425.29,1,0,1,0,0,0.0,199,1
10889,paid_search,aggressive,T3+,7927.34,7,2,4,0,0,0.0,50,1
10890,social,aggressive,T3+,3756.92,3,0,2,0,0,0.0,113,1
10891,bank_partner,cautious,T2,8378.54,8,0,3,1,0,1501.25,93,1
10892,bank_partner,balanced,T3+,3537.92,2,0,1,0,0,0.0,345,1
10893,paid_search,cautious,T1,62139.0,8,2,4,1,0,11559.93,58,0
10894,organic,cautious,T1,953.76,1,0,1,0,0,0.0,206,1
10895,organic,balanced,T3+,3695.48,3,0,0,0,0,0.0,263,1
10896,social,cautious,T2,6923.03,4,1,0,0,0,0.0,84,1
10897,referral,balanced,T2,2768.37,11,0,6,2,0,1455.2400000000002,103,0
10898,social,balanced,T2,6628.45,1,0,1,0,0,0.0,264,1
10899,referral,aggressive,T2,9844.45,4,1,2,0,0,0.0,41,1
10900,social,balanced,T3+,1502.52,1,0,0,0,0,0.0,92,1
10902,organic,cautious,T1,17599.89,3,0,0,0,0,0.0,176,0
10904,organic,balanced,T1,3169.48,4,0,1,0,0,0.0,149,1
10906,referral,balanced,T1,832.24,2,0,1,0,0,0.0,158,1
10908,organic,balanced,T1,35949.96,1,0,0,0,0,0.0,317,0
10909,social,cautious,T3+,10888.64,8,0,2,0,0,0.0,136,1
10910,organic,aggressive,T1,4619.91,3,0,0,0,0,0.0,326,1
10911,social,cautious,T3+,16916.34,1,0,0,0,0,0.0,251,1
10913,paid_search,balanced,T3+,6513.82,2,0,1,0,0,0.0,313,1
10914,organic,balanced,T2,5120.71,2,0,1,0,0,0.0,207,1
10915,paid_search,balanced,T3+,22915.32,2,0,1,0,0,0.0,126,1
10916,referral,balanced,T1,6888.16,4,0,0,0,0,0.0,116,1
10917,organic,balanced,T2,3798.69,5,0,3,3,0,1007.4300000000001,157,1
10918,paid_search,balanced,T3+,18623.69,1,0,1,0,0,0.0,169,1
10920,referral,balanced,T3+,12795.11,2,1,2,0,0,0.0,69,1
10926,organic,balanced,T2,4979.77,1,0,0,0,0,0.0,172,1
10927,paid_search,cautious,T2,5840.44,10,0,4,1,0,1666.86,127,1
10928,organic,cautious,T1,2130.68,4,0,1,0,0,0.0,92,1
10931,referral,aggressive,T3+,11815.34,2,0,0,0,0,0.0,171,1
10933,paid_search,balanced,T2,198772.65,4,2,1,1,0,78503.02,5,0
10934,social,balanced,T3+,648.81,7,0,5,4,2,566.86,145,0
10937,organic,balanced,T3+,11066.16,6,0,2,1,0,4221.08,108,0
10939,social,cautious,T1,2244.51,5,0,2,4,0,1033.79,175,1
10940,social,aggressive,T2,8157.88,3,3,0,0,0,0.0,24,0
10941,bank_partner,balanced,T2,5623.21,2,0,1,0,0,0.0,122,0
10942,social,balanced,T3+,14001.64,3,1,1,0,0,0.0,9,1
10944,paid_search,balanced,T3+,7469.46,3,0,1,0,0,0.0,218,1
10945,paid_search,balanced,T2,7633.81,5,0,3,0,0,0.0,245,1
10946,organic,balanced,T1,837.44,3,0,1,0,0,0.0,115,1
10947,organic,cautious,T2,68069.96,1,0,0,0,0,0.0,269,1
10950,bank_partner,cautious,T2,3987.16,6,1,1,0,0,0.0,84,0
10951,organic,balanced,T3+,7329.12,2,0,0,0,0,0.0,208,1
10952,organic,balanced,T3+,1663.23,3,0,0,0,0,0.0,213,1
10953,organic,aggressive,T2,3811.46,5,4,3,2,2,1493.12,2,0
10954,referral,balanced,T2,2121.79,3,0,0,0,0,0.0,241,1
10956,referral,balanced,T1,2035.96,0,0,0,0,0,0.0,153,1
10957,paid_search,aggressive,T3+,18508.29,4,2,2,0,0,0.0,46,0
10958,bank_partner,cautious,T2,2590.99,5,1,4,0,0,0.0,54,1
10960,social,cautious,T2,3190.7,1,0,1,0,0,0.0,195,1
10961,organic,cautious,T3+,10076.1,7,0,3,2,0,2818.27,197,0
10962,referral,aggressive,T1,48155.41,4,1,1,0,0,0.0,46,1
10963,organic,aggressive,T2,19106.63,2,0,2,0,0,0.0,298,0
10964,bank_partner,aggressive,T3+,4889.3,10,1,3,0,0,0.0,32,1
10965,organic,cautious,T1,6260.12,3,0,1,0,0,0.0,133,1
10966,paid_search,balanced,T3+,4410.23,7,0,4,0,0,0.0,159,1
10967,organic,cautious,T2,22813.22,1,0,1,0,0,0.0,285,1
10968,social,aggressive,T2,11818.27,3,0,2,0,0,0.0,191,0
10969,bank_partner,balanced,T2,23061.64,3,0,1,0,0,0.0,240,1
10971,paid_search,balanced,T1,14306.29,3,2,0,0,0,0.0,81,1
10972,organic,balanced,T2,90114.26,5,1,1,0,0,0.0,84,0
10974,organic,cautious,T1,15641.08,11,2,7,2,0,4907.5,45,1
10975,social,balanced,T2,24057.74,1,0,0,0,0,0.0,196,0
10976,social,aggressive,T1,63837.62,3,0,1,0,0,0.0,93,1
10977,paid_search,cautious,T2,8120.51,1,0,0,0,0,0.0,178,0
10978,paid_search,aggressive,T3+,44171.1,1,0,0,0,0,0.0,166,0
10979,bank_partner,cautious,T2,36955.22,6,0,4,3,0,14063.630000000001,130,0
10980,referral,balanced,T2,8557.1,1,0,1,0,0,0.0,206,1
10981,paid_search,cautious,T1,5086.77,1,1,1,0,0,0.0,80,1
10984,paid_search,aggressive,T3+,7644.99,2,0,0,0,0,0.0,294,1
10985,social,aggressive,T1,6881.32,8,0,3,2,0,2866.42,97,1
10986,organic,cautious,T2,17036.71,1,0,1,0,0,0.0,178,1
10988,referral,balanced,T1,5222.28,2,0,0,0,0,0.0,155,1
10990,organic,cautious,T1,38559.31,6,0,3,0,0,0.0,150,1
10992,referral,balanced,T2,6444.63,0,0,0,0,0,0.0,152,1
10993,organic,balanced,T3+,3271.75,4,0,1,0,0,0.0,246,1
10995,organic,cautious,T3+,13796.82,5,1,1,0,0,0.0,85,1
10996,bank_partner,balanced,T2,33998.87,4,0,1,0,0,0.0,166,1
10998,social,cautious,T1,2211.04,1,0,0,0,0,0.0,222,1
10999,paid_search,balanced,T3+,3096.2,3,0,2,0,0,0.0,177,0
11000,bank_partner,cautious,T1,5859.92,1,0,0,0,0,0.0,227,1
11002,referral,cautious,T3+,6148.9,4,0,1,0,0,0.0,232,1
11005,referral,aggressive,T2,66257.73,7,0,2,0,0,0.0,92,1
11006,social,cautious,T3+,37268.07,1,0,1,0,0,0.0,268,1
11007,paid_search,balanced,T1,1229.14,3,0,1,0,0,0.0,217,1
11008,social,balanced,T3+,1682.93,3,0,3,0,0,0.0,92,1
11010,social,cautious,T1,12068.46,3,0,2,0,0,0.0,118,1
11012,referral,cautious,T1,6195.48,2,0,1,0,0,0.0,114,1
11013,organic,cautious,T2,35194.96,5,1,1,0,0,0.0,34,1
11014,bank_partner,balanced,T2,13796.65,1,0,1,0,0,0.0,98,0
11016,organic,balanced,T1,10598.14,10,0,6,1,0,4310.84,101,0
11017,referral,balanced,T3+,7063.44,6,0,3,0,0,0.0,201,1
11018,social,balanced,T1,15531.97,3,0,2,0,0,0.0,217,1
11019,paid_search,cautious,T3+,3545.07,1,0,0,0,0,0.0,155,1
11020,social,balanced,T3+,5781.31,1,1,0,0,0,0.0,47,1
11021,referral,cautious,T1,11292.31,2,2,0,0,0,0.0,40,1
11023,social,balanced,T2,5630.72,4,3,0,0,0,0.0,3,0
11024,paid_search,balanced,T3+,3651.11,0,0,0,0,0,0.0,253,1
11025,bank_partner,balanced,T2,773.6,3,2,1,0,0,0.0,14,1
11026,organic,cautious,T2,12239.1,8,1,5,2,0,4586.4400000000005,35,1
11027,social,balanced,T2,3579.02,1,0,0,0,0,0.0,224,0
11028,organic,balanced,T3+,4050.01,2,0,0,0,0,0.0,211,1
11030,social,balanced,T3+,910.83,2,0,1,0,0,0.0,271,1
11031,paid_search,cautious,T1,27735.82,2,1,1,0,0,0.0,56,1
11033,bank_partner,cautious,T1,16658.49,3,0,0,1,0,2092.57,167,0
11034,social,balanced,T3+,6630.47,10,1,7,3,0,4701.7,49,1
11035,paid_search,aggressive,T3+,41139.32,7,0,5,1,0,4328.65,91,1
11036,paid_search,balanced,T3+,20329.07,1,1,1,0,0,0.0,63,1
11037,referral,cautious,T2,20750.76,5,1,1,0,0,0.0,52,1
11039,social,balanced,T2,10764.74,6,0,0,0,0,0.0,197,1
11040,paid_search,cautious,T2,9740.71,3,1,2,0,0,0.0,34,1
11041,paid_search,cautious,T3+,19853.62,1,1,0,0,0,0.0,76,1
11042,paid_search,aggressive,T1,139289.66,4,1,1,0,0,0.0,86,1
11043,organic,aggressive,T3+,10042.59,3,1,1,0,0,0.0,48,0
11045,paid_search,cautious,T1,7778.87,2,1,0,0,0,0.0,82,1
11046,organic,aggressive,T1,8348.58,5,1,4,3,0,3839.4,88,1
11048,bank_partner,aggressive,T3+,2560.13,4,4,4,2,2,714.75,18,0
11049,referral,aggressive,T3+,1714.22,2,0,0,0,0,0.0,142,1
11050,paid_search,cautious,T1,40452.58,1,0,0,0,0,0.0,137,1
11051,organic,cautious,T2,77852.57,2,1,2,0,0,0.0,46,1
11052,paid_search,aggressive,T3+,8460.96,1,0,0,0,0,0.0,124,1
11053,organic,cautious,T1,1971.19,3,0,0,0,0,0.0,336,1
11054,paid_search,balanced,T2,6101.59,6,1,2,2,0,1633.02,69,1
11055,organic,cautious,T3+,1977.46,2,1,0,0,0,0.0,87,1
11056,paid_search,cautious,T1,12425.23,5,0,1,0,0,0.0,133,1
11057,organic,balanced,T1,42231.25,4,2,2,2,0,5073.66,22,1
11058,bank_partner,aggressive,T3+,27815.76,3,0,1,0,0,0.0,122,1
11059,bank_partner,balanced,T2,3946.36,5,3,1,0,0,0.0,78,1
11060,paid_search,cautious,T1,12763.09,3,1,3,0,0,0.0,15,1
11061,referral,cautious,T3+,2619.12,1,0,0,0,0,0.0,108,0
11062,social,balanced,T2,3066.56,1,1,1,0,0,0.0,87,0
11065,social,aggressive,T3+,20917.78,1,0,1,0,0,0.0,332,1
11066,organic,cautious,T2,40702.54,1,0,0,0,0,0.0,135,0
11068,referral,aggressive,T3+,21517.54,6,1,2,0,0,0.0,43,1
11069,organic,balanced,T1,1416.25,2,2,1,0,0,0.0,79,0
11070,social,cautious,T2,1879.44,2,0,1,0,0,0.0,94,1
11072,paid_search,cautious,T2,8660.86,4,0,0,0,0,0.0,220,1
11073,referral,balanced,T2,35305.58,9,0,2,0,0,0.0,178,1
11074,organic,balanced,T3+,5142.66,4,2,2,0,0,0.0,11,1
11075,social,aggressive,T2,23019.06,1,0,0,0,0,0.0,311,1
11076,bank_partner,balanced,T2,5602.9,3,0,1,0,0,0.0,127,0
11077,bank_partner,balanced,T3+,2195.68,7,2,3,2,1,296.94,3,1
11078,referral,cautious,T3+,7911.22,3,0,2,0,0,0.0,103,1
11079,referral,balanced,T1,6099.54,2,0,1,0,0,0.0,322,1
11080,referral,balanced,T3+,50199.82,3,1,3,0,0,0.0,6,1
11083,referral,cautious,T2,4254.45,2,0,1,0,0,0.0,95,0
11085,organic,balanced,T2,21991.28,4,0,0,0,0,0.0,123,0
11086,paid_search,balanced,T1,7487.21,6,4,4,1,0,2360.79,24,0
11089,social,cautious,T3+,1112.46,3,1,0,0,0,0.0,64,1
11090,organic,balanced,T3+,16296.27,1,0,1,0,0,0.0,262,1
11092,social,cautious,T1,34340.78,2,0,1,0,0,0.0,165,1
11093,organic,balanced,T3+,9895.89,1,0,1,0,0,0.0,225,1
11096,paid_search,balanced,T2,16638.7,3,0,1,0,0,0.0,228,1
11097,referral,cautious,T1,30429.07,0,0,0,0,0,0.0,111,1
11099,social,cautious,T3+,14253.21,0,0,0,0,0,0.0,131,0
11100,referral,balanced,T3+,3924.35,3,0,2,0,0,0.0,113,1
11101,organic,balanced,T1,10213.29,6,0,6,1,0,1998.33,230,1
11102,social,balanced,T2,6017.4,3,0,2,0,0,0.0,158,1
11103,organic,cautious,T3+,2704.34,3,1,2,0,0,0.0,87,1
11104,social,cautious,T3+,58520.84,12,1,9,4,1,18049.440000000002,17,1
11106,referral,balanced,T2,33045.18,5,0,2,0,0,0.0,171,0
11107,social,balanced,T3+,5608.83,5,0,2,0,0,0.0,147,0
11109,organic,balanced,T3+,50275.47,8,3,5,5,3,51180.98,13,1
11110,paid_search,balanced,T2,11250.82,3,0,1,0,0,0.0,311,1
11111,referral,balanced,T3+,4571.84,4,0,3,0,0,0.0,113,0
11113,organic,balanced,T2,13170.64,1,0,0,0,0,0.0,112,1
11114,organic,balanced,T3+,5537.3,1,0,0,0,0,0.0,235,1
11115,organic,aggressive,T2,3087.62,6,0,2,2,0,1634.22,134,1
11117,social,cautious,T1,17867.35,3,0,0,0,0,0.0,273,1
11119,paid_search,balanced,T1,20441.62,1,0,0,0,0,0.0,181,1
11120,bank_partner,cautious,T1,18762.38,2,1,1,0,0,0.0,86,1
11121,social,aggressive,T2,4114.0,1,0,0,0,0,0.0,273,1
11122,referral,aggressive,T2,8955.06,5,0,2,0,0,0.0,127,1
11123,social,cautious,T1,29786.61,2,0,1,0,0,0.0,142,1
11124,organic,cautious,T3+,953.55,3,0,1,0,0,0.0,119,0
11125,organic,cautious,T2,42588.51,8,1,5,2,1,16347.810000000001,70,1
11127,social,cautious,T1,5593.61,2,0,2,0,0,0.0,206,1
11129,social,cautious,T1,14392.49,4,2,2,0,0,0.0,2,1
11130,organic,balanced,T2,3216.47,3,0,1,0,0,0.0,220,0
11131,bank_partner,aggressive,T1,3786.92,9,8,2,0,0,0.0,28,0
11132,organic,balanced,T3+,4181.53,7,0,3,4,0,3001.52,144,1
11133,referral,aggressive,T2,4980.78,1,0,0,0,0,0.0,250,1
11134,social,balanced,T1,18904.13,4,0,1,0,0,0.0,243,1
11136,organic,balanced,T3+,4224.4,1,0,0,0,0,0.0,118,1
11138,paid_search,cautious,T2,29579.31,9,1,5,3,0,16119.42,36,1
11139,organic,balanced,T2,9808.73,3,0,2,0,0,0.0,249,1
11140,social,cautious,T2,31934.89,5,0,2,0,0,0.0,233,1
11141,paid_search,balanced,T2,10067.47,3,2,2,0,0,0.0,76,1
11142,referral,cautious,T2,13885.44,2,0,2,0,0,0.0,215,1
11144,organic,balanced,T3+,3962.43,1,0,0,0,0,0.0,239,1
11145,organic,balanced,T1,3152.33,4,1,1,0,0,0.0,15,1
11146,paid_search,balanced,T3+,23248.46,5,1,2,2,0,4064.13,73,1
11147,organic,cautious,T3+,10042.69,8,0,2,1,0,2911.13,131,1
11148,social,cautious,T3+,151387.86,2,0,0,0,0,0.0,94,1
11149,referral,balanced,T3+,24935.32,2,0,0,0,0,0.0,197,1
11150,bank_partner,cautious,T3+,8881.2,4,1,3,0,0,0.0,41,1
11151,organic,aggressive,T2,11207.61,1,1,0,0,0,0.0,24,1
11152,bank_partner,aggressive,T1,61993.97,1,1,1,0,0,0.0,89,1
11153,social,cautious,T2,13173.62,6,1,1,1,0,4448.99,30,0
11155,paid_search,balanced,T3+,10524.14,2,0,2,0,0,0.0,93,0
11156,bank_partner,aggressive,T3+,5876.2,4,0,0,0,0,0.0,187,1
11157,paid_search,aggressive,T1,9981.52,4,1,0,0,0,0.0,81,1
11159,paid_search,balanced,T1,6934.54,1,0,0,0,0,0.0,143,0
11160,paid_search,balanced,T2,24367.5,7,6,1,2,1,11494.94,16,0
11163,organic,cautious,T2,24124.58,2,2,1,0,0,0.0,81,1
11166,social,balanced,T2,4730.36,3,2,0,0,0,0.0,38,1
11167,paid_search,balanced,T1,25533.87,0,0,0,0,0,0.0,133,1
11168,paid_search,balanced,T3+,10712.19,2,1,1,0,0,0.0,29,1
11171,organic,balanced,T1,1362.92,2,0,2,0,0,0.0,186,1
11172,organic,aggressive,T2,3454.43,5,1,1,0,0,0.0,53,1
11174,organic,balanced,T3+,7347.34,1,0,0,0,0,0.0,227,0
11175,social,aggressive,T1,2988.91,3,3,1,0,0,0.0,53,0
11177,paid_search,balanced,T1,13915.45,3,1,2,0,0,0.0,39,0
11179,social,balanced,T1,2608.32,4,0,0,0,0,0.0,128,1
11180,organic,cautious,T1,27359.99,0,0,0,0,0,0.0,297,1
11181,social,balanced,T3+,47982.61,3,0,0,0,0,0.0,103,1
11182,social,balanced,T2,3989.19,0,0,0,0,0,0.0,329,1
11183,referral,balanced,T1,2996.44,1,0,0,0,0,0.0,220,1
11184,organic,balanced,T1,13121.78,3,0,1,0,0,0.0,223,1
11185,referral,balanced,T1,23910.39,11,5,6,3,2,14511.619999999999,1,1
11187,social,balanced,T2,6527.05,7,1,2,3,1,4007.46,62,0
11188,bank_partner,balanced,T1,20810.44,2,0,1,0,0,0.0,313,1
11189,referral,balanced,T1,107938.86,2,1,0,0,0,0.0,59,1
11190,social,balanced,T3+,11782.01,1,0,0,0,0,0.0,250,0
11191,bank_partner,cautious,T2,2361.88,9,1,4,1,0,949.23,79,1
11192,bank_partner,balanced,T2,12470.2,8,0,3,3,0,2702.43,100,1
11193,organic,aggressive,T3+,8413.91,1,0,0,0,0,0.0,230,1
11194,referral,balanced,T3+,16387.25,3,0,1,0,0,0.0,217,1
11196,social,balanced,T2,5940.38,2,0,0,0,0,0.0,290,1
11197,bank_partner,aggressive,T3+,6457.92,3,3,1,0,0,0.0,72,0
11199,organic,cautious,T3+,1950.22,2,0,0,0,0,0.0,94,1
11200,social,balanced,T3+,12437.72,6,0,0,0,0,0.0,204,1
11201,paid_search,balanced,T1,11818.95,1,1,0,0,0,0.0,7,1
11203,organic,aggressive,T3+,4457.91,1,0,0,0,0,0.0,130,0
11204,organic,balanced,T2,12940.07,2,0,1,0,0,0.0,334,1
11206,paid_search,cautious,T2,4126.62,2,0,0,0,0,0.0,289,1
11207,paid_search,balanced,T2,2927.15,1,0,0,0,0,0.0,125,1
11208,organic,balanced,T3+,1916.42,3,0,3,0,0,0.0,236,1
11209,paid_search,balanced,T3+,2364.93,3,1,1,0,0,0.0,51,1
11210,organic,cautious,T2,500.0,11,2,2,0,0,0.0,59,1
11211,social,balanced,T3+,168402.89,0,0,0,0,0,0.0,353,1
11213,bank_partner,balanced,T3+,6334.74,2,1,1,0,0,0.0,81,1
11217,organic,balanced,T1,2907.61,7,6,4,2,1,1314.78,58,0
11218,organic,cautious,T3+,12375.33,0,0,0,0,0,0.0,202,1
11219,paid_search,cautious,T2,18160.44,1,0,0,0,0,0.0,211,1
11221,organic,balanced,T1,42267.82,1,0,0,0,0,0.0,211,1
11222,paid_search,balanced,T2,8257.06,1,0,1,0,0,0.0,315,1
11225,bank_partner,cautious,T3+,47360.78,8,2,4,1,0,15079.65,48,0
11226,organic,cautious,T3+,5222.04,2,0,0,0,0,0.0,104,1
11227,organic,cautious,T1,5854.27,4,1,1,0,0,0.0,18,1
11228,social,cautious,T1,1581.82,2,0,0,0,0,0.0,201,1
11229,organic,aggressive,T3+,27542.37,2,0,0,0,0,0.0,113,1
11230,social,aggressive,T2,4417.43,2,1,0,0,0,0.0,58,1
11232,organic,aggressive,T1,18003.3,3,0,0,0,0,0.0,127,1
11233,organic,balanced,T2,23615.76,4,1,0,0,0,0.0,80,1
11234,referral,cautious,T2,14518.73,1,0,0,0,0,0.0,195,1
11235,referral,balanced,T2,3466.23,2,0,2,0,0,0.0,215,1
11236,organic,balanced,T1,9693.6,6,5,3,3,2,5744.32,19,0
11238,organic,balanced,T1,4218.06,1,0,0,0,0,0.0,242,1
11241,organic,aggressive,T2,9469.38,2,1,1,0,0,0.0,86,1
11245,organic,cautious,T1,8832.6,0,0,0,0,0,0.0,231,1
11246,organic,cautious,T2,522.26,5,2,2,0,0,0.0,26,1
11247,social,balanced,T1,6781.17,0,0,0,0,0,0.0,159,1
11249,bank_partner,aggressive,T3+,5791.26,1,0,0,0,0,0.0,99,0
11252,social,balanced,T1,11796.24,4,1,2,0,0,0.0,56,0
11253,organic,balanced,T2,16428.15,4,2,2,0,0,0.0,37,0
11254,organic,cautious,T3+,16104.04,4,0,0,0,0,0.0,110,0
11255,referral,balanced,T1,13481.23,2,0,0,0,0,0.0,296,1
11258,bank_partner,balanced,T1,59616.04,6,0,3,2,0,17807.61,135,1
11260,organic,cautious,T1,56041.04,3,0,0,0,0,0.0,248,1
11261,organic,cautious,T2,2305.64,4,1,0,0,0,0.0,0,1
11265,paid_search,balanced,T2,2795.09,1,1,0,0,0,0.0,60,1
11267,paid_search,aggressive,T3+,535.15,6,0,1,0,0,0.0,206,1
11268,bank_partner,balanced,T1,5975.64,2,2,1,0,0,0.0,25,1
11269,paid_search,aggressive,T2,62603.87,1,0,0,0,0,0.0,161,1
11270,referral,cautious,T1,16615.49,2,0,2,0,0,0.0,168,0
11271,paid_search,balanced,T1,1229.7,2,0,1,0,0,0.0,173,1
11272,paid_search,balanced,T1,1885.45,7,0,4,0,0,0.0,244,1
11273,social,cautious,T1,28670.31,3,1,2,0,0,0.0,59,1
11275,organic,balanced,T2,4733.83,3,0,0,0,0,0.0,318,0
11277,organic,aggressive,T1,12962.73,3,0,1,0,0,0.0,178,1
11280,social,cautious,T1,26443.27,4,0,1,0,0,0.0,207,1
11281,paid_search,aggressive,T2,3352.45,3,1,1,0,0,0.0,60,1
11282,bank_partner,balanced,T3+,1168.96,3,0,0,0,0,0.0,103,1
11283,referral,aggressive,T2,20646.49,13,2,5,3,2,11362.85,1,0
11285,referral,cautious,T2,6727.77,1,1,1,0,0,0.0,46,1
11286,organic,cautious,T1,14344.4,1,0,0,0,0,0.0,228,1
11287,paid_search,balanced,T3+,27926.02,1,0,0,0,0,0.0,240,1
11288,social,cautious,T2,10729.86,0,0,0,0,0,0.0,144,0
11289,social,cautious,T3+,34646.64,1,0,1,0,0,0.0,103,1
11290,paid_search,aggressive,T2,8029.22,1,1,0,0,0,0.0,67,0
11291,social,balanced,T1,4250.37,2,1,1,0,0,0.0,50,0
11292,referral,balanced,T1,8184.96,6,0,3,1,0,2748.6,159,1
11294,referral,cautious,T3+,12060.75,3,1,1,0,0,0.0,35,1
11295,social,cautious,T3+,16965.31,3,0,1,0,0,0.0,286,1
11297,organic,cautious,T2,25571.35,3,0,1,0,0,0.0,131,0
11298,organic,cautious,T2,25980.09,0,0,0,0,0,0.0,303,1
11300,referral,aggressive,T2,5857.06,1,0,0,0,0,0.0,172,0
11301,organic,aggressive,T2,4482.37,4,1,2,0,0,0.0,77,1
11303,social,balanced,T2,3101.72,9,7,6,1,0,1216.49,30,1
11304,bank_partner,aggressive,T3+,19030.4,7,0,3,3,0,11711.59,124,0
11305,bank_partner,balanced,T3+,11867.34,1,0,0,0,0,0.0,129,0
11306,organic,balanced,T1,5213.16,4,3,1,0,0,0.0,36,1
11307,organic,balanced,T3+,48236.86,0,0,0,0,0,0.0,345,0
11308,bank_partner,balanced,T1,686.91,6,1,3,0,0,0.0,47,1
11309,social,cautious,T1,3222.08,9,1,5,3,0,2226.82,88,1
11310,organic,balanced,T1,1514.67,2,0,0,0,0,0.0,158,1
11311,social,cautious,T2,16165.36,2,1,0,0,0,0.0,50,1
11312,bank_partner,aggressive,T1,4949.12,2,0,0,0,0,0.0,177,0
11315,organic,balanced,T1,9067.06,4,0,1,0,0,0.0,205,1
11316,bank_partner,balanced,T2,10406.51,4,1,0,0,0,0.0,74,1
11318,referral,cautious,T3+,4671.97,0,0,0,0,0,0.0,180,1
11320,organic,cautious,T3+,5697.14,2,1,0,0,0,0.0,25,1
11322,organic,balanced,T2,28228.88,1,0,0,0,0,0.0,318,0
11323,bank_partner,cautious,T2,21827.59,3,0,1,0,0,0.0,198,0
11325,organic,cautious,T1,8922.62,5,1,1,0,0,0.0,80,0
11326,organic,balanced,T2,4542.46,3,0,2,0,0,0.0,261,1
11327,referral,aggressive,T1,12944.71,2,0,1,0,0,0.0,122,1
11331,organic,balanced,T1,1409.82,1,0,1,0,0,0.0,127,1
11332,paid_search,cautious,T2,4076.47,4,0,2,0,0,0.0,161,1
11333,referral,cautious,T1,18366.68,3,0,1,0,0,0.0,125,1
11335,organic,balanced,T3+,1003.7,1,0,1,0,0,0.0,244,0
11336,referral,balanced,T1,3970.47,3,1,1,0,0,0.0,16,1
11337,social,balanced,T2,12684.79,6,0,1,0,0,0.0,99,1
11340,organic,balanced,T1,3432.61,6,1,3,2,0,617.6800000000001,53,0
11341,social,cautious,T3+,55398.65,1,0,0,0,0,0.0,206,1
11342,social,balanced,T3+,1592.55,1,1,0,0,0,0.0,64,0
11343,organic,cautious,T2,4186.93,4,4,1,0,0,0.0,8,1
11344,social,balanced,T1,6535.73,2,2,1,0,0,0.0,9,1
11345,social,aggressive,T3+,6390.2,5,0,2,0,0,0.0,141,1
11347,social,aggressive,T2,6174.21,3,1,1,0,0,0.0,5,0
11349,organic,balanced,T2,3497.54,6,0,1,3,0,1054.82,221,0
11351,organic,cautious,T2,19502.67,2,0,1,0,0,0.0,265,1
11352,bank_partner,balanced,T3+,2019.39,2,1,0,0,0,0.0,67,1
11353,social,balanced,T1,25267.33,1,0,1,0,0,0.0,108,1
11354,organic,balanced,T1,3690.24,5,0,0,0,0,0.0,286,1
11356,referral,aggressive,T3+,5338.26,3,0,1,0,0,0.0,183,0
11357,social,cautious,T3+,6480.27,2,0,0,0,0,0.0,136,1
11358,social,balanced,T1,4742.33,2,0,0,0,0,0.0,302,1
11359,bank_partner,cautious,T1,4200.81,12,2,9,3,0,1247.34,19,1
11360,paid_search,balanced,T3+,4023.23,2,1,0,0,0,0.0,14,0
11361,organic,aggressive,T3+,9577.52,6,3,3,1,0,2459.84,53,0
11363,paid_search,balanced,T2,5771.01,2,0,1,0,0,0.0,286,1
11366,social,cautious,T1,500.0,3,0,2,0,0,0.0,295,1
11367,organic,balanced,T3+,4423.19,5,1,1,0,0,0.0,46,1
11368,paid_search,cautious,T3+,27302.43,4,2,0,0,0,0.0,35,1
11369,referral,cautious,T2,65639.32,0,0,0,0,0,0.0,241,1
11370,bank_partner,aggressive,T3+,7328.49,2,0,1,0,0,0.0,133,0
11372,paid_search,cautious,T3+,13988.11,11,11,4,0,0,0.0,1,1
11373,bank_partner,aggressive,T3+,16352.33,4,3,1,0,0,0.0,52,1
11374,referral,cautious,T1,25597.76,5,0,1,3,0,19124.44,91,1
11376,social,cautious,T2,8277.94,2,0,1,0,0,0.0,99,1
11377,referral,cautious,T2,17190.02,3,0,1,0,0,0.0,110,1
11378,bank_partner,cautious,T1,6362.18,1,0,1,0,0,0.0,111,1
11379,organic,balanced,T2,9332.74,2,1,1,0,0,0.0,50,0
11380,paid_search,balanced,T1,8143.81,2,2,0,0,0,0.0,41,1
11381,paid_search,balanced,T2,22219.66,2,0,2,0,0,0.0,257,1
11382,organic,aggressive,T3+,15098.56,6,0,1,0,0,0.0,136,0
11383,referral,cautious,T1,34980.57,7,4,3,3,2,11956.43,50,0
11385,bank_partner,cautious,T2,18007.49,2,0,1,0,0,0.0,152,1
11388,organic,cautious,T1,13656.26,8,0,4,0,0,0.0,123,1
11389,bank_partner,aggressive,T3+,3139.93,1,1,0,0,0,0.0,6,0
11390,referral,cautious,T2,88909.74,2,0,1,0,0,0.0,227,1
11391,paid_search,balanced,T2,13146.88,5,0,0,0,0,0.0,217,1
11392,referral,cautious,T1,3134.71,5,0,1,0,0,0.0,99,1
11393,organic,cautious,T3+,3121.58,3,0,3,0,0,0.0,216,1
11395,paid_search,cautious,T2,11792.9,8,0,0,0,0,0.0,279,1
11396,bank_partner,aggressive,T1,44905.85,7,2,4,0,0,0.0,70,0
11397,social,balanced,T1,22925.63,0,0,0,0,0,0.0,187,0
11398,bank_partner,balanced,T3+,5926.8,1,0,0,0,0,0.0,283,1
11399,bank_partner,cautious,T2,23146.82,5,1,4,2,0,14332.279999999999,79,0
11400,referral,cautious,T3+,15086.66,0,0,0,0,0,0.0,133,1
11401,social,balanced,T2,14121.9,2,1,0,0,0,0.0,74,1
11405,social,cautious,T3+,12237.73,2,0,1,0,0,0.0,133,0
11409,bank_partner,aggressive,T1,3393.66,1,0,0,0,0,0.0,349,1
11410,referral,cautious,T1,2403.21,2,0,0,0,0,0.0,255,1
11411,paid_search,balanced,T3+,2105.07,6,0,4,1,0,709.31,91,1
11413,organic,balanced,T3+,5308.13,5,0,3,0,0,0.0,170,1
11414,organic,aggressive,T3+,30838.84,1,1,0,0,0,0.0,40,0
11415,referral,balanced,T1,5375.78,1,0,0,0,0,0.0,183,1
11416,organic,aggressive,T3+,2857.72,2,2,1,0,0,0.0,60,0
11417,organic,aggressive,T1,122955.54,1,0,0,0,0,0.0,291,1
11419,referral,balanced,T3+,6759.55,5,0,2,0,0,0.0,203,1
11420,bank_partner,balanced,T2,14281.77,3,0,0,0,0,0.0,151,0
11421,social,cautious,T3+,64687.31,2,0,1,0,0,0.0,199,1
11422,bank_partner,balanced,T1,10799.66,7,0,3,2,0,2842.92,159,1
11423,social,balanced,T1,10511.52,2,0,1,0,0,0.0,133,1
11424,organic,cautious,T2,14366.89,7,0,1,0,0,0.0,106,1
11425,organic,balanced,T3+,36026.02,6,2,2,2,0,14533.84,39,0
11426,referral,cautious,T1,3262.97,2,0,0,0,0,0.0,178,1
11427,paid_search,balanced,T2,44944.1,0,0,0,0,0,0.0,323,1
11428,organic,cautious,T2,4714.89,0,0,0,0,0,0.0,208,0
11429,paid_search,balanced,T2,16654.98,1,0,1,0,0,0.0,314,1
11430,social,cautious,T2,2590.71,1,0,0,0,0,0.0,325,1
11434,paid_search,cautious,T1,5706.49,2,0,1,0,0,0.0,100,1
11435,organic,balanced,T1,18648.57,3,2,1,0,0,0.0,80,1
11436,organic,balanced,T1,5032.65,1,0,0,0,0,0.0,91,1
11437,bank_partner,balanced,T3+,7093.28,9,0,4,1,0,816.97,107,0
11438,bank_partner,balanced,T1,18918.64,3,0,2,0,0,0.0,219,0
11439,organic,cautious,T2,18994.17,1,1,0,0,0,0.0,14,1
11440,bank_partner,balanced,T2,3761.61,1,0,0,0,0,0.0,93,1
11441,bank_partner,balanced,T1,4111.9,2,0,1,0,0,0.0,107,1
11442,bank_partner,cautious,T2,3820.8,2,0,0,0,0,0.0,95,1
11444,referral,balanced,T3+,11212.17,6,0,5,1,0,2227.15,195,1
11446,social,balanced,T1,42292.25,2,1,0,0,0,0.0,69,1
11447,paid_search,balanced,T3+,1125.23,1,0,1,0,0,0.0,310,1
11449,social,balanced,T1,6468.5,2,1,1,0,0,0.0,38,0
11450,organic,cautious,T1,3354.81,8,1,4,0,0,0.0,87,1
11451,social,balanced,T1,3170.04,0,0,0,0,0,0.0,223,1
11452,referral,cautious,T3+,5587.64,7,0,6,0,0,0.0,151,1
11453,referral,balanced,T3+,3350.04,4,3,0,0,0,0.0,65,1
11454,bank_partner,aggressive,T3+,18983.33,0,0,0,0,0,0.0,99,0
11457,social,balanced,T2,2793.09,7,0,2,2,0,419.42,238,0
11458,organic,cautious,T2,1675.35,2,0,0,0,0,0.0,213,1
11460,social,balanced,T3+,48749.17,7,7,3,1,1,20239.44,22,0
11461,bank_partner,cautious,T3+,9675.11,6,3,2,0,0,0.0,6,1
11462,social,cautious,T2,2134.24,0,0,0,0,0,0.0,111,0
11463,organic,cautious,T3+,15507.4,4,0,2,0,0,0.0,246,1
11464,organic,cautious,T2,15721.61,3,0,1,0,0,0.0,135,1
11467,referral,cautious,T3+,35730.2,2,0,0,0,0,0.0,201,1
11468,referral,aggressive,T2,8234.32,1,0,1,0,0,0.0,220,1
11469,referral,balanced,T3+,20235.36,0,0,0,0,0,0.0,325,0
11470,social,aggressive,T2,2967.44,2,0,1,0,0,0.0,167,1
11472,organic,balanced,T1,15060.27,2,0,0,0,0,0.0,145,1
11473,social,cautious,T3+,115332.45,1,0,1,0,0,0.0,97,1
11475,organic,cautious,T2,4019.09,4,1,0,0,0,0.0,50,0
11477,organic,aggressive,T3+,5287.53,1,0,1,0,0,0.0,153,1
11478,organic,balanced,T3+,36441.35,1,1,1,0,0,0.0,80,1
11483,social,aggressive,T2,9315.51,1,0,0,0,0,0.0,250,1
11484,referral,aggressive,T1,17573.16,6,2,3,0,0,0.0,79,1
11486,referral,aggressive,T2,46262.44,0,0,0,0,0,0.0,295,1
11487,social,cautious,T1,8150.0,3,0,1,0,0,0.0,152,1
11488,organic,cautious,T2,10018.99,3,0,2,0,0,0.0,135,1
11490,social,aggressive,T2,3826.72,2,1,0,0,0,0.0,90,1
11491,paid_search,balanced,T3+,2150.47,11,0,5,2,0,375.64,147,1
11492,organic,cautious,T2,16173.67,5,3,2,0,0,0.0,7,0
11493,paid_search,cautious,T3+,32466.11,7,5,3,2,1,9905.35,47,1
11494,bank_partner,cautious,T3+,7134.05,3,2,0,0,0,0.0,64,0
11496,referral,aggressive,T2,8131.34,1,0,1,0,0,0.0,227,1
11498,referral,balanced,T1,17758.44,5,0,0,0,0,0.0,188,1
11499,social,aggressive,T2,28219.26,0,0,0,0,0,0.0,253,1
11501,bank_partner,balanced,T3+,35862.58,3,1,1,0,0,0.0,88,0
11502,social,balanced,T1,9739.98,4,3,1,0,0,0.0,21,1
11505,bank_partner,balanced,T2,7976.25,0,0,0,0,0,0.0,111,0
11506,paid_search,cautious,T1,45703.82,1,1,0,0,0,0.0,78,0
11507,referral,cautious,T2,128239.71,5,0,1,0,0,0.0,125,1
11508,organic,cautious,T1,8586.11,3,0,1,0,0,0.0,213,1
11509,bank_partner,balanced,T2,1488.42,1,0,0,0,0,0.0,115,1
11510,referral,cautious,T1,9139.81,6,4,1,0,0,0.0,42,0
11511,bank_partner,cautious,T1,1885.29,2,1,0,0,0,0.0,40,1
11512,bank_partner,aggressive,T3+,11777.2,1,1,0,0,0,0.0,82,1
11513,organic,cautious,T3+,10237.67,1,0,0,0,0,0.0,138,0
11514,referral,balanced,T1,32476.12,1,1,1,0,0,0.0,81,0
11515,bank_partner,aggressive,T2,4552.63,4,1,1,0,0,0.0,60,0
11516,paid_search,balanced,T2,24032.46,1,1,0,0,0,0.0,43,0
11517,social,balanced,T1,11970.54,2,2,0,0,0,0.0,1,1
11519,paid_search,cautious,T2,5705.0,2,0,0,0,0,0.0,270,0
11520,referral,aggressive,T3+,6455.56,7,1,4,1,0,2286.78,61,0
11521,bank_partner,balanced,T3+,22095.67,0,0,0,0,0,0.0,140,1
11524,organic,balanced,T3+,2668.22,2,0,0,0,0,0.0,93,1
11526,organic,balanced,T3+,5962.61,4,3,1,0,0,0.0,19,0
11528,organic,aggressive,T2,2991.69,3,0,1,0,0,0.0,264,0
11529,social,cautious,T2,24481.66,2,1,0,0,0,0.0,84,1
11530,social,cautious,T3+,3243.17,14,2,7,2,0,1856.98,30,0
11532,organic,balanced,T2,2550.0,4,3,1,0,0,0.0,8,1
11533,paid_search,balanced,T2,36500.84,5,0,0,0,0,0.0,166,1
11534,organic,aggressive,T2,15565.08,1,0,0,0,0,0.0,269,1
11535,social,aggressive,T2,14293.02,5,1,3,0,0,0.0,9,1
11536,referral,balanced,T1,5491.74,1,0,0,0,0,0.0,101,1
11538,organic,cautious,T2,47676.12,6,3,3,2,1,25448.28,19,0
11541,bank_partner,cautious,T3+,5032.62,1,0,1,0,0,0.0,117,0
11542,paid_search,balanced,T1,4290.11,2,0,0,0,0,0.0,190,1
11543,organic,aggressive,T1,14084.64,9,4,3,0,0,0.0,14,1
11544,referral,balanced,T2,4244.02,4,0,1,0,0,0.0,163,1
11545,organic,balanced,T2,22437.11,3,0,1,0,0,0.0,298,1
11546,paid_search,balanced,T2,7099.18,2,0,1,2,0,3706.5699999999997,130,1
11547,social,balanced,T3+,4185.66,8,3,3,2,1,986.22,9,0
11549,paid_search,cautious,T3+,10914.46,1,1,1,0,0,0.0,59,1
11552,paid_search,balanced,T2,7935.7,1,0,0,0,0,0.0,187,1
11553,organic,aggressive,T2,24771.82,1,0,0,0,0,0.0,155,0
11554,referral,cautious,T3+,3232.05,2,1,1,0,0,0.0,89,1
11556,referral,balanced,T2,1635.78,4,1,0,0,0,0.0,88,1
11558,social,aggressive,T1,8475.69,2,0,0,0,0,0.0,161,1
11559,organic,balanced,T1,23972.6,1,1,0,0,0,0.0,59,1
11560,referral,aggressive,T2,1733.27,0,0,0,0,0,0.0,280,1
11562,social,balanced,T2,9721.02,3,0,2,0,0,0.0,101,1
11564,organic,balanced,T1,38912.11,2,0,0,0,0,0.0,138,1
11566,referral,cautious,T1,23879.74,2,1,0,0,0,0.0,14,0
11568,paid_search,balanced,T3+,23649.49,4,1,0,0,0,0.0,68,1
11571,paid_search,cautious,T2,1221.18,3,0,1,0,0,0.0,292,1
11573,referral,balanced,T1,20706.8,3,1,2,0,0,0.0,13,1
11574,bank_partner,balanced,T1,8242.51,2,2,1,0,0,0.0,50,0
11576,organic,aggressive,T3+,26884.79,7,0,2,3,0,13939.689999999999,214,0
11578,referral,aggressive,T3+,21306.67,1,0,0,0,0,0.0,259,1
11579,social,cautious,T2,5509.53,9,1,2,2,0,2141.77,88,0
11580,paid_search,aggressive,T1,4543.94,6,0,4,2,0,1944.98,170,0
11581,social,balanced,T1,3996.83,4,0,1,0,0,0.0,113,1
11583,organic,aggressive,T3+,23444.75,5,0,2,0,0,0.0,186,1
11584,paid_search,balanced,T1,3072.08,4,3,1,0,0,0.0,51,0
11587,bank_partner,cautious,T1,18878.75,5,0,3,0,0,0.0,100,1
11588,organic,cautious,T3+,31861.63,11,2,6,2,0,13903.85,17,0
11589,organic,balanced,T2,264506.35,4,0,1,0,0,0.0,148,0
11590,organic,balanced,T2,14806.36,1,0,0,0,0,0.0,125,0
11591,paid_search,balanced,T3+,5441.58,2,0,1,0,0,0.0,167,1
11592,referral,aggressive,T3+,2557.34,7,2,2,0,0,0.0,2,1
11593,organic,balanced,T1,18256.91,4,4,2,2,1,4060.59,18,0
11594,social,balanced,T2,8591.16,2,2,1,0,0,0.0,33,1
11596,social,cautious,T1,125784.37,0,0,0,0,0,0.0,183,1
11597,organic,aggressive,T2,8785.84,5,5,3,1,1,3285.42,2,0
11599,bank_partner,cautious,T2,9286.67,8,1,3,3,0,2626.9500000000003,31,0
11600,social,balanced,T1,12038.64,0,0,0,0,0,0.0,172,1
11602,organic,cautious,T1,27038.76,2,2,2,0,0,0.0,67,1
11603,paid_search,balanced,T3+,34464.18,2,1,1,0,0,0.0,80,1
11604,social,balanced,T2,1439.97,5,2,1,0,0,0.0,46,1
11605,referral,balanced,T3+,2666.48,1,0,1,0,0,0.0,115,1
11607,referral,aggressive,T2,13834.45,3,1,2,0,0,0.0,40,0
11608,organic,balanced,T1,889.06,1,0,0,0,0,0.0,197,1
11609,paid_search,cautious,T3+,1719.3,9,1,5,0,0,0.0,14,0
11611,paid_search,cautious,T2,5382.03,2,1,1,0,0,0.0,55,0
11613,referral,cautious,T1,4768.49,1,1,0,0,0,0.0,64,0
11614,organic,balanced,T2,2920.1,3,1,2,0,0,0.0,25,1
11616,organic,balanced,T2,16108.88,4,0,1,0,0,0.0,185,1
11617,social,balanced,T2,25574.82,5,0,2,0,0,0.0,112,1
11619,referral,cautious,T3+,32818.32,6,2,5,3,1,18118.9,37,1
11620,bank_partner,aggressive,T2,503.13,1,0,1,0,0,0.0,137,1
11621,bank_partner,balanced,T2,5015.39,3,0,2,0,0,0.0,198,1
11622,organic,aggressive,T2,44796.45,1,0,0,0,0,0.0,284,1
11623,bank_partner,balanced,T2,45915.49,5,0,0,0,0,0.0,150,1
11624,social,cautious,T2,12002.98,2,0,1,0,0,0.0,128,1
11625,paid_search,cautious,T3+,2604.83,6,0,2,0,0,0.0,191,1
11626,paid_search,balanced,T1,5114.39,5,2,1,0,0,0.0,5,1
11627,organic,balanced,T2,7489.78,1,0,0,0,0,0.0,128,0
11630,social,balanced,T3+,15604.29,3,0,0,0,0,0.0,144,1
11631,organic,aggressive,T2,7355.37,3,0,0,0,0,0.0,104,1
11632,bank_partner,balanced,T1,3594.4,2,1,0,0,0,0.0,42,1
11633,organic,aggressive,T1,5445.5,3,0,0,0,0,0.0,102,1
11634,referral,balanced,T2,3906.22,7,2,2,0,0,0.0,1,1
11635,paid_search,balanced,T1,8170.71,6,3,1,0,0,0.0,15,0
11636,paid_search,balanced,T1,3504.84,1,1,0,0,0,0.0,2,0
11638,organic,balanced,T1,2158.23,3,0,0,0,0,0.0,250,1
11639,social,aggressive,T3+,42376.2,3,1,2,0,0,0.0,55,1
11640,social,balanced,T3+,39948.81,10,2,5,3,1,24913.28,53,1
11642,organic,balanced,T3+,500.0,0,0,0,0,0,0.0,221,1
11643,referral,aggressive,T3+,2361.5,6,0,3,0,0,0.0,91,1
11645,referral,aggressive,T3+,3446.64,2,0,0,0,0,0.0,114,0
11646,social,aggressive,T2,3985.08,2,0,1,0,0,0.0,316,1
11647,paid_search,cautious,T1,21216.84,1,0,0,0,0,0.0,141,1
11648,referral,balanced,T3+,6506.39,3,0,1,0,0,0.0,92,1
11649,organic,balanced,T3+,2650.47,0,0,0,0,0,0.0,112,1
11650,bank_partner,balanced,T1,13896.76,5,1,1,0,0,0.0,45,1
11651,bank_partner,cautious,T1,571.82,2,0,0,0,0,0.0,133,1
11653,paid_search,cautious,T2,6501.2,3,2,2,0,0,0.0,59,0
11654,organic,cautious,T2,4712.49,5,0,1,0,0,0.0,115,1
11655,paid_search,aggressive,T1,8345.15,4,1,0,0,0,0.0,5,1
11658,paid_search,cautious,T1,8768.54,4,0,1,0,0,0.0,229,1
11659,referral,cautious,T3+,3290.45,4,1,0,0,0,0.0,90,1
11660,organic,cautious,T2,23801.76,1,1,0,0,0,0.0,71,0
11663,organic,balanced,T3+,2514.87,2,0,2,0,0,0.0,161,1
11665,organic,cautious,T2,4757.18,4,1,1,0,0,0.0,3,1
11666,bank_partner,cautious,T2,6009.62,5,0,0,0,0,0.0,123,0
11667,organic,balanced,T2,26984.5,6,1,3,0,0,0.0,13,1
11668,bank_partner,balanced,T1,22537.92,2,1,1,0,0,0.0,63,0
11669,paid_search,balanced,T2,5560.58,3,0,0,0,0,0.0,127,1
11670,paid_search,cautious,T1,8307.81,7,5,5,1,0,2138.56,21,0
11671,organic,balanced,T1,13102.96,2,0,1,0,0,0.0,306,1
11673,social,balanced,T3+,29033.14,5,1,2,0,0,0.0,85,0
11674,paid_search,balanced,T1,1741.65,2,0,1,0,0,0.0,93,1
11675,bank_partner,balanced,T2,1011.36,3,2,1,0,0,0.0,58,1
11678,organic,balanced,T2,8760.06,1,0,1,0,0,0.0,181,0
11679,social,balanced,T3+,7499.63,0,0,0,0,0,0.0,262,1
11680,social,cautious,T2,10469.51,1,0,0,0,0,0.0,146,0
11681,referral,balanced,T1,12743.13,3,0,1,0,0,0.0,207,1
11682,organic,balanced,T2,5261.93,2,0,1,0,0,0.0,118,1
11683,paid_search,cautious,T2,2241.75,4,3,2,0,0,0.0,64,0
11684,paid_search,aggressive,T3+,696.73,7,2,2,3,2,300.0,64,0
11686,organic,aggressive,T2,2056.81,2,0,1,0,0,0.0,218,1
11687,paid_search,balanced,T2,2260.36,2,0,0,0,0,0.0,167,0
11688,social,cautious,T3+,5606.37,3,1,1,0,0,0.0,51,1
11689,social,cautious,T3+,159186.34,2,0,1,0,0,0.0,92,1
11692,referral,balanced,T2,11234.77,4,4,1,3,3,6749.73,29,0
11693,organic,aggressive,T3+,1983.19,0,0,0,0,0,0.0,182,0
11695,organic,balanced,T2,18823.02,2,0,0,0,0,0.0,120,1
11698,social,cautious,T1,27195.26,2,1,1,0,0,0.0,86,1
11700,social,balanced,T3+,500.0,1,1,1,0,0,0.0,53,1
11702,organic,balanced,T2,3076.56,2,0,0,0,0,0.0,256,1
11703,referral,balanced,T2,20274.41,6,1,3,0,0,0.0,70,1
11704,social,cautious,T2,33200.57,3,0,1,0,0,0.0,256,1
11705,referral,cautious,T2,9716.68,4,0,1,0,0,0.0,282,1
11707,organic,balanced,T2,2690.12,1,0,0,0,0,0.0,122,0
11709,paid_search,cautious,T3+,4966.72,1,0,0,0,0,0.0,91,1
11712,paid_search,balanced,T3+,53028.25,2,0,1,0,0,0.0,288,0
11714,referral,cautious,T1,8856.25,5,0,1,0,0,0.0,252,1
11715,organic,cautious,T1,5819.63,4,1,0,0,0,0.0,87,1
11718,paid_search,aggressive,T2,5133.37,3,3,1,0,0,0.0,69,1
11720,social,cautious,T3+,12987.21,1,0,0,0,0,0.0,212,1
11722,organic,cautious,T2,25443.34,3,2,1,0,0,0.0,48,1
11723,paid_search,balanced,T1,9338.91,4,0,2,0,0,0.0,283,0
11724,organic,balanced,T3+,28184.23,6,1,3,3,0,13330.460000000001,33,1
11725,paid_search,cautious,T2,41374.81,2,1,0,0,0,0.0,18,0
11726,bank_partner,cautious,T1,23840.1,6,0,2,2,0,12182.08,139,1
11727,referral,cautious,T3+,7109.0,2,0,1,0,0,0.0,116,0
11728,referral,balanced,T1,19928.01,3,0,1,0,0,0.0,125,1
11729,bank_partner,balanced,T2,6710.4,8,3,1,0,0,0.0,20,1
11730,paid_search,balanced,T2,40101.75,1,0,0,0,0,0.0,234,1
11731,social,balanced,T3+,7620.66,6,3,3,0,0,0.0,6,0
11733,social,balanced,T2,7789.84,3,2,0,0,0,0.0,81,1
11734,organic,cautious,T2,14774.63,5,2,1,0,0,0.0,33,1
11735,organic,aggressive,T2,10676.09,2,0,1,0,0,0.0,111,1
11736,organic,aggressive,T1,3541.11,7,1,4,2,0,1611.48,35,1
11737,organic,cautious,T2,2937.82,4,4,2,1,0,585.68,21,0
11738,social,balanced,T3+,3030.81,0,0,0,0,0,0.0,290,1
11739,bank_partner,balanced,T1,17448.55,1,0,0,0,0,0.0,197,0
11741,referral,balanced,T2,14905.13,5,4,1,0,0,0.0,47,1
11742,social,balanced,T3+,6847.37,5,2,1,0,0,0.0,55,1
11743,referral,cautious,T3+,3053.34,1,0,1,0,0,0.0,129,0
11744,social,aggressive,T3+,28155.8,10,1,1,4,2,21887.84,88,0
11745,social,balanced,T1,19085.18,3,0,2,0,0,0.0,121,1
11746,bank_partner,balanced,T3+,29893.24,9,3,5,0,0,0.0,46,1
11748,organic,aggressive,T3+,8440.79,8,0,4,3,0,3405.16,133,0
11749,bank_partner,aggressive,T1,3301.19,1,0,0,0,0,0.0,152,0
11750,referral,aggressive,T3+,17267.81,5,0,0,3,0,12124.14,118,0
11751,organic,aggressive,T3+,14780.05,5,1,2,0,0,0.0,47,1
11752,paid_search,aggressive,T3+,29253.41,1,0,1,0,0,0.0,340,1
11753,organic,balanced,T3+,2635.04,2,2,0,0,0,0.0,45,1
11754,bank_partner,cautious,T3+,12563.38,1,0,0,0,0,0.0,185,1
11756,organic,aggressive,T3+,16683.29,0,0,0,0,0,0.0,178,1
11758,referral,aggressive,T2,11810.34,3,1,2,0,0,0.0,62,1
11759,referral,balanced,T1,12875.94,7,0,5,5,1,10284.63,205,1
11760,organic,cautious,T1,2068.12,2,0,0,0,0,0.0,258,1
11761,organic,balanced,T3+,23503.32,8,0,7,2,0,8151.200000000001,101,1
11762,organic,balanced,T1,9624.17,1,0,1,0,0,0.0,296,1
11763,social,aggressive,T3+,4345.51,3,0,1,0,0,0.0,271,1
11764,organic,balanced,T1,3361.08,7,2,4,1,0,1353.79,14,0
11765,bank_partner,balanced,T3+,5994.45,3,0,2,0,0,0.0,167,1
11768,organic,cautious,T2,7009.37,3,1,1,2,1,2126.24,50,1
11769,paid_search,balanced,T3+,17066.36,6,0,3,0,0,0.0,192,1
11771,paid_search,balanced,T3+,17116.63,1,0,1,0,0,0.0,94,1
11773,paid_search,cautious,T3+,9262.01,2,0,1,0,0,0.0,300,1
11774,paid_search,balanced,T1,7638.98,1,0,0,0,0,0.0,237,1
11775,bank_partner,balanced,T2,5561.66,3,1,0,0,0,0.0,19,0
11777,social,balanced,T1,1889.77,4,0,2,0,0,0.0,141,1
11778,bank_partner,cautious,T2,500.0,2,0,0,0,0,0.0,292,1
11779,paid_search,balanced,T2,2315.94,2,0,2,0,0,0.0,208,1
11780,social,cautious,T1,3088.0,4,0,2,0,0,0.0,207,1
11781,referral,aggressive,T3+,1162.65,5,0,0,0,0,0.0,142,0
11782,organic,aggressive,T3+,3454.68,2,2,1,0,0,0.0,48,1
11783,organic,balanced,T3+,44248.51,2,0,1,0,0,0.0,284,0
11784,paid_search,cautious,T1,500.0,2,0,0,0,0,0.0,152,1
11785,organic,cautious,T1,11375.06,7,4,1,0,0,0.0,12,1
11786,organic,balanced,T3+,20559.95,1,0,0,0,0,0.0,134,0
11787,bank_partner,balanced,T1,4699.62,2,2,0,0,0,0.0,46,1
11789,paid_search,aggressive,T1,15621.94,3,3,0,0,0,0.0,52,1
11790,organic,aggressive,T2,2524.36,0,0,0,0,0,0.0,206,1
11791,social,balanced,T3+,7591.34,8,0,1,0,0,0.0,136,1
11793,paid_search,balanced,T2,38820.42,5,0,1,0,0,0.0,227,1
11794,referral,cautious,T3+,13347.96,0,0,0,0,0,0.0,335,1
11796,bank_partner,balanced,T3+,57494.17,4,0,1,0,0,0.0,277,1
11797,social,cautious,T1,51443.54,1,1,0,0,0,0.0,75,1
11798,organic,aggressive,T2,13946.09,3,1,1,0,0,0.0,87,1
11799,social,cautious,T1,3261.83,3,0,1,0,0,0.0,137,0
11800,organic,cautious,T1,13093.59,4,1,1,0,0,0.0,68,1
11803,social,cautious,T1,241555.26,3,0,2,2,0,60104.28,202,1
11804,paid_search,cautious,T2,6293.79,6,0,2,0,0,0.0,159,1
11805,organic,cautious,T2,34714.76,2,2,2,0,0,0.0,77,0
11807,referral,cautious,T2,3514.7,8,1,2,0,0,0.0,30,1
11808,social,aggressive,T2,27003.8,2,0,0,0,0,0.0,102,1
11809,social,cautious,T1,2904.38,4,0,2,0,0,0.0,243,1
11810,paid_search,cautious,T2,4156.83,1,0,0,0,0,0.0,170,1
11811,referral,balanced,T2,2803.6,4,0,1,0,0,0.0,155,1
11812,social,cautious,T2,7801.52,1,0,0,0,0,0.0,238,1
11814,referral,cautious,T1,3730.54,1,1,0,0,0,0.0,87,1
11815,social,cautious,T1,44150.68,2,1,1,0,0,0.0,76,1
11816,social,balanced,T1,4369.01,4,0,1,0,0,0.0,233,0
11817,organic,balanced,T2,957.74,7,0,2,0,0,0.0,268,0
11818,paid_search,balanced,T2,3765.25,4,0,3,0,0,0.0,188,1
11820,bank_partner,balanced,T3+,27209.38,7,0,3,3,0,14476.43,113,1
11821,bank_partner,balanced,T1,8675.32,2,1,0,0,0,0.0,70,1
11822,referral,cautious,T2,5067.83,2,1,1,0,0,0.0,70,0
11823,organic,balanced,T3+,2964.44,2,0,0,0,0,0.0,164,1
11824,paid_search,balanced,T1,1551.01,8,8,4,1,1,343.78,9,0
11825,referral,balanced,T2,25625.42,1,0,0,0,0,0.0,107,0
11826,referral,cautious,T1,17579.67,1,0,0,0,0,0.0,284,1
11827,paid_search,balanced,T2,563.88,4,0,3,2,1,307.36,119,0
11828,organic,balanced,T3+,3045.14,1,0,0,0,0,0.0,163,1
11829,paid_search,balanced,T2,33077.48,2,1,2,2,1,16423.42,48,0
11830,organic,aggressive,T2,4437.52,5,1,2,0,0,0.0,50,1
11832,organic,balanced,T1,19767.35,2,1,0,0,0,0.0,79,1
11833,paid_search,cautious,T2,10512.58,1,1,0,0,0,0.0,40,1
11834,referral,cautious,T1,4656.94,4,0,2,0,0,0.0,235,1
11836,referral,cautious,T3+,26764.52,7,0,2,0,0,0.0,185,1
11838,organic,balanced,T2,10810.54,3,0,1,0,0,0.0,98,1
11841,paid_search,balanced,T3+,2226.65,3,1,2,0,0,0.0,71,1
11842,referral,balanced,T3+,5567.7,3,2,1,0,0,0.0,67,1
11844,organic,aggressive,T2,2827.82,1,0,1,0,0,0.0,165,1
11845,paid_search,balanced,T1,3696.4,3,1,1,0,0,0.0,13,0
11848,organic,cautious,T1,9870.79,3,1,1,0,0,0.0,24,0
11849,paid_search,balanced,T1,12312.41,3,1,1,0,0,0.0,81,1
11850,organic,aggressive,T1,46336.21,3,3,1,0,0,0.0,67,0
11851,organic,cautious,T2,12329.91,2,0,0,0,0,0.0,224,1
11852,organic,aggressive,T3+,9217.55,1,0,0,0,0,0.0,323,1
11853,organic,cautious,T3+,2434.47,2,0,0,0,0,0.0,143,1
11854,bank_partner,cautious,T3+,1939.41,2,0,0,0,0,0.0,282,0
11855,paid_search,cautious,T2,1512.49,3,0,0,0,0,0.0,96,0
11856,social,aggressive,T3+,9100.48,5,0,3,0,0,0.0,122,0
11857,social,cautious,T3+,5106.01,0,0,0,0,0,0.0,338,1
11859,referral,balanced,T3+,12155.32,1,0,0,0,0,0.0,100,0
11861,referral,balanced,T1,3468.86,3,1,0,0,0,0.0,50,0
11862,organic,balanced,T2,78110.35,3,2,0,0,0,0.0,62,1
11863,social,aggressive,T3+,11629.22,3,1,3,0,0,0.0,44,1
11864,organic,cautious,T3+,1659.73,3,0,0,0,0,0.0,206,1
11865,bank_partner,cautious,T2,131673.05,2,0,0,0,0,0.0,131,1
11866,organic,cautious,T1,16028.76,5,0,2,0,0,0.0,100,1
11867,organic,balanced,T1,2018.38,2,0,1,0,0,0.0,272,1
11868,referral,balanced,T1,7983.85,2,2,0,0,0,0.0,26,1
11871,referral,cautious,T2,24269.82,5,0,1,0,0,0.0,186,1
11872,referral,balanced,T2,1335.07,3,2,1,0,0,0.0,71,1
11873,organic,cautious,T2,7486.77,6,0,1,0,0,0.0,269,1
11874,bank_partner,cautious,T2,32941.81,9,4,3,0,0,0.0,33,0
11875,social,aggressive,T1,2712.19,1,0,1,0,0,0.0,123,1
11876,paid_search,cautious,T1,4283.4,3,2,0,0,0,0.0,18,1
11877,paid_search,aggressive,T1,7726.89,2,0,2,0,0,0.0,112,0
11878,organic,cautious,T3+,14781.2,0,0,0,0,0,0.0,214,1
11880,paid_search,balanced,T3+,3242.49,3,3,3,0,0,0.0,25,1
11881,social,cautious,T3+,18225.6,2,1,1,0,0,0.0,16,1
11882,organic,cautious,T1,6768.48,4,0,1,0,0,0.0,189,1
11883,organic,balanced,T1,14724.71,2,0,1,0,0,0.0,176,0
11884,organic,cautious,T2,7978.12,3,1,0,0,0,0.0,15,1
11887,paid_search,cautious,T3+,4255.73,3,0,1,0,0,0.0,238,0
11889,social,aggressive,T1,10345.92,0,0,0,0,0,0.0,181,1
11892,organic,balanced,T2,35640.73,8,1,3,1,0,10961.17,16,0
11893,referral,cautious,T1,3034.83,3,1,3,0,0,0.0,72,1
11894,paid_search,balanced,T2,16042.18,8,0,4,0,0,0.0,138,1
11896,organic,cautious,T3+,8503.6,1,0,0,0,0,0.0,327,1
11897,organic,cautious,T1,24975.94,4,2,1,0,0,0.0,79,1
11900,paid_search,cautious,T2,4986.19,11,3,9,5,1,3017.61,50,1
11901,paid_search,balanced,T1,76370.74,0,0,0,0,0,0.0,135,1
11902,referral,balanced,T1,17270.2,0,0,0,0,0,0.0,120,1
11906,referral,aggressive,T3+,5835.1,4,2,3,0,0,0.0,18,1
11909,paid_search,aggressive,T2,14826.07,4,1,0,0,0,0.0,58,1
11911,bank_partner,balanced,T1,8681.66,0,0,0,0,0,0.0,131,0
11912,organic,cautious,T2,20795.39,1,1,0,0,0,0.0,3,1
11913,paid_search,balanced,T1,7193.83,5,4,2,0,0,0.0,22,1
11914,bank_partner,aggressive,T3+,20087.44,1,1,1,0,0,0.0,69,0
11916,bank_partner,balanced,T3+,18879.24,2,0,2,0,0,0.0,184,0
11917,social,cautious,T3+,2193.4,1,0,0,0,0,0.0,187,1
11918,paid_search,aggressive,T2,1482.28,3,1,1,0,0,0.0,11,0
11921,paid_search,balanced,T3+,18244.11,7,2,4,2,1,9762.369999999999,36,1
11922,social,cautious,T1,6833.69,1,1,0,0,0,0.0,55,1
11923,paid_search,balanced,T2,27372.05,3,0,1,0,0,0.0,265,1
11924,paid_search,balanced,T3+,191430.55,4,0,1,0,0,0.0,184,1
11927,paid_search,balanced,T3+,2283.78,2,0,0,0,0,0.0,345,1
11928,organic,cautious,T3+,11470.61,1,0,0,0,0,0.0,93,1
11930,organic,aggressive,T2,2393.56,0,0,0,0,0,0.0,304,1
11931,organic,aggressive,T1,8045.1,3,0,0,4,1,3506.8,114,1
11932,organic,aggressive,T2,6875.93,1,0,0,0,0,0.0,229,1
11933,paid_search,cautious,T2,13634.97,2,0,1,0,0,0.0,321,1
11934,referral,aggressive,T2,15569.02,8,0,5,2,0,7186.64,152,0
11935,bank_partner,balanced,T3+,6310.95,2,0,0,0,0,0.0,139,1
11936,organic,cautious,T2,34887.75,3,0,1,0,0,0.0,287,1
11937,social,cautious,T3+,17808.86,3,1,1,0,0,0.0,36,1
11938,organic,cautious,T3+,4376.23,9,0,7,1,0,1083.03,102,0
11939,organic,balanced,T3+,4979.89,2,0,1,0,0,0.0,265,1
11942,social,cautious,T2,8812.97,4,1,2,0,0,0.0,81,1
11943,paid_search,aggressive,T3+,35827.58,5,0,1,0,0,0.0,116,1
11944,referral,balanced,T2,9521.83,2,0,1,0,0,0.0,165,1
11945,social,balanced,T2,1298.56,3,0,1,0,0,0.0,165,0
11946,referral,balanced,T1,2572.05,3,0,3,0,0,0.0,190,1
11947,organic,balanced,T1,24327.59,6,0,2,0,0,0.0,105,1
11948,organic,cautious,T3+,7927.73,2,2,0,0,0,0.0,22,0
11950,paid_search,balanced,T1,15140.72,4,1,2,2,0,5190.299999999999,6,0
11952,social,cautious,T1,12239.9,3,0,0,0,0,0.0,247,1
11953,organic,balanced,T1,4678.64,3,0,1,0,0,0.0,136,1
11954,organic,aggressive,T1,906.64,0,0,0,0,0,0.0,158,0
11955,social,balanced,T2,10262.49,5,0,2,0,0,0.0,236,1
11956,referral,cautious,T1,9612.25,9,0,5,1,0,2474.88,165,0
11958,organic,balanced,T1,16128.7,4,0,1,0,0,0.0,133,1
11959,social,cautious,T1,11586.34,1,0,0,0,0,0.0,290,1
11961,referral,balanced,T1,3604.45,4,0,1,0,0,0.0,109,1
11962,social,aggressive,T2,3465.55,3,0,2,0,0,0.0,198,1
11963,organic,balanced,T1,3855.19,5,1,1,0,0,0.0,36,1
11964,organic,aggressive,T1,12787.11,1,0,0,0,0,0.0,279,1
11965,paid_search,balanced,T1,28111.25,3,0,0,0,0,0.0,178,0
11967,organic,balanced,T1,19771.84,7,2,6,1,0,8282.62,27,0
11969,paid_search,balanced,T2,13369.74,0,0,0,0,0,0.0,236,1
11970,referral,balanced,T1,3343.73,3,2,2,0,0,0.0,28,0
11971,bank_partner,cautious,T1,20822.77,2,0,0,0,0,0.0,101,1
11976,paid_search,balanced,T1,41014.75,2,1,0,0,0,0.0,56,1
11977,social,balanced,T2,3086.88,3,0,0,0,0,0.0,207,1
11978,bank_partner,aggressive,T3+,886.58,0,0,0,0,0,0.0,111,1
11979,bank_partner,aggressive,T3+,107757.93,1,0,1,0,0,0.0,159,1
11980,bank_partner,cautious,T2,3811.32,2,0,0,0,0,0.0,183,1
11981,organic,balanced,T3+,7941.76,3,0,2,0,0,0.0,92,1
11982,referral,balanced,T3+,23270.32,3,0,1,0,0,0.0,290,1
11985,referral,cautious,T3+,5331.57,4,3,4,0,0,0.0,44,1
11986,paid_search,cautious,T3+,16853.81,4,0,1,0,0,0.0,104,1
11988,referral,balanced,T2,8542.69,2,0,1,0,0,0.0,264,0
11989,referral,aggressive,T1,2110.4,2,1,2,0,0,0.0,33,1
11990,paid_search,cautious,T3+,11720.23,5,1,2,0,0,0.0,80,1
11992,organic,balanced,T2,26872.18,4,1,2,3,1,14995.400000000001,49,1
11994,organic,balanced,T1,1976.44,4,0,0,0,0,0.0,94,1
11995,organic,balanced,T1,1321.09,1,1,0,0,0,0.0,72,1
11996,social,cautious,T1,10631.13,5,1,2,0,0,0.0,26,1
11997,paid_search,cautious,T1,68305.55,1,0,0,0,0,0.0,128,1
11998,paid_search,cautious,T1,7475.58,2,1,1,0,0,0.0,62,1
12000,referral,cautious,T2,2653.86,2,0,0,0,0,0.0,235,1
