user_id,risk_profile,acquisition_channel,aum,buy_frequency,last_buy_at,aum_quartile,frequency_quartile,strategy_segment
1137,aggressive,social,150007.96,3,2025-03-08 15:00:00,4,3,high_value_active
3982,cautious,referral,143863.55,3,2024-10-05 15:00:00,4,3,high_value_at_risk
9187,cautious,referral,82811.12,3,2024-04-11 15:00:00,4,4,high_value_at_risk
10933,balanced,paid_search,78503.02,1,2024-10-01 14:00:00,4,2,high_value_at_risk
3708,balanced,paid_search,66905.77,2,2024-05-16 15:00:00,4,2,high_value_at_risk
9152,balanced,organic,66598.71,1,2024-12-24 14:00:00,4,1,high_value_at_risk
7007,balanced,referral,65171.34,2,2025-01-18 15:00:00,4,2,growth_investor
3852,aggressive,social,64263.79,6,2025-01-26 15:00:00,4,4,high_value_active
10104,balanced,referral,63011.71,3,2024-10-05 15:00:00,4,4,high_value_at_risk
502,balanced,paid_search,60854.71,3,2024-09-16 15:00:00,4,3,high_value_at_risk
11803,cautious,social,60104.28,2,2024-03-15 15:00:00,4,3,high_value_at_risk
5335,cautious,organic,56706.81,1,2024-05-15 14:00:00,4,1,high_value_at_risk
1340,balanced,paid_search,56652.0,3,2024-10-28 15:00:00,4,3,high_value_at_risk
9679,balanced,organic,52424.99,2,2024-04-11 15:00:00,4,3,high_value_at_risk
11109,balanced,organic,51180.98,5,2024-12-31 15:00:00,4,4,high_value_active
7527,balanced,paid_search,50960.85,3,2024-07-24 15:00:00,4,4,high_value_at_risk
1725,balanced,social,49496.9,1,2024-04-27 14:00:00,4,1,high_value_at_risk
1189,aggressive,paid_search,48925.69,4,2025-02-09 15:00:00,4,4,high_value_active
10943,balanced,organic,46611.06,2,2025-03-03 15:00:00,4,3,high_value_active
380,cautious,organic,45435.49,4,2025-02-19 15:00:00,4,4,high_value_active
8442,balanced,social,45140.15,2,2024-08-28 15:00:00,4,3,high_value_at_risk
4860,balanced,referral,44514.25,3,2024-10-23 15:00:00,4,3,high_value_at_risk
7365,balanced,paid_search,42323.3,1,2024-06-16 14:00:00,4,1,high_value_at_risk
10662,cautious,bank_partner,42204.94,3,2024-08-13 15:00:00,4,4,high_value_at_risk
7155,aggressive,social,41949.52,3,2024-11-05 15:00:00,4,4,high_value_at_risk
6581,balanced,bank_partner,40822.68,2,2024-09-21 15:00:00,4,2,high_value_at_risk
1704,cautious,paid_search,40719.51,2,2024-04-09 15:00:00,4,2,high_value_at_risk
957,balanced,referral,40287.9,1,2024-11-25 14:00:00,4,1,high_value_at_risk
9938,balanced,organic,40278.99,2,2024-12-08 15:00:00,4,3,high_value_at_risk
6806,balanced,paid_search,40078.52,3,2025-02-06 15:00:00,4,4,high_value_active
9271,balanced,organic,40051.12,2,2025-03-29 15:00:00,4,3,high_value_active
6875,balanced,organic,40027.61,2,2024-04-12 15:00:00,4,2,high_value_at_risk
5963,aggressive,paid_search,39515.96,3,2025-02-16 15:00:00,4,4,high_value_active
5745,balanced,social,39350.88,3,2024-09-13 15:00:00,4,4,high_value_at_risk
606,cautious,paid_search,37275.43,1,2025-01-07 14:00:00,4,1,growth_investor
10602,balanced,organic,35059.18,1,2024-03-15 14:00:00,4,1,high_value_at_risk
4004,cautious,referral,34856.54,3,2024-11-24 15:00:00,4,3,high_value_at_risk
7682,cautious,organic,34689.97,3,2024-11-19 15:00:00,4,4,high_value_at_risk
1798,balanced,paid_search,34565.58,5,2025-03-08 15:00:00,4,4,high_value_active
8725,balanced,social,34224.23,2,2024-08-28 15:00:00,4,3,high_value_at_risk
1795,balanced,paid_search,33824.67,3,2024-07-23 15:00:00,4,3,high_value_at_risk
1616,balanced,paid_search,33551.73,4,2024-10-21 15:00:00,4,4,high_value_at_risk
4140,aggressive,referral,33470.01,6,2024-11-12 15:00:00,4,4,high_value_at_risk
5414,balanced,organic,33164.33,5,2024-08-02 15:00:00,4,4,high_value_at_risk
8765,cautious,organic,32543.88,2,2024-04-15 15:00:00,4,3,high_value_at_risk
10078,balanced,organic,32273.18,2,2024-03-09 15:00:00,4,3,high_value_at_risk
4904,aggressive,social,32122.06,2,2024-07-07 15:00:00,4,2,high_value_at_risk
10108,aggressive,organic,31824.86,3,2025-02-22 15:00:00,4,4,high_value_active
2217,aggressive,organic,31718.5,4,2025-02-22 15:00:00,4,4,high_value_active
9637,aggressive,paid_search,31620.73,2,2024-08-23 15:00:00,4,3,high_value_at_risk
1442,balanced,referral,31551.33,4,2025-02-22 15:00:00,4,4,high_value_active
8243,aggressive,social,30816.58,6,2024-12-30 15:00:00,4,4,high_value_at_risk
7904,balanced,referral,30803.91,1,2024-08-14 14:00:00,4,1,high_value_at_risk
6481,balanced,social,30611.83,2,2024-04-08 15:00:00,4,2,high_value_at_risk
6770,cautious,referral,30239.69,2,2024-06-22 15:00:00,4,2,high_value_at_risk
5371,balanced,organic,29905.88,1,2024-12-05 14:00:00,4,1,high_value_at_risk
4426,balanced,bank_partner,29849.96,3,2024-05-13 15:00:00,4,3,high_value_at_risk
838,balanced,organic,29807.65,2,2024-10-30 15:00:00,4,2,high_value_at_risk
7718,cautious,social,29713.92,5,2025-01-08 15:00:00,4,4,high_value_active
4232,aggressive,bank_partner,28985.67,3,2025-03-27 15:00:00,4,3,high_value_active
5369,cautious,organic,28284.2,2,2024-09-08 15:00:00,4,2,high_value_at_risk
7232,aggressive,organic,28270.65,4,2025-01-27 15:00:00,4,4,high_value_active
1404,cautious,social,27464.97,3,2024-11-11 15:00:00,4,3,high_value_at_risk
637,balanced,bank_partner,27219.95,1,2024-06-29 14:00:00,4,1,high_value_at_risk
3818,balanced,paid_search,26986.25,4,2024-08-16 15:00:00,4,4,high_value_at_risk
410,balanced,organic,26892.17,2,2025-02-28 15:00:00,4,2,growth_investor
5972,balanced,bank_partner,26891.91,3,2024-07-07 15:00:00,4,4,high_value_at_risk
2496,cautious,paid_search,26598.53,2,2025-01-10 15:00:00,4,2,growth_investor
7294,aggressive,referral,26270.38,3,2024-05-21 15:00:00,4,4,high_value_at_risk
3639,balanced,social,25984.6,2,2024-06-06 15:00:00,4,2,high_value_at_risk
4907,balanced,bank_partner,25520.0,3,2024-08-26 15:00:00,4,3,high_value_at_risk
11538,cautious,organic,25448.28,2,2024-12-20 15:00:00,4,3,high_value_at_risk
7774,cautious,paid_search,25408.95,4,2024-10-25 15:00:00,4,4,high_value_at_risk
7693,balanced,paid_search,25286.39,3,2024-05-15 15:00:00,4,4,high_value_at_risk
9069,balanced,bank_partner,25115.98,2,2024-07-26 15:00:00,4,3,high_value_at_risk
10397,aggressive,organic,24859.59,4,2024-10-22 15:00:00,4,4,high_value_at_risk
4755,cautious,organic,24815.84,1,2024-08-07 14:00:00,4,1,high_value_at_risk
8121,balanced,paid_search,24682.82,3,2024-12-07 15:00:00,4,4,high_value_at_risk
11406,cautious,paid_search,24442.52,3,2025-03-13 15:00:00,4,4,high_value_active
10726,balanced,referral,24308.69,2,2025-01-01 15:00:00,4,3,high_value_active
8724,balanced,referral,24122.07,4,2024-12-07 15:00:00,4,4,high_value_at_risk
11744,aggressive,social,24114.4,5,2025-02-11 15:00:00,4,4,high_value_active
6884,balanced,paid_search,23980.88,2,2024-07-22 15:00:00,4,2,high_value_at_risk
5748,balanced,organic,23954.28,2,2025-02-02 15:00:00,4,2,growth_investor
5669,cautious,bank_partner,23851.75,3,2024-06-08 15:00:00,4,4,high_value_at_risk
10572,balanced,social,23614.61,4,2024-09-27 15:00:00,4,4,high_value_at_risk
697,cautious,bank_partner,23610.03,3,2024-11-06 15:00:00,4,3,high_value_at_risk
6017,cautious,organic,23389.25,2,2024-09-19 15:00:00,4,2,high_value_at_risk
4248,balanced,social,23309.59,2,2024-09-30 15:00:00,4,2,high_value_at_risk
11459,cautious,bank_partner,23134.14,1,2024-12-07 14:00:00,4,2,high_value_at_risk
11640,balanced,social,22825.69,3,2024-11-08 15:00:00,4,4,high_value_at_risk
4971,cautious,bank_partner,22760.21,4,2024-12-13 15:00:00,4,4,high_value_at_risk
11125,cautious,organic,22707.42,3,2025-01-30 15:00:00,4,4,high_value_active
11941,balanced,organic,22522.42,2,2025-03-06 15:00:00,4,3,high_value_active
8097,balanced,referral,22385.94,2,2024-10-09 15:00:00,4,3,high_value_at_risk
3662,balanced,referral,22213.57,4,2025-01-08 15:00:00,4,4,high_value_active
10605,aggressive,referral,22153.73,2,2024-02-13 15:00:00,4,3,high_value_at_risk
2673,cautious,organic,22148.86,3,2024-07-25 15:00:00,4,3,high_value_at_risk
4817,balanced,paid_search,22079.94,3,2024-10-01 15:00:00,4,3,high_value_at_risk
5062,balanced,bank_partner,21910.69,3,2024-09-20 15:00:00,4,3,high_value_at_risk
4272,balanced,paid_search,21548.06,3,2024-08-26 15:00:00,4,3,high_value_at_risk
10639,cautious,organic,21373.76,2,2025-03-16 15:00:00,4,3,high_value_active
3382,balanced,paid_search,21277.87,2,2024-04-25 15:00:00,4,2,high_value_at_risk
4377,balanced,organic,21252.15,3,2024-11-26 15:00:00,4,3,high_value_at_risk
10644,balanced,organic,21248.58,2,2025-01-14 15:00:00,4,3,high_value_active
2019,balanced,referral,21197.46,1,2024-06-06 14:00:00,4,1,high_value_at_risk
6597,balanced,bank_partner,21100.09,4,2024-11-16 15:00:00,4,4,high_value_at_risk
5989,cautious,organic,21052.49,1,2025-01-05 14:00:00,4,1,growth_investor
1615,cautious,social,20940.69,4,2024-10-02 15:00:00,4,4,high_value_at_risk
8547,balanced,referral,20932.79,1,2024-11-28 14:00:00,4,1,high_value_at_risk
3251,cautious,social,20818.59,4,2024-12-05 15:00:00,4,4,high_value_at_risk
4235,cautious,paid_search,20792.2,2,2024-10-21 15:00:00,4,2,high_value_at_risk
4461,aggressive,organic,20760.94,6,2025-01-03 15:00:00,4,4,high_value_active
8275,balanced,organic,20616.09,2,2025-01-27 15:00:00,4,3,high_value_active
2417,cautious,paid_search,20585.63,3,2024-11-26 15:00:00,4,3,high_value_at_risk
1235,balanced,organic,20432.89,6,2025-03-10 15:00:00,4,4,high_value_active
5223,balanced,social,20404.48,1,2024-05-18 14:00:00,4,1,high_value_at_risk
8950,cautious,organic,20390.37,3,2024-12-03 15:00:00,4,4,high_value_at_risk
10135,cautious,paid_search,20362.55,2,2024-07-29 15:00:00,4,3,high_value_at_risk
6772,balanced,organic,20353.13,2,2024-03-23 15:00:00,4,2,high_value_at_risk
4142,balanced,paid_search,20249.97,2,2024-09-04 15:00:00,4,2,high_value_at_risk
2595,aggressive,organic,20243.63,2,2024-10-21 15:00:00,4,2,high_value_at_risk
11460,balanced,social,20239.44,1,2024-10-07 14:00:00,4,2,high_value_at_risk
8661,cautious,bank_partner,20198.17,1,2024-02-10 14:00:00,4,1,high_value_at_risk
11185,balanced,referral,20183.24,5,2025-02-12 15:00:00,4,4,high_value_active
1072,aggressive,bank_partner,20172.68,4,2024-10-02 15:00:00,4,4,high_value_at_risk
5395,balanced,organic,20146.01,4,2024-09-10 15:00:00,4,4,high_value_at_risk
3919,cautious,referral,20026.77,5,2025-03-20 15:00:00,4,4,high_value_active
7503,cautious,social,19997.87,4,2025-02-22 15:00:00,4,4,high_value_active
418,balanced,paid_search,19993.82,2,2024-08-19 15:00:00,4,2,high_value_at_risk
11001,balanced,bank_partner,19940.21,2,2025-02-03 15:00:00,4,3,high_value_active
5226,cautious,referral,19912.55,1,2024-05-08 14:00:00,4,1,high_value_at_risk
1679,aggressive,organic,19736.51,3,2024-07-28 15:00:00,4,3,high_value_at_risk
6733,balanced,organic,19707.37,3,2024-08-23 15:00:00,4,4,high_value_at_risk
1867,balanced,organic,19683.55,3,2025-03-25 15:00:00,4,3,high_value_active
6823,cautious,organic,19627.09,2,2025-02-18 15:00:00,4,2,growth_investor
7797,balanced,social,19547.48,3,2025-02-26 15:00:00,4,4,high_value_active
7973,balanced,bank_partner,19420.14,2,2024-07-01 15:00:00,4,3,high_value_at_risk
2257,cautious,organic,19330.47,3,2024-05-17 15:00:00,4,3,high_value_at_risk
8733,cautious,social,19273.41,3,2024-06-28 15:00:00,4,4,high_value_at_risk
11374,cautious,referral,19124.44,3,2024-07-07 15:00:00,4,4,high_value_at_risk
4178,cautious,organic,18852.83,2,2024-08-22 15:00:00,4,2,high_value_at_risk
179,cautious,social,18837.66,3,2025-03-20 15:00:00,4,3,high_value_active
2929,balanced,referral,18587.8,3,2024-11-26 15:00:00,4,3,high_value_at_risk
7268,cautious,referral,18452.53,2,2024-10-18 15:00:00,4,3,high_value_at_risk
597,balanced,organic,18394.68,4,2024-10-11 15:00:00,4,4,high_value_at_risk
1135,aggressive,organic,18202.85,2,2024-08-19 15:00:00,4,2,high_value_at_risk
11619,cautious,referral,18118.9,3,2024-10-12 15:00:00,4,4,high_value_at_risk
2468,cautious,organic,18117.96,2,2025-02-04 15:00:00,4,2,growth_investor
10751,balanced,referral,18066.03,2,2024-06-04 15:00:00,4,3,high_value_at_risk
11104,cautious,social,18049.44,4,2024-10-24 15:00:00,4,4,high_value_at_risk
3296,balanced,paid_search,17980.85,1,2024-11-17 14:00:00,4,1,high_value_at_risk
2423,cautious,organic,17934.81,3,2025-01-20 15:00:00,4,3,high_value_active
5944,cautious,paid_search,17898.8,2,2025-02-11 15:00:00,4,2,growth_investor
11258,balanced,bank_partner,17807.61,2,2024-03-17 15:00:00,4,3,high_value_at_risk
2337,aggressive,paid_search,17775.71,3,2025-01-30 15:00:00,4,3,high_value_active
3793,balanced,referral,17775.63,2,2025-03-24 15:00:00,4,2,growth_investor
2540,balanced,organic,17723.12,1,2024-08-10 14:00:00,4,1,high_value_at_risk
4702,cautious,organic,17678.57,2,2024-09-07 15:00:00,4,2,high_value_at_risk
5181,balanced,bank_partner,17652.46,1,2024-05-26 14:00:00,4,1,high_value_at_risk
6855,balanced,bank_partner,17604.75,3,2024-09-17 15:00:00,4,4,high_value_at_risk
7829,balanced,bank_partner,17355.46,4,2024-10-16 15:00:00,4,4,high_value_at_risk
10276,cautious,referral,17312.01,2,2025-02-10 15:00:00,4,3,high_value_active
5843,cautious,bank_partner,17160.75,2,2024-04-23 15:00:00,4,2,high_value_at_risk
8865,aggressive,organic,17131.06,4,2024-11-06 15:00:00,4,4,high_value_at_risk
6701,balanced,organic,17113.99,1,2025-01-24 14:00:00,4,1,growth_investor
7091,aggressive,paid_search,17074.24,1,2024-08-27 14:00:00,4,1,high_value_at_risk
1374,cautious,paid_search,17042.45,4,2024-07-03 15:00:00,4,4,high_value_at_risk
2135,balanced,bank_partner,17011.52,3,2024-07-08 15:00:00,4,3,high_value_at_risk
8019,balanced,organic,16971.42,2,2024-05-08 15:00:00,4,3,high_value_at_risk
2097,balanced,organic,16829.69,1,2024-11-20 14:00:00,4,1,high_value_at_risk
3007,aggressive,organic,16824.25,4,2025-02-14 15:00:00,4,4,high_value_active
853,balanced,organic,16816.98,2,2024-08-16 15:00:00,4,2,high_value_at_risk
8083,aggressive,bank_partner,16795.88,2,2024-10-07 15:00:00,4,3,high_value_at_risk
8592,cautious,organic,16663.12,3,2025-02-07 15:00:00,4,4,high_value_active
5681,balanced,social,16640.27,4,2024-11-19 15:00:00,4,4,high_value_at_risk
3399,cautious,social,16603.31,2,2025-01-26 15:00:00,4,2,growth_investor
10796,balanced,organic,16568.07,1,2024-02-14 14:00:00,4,2,high_value_at_risk
6105,aggressive,referral,16521.25,3,2024-08-02 15:00:00,4,4,high_value_at_risk
469,cautious,social,16521.19,4,2024-09-20 15:00:00,4,4,high_value_at_risk
5600,aggressive,organic,16514.64,2,2024-08-05 15:00:00,4,2,high_value_at_risk
18,balanced,paid_search,16458.71,5,2024-07-14 15:00:00,4,4,high_value_at_risk
11829,balanced,paid_search,16423.42,2,2024-10-03 15:00:00,4,3,high_value_at_risk
10197,balanced,social,16245.97,1,2024-12-09 14:00:00,4,1,high_value_at_risk
1125,cautious,organic,16208.59,4,2024-08-11 15:00:00,4,4,high_value_at_risk
8916,balanced,paid_search,16135.0,4,2024-11-17 15:00:00,4,4,high_value_at_risk
11138,cautious,paid_search,16119.42,3,2024-09-18 15:00:00,4,4,high_value_at_risk
11992,balanced,organic,16106.06,4,2025-02-24 15:00:00,4,4,high_value_active
5705,balanced,referral,16001.17,5,2025-03-20 15:00:00,4,4,high_value_active
6442,balanced,organic,15980.68,3,2025-03-23 15:00:00,4,4,high_value_active
3789,balanced,referral,15880.38,1,2025-01-03 14:00:00,4,1,growth_investor
7832,cautious,organic,15856.69,2,2024-08-14 15:00:00,4,3,high_value_at_risk
7180,balanced,paid_search,15650.25,3,2024-06-14 15:00:00,4,4,high_value_at_risk
6011,balanced,paid_search,15478.11,2,2024-05-14 15:00:00,4,2,high_value_at_risk
6677,balanced,referral,15454.24,3,2025-01-24 15:00:00,4,4,high_value_active
10261,aggressive,social,15434.32,3,2024-03-13 15:00:00,4,4,high_value_at_risk
6708,aggressive,organic,15417.21,2,2025-02-17 15:00:00,4,2,growth_investor
3192,balanced,organic,15354.88,1,2024-03-13 14:00:00,4,1,high_value_at_risk
10932,balanced,social,15273.06,3,2025-03-13 15:00:00,4,4,high_value_active
1357,cautious,social,15267.68,2,2024-11-10 15:00:00,4,2,high_value_at_risk
9437,cautious,referral,15146.86,3,2024-11-18 15:00:00,4,4,high_value_at_risk
7856,balanced,paid_search,15124.67,3,2024-07-16 15:00:00,4,4,high_value_at_risk
11225,cautious,bank_partner,15079.65,1,2024-05-03 14:00:00,4,2,high_value_at_risk
319,cautious,organic,15021.67,2,2024-09-19 15:00:00,4,2,high_value_at_risk
4520,balanced,organic,14958.84,3,2024-08-01 15:00:00,4,3,high_value_at_risk
6176,balanced,social,14862.35,2,2024-11-22 15:00:00,4,2,high_value_at_risk
8608,balanced,organic,14698.44,3,2024-09-09 15:00:00,4,4,high_value_at_risk
4372,balanced,paid_search,14583.72,3,2025-01-24 15:00:00,4,3,high_value_active
7953,aggressive,social,14551.22,4,2025-02-10 15:00:00,4,4,high_value_active
343,balanced,social,14534.94,2,2024-03-08 15:00:00,4,2,high_value_at_risk
11425,balanced,organic,14533.84,2,2024-08-19 15:00:00,4,3,high_value_at_risk
11820,balanced,bank_partner,14476.43,3,2024-07-22 15:00:00,4,4,high_value_at_risk
170,aggressive,referral,14459.68,4,2025-01-19 15:00:00,4,4,high_value_active
3828,balanced,organic,14397.38,2,2025-01-22 15:00:00,4,2,growth_investor
1243,balanced,social,14388.95,1,2024-04-13 14:00:00,4,1,high_value_at_risk
1205,balanced,organic,14383.34,3,2025-01-05 15:00:00,4,3,high_value_active
11399,cautious,bank_partner,14332.28,2,2024-09-01 15:00:00,4,3,high_value_at_risk
8194,cautious,bank_partner,14211.81,2,2025-02-13 15:00:00,4,3,high_value_active
1379,cautious,bank_partner,14196.78,2,2024-04-07 15:00:00,4,2,high_value_at_risk
1452,balanced,organic,14175.45,3,2024-08-23 15:00:00,4,3,high_value_at_risk
7202,aggressive,social,14142.68,3,2024-04-30 15:00:00,4,4,high_value_at_risk
11493,cautious,paid_search,14087.66,3,2025-03-04 15:00:00,4,4,high_value_active
10979,cautious,bank_partner,14063.63,3,2024-08-21 15:00:00,4,4,high_value_at_risk
629,balanced,organic,14055.23,2,2024-12-21 15:00:00,4,2,high_value_at_risk
1010,cautious,organic,14037.3,2,2025-02-15 15:00:00,4,2,growth_investor
5826,aggressive,paid_search,14004.32,5,2025-03-09 15:00:00,4,4,high_value_active
9902,balanced,bank_partner,14002.87,2,2024-08-04 15:00:00,4,3,high_value_at_risk
8915,cautious,social,13959.69,3,2024-05-05 15:00:00,4,4,high_value_at_risk
8187,aggressive,social,13951.16,1,2024-03-18 14:00:00,4,1,high_value_at_risk
10905,cautious,social,13945.32,2,2025-01-11 15:00:00,4,3,high_value_active
11576,aggressive,organic,13939.69,3,2024-03-16 15:00:00,4,4,high_value_at_risk
11588,cautious,organic,13903.85,2,2024-08-25 15:00:00,4,3,high_value_at_risk
2343,balanced,paid_search,13832.29,2,2024-06-22 15:00:00,4,2,high_value_at_risk
9311,balanced,referral,13812.5,3,2024-11-29 15:00:00,4,4,high_value_at_risk
10314,aggressive,paid_search,13796.53,1,2024-09-26 14:00:00,4,1,high_value_at_risk
8426,balanced,bank_partner,13787.53,2,2024-08-10 15:00:00,4,3,high_value_at_risk
1129,balanced,bank_partner,13711.06,3,2025-01-20 15:00:00,4,3,high_value_active
7193,cautious,paid_search,13693.26,2,2024-06-28 15:00:00,4,3,high_value_at_risk
5463,cautious,organic,13637.98,2,2025-01-19 15:00:00,4,2,growth_investor
1488,balanced,bank_partner,13634.6,3,2024-12-16 15:00:00,4,3,high_value_at_risk
2090,aggressive,referral,13603.54,4,2025-01-31 15:00:00,4,4,high_value_active
10069,cautious,social,13595.74,3,2025-02-24 15:00:00,4,4,high_value_active
6861,cautious,social,13482.51,3,2024-05-31 15:00:00,4,4,high_value_at_risk
8824,aggressive,paid_search,13467.31,3,2025-01-20 15:00:00,4,4,high_value_active
694,cautious,organic,13450.69,2,2024-03-28 15:00:00,4,2,high_value_at_risk
4401,aggressive,social,13446.76,6,2024-12-02 15:00:00,4,4,high_value_at_risk
7237,balanced,referral,13439.81,2,2024-11-02 15:00:00,4,3,high_value_at_risk
1789,cautious,social,13376.32,2,2024-06-09 15:00:00,4,2,high_value_at_risk
11724,balanced,organic,13330.46,3,2024-08-23 15:00:00,4,4,high_value_at_risk
1413,balanced,paid_search,13297.87,1,2024-09-03 14:00:00,4,1,high_value_at_risk
10248,balanced,referral,13294.32,2,2024-05-26 15:00:00,4,3,high_value_at_risk
8229,cautious,organic,13289.96,3,2024-12-31 15:00:00,4,4,high_value_active
8971,balanced,organic,13238.26,1,2024-11-28 14:00:00,4,1,high_value_at_risk
1298,balanced,organic,13227.3,2,2024-09-13 15:00:00,4,2,high_value_at_risk
4445,cautious,social,13208.91,1,2024-02-25 14:00:00,4,1,high_value_at_risk
241,cautious,referral,13150.56,2,2024-12-05 15:00:00,4,2,high_value_at_risk
820,cautious,referral,13150.13,2,2024-12-07 15:00:00,4,2,high_value_at_risk
2728,balanced,bank_partner,13098.67,2,2024-04-09 15:00:00,4,2,high_value_at_risk
11919,balanced,paid_search,13005.93,4,2025-03-27 15:00:00,4,4,high_value_active
5942,cautious,organic,12970.22,3,2024-06-25 15:00:00,4,4,high_value_at_risk
9428,cautious,organic,12940.34,1,2024-10-01 14:00:00,4,1,high_value_at_risk
11383,cautious,referral,12842.78,4,2025-03-12 15:00:00,4,4,high_value_active
11891,cautious,organic,12828.67,2,2025-02-24 15:00:00,4,3,high_value_active
2222,aggressive,referral,12724.89,3,2024-06-06 15:00:00,4,3,high_value_at_risk
8706,aggressive,referral,12711.31,5,2024-08-02 15:00:00,4,4,high_value_at_risk
7937,aggressive,organic,12678.55,4,2024-11-01 15:00:00,4,4,high_value_at_risk
1614,aggressive,organic,12635.29,2,2025-03-05 15:00:00,4,2,growth_investor
5533,balanced,referral,12616.83,2,2025-01-06 15:00:00,4,2,growth_investor
10232,cautious,organic,12607.28,2,2025-01-07 15:00:00,4,3,high_value_active
9317,cautious,bank_partner,12555.0,1,2024-02-14 14:00:00,4,1,high_value_at_risk
5323,balanced,organic,12554.16,2,2024-05-23 15:00:00,4,2,high_value_at_risk
10690,cautious,referral,12487.02,1,2024-10-24 14:00:00,4,2,high_value_at_risk
1429,aggressive,organic,12447.09,3,2024-12-23 15:00:00,4,3,high_value_at_risk
11905,balanced,bank_partner,12429.66,3,2025-02-27 15:00:00,4,4,high_value_active
1320,balanced,bank_partner,12424.12,2,2024-09-25 15:00:00,4,2,high_value_at_risk
6408,balanced,organic,12412.78,1,2024-03-28 14:00:00,4,1,high_value_at_risk
8364,cautious,paid_search,12364.72,1,2024-04-02 14:00:00,4,1,high_value_at_risk
9273,cautious,paid_search,12263.36,4,2025-03-04 15:00:00,4,4,high_value_active
9523,balanced,paid_search,12212.33,3,2024-10-25 15:00:00,4,4,high_value_at_risk
1207,aggressive,paid_search,12187.9,2,2025-02-09 15:00:00,4,2,growth_investor
11726,cautious,bank_partner,12182.08,2,2024-08-08 15:00:00,4,3,high_value_at_risk
9020,balanced,organic,12165.01,2,2025-03-05 15:00:00,4,3,high_value_active
11750,aggressive,referral,12124.14,3,2024-07-05 15:00:00,4,4,high_value_at_risk
5755,cautious,social,12081.29,3,2024-11-06 15:00:00,4,4,high_value_at_risk
7394,balanced,organic,12041.32,5,2024-10-08 15:00:00,4,4,high_value_at_risk
1583,cautious,organic,12039.12,2,2024-07-17 15:00:00,4,2,high_value_at_risk
5207,balanced,organic,12031.85,3,2025-02-20 15:00:00,4,3,high_value_active
10026,balanced,paid_search,12023.92,1,2024-08-18 14:00:00,4,1,high_value_at_risk
4824,cautious,organic,12005.58,3,2024-04-04 15:00:00,4,3,high_value_at_risk
8200,cautious,organic,12000.53,3,2024-04-24 15:00:00,4,4,high_value_at_risk
6146,balanced,bank_partner,11988.06,1,2024-10-20 14:00:00,4,1,high_value_at_risk
2326,balanced,paid_search,11900.11,3,2025-03-12 15:00:00,4,3,high_value_active
1658,balanced,bank_partner,11796.23,5,2024-10-27 15:00:00,4,4,high_value_at_risk
5635,cautious,bank_partner,11795.81,2,2024-08-18 15:00:00,4,2,high_value_at_risk
3292,balanced,social,11728.93,1,2024-06-25 14:00:00,4,1,high_value_at_risk
3523,cautious,referral,11712.79,4,2025-02-13 15:00:00,4,4,high_value_active
11304,aggressive,bank_partner,11711.59,3,2024-09-25 15:00:00,4,4,high_value_at_risk
6147,balanced,paid_search,11689.38,2,2025-01-04 15:00:00,4,2,growth_investor
8818,cautious,paid_search,11662.11,2,2024-09-01 15:00:00,4,3,high_value_at_risk
1948,balanced,paid_search,11616.24,2,2024-09-05 15:00:00,4,2,high_value_at_risk
10893,cautious,paid_search,11559.93,1,2024-06-30 14:00:00,4,2,high_value_at_risk
11160,balanced,paid_search,11494.94,2,2024-11-02 15:00:00,4,3,high_value_at_risk
6296,balanced,organic,11491.07,4,2025-02-27 15:00:00,4,4,high_value_active
5707,aggressive,referral,11375.35,1,2024-09-30 14:00:00,4,1,high_value_at_risk
11283,aggressive,referral,11362.85,3,2024-10-27 15:00:00,4,4,high_value_at_risk
9405,balanced,organic,11309.62,3,2025-02-24 15:00:00,4,4,high_value_active
4369,cautious,paid_search,11233.92,2,2025-01-05 15:00:00,4,2,growth_investor
7864,balanced,organic,11201.39,2,2024-06-03 15:00:00,4,3,high_value_at_risk
10441,aggressive,paid_search,11176.22,3,2025-03-14 15:00:00,4,4,high_value_active
10088,balanced,organic,11081.01,3,2024-07-05 15:00:00,4,4,high_value_at_risk
6999,balanced,social,11016.25,1,2024-06-13 14:00:00,4,1,high_value_at_risk
10720,balanced,organic,10963.54,3,2025-01-24 15:00:00,4,4,high_value_active
11892,balanced,organic,10961.17,1,2024-04-03 14:00:00,4,2,high_value_at_risk
4298,aggressive,bank_partner,10928.08,3,2024-06-01 15:00:00,4,3,high_value_at_risk
3825,aggressive,organic,10890.16,3,2024-12-16 15:00:00,4,3,high_value_at_risk
10587,balanced,social,10831.54,2,2024-11-26 15:00:00,4,3,high_value_at_risk
2037,cautious,paid_search,10822.38,1,2024-06-09 14:00:00,4,1,high_value_at_risk
9894,balanced,social,10765.39,1,2024-03-15 14:00:00,4,1,high_value_at_risk
1411,cautious,referral,10753.39,2,2024-07-22 15:00:00,4,2,high_value_at_risk
8053,cautious,paid_search,10748.77,3,2024-09-30 15:00:00,4,4,high_value_at_risk
1108,balanced,organic,10647.99,1,2024-04-21 14:00:00,4,1,high_value_at_risk
8902,balanced,organic,10637.93,3,2024-05-23 15:00:00,4,4,high_value_at_risk
6171,balanced,bank_partner,10608.83,1,2024-05-02 14:00:00,4,1,high_value_at_risk
7021,balanced,referral,10599.06,2,2024-09-15 15:00:00,4,2,high_value_at_risk
9747,cautious,paid_search,10579.34,3,2025-03-07 15:00:00,4,4,high_value_active
2581,balanced,paid_search,10568.38,2,2024-08-05 15:00:00,4,2,high_value_at_risk
720,balanced,bank_partner,10522.45,3,2024-11-16 15:00:00,4,3,high_value_at_risk
8152,cautious,paid_search,10486.02,3,2024-09-28 15:00:00,4,4,high_value_at_risk
9535,cautious,organic,10457.06,2,2024-03-03 15:00:00,4,3,high_value_at_risk
878,cautious,organic,10456.05,2,2024-07-22 15:00:00,4,2,high_value_at_risk
8089,aggressive,referral,10450.23,4,2025-03-02 15:00:00,4,4,high_value_active
3953,aggressive,referral,10446.74,2,2025-03-17 15:00:00,4,2,growth_investor
3086,cautious,referral,10435.73,2,2024-11-12 15:00:00,4,2,high_value_at_risk
4793,aggressive,organic,10248.29,3,2024-10-03 15:00:00,4,3,high_value_at_risk
4760,balanced,referral,10239.61,4,2025-03-07 15:00:00,4,4,high_value_active
3670,aggressive,paid_search,10237.78,4,2024-09-13 15:00:00,4,4,high_value_at_risk
10885,balanced,paid_search,10170.37,3,2024-10-30 15:00:00,4,4,high_value_at_risk
4503,cautious,paid_search,10147.8,2,2024-06-03 15:00:00,4,2,high_value_at_risk
4949,aggressive,organic,10141.95,2,2024-12-12 15:00:00,4,2,high_value_at_risk
10484,balanced,paid_search,10110.49,3,2024-06-12 15:00:00,4,4,high_value_at_risk
9297,aggressive,organic,10092.75,4,2025-03-10 15:00:00,4,4,high_value_active
3436,balanced,social,10077.71,6,2025-01-12 15:00:00,4,4,high_value_active
2821,cautious,social,10042.67,2,2024-04-27 15:00:00,4,2,high_value_at_risk
1441,aggressive,social,10038.68,6,2024-12-13 15:00:00,4,4,high_value_at_risk
7637,aggressive,organic,10028.83,2,2024-09-27 15:00:00,4,3,high_value_at_risk
2956,cautious,paid_search,9994.21,5,2025-01-30 15:00:00,4,4,high_value_active
6158,cautious,organic,9936.41,2,2024-12-10 15:00:00,4,2,high_value_at_risk
11759,balanced,referral,9910.31,5,2024-12-16 15:00:00,4,4,high_value_at_risk
8348,balanced,paid_search,9851.5,3,2025-02-07 15:00:00,4,4,high_value_active
599,cautious,referral,9835.47,4,2025-02-01 15:00:00,3,4,growth_investor
11921,balanced,paid_search,9762.37,2,2024-10-17 15:00:00,3,3,high_value_at_risk
4469,balanced,referral,9738.95,3,2024-10-09 15:00:00,3,3,high_value_at_risk
3442,aggressive,social,9720.6,3,2025-02-23 15:00:00,3,3,growth_investor
1164,cautious,bank_partner,9717.08,3,2024-04-23 15:00:00,3,3,high_value_at_risk
11164,balanced,bank_partner,9696.02,2,2024-12-28 15:00:00,3,3,high_value_at_risk
9092,cautious,social,9680.76,3,2024-07-05 15:00:00,3,4,high_value_at_risk
2862,balanced,referral,9639.91,3,2024-07-03 15:00:00,3,3,high_value_at_risk
10523,balanced,referral,9635.19,1,2024-08-07 14:00:00,3,1,high_value_at_risk
1879,cautious,paid_search,9598.32,4,2024-09-04 15:00:00,3,4,high_value_at_risk
5998,cautious,social,9558.16,3,2024-10-12 15:00:00,3,4,high_value_at_risk
8162,cautious,organic,9545.94,3,2024-09-13 15:00:00,3,4,high_value_at_risk
2558,aggressive,organic,9542.91,2,2025-02-07 15:00:00,3,2,growth_investor
8355,balanced,social,9531.15,1,2024-08-13 14:00:00,3,1,high_value_at_risk
5574,balanced,bank_partner,9515.51,2,2024-07-13 15:00:00,3,2,high_value_at_risk
8678,cautious,referral,9504.42,2,2024-06-29 15:00:00,3,3,high_value_at_risk
10997,balanced,referral,9477.22,3,2025-03-07 15:00:00,3,4,growth_investor
4952,balanced,organic,9438.04,2,2024-04-10 15:00:00,3,2,high_value_at_risk
4358,balanced,referral,9425.0,2,2025-02-06 15:00:00,3,2,growth_investor
2216,balanced,paid_search,9396.7,1,2024-09-21 14:00:00,3,1,high_value_at_risk
7711,balanced,bank_partner,9374.4,4,2025-01-15 15:00:00,3,4,growth_investor
9035,cautious,organic,9373.16,3,2025-03-03 15:00:00,3,4,growth_investor
65,balanced,organic,9344.85,4,2024-08-06 15:00:00,3,4,high_value_at_risk
7759,balanced,organic,9333.14,3,2025-02-23 15:00:00,3,4,growth_investor
4861,cautious,referral,9318.61,1,2024-09-07 14:00:00,3,1,high_value_at_risk
897,balanced,organic,9300.73,2,2025-02-23 15:00:00,3,2,growth_investor
6202,balanced,referral,9282.14,1,2024-05-04 14:00:00,3,1,high_value_at_risk
8052,cautious,bank_partner,9265.3,2,2024-10-13 15:00:00,3,3,high_value_at_risk
6178,cautious,referral,9265.01,3,2024-10-20 15:00:00,3,4,high_value_at_risk
2578,cautious,paid_search,9260.84,1,2024-07-26 14:00:00,3,1,high_value_at_risk
8437,aggressive,social,9254.78,3,2024-10-13 15:00:00,3,4,high_value_at_risk
9114,cautious,referral,9251.34,3,2024-11-20 15:00:00,3,4,high_value_at_risk
4010,balanced,social,9224.09,3,2024-07-29 15:00:00,3,3,high_value_at_risk
906,balanced,referral,9213.49,2,2024-11-04 15:00:00,3,2,high_value_at_risk
8767,balanced,bank_partner,9192.33,2,2024-04-02 15:00:00,3,3,high_value_at_risk
10297,cautious,bank_partner,9187.3,2,2024-08-21 15:00:00,3,3,high_value_at_risk
5244,balanced,referral,9175.73,3,2024-07-12 15:00:00,3,3,high_value_at_risk
9782,balanced,organic,9174.25,1,2024-03-28 14:00:00,3,1,high_value_at_risk
1381,balanced,social,9113.59,1,2024-05-04 14:00:00,3,1,high_value_at_risk
1336,cautious,social,9076.17,3,2024-08-30 15:00:00,3,3,high_value_at_risk
5668,balanced,referral,9027.0,1,2024-08-27 14:00:00,3,1,high_value_at_risk
5415,aggressive,social,9020.98,3,2024-06-23 15:00:00,3,3,high_value_at_risk
5526,aggressive,bank_partner,8895.77,3,2024-12-12 15:00:00,3,3,high_value_at_risk
7304,aggressive,organic,8883.93,2,2024-07-12 15:00:00,3,3,high_value_at_risk
1947,balanced,organic,8851.14,1,2024-01-22 14:00:00,3,1,high_value_at_risk
9357,balanced,referral,8849.49,2,2024-03-17 15:00:00,3,3,high_value_at_risk
220,aggressive,organic,8846.13,3,2024-09-27 15:00:00,3,3,high_value_at_risk
5545,balanced,organic,8832.97,3,2024-09-08 15:00:00,3,3,high_value_at_risk
9370,balanced,bank_partner,8802.78,1,2024-09-15 14:00:00,3,1,high_value_at_risk
3995,aggressive,organic,8769.04,4,2025-02-28 15:00:00,3,4,growth_investor
3232,cautious,organic,8759.89,3,2024-03-29 15:00:00,3,3,high_value_at_risk
11697,cautious,organic,8732.05,2,2025-01-02 15:00:00,3,3,growth_investor
981,aggressive,paid_search,8730.06,4,2024-08-14 15:00:00,3,4,high_value_at_risk
7801,balanced,bank_partner,8686.86,2,2024-09-06 15:00:00,3,3,high_value_at_risk
6121,aggressive,paid_search,8656.91,1,2024-01-27 14:00:00,3,1,high_value_at_risk
2495,balanced,organic,8638.0,2,2024-09-22 15:00:00,3,2,high_value_at_risk
9212,balanced,organic,8595.55,3,2025-03-06 15:00:00,3,4,growth_investor
2967,balanced,referral,8557.24,1,2024-09-22 14:00:00,3,1,high_value_at_risk
10714,balanced,bank_partner,8553.74,1,2024-06-07 14:00:00,3,2,high_value_at_risk
1916,aggressive,bank_partner,8545.8,2,2024-09-16 15:00:00,3,2,high_value_at_risk
1478,cautious,organic,8517.84,3,2024-12-23 15:00:00,3,3,high_value_at_risk
10459,balanced,bank_partner,8517.82,4,2025-01-03 15:00:00,3,4,growth_investor
9741,cautious,referral,8514.13,4,2024-12-11 15:00:00,3,4,high_value_at_risk
10881,balanced,paid_search,8499.28,3,2024-06-24 15:00:00,3,4,high_value_at_risk
5579,cautious,bank_partner,8469.45,2,2024-06-13 15:00:00,3,2,high_value_at_risk
1083,balanced,organic,8468.15,2,2024-12-23 15:00:00,3,2,high_value_at_risk
1059,cautious,bank_partner,8467.41,1,2024-07-30 14:00:00,3,1,high_value_at_risk
7081,balanced,organic,8426.33,3,2024-11-29 15:00:00,3,4,high_value_at_risk
153,balanced,referral,8395.4,3,2025-01-27 15:00:00,3,3,growth_investor
2801,balanced,paid_search,8387.18,2,2025-01-27 15:00:00,3,2,growth_investor
9329,cautious,paid_search,8361.48,3,2024-12-02 15:00:00,3,4,high_value_at_risk
4690,cautious,organic,8360.57,2,2024-06-25 15:00:00,3,2,high_value_at_risk
4102,cautious,organic,8349.42,2,2024-05-04 15:00:00,3,2,high_value_at_risk
10593,balanced,social,8344.11,6,2024-11-23 15:00:00,3,4,high_value_at_risk
2088,balanced,organic,8314.49,1,2024-06-17 14:00:00,3,1,high_value_at_risk
1426,aggressive,paid_search,8305.7,2,2024-03-19 15:00:00,3,2,high_value_at_risk
11967,balanced,organic,8282.62,1,2024-04-06 14:00:00,3,2,high_value_at_risk
9640,balanced,paid_search,8274.37,2,2025-01-20 15:00:00,3,3,growth_investor
4563,cautious,organic,8260.78,1,2024-11-16 14:00:00,3,1,high_value_at_risk
8989,balanced,referral,8233.2,3,2024-10-27 15:00:00,3,4,high_value_at_risk
5973,cautious,paid_search,8231.74,4,2025-03-27 15:00:00,3,4,growth_investor
4062,cautious,bank_partner,8167.42,1,2024-08-17 14:00:00,3,1,high_value_at_risk
3099,cautious,organic,8165.53,2,2024-08-01 15:00:00,3,2,high_value_at_risk
2560,aggressive,social,8162.84,2,2024-10-25 15:00:00,3,2,high_value_at_risk
11761,balanced,organic,8151.2,2,2024-07-24 15:00:00,3,3,high_value_at_risk
6607,balanced,bank_partner,8138.1,2,2025-02-22 15:00:00,3,2,growth_investor
11057,balanced,organic,8083.05,3,2025-02-10 15:00:00,3,4,growth_investor
1234,balanced,referral,8046.84,2,2024-02-12 15:00:00,3,2,high_value_at_risk
5777,balanced,bank_partner,8046.78,3,2025-02-25 15:00:00,3,4,growth_investor
5586,cautious,paid_search,7999.76,3,2025-01-24 15:00:00,3,3,growth_investor
5447,balanced,referral,7999.3,2,2024-12-31 15:00:00,3,2,growth_investor
2772,balanced,organic,7992.34,3,2024-08-21 15:00:00,3,3,high_value_at_risk
5753,aggressive,bank_partner,7958.15,3,2024-07-13 15:00:00,3,4,high_value_at_risk
524,aggressive,social,7952.8,4,2024-11-09 15:00:00,3,4,high_value_at_risk
7350,aggressive,organic,7949.3,5,2025-01-30 15:00:00,3,4,growth_investor
2327,balanced,referral,7918.77,3,2024-05-19 15:00:00,3,3,high_value_at_risk
8654,cautious,paid_search,7827.31,2,2024-06-04 15:00:00,3,3,high_value_at_risk
9225,balanced,bank_partner,7823.83,2,2025-01-04 15:00:00,3,3,growth_investor
3325,balanced,social,7806.87,2,2024-10-19 15:00:00,3,2,high_value_at_risk
6233,cautious,organic,7799.14,2,2024-04-13 15:00:00,3,2,high_value_at_risk
1001,cautious,bank_partner,7795.36,2,2025-02-14 15:00:00,3,2,growth_investor
10692,balanced,paid_search,7777.41,3,2024-08-27 15:00:00,3,4,high_value_at_risk
724,cautious,paid_search,7771.61,3,2024-11-06 15:00:00,3,3,high_value_at_risk
3985,cautious,referral,7767.45,2,2024-05-09 15:00:00,3,2,high_value_at_risk
1607,balanced,referral,7727.07,3,2024-10-22 15:00:00,3,3,high_value_at_risk
4300,aggressive,organic,7693.1,2,2025-01-17 15:00:00,3,2,growth_investor
490,cautious,organic,7658.49,4,2024-12-21 15:00:00,3,4,high_value_at_risk
10773,cautious,paid_search,7655.14,2,2024-04-29 15:00:00,3,3,high_value_at_risk
5318,balanced,organic,7637.23,2,2024-11-07 15:00:00,3,2,high_value_at_risk
8171,balanced,referral,7616.75,1,2024-11-10 14:00:00,3,1,high_value_at_risk
3134,balanced,organic,7615.78,2,2024-11-28 15:00:00,3,2,high_value_at_risk
4388,balanced,referral,7615.52,2,2024-09-11 15:00:00,3,2,high_value_at_risk
2547,aggressive,paid_search,7588.12,3,2024-05-27 15:00:00,3,3,high_value_at_risk
7747,balanced,paid_search,7561.11,3,2024-12-25 15:00:00,3,4,high_value_at_risk
8228,balanced,social,7545.51,3,2025-03-04 15:00:00,3,4,growth_investor
8352,balanced,social,7538.88,3,2025-03-01 15:00:00,3,4,growth_investor
3664,balanced,organic,7529.06,3,2024-08-02 15:00:00,3,3,high_value_at_risk
9620,cautious,referral,7515.15,3,2024-12-04 15:00:00,3,4,high_value_at_risk
2710,cautious,paid_search,7483.54,2,2025-03-14 15:00:00,3,2,growth_investor
5682,balanced,social,7481.89,1,2025-01-16 14:00:00,3,1,growth_investor
9735,balanced,social,7473.18,2,2024-09-05 15:00:00,3,3,high_value_at_risk
8272,aggressive,paid_search,7473.09,3,2025-01-06 15:00:00,3,4,growth_investor
7169,balanced,bank_partner,7418.19,1,2024-04-03 14:00:00,3,1,high_value_at_risk
9249,cautious,social,7411.77,3,2024-06-30 15:00:00,3,4,high_value_at_risk
8689,aggressive,referral,7400.36,3,2024-12-25 15:00:00,3,4,high_value_at_risk
3085,cautious,bank_partner,7380.49,3,2024-07-28 15:00:00,3,3,high_value_at_risk
4125,balanced,organic,7305.31,3,2024-11-04 15:00:00,3,3,high_value_at_risk
27,cautious,paid_search,7266.38,2,2024-05-06 15:00:00,3,2,high_value_at_risk
10735,balanced,social,7263.58,2,2024-09-20 15:00:00,3,3,high_value_at_risk
8390,cautious,organic,7239.02,2,2024-11-10 15:00:00,3,3,high_value_at_risk
20,balanced,referral,7228.38,2,2024-09-30 15:00:00,3,2,high_value_at_risk
9774,balanced,paid_search,7227.66,1,2024-12-18 14:00:00,3,1,high_value_at_risk
10930,balanced,paid_search,7220.81,1,2024-12-01 14:00:00,3,2,high_value_at_risk
4149,cautious,organic,7190.5,2,2025-02-17 15:00:00,3,2,growth_investor
11934,aggressive,referral,7186.64,2,2024-04-28 15:00:00,3,3,high_value_at_risk
9970,balanced,social,7151.08,1,2025-01-18 14:00:00,3,1,growth_investor
7804,balanced,paid_search,7143.11,1,2025-01-13 14:00:00,3,1,growth_investor
1971,balanced,organic,7141.3,2,2024-10-13 15:00:00,3,2,high_value_at_risk
6897,balanced,bank_partner,7129.71,4,2024-10-30 15:00:00,3,4,high_value_at_risk
10335,balanced,paid_search,7124.17,4,2024-12-10 15:00:00,3,4,high_value_at_risk
7763,balanced,organic,7122.81,2,2024-10-22 15:00:00,3,3,high_value_at_risk
4475,balanced,paid_search,7102.96,2,2024-08-05 15:00:00,3,2,high_value_at_risk
8844,balanced,organic,7070.14,1,2024-09-13 14:00:00,3,1,high_value_at_risk
6381,balanced,organic,7046.31,2,2024-05-12 15:00:00,3,2,high_value_at_risk
2553,cautious,referral,7038.74,2,2024-05-30 15:00:00,3,2,high_value_at_risk
4258,cautious,organic,7027.22,1,2024-08-26 14:00:00,3,1,high_value_at_risk
10590,balanced,referral,7021.38,1,2024-05-19 14:00:00,3,1,high_value_at_risk
5435,balanced,referral,6996.98,1,2024-06-15 14:00:00,3,1,high_value_at_risk
570,cautious,organic,6980.1,2,2024-11-25 15:00:00,3,2,high_value_at_risk
7252,cautious,social,6978.04,3,2025-03-26 15:00:00,3,4,growth_investor
4336,aggressive,referral,6967.1,2,2024-08-06 15:00:00,3,2,high_value_at_risk
2892,aggressive,referral,6957.99,6,2024-12-18 15:00:00,3,4,high_value_at_risk
10652,balanced,organic,6939.65,4,2024-09-17 15:00:00,3,4,high_value_at_risk
10850,aggressive,social,6857.83,2,2024-04-03 15:00:00,3,3,high_value_at_risk
6940,balanced,organic,6796.13,1,2024-07-25 14:00:00,3,1,high_value_at_risk
10409,balanced,social,6758.85,4,2025-02-18 15:00:00,3,4,growth_investor
11692,balanced,referral,6749.73,3,2024-12-17 15:00:00,3,4,high_value_at_risk
10202,aggressive,referral,6742.58,2,2025-02-15 15:00:00,3,3,growth_investor
4077,aggressive,referral,6718.58,2,2024-09-22 15:00:00,3,2,high_value_at_risk
6209,aggressive,organic,6718.28,4,2025-01-31 15:00:00,3,4,growth_investor
3215,aggressive,bank_partner,6710.65,6,2025-02-10 15:00:00,3,4,growth_investor
7964,balanced,social,6663.81,1,2025-01-24 14:00:00,3,1,growth_investor
6185,cautious,social,6646.75,2,2024-09-02 15:00:00,3,2,high_value_at_risk
7593,balanced,bank_partner,6624.8,4,2025-03-15 15:00:00,3,4,growth_investor
3962,cautious,organic,6609.25,3,2025-03-25 15:00:00,3,3,growth_investor
10477,balanced,organic,6608.99,5,2024-08-31 15:00:00,3,4,high_value_at_risk
1118,balanced,paid_search,6598.25,3,2024-09-05 15:00:00,3,3,high_value_at_risk
782,aggressive,social,6586.93,3,2025-03-04 15:00:00,3,3,growth_investor
9180,cautious,organic,6565.49,1,2024-08-20 14:00:00,3,1,high_value_at_risk
2147,balanced,organic,6551.26,1,2024-06-17 14:00:00,3,1,high_value_at_risk
2153,balanced,social,6534.0,4,2025-01-02 15:00:00,3,4,growth_investor
6087,balanced,referral,6515.18,1,2024-04-27 14:00:00,3,1,high_value_at_risk
336,cautious,bank_partner,6472.95,2,2025-03-06 15:00:00,3,2,growth_investor
7459,balanced,paid_search,6467.56,2,2024-07-13 15:00:00,3,3,high_value_at_risk
749,cautious,social,6453.99,2,2024-06-23 15:00:00,3,2,high_value_at_risk
8883,aggressive,paid_search,6439.06,4,2024-05-24 15:00:00,3,4,high_value_at_risk
8050,aggressive,organic,6418.33,2,2024-04-22 15:00:00,3,3,high_value_at_risk
2314,balanced,bank_partner,6385.3,3,2024-09-19 15:00:00,3,3,high_value_at_risk
9919,balanced,bank_partner,6372.17,1,2024-11-15 14:00:00,3,1,high_value_at_risk
242,balanced,organic,6371.35,1,2024-02-27 14:00:00,3,1,high_value_at_risk
3893,cautious,organic,6311.24,3,2024-09-02 15:00:00,3,3,high_value_at_risk
3998,balanced,social,6306.58,1,2024-09-11 14:00:00,3,1,high_value_at_risk
4303,aggressive,referral,6290.63,3,2024-09-04 15:00:00,3,3,high_value_at_risk
329,cautious,referral,6288.25,1,2024-12-19 14:00:00,3,1,high_value_at_risk
10322,balanced,bank_partner,6271.61,3,2024-05-11 15:00:00,3,4,high_value_at_risk
3378,balanced,organic,6248.92,2,2024-10-07 15:00:00,3,2,high_value_at_risk
10324,cautious,referral,6246.78,5,2024-09-04 15:00:00,3,4,high_value_at_risk
7706,cautious,social,6246.21,5,2024-12-02 15:00:00,3,4,high_value_at_risk
8005,aggressive,referral,6234.46,5,2024-09-11 15:00:00,3,4,high_value_at_risk
6816,balanced,referral,6184.52,2,2024-10-12 15:00:00,3,2,high_value_at_risk
3588,balanced,paid_search,6179.94,3,2025-03-20 15:00:00,3,3,growth_investor
743,balanced,referral,6130.77,3,2024-06-05 15:00:00,3,3,high_value_at_risk
8025,aggressive,organic,6116.14,2,2024-04-30 15:00:00,3,3,high_value_at_risk
6139,balanced,paid_search,6074.9,4,2024-10-12 15:00:00,3,4,high_value_at_risk
940,balanced,organic,6072.76,2,2025-03-06 15:00:00,3,2,growth_investor
6900,aggressive,organic,6069.99,4,2024-11-25 15:00:00,3,4,high_value_at_risk
7656,cautious,organic,6048.14,1,2024-02-18 14:00:00,3,1,high_value_at_risk
3847,balanced,paid_search,6042.69,2,2025-02-07 15:00:00,3,2,growth_investor
1403,aggressive,social,6025.44,4,2025-01-21 15:00:00,3,4,growth_investor
6396,cautious,paid_search,5978.15,1,2024-11-16 14:00:00,3,1,high_value_at_risk
10515,cautious,organic,5953.23,3,2024-07-03 15:00:00,3,4,high_value_at_risk
1022,cautious,social,5945.98,3,2024-11-06 15:00:00,3,3,high_value_at_risk
5488,aggressive,organic,5908.8,3,2024-10-23 15:00:00,3,3,high_value_at_risk
916,aggressive,organic,5902.28,3,2025-01-07 15:00:00,3,3,growth_investor
5285,aggressive,referral,5876.82,3,2024-04-08 15:00:00,3,3,high_value_at_risk
8133,cautious,bank_partner,5846.95,1,2024-04-06 14:00:00,3,1,high_value_at_risk
5544,balanced,organic,5844.22,2,2024-05-22 15:00:00,3,2,high_value_at_risk
6273,balanced,paid_search,5833.29,3,2024-10-16 15:00:00,3,4,high_value_at_risk
5805,cautious,bank_partner,5824.95,2,2024-04-07 15:00:00,3,2,high_value_at_risk
10086,balanced,referral,5815.69,2,2025-02-28 15:00:00,3,3,growth_investor
1079,cautious,bank_partner,5801.31,2,2024-08-26 15:00:00,3,2,high_value_at_risk
11339,balanced,paid_search,5799.95,3,2025-03-20 15:00:00,3,4,growth_investor
6693,balanced,referral,5796.6,2,2024-02-23 15:00:00,3,2,high_value_at_risk
3520,cautious,bank_partner,5751.76,1,2024-07-07 14:00:00,3,1,high_value_at_risk
11236,balanced,organic,5744.32,3,2024-11-23 15:00:00,3,4,high_value_at_risk
6000,balanced,paid_search,5721.05,1,2024-11-12 14:00:00,3,1,high_value_at_risk
7915,balanced,bank_partner,5719.1,2,2024-09-18 15:00:00,3,3,high_value_at_risk
591,aggressive,organic,5679.2,3,2024-08-08 15:00:00,3,3,high_value_at_risk
7511,aggressive,paid_search,5652.84,2,2025-02-13 15:00:00,3,3,growth_investor
5836,balanced,bank_partner,5652.43,2,2024-07-01 15:00:00,3,2,high_value_at_risk
8611,cautious,bank_partner,5643.97,2,2024-06-22 15:00:00,3,3,high_value_at_risk
9668,balanced,social,5611.87,4,2024-12-12 15:00:00,3,4,high_value_at_risk
2599,cautious,referral,5606.88,3,2024-10-18 15:00:00,3,3,high_value_at_risk
8739,cautious,bank_partner,5596.91,1,2024-07-19 14:00:00,3,1,high_value_at_risk
7325,balanced,paid_search,5592.29,1,2024-06-12 14:00:00,3,1,high_value_at_risk
6524,balanced,bank_partner,5574.6,3,2024-12-06 15:00:00,3,4,high_value_at_risk
6259,cautious,social,5557.8,3,2025-02-06 15:00:00,3,4,growth_investor
5584,balanced,organic,5550.54,2,2024-06-24 15:00:00,3,2,high_value_at_risk
1284,balanced,bank_partner,5528.87,1,2024-09-03 14:00:00,3,1,high_value_at_risk
8251,balanced,social,5521.65,2,2024-09-13 15:00:00,3,3,high_value_at_risk
7415,aggressive,paid_search,5490.22,3,2024-11-28 15:00:00,3,4,high_value_at_risk
9221,aggressive,organic,5488.87,2,2024-09-09 15:00:00,3,3,high_value_at_risk
38,cautious,organic,5464.83,3,2025-01-25 15:00:00,3,3,growth_investor
3462,aggressive,paid_search,5460.73,1,2024-04-16 14:00:00,3,1,high_value_at_risk
8151,aggressive,organic,5442.02,2,2025-02-01 15:00:00,3,3,growth_investor
2332,aggressive,referral,5440.17,5,2024-12-04 15:00:00,3,4,high_value_at_risk
3901,cautious,referral,5434.18,2,2024-06-17 15:00:00,3,2,high_value_at_risk
7460,aggressive,referral,5423.87,2,2025-03-15 15:00:00,3,3,growth_investor
4795,balanced,organic,5421.9,2,2024-03-10 15:00:00,3,2,high_value_at_risk
4332,balanced,organic,5417.41,1,2024-05-24 14:00:00,3,1,high_value_at_risk
4752,cautious,referral,5412.72,3,2025-01-10 15:00:00,3,3,growth_investor
6482,cautious,bank_partner,5401.77,2,2024-03-04 15:00:00,3,2,high_value_at_risk
4122,aggressive,social,5385.42,2,2024-05-05 15:00:00,3,2,high_value_at_risk
2058,balanced,bank_partner,5319.06,1,2024-07-20 14:00:00,3,1,high_value_at_risk
2636,cautious,organic,5311.42,1,2024-04-15 14:00:00,3,1,high_value_at_risk
5364,aggressive,referral,5305.0,4,2024-11-04 15:00:00,3,4,high_value_at_risk
10040,cautious,referral,5300.72,2,2024-03-19 15:00:00,3,3,high_value_at_risk
9680,cautious,referral,5299.32,1,2024-12-07 14:00:00,3,1,high_value_at_risk
8419,balanced,social,5280.94,1,2024-09-12 14:00:00,3,1,high_value_at_risk
8461,balanced,bank_partner,5280.25,3,2024-09-09 15:00:00,3,4,high_value_at_risk
6969,cautious,organic,5279.79,2,2024-11-09 15:00:00,3,2,high_value_at_risk
4736,balanced,organic,5268.85,3,2024-06-03 15:00:00,3,3,high_value_at_risk
7844,aggressive,referral,5266.94,1,2024-12-16 14:00:00,3,1,high_value_at_risk
9776,cautious,referral,5230.98,2,2025-02-02 15:00:00,3,3,growth_investor
3035,aggressive,paid_search,5221.13,6,2024-08-15 15:00:00,3,4,high_value_at_risk
9068,balanced,paid_search,5208.27,2,2024-08-04 15:00:00,3,3,high_value_at_risk
9456,balanced,organic,5204.42,2,2025-03-29 15:00:00,3,3,growth_investor
11950,balanced,paid_search,5190.3,2,2024-05-22 15:00:00,3,3,high_value_at_risk
8579,balanced,paid_search,5173.29,2,2025-01-28 15:00:00,3,3,growth_investor
6983,aggressive,organic,5169.65,3,2024-04-06 15:00:00,3,4,high_value_at_risk
9001,balanced,social,5155.87,3,2024-06-01 15:00:00,3,4,high_value_at_risk
7346,balanced,organic,5119.27,3,2024-12-29 15:00:00,3,4,high_value_at_risk
2516,balanced,social,5088.09,2,2024-06-13 15:00:00,3,2,high_value_at_risk
11984,balanced,referral,5076.07,1,2025-01-08 14:00:00,3,2,growth_investor
310,cautious,referral,5074.22,3,2024-05-20 15:00:00,3,3,high_value_at_risk
9442,cautious,bank_partner,5057.66,2,2024-08-04 15:00:00,3,3,high_value_at_risk
9473,balanced,organic,5039.07,4,2024-12-16 15:00:00,3,4,high_value_at_risk
1306,cautious,bank_partner,5016.55,3,2024-09-08 15:00:00,3,3,high_value_at_risk
4032,cautious,organic,5016.18,2,2024-06-02 15:00:00,3,2,high_value_at_risk
9967,balanced,referral,4993.71,1,2024-02-12 14:00:00,3,1,high_value_at_risk
2038,cautious,organic,4990.74,2,2025-02-20 15:00:00,3,2,growth_investor
6647,balanced,paid_search,4989.84,1,2024-09-26 14:00:00,3,1,high_value_at_risk
2996,balanced,paid_search,4983.93,2,2024-10-05 15:00:00,3,2,high_value_at_risk
5841,balanced,social,4980.71,3,2024-04-01 15:00:00,3,4,high_value_at_risk
3164,cautious,social,4943.71,2,2025-01-14 15:00:00,3,2,growth_investor
8329,cautious,organic,4924.41,2,2024-10-24 15:00:00,3,3,high_value_at_risk
10974,cautious,organic,4907.5,2,2024-05-21 15:00:00,3,3,high_value_at_risk
8727,cautious,referral,4891.85,1,2024-11-08 14:00:00,3,1,high_value_at_risk
6195,cautious,paid_search,4883.56,3,2025-03-05 15:00:00,3,4,growth_investor
8585,balanced,bank_partner,4874.74,3,2024-09-16 15:00:00,3,4,high_value_at_risk
1422,cautious,bank_partner,4844.13,2,2024-12-06 15:00:00,3,2,high_value_at_risk
9864,aggressive,organic,4827.88,3,2024-07-03 15:00:00,3,4,high_value_at_risk
3710,cautious,organic,4808.61,5,2025-02-26 15:00:00,3,4,growth_investor
2591,balanced,paid_search,4804.94,1,2024-02-15 14:00:00,3,1,high_value_at_risk
5577,balanced,bank_partner,4797.99,2,2025-01-18 15:00:00,3,2,growth_investor
10638,balanced,organic,4787.97,3,2025-02-18 15:00:00,3,4,growth_investor
2253,balanced,paid_search,4763.85,1,2024-04-04 14:00:00,3,1,high_value_at_risk
7577,cautious,social,4761.38,3,2025-01-04 15:00:00,3,4,growth_investor
6809,balanced,organic,4760.75,2,2024-08-30 15:00:00,3,2,high_value_at_risk
10618,cautious,organic,4720.49,1,2024-09-16 14:00:00,3,1,high_value_at_risk
1012,cautious,social,4714.86,4,2025-03-04 15:00:00,3,4,growth_investor
3635,balanced,paid_search,4714.15,1,2024-10-01 14:00:00,3,1,high_value_at_risk
6919,cautious,organic,4711.41,1,2024-09-16 14:00:00,3,1,high_value_at_risk
6499,cautious,social,4710.44,4,2024-09-26 15:00:00,3,4,high_value_at_risk
11034,balanced,social,4701.7,3,2024-06-26 15:00:00,3,4,high_value_at_risk
1267,balanced,referral,4699.72,2,2024-06-17 15:00:00,3,2,high_value_at_risk
4579,balanced,organic,4694.81,1,2024-02-23 14:00:00,3,1,high_value_at_risk
1846,cautious,bank_partner,4686.82,1,2024-10-07 14:00:00,3,1,high_value_at_risk
6211,cautious,organic,4685.23,2,2024-11-10 15:00:00,3,2,high_value_at_risk
7238,aggressive,bank_partner,4674.28,2,2024-06-26 15:00:00,3,3,high_value_at_risk
1967,cautious,organic,4635.22,2,2025-03-16 15:00:00,3,2,growth_investor
664,balanced,referral,4613.65,4,2024-11-18 15:00:00,3,4,high_value_at_risk
5697,balanced,social,4612.95,2,2024-07-22 15:00:00,3,2,high_value_at_risk
6811,cautious,bank_partner,4588.33,2,2024-10-04 15:00:00,3,2,high_value_at_risk
11026,cautious,organic,4586.44,2,2024-04-05 15:00:00,3,3,high_value_at_risk
3390,aggressive,organic,4585.35,3,2024-04-09 15:00:00,3,3,high_value_at_risk
4194,cautious,social,4572.54,2,2025-03-23 15:00:00,3,2,growth_investor
8738,balanced,organic,4572.01,1,2024-07-17 14:00:00,3,1,high_value_at_risk
884,balanced,referral,4554.66,3,2025-02-22 15:00:00,3,3,growth_investor
10509,cautious,referral,4534.26,3,2025-02-23 15:00:00,3,4,growth_investor
6921,balanced,paid_search,4523.93,2,2024-12-31 15:00:00,3,2,growth_investor
2309,cautious,bank_partner,4502.96,5,2024-06-24 15:00:00,3,4,high_value_at_risk
7065,balanced,organic,4455.55,2,2024-06-03 15:00:00,3,3,high_value_at_risk
11153,cautious,social,4448.99,1,2024-06-26 14:00:00,3,2,high_value_at_risk
3002,cautious,organic,4428.65,2,2024-11-01 15:00:00,3,2,high_value_at_risk
7008,balanced,organic,4423.61,1,2024-05-08 14:00:00,3,1,high_value_at_risk
114,cautious,organic,4407.28,2,2024-11-06 15:00:00,3,2,high_value_at_risk
2163,balanced,organic,4405.22,3,2024-10-21 15:00:00,3,3,high_value_at_risk
1216,cautious,bank_partner,4364.08,1,2024-07-20 14:00:00,3,1,high_value_at_risk
8546,aggressive,referral,4350.66,4,2024-12-28 15:00:00,3,4,high_value_at_risk
7909,balanced,referral,4347.1,1,2024-04-14 14:00:00,3,1,high_value_at_risk
11035,aggressive,paid_search,4328.65,1,2024-04-16 14:00:00,3,2,high_value_at_risk
7055,cautious,bank_partner,4325.64,2,2024-06-20 15:00:00,3,3,high_value_at_risk
3278,balanced,organic,4319.55,1,2024-11-04 14:00:00,3,1,high_value_at_risk
3895,cautious,bank_partner,4312.35,4,2025-01-31 15:00:00,3,4,growth_investor
11016,balanced,organic,4310.84,1,2024-03-03 14:00:00,3,2,high_value_at_risk
2942,balanced,social,4298.41,3,2025-03-24 15:00:00,3,3,growth_investor
11839,cautious,bank_partner,4296.3,2,2025-02-19 15:00:00,3,3,growth_investor
4042,balanced,organic,4278.53,2,2024-11-10 15:00:00,3,2,high_value_at_risk
7674,cautious,social,4274.56,1,2024-10-27 14:00:00,3,1,high_value_at_risk
11187,balanced,social,4269.92,4,2025-01-12 15:00:00,3,4,growth_investor
10723,balanced,social,4262.81,3,2025-01-14 15:00:00,3,4,growth_investor
5368,balanced,referral,4255.26,1,2024-04-17 14:00:00,3,1,high_value_at_risk
1804,balanced,paid_search,4249.2,3,2024-08-31 15:00:00,3,3,high_value_at_risk
11858,balanced,paid_search,4249.15,3,2025-03-13 15:00:00,3,4,growth_investor
7720,balanced,organic,4240.94,1,2024-09-22 14:00:00,3,1,high_value_at_risk
10937,balanced,organic,4221.08,1,2024-09-17 14:00:00,3,2,high_value_at_risk
2832,aggressive,organic,4220.05,3,2024-12-26 15:00:00,3,3,high_value_at_risk
8671,balanced,bank_partner,4213.54,3,2024-11-29 15:00:00,3,4,high_value_at_risk
10315,balanced,bank_partner,4212.99,1,2024-02-25 14:00:00,3,1,high_value_at_risk
10270,cautious,referral,4200.33,1,2024-04-27 14:00:00,3,1,high_value_at_risk
3767,aggressive,referral,4197.51,3,2024-10-05 15:00:00,3,3,high_value_at_risk
9422,aggressive,organic,4155.53,3,2025-03-14 15:00:00,3,4,growth_investor
2675,balanced,organic,4153.96,2,2025-02-12 15:00:00,3,2,growth_investor
10361,aggressive,bank_partner,4133.76,4,2024-12-17 15:00:00,3,4,high_value_at_risk
741,balanced,paid_search,4133.47,2,2024-06-15 15:00:00,3,2,high_value_at_risk
246,balanced,organic,4132.9,3,2025-03-30 15:00:00,3,3,growth_investor
1510,balanced,social,4120.36,2,2025-01-16 15:00:00,3,2,growth_investor
5615,balanced,referral,4108.39,2,2024-06-04 15:00:00,3,2,high_value_at_risk
5702,cautious,paid_search,4091.99,3,2025-02-20 15:00:00,2,4,growth_investor
9359,aggressive,organic,4087.38,2,2024-11-12 15:00:00,2,3,growth_investor
680,aggressive,referral,4079.48,2,2024-09-01 15:00:00,2,2,growth_investor
7359,cautious,organic,4073.6,3,2024-05-15 15:00:00,2,4,growth_investor
6172,balanced,organic,4069.81,1,2024-02-26 14:00:00,2,1,growth_investor
11146,balanced,paid_search,4064.13,2,2024-06-01 15:00:00,2,3,growth_investor
11593,balanced,organic,4060.59,2,2024-11-02 15:00:00,2,3,growth_investor
5182,balanced,organic,4060.26,2,2024-10-29 15:00:00,2,2,growth_investor
11768,cautious,organic,4034.62,4,2025-02-14 15:00:00,2,4,growth_investor
8833,cautious,referral,4016.16,2,2024-10-12 15:00:00,2,3,growth_investor
7397,balanced,paid_search,3966.04,4,2024-12-22 15:00:00,2,4,growth_investor
6371,cautious,paid_search,3962.61,1,2024-02-04 14:00:00,2,1,growth_investor
8710,balanced,organic,3958.12,2,2024-10-13 15:00:00,2,3,growth_investor
6546,aggressive,organic,3949.58,4,2024-10-16 15:00:00,2,4,growth_investor
8049,balanced,bank_partner,3945.5,2,2024-05-07 15:00:00,2,3,growth_investor
4310,balanced,organic,3922.71,3,2025-01-19 15:00:00,2,3,growth_investor
9515,aggressive,bank_partner,3914.82,3,2024-10-22 15:00:00,2,4,growth_investor
3293,balanced,organic,3902.43,2,2024-08-16 15:00:00,2,2,growth_investor
7700,cautious,paid_search,3895.87,3,2024-05-26 15:00:00,2,4,growth_investor
11597,aggressive,organic,3888.62,2,2025-01-09 15:00:00,2,3,growth_investor
6976,cautious,social,3874.7,3,2024-08-06 15:00:00,2,4,growth_investor
4098,balanced,referral,3869.37,3,2025-01-01 15:00:00,2,3,growth_investor
6407,balanced,organic,3868.88,1,2024-07-22 14:00:00,2,1,growth_investor
8340,balanced,social,3863.63,2,2024-05-10 15:00:00,2,3,growth_investor
6519,cautious,paid_search,3850.46,3,2024-07-07 15:00:00,2,4,growth_investor
4065,cautious,organic,3840.78,3,2024-12-16 15:00:00,2,3,growth_investor
11046,aggressive,organic,3839.4,3,2024-05-11 15:00:00,2,4,growth_investor
2509,balanced,referral,3832.03,1,2024-02-29 14:00:00,2,1,growth_investor
10882,aggressive,bank_partner,3826.53,3,2024-05-30 15:00:00,2,4,growth_investor
9472,cautious,referral,3812.3,1,2024-05-19 14:00:00,2,1,growth_investor
2790,cautious,organic,3802.78,4,2024-05-01 15:00:00,2,4,growth_investor
9387,aggressive,bank_partner,3796.87,1,2024-12-16 14:00:00,2,1,growth_investor
930,cautious,social,3790.67,2,2024-12-20 15:00:00,2,2,growth_investor
6349,cautious,referral,3782.53,2,2024-11-02 15:00:00,2,2,growth_investor
221,balanced,organic,3774.56,1,2024-12-12 14:00:00,2,1,growth_investor
2534,balanced,social,3772.84,2,2024-08-29 15:00:00,2,2,growth_investor
7063,aggressive,paid_search,3755.44,2,2025-02-23 15:00:00,2,3,growth_investor
8421,cautious,social,3749.89,3,2025-02-02 15:00:00,2,4,growth_investor
1105,balanced,referral,3741.96,2,2024-07-10 15:00:00,2,2,growth_investor
7094,balanced,paid_search,3731.71,2,2024-05-17 15:00:00,2,3,growth_investor
6538,aggressive,referral,3714.89,2,2024-04-14 15:00:00,2,2,growth_investor
5700,balanced,paid_search,3714.21,3,2025-01-25 15:00:00,2,4,growth_investor
6328,balanced,organic,3711.72,1,2024-02-27 14:00:00,2,1,growth_investor
10305,balanced,organic,3709.72,1,2024-06-13 14:00:00,2,1,growth_investor
11546,balanced,paid_search,3706.57,2,2024-08-21 15:00:00,2,3,growth_investor
6618,aggressive,referral,3686.26,2,2024-10-15 15:00:00,2,2,growth_investor
3367,aggressive,referral,3683.1,3,2024-10-28 15:00:00,2,3,growth_investor
4683,balanced,organic,3661.23,2,2025-01-25 15:00:00,2,2,growth_investor
7639,aggressive,social,3656.04,4,2025-02-17 15:00:00,2,4,growth_investor
3286,cautious,referral,3653.02,2,2024-10-14 15:00:00,2,2,growth_investor
7366,cautious,bank_partner,3641.59,2,2025-01-08 15:00:00,2,3,growth_investor
1983,cautious,social,3637.0,2,2024-10-18 15:00:00,2,2,growth_investor
7387,balanced,organic,3633.57,2,2024-02-21 15:00:00,2,3,growth_investor
8810,cautious,referral,3632.39,3,2024-08-07 15:00:00,2,4,growth_investor
5275,balanced,organic,3625.72,1,2024-04-18 14:00:00,2,1,growth_investor
9179,aggressive,bank_partner,3625.0,2,2024-03-10 15:00:00,2,3,growth_investor
10274,balanced,organic,3617.75,3,2024-08-30 15:00:00,2,4,growth_investor
2554,balanced,paid_search,3608.15,3,2024-09-16 15:00:00,2,3,growth_investor
9859,cautious,organic,3605.88,2,2024-08-24 15:00:00,2,3,growth_investor
5561,balanced,paid_search,3582.96,2,2024-07-01 15:00:00,2,2,growth_investor
5442,cautious,paid_search,3582.33,2,2025-03-17 15:00:00,2,2,growth_investor
1484,cautious,organic,3571.58,2,2025-01-21 15:00:00,2,2,growth_investor
4796,balanced,bank_partner,3565.63,2,2024-06-28 15:00:00,2,2,growth_investor
5588,cautious,organic,3556.87,1,2024-12-27 14:00:00,2,1,growth_investor
8913,balanced,referral,3548.25,3,2025-02-25 15:00:00,2,4,growth_investor
7540,aggressive,social,3547.13,2,2024-10-13 15:00:00,2,3,growth_investor
8750,balanced,bank_partner,3538.49,2,2025-02-08 15:00:00,2,3,growth_investor
6370,cautious,organic,3509.16,2,2025-01-28 15:00:00,2,2,growth_investor
11931,aggressive,organic,3506.8,4,2024-11-20 15:00:00,2,4,growth_investor
7093,balanced,bank_partner,3494.81,1,2024-11-07 14:00:00,2,1,growth_investor
1696,cautious,social,3492.86,1,2024-03-03 14:00:00,2,1,growth_investor
1075,cautious,bank_partner,3480.94,1,2024-03-13 14:00:00,2,1,growth_investor
2321,cautious,organic,3478.9,4,2024-09-15 15:00:00,2,4,growth_investor
9868,balanced,bank_partner,3474.91,1,2024-03-20 14:00:00,2,1,growth_investor
10497,balanced,social,3472.43,3,2024-09-17 15:00:00,2,4,growth_investor
11525,cautious,organic,3465.23,2,2025-03-11 15:00:00,2,3,growth_investor
571,balanced,organic,3458.0,1,2024-05-04 14:00:00,2,1,growth_investor
3784,aggressive,organic,3446.13,2,2024-04-27 15:00:00,2,2,growth_investor
9175,aggressive,organic,3445.38,2,2024-04-03 15:00:00,2,3,growth_investor
2198,balanced,social,3431.74,2,2024-12-12 15:00:00,2,2,growth_investor
9629,balanced,social,3428.55,2,2024-12-13 15:00:00,2,3,growth_investor
10212,balanced,organic,3426.48,1,2024-08-15 14:00:00,2,1,growth_investor
2220,balanced,organic,3424.88,1,2024-03-09 14:00:00,2,1,growth_investor
699,balanced,organic,3421.61,2,2024-12-13 15:00:00,2,2,growth_investor
6322,balanced,social,3421.46,3,2025-02-25 15:00:00,2,4,growth_investor
9252,balanced,paid_search,3419.7,2,2025-03-18 15:00:00,2,3,growth_investor
8141,balanced,bank_partner,3406.78,1,2024-04-13 14:00:00,2,1,growth_investor
11748,aggressive,organic,3405.16,3,2024-02-26 15:00:00,2,4,growth_investor
7288,balanced,bank_partner,3378.35,2,2025-02-18 15:00:00,2,3,growth_investor
2684,cautious,referral,3371.55,1,2024-12-11 14:00:00,2,1,growth_investor
1793,balanced,social,3362.39,3,2024-10-06 15:00:00,2,3,growth_investor
1664,cautious,paid_search,3357.83,2,2024-11-15 15:00:00,2,2,growth_investor
10643,balanced,organic,3353.53,3,2024-03-28 15:00:00,2,4,growth_investor
2432,balanced,bank_partner,3348.49,2,2024-04-21 15:00:00,2,2,growth_investor
463,balanced,organic,3336.55,4,2024-10-26 15:00:00,2,4,growth_investor
1088,balanced,bank_partner,3336.52,1,2024-04-17 14:00:00,2,1,growth_investor
7652,cautious,organic,3330.15,2,2024-12-22 15:00:00,2,3,growth_investor
10014,balanced,bank_partner,3329.4,3,2024-05-19 15:00:00,2,4,growth_investor
11256,cautious,social,3323.39,3,2025-02-12 15:00:00,2,4,growth_investor
3428,cautious,paid_search,3311.94,5,2025-03-04 15:00:00,2,4,growth_investor
3807,aggressive,referral,3311.81,1,2024-03-14 14:00:00,2,1,growth_investor
6704,balanced,referral,3303.12,1,2024-09-17 14:00:00,2,1,growth_investor
10466,balanced,bank_partner,3261.8,3,2025-02-16 15:00:00,2,4,growth_investor
5387,balanced,paid_search,3256.31,2,2024-09-15 15:00:00,2,2,growth_investor
4613,cautious,organic,3252.45,2,2025-02-25 15:00:00,2,2,growth_investor
4360,balanced,referral,3238.48,2,2024-06-19 15:00:00,2,2,growth_investor
8499,balanced,social,3231.23,3,2025-03-28 15:00:00,2,4,growth_investor
4535,balanced,organic,3226.77,1,2024-03-16 14:00:00,2,1,growth_investor
1523,aggressive,organic,3219.07,3,2024-10-02 15:00:00,2,3,growth_investor
90,balanced,paid_search,3214.08,3,2024-12-06 15:00:00,2,3,growth_investor
3925,cautious,organic,3213.44,4,2024-07-25 15:00:00,2,4,growth_investor
5087,balanced,paid_search,3207.05,4,2024-08-07 15:00:00,2,4,growth_investor
9798,balanced,paid_search,3194.8,3,2024-07-27 15:00:00,2,4,growth_investor
9256,balanced,referral,3192.02,2,2024-08-29 15:00:00,2,3,growth_investor
9854,cautious,organic,3181.2,4,2024-12-05 15:00:00,2,4,growth_investor
2425,balanced,paid_search,3167.95,1,2024-12-08 14:00:00,2,1,growth_investor
8323,aggressive,bank_partner,3164.04,2,2024-04-16 15:00:00,2,3,growth_investor
9382,balanced,social,3162.98,3,2024-11-25 15:00:00,2,4,growth_investor
7244,aggressive,organic,3157.55,3,2024-12-10 15:00:00,2,4,growth_investor
9850,balanced,organic,3151.73,1,2024-09-14 14:00:00,2,1,growth_investor
7208,balanced,organic,3143.4,1,2024-12-28 14:00:00,2,1,growth_investor
1026,cautious,bank_partner,3132.45,2,2025-01-07 15:00:00,2,2,growth_investor
5736,balanced,referral,3122.28,1,2024-07-05 14:00:00,2,1,growth_investor
5820,balanced,organic,3110.82,1,2024-10-28 14:00:00,2,1,growth_investor
1515,balanced,paid_search,3107.4,2,2024-02-26 15:00:00,2,2,growth_investor
1764,balanced,bank_partner,3107.39,1,2024-04-11 14:00:00,2,1,growth_investor
6368,cautious,social,3101.53,1,2024-09-26 14:00:00,2,1,growth_investor
3324,balanced,organic,3093.49,3,2024-09-09 15:00:00,2,3,growth_investor
6719,balanced,organic,3091.05,2,2024-02-29 15:00:00,2,2,growth_investor
6154,balanced,organic,3086.44,1,2024-04-03 14:00:00,2,1,growth_investor
5867,balanced,social,3082.86,1,2024-08-21 14:00:00,2,1,growth_investor
667,balanced,referral,3073.12,3,2025-03-07 15:00:00,2,3,growth_investor
2631,balanced,organic,3045.63,3,2025-01-30 15:00:00,2,3,growth_investor
3181,cautious,organic,3043.46,3,2024-12-14 15:00:00,2,3,growth_investor
3260,cautious,bank_partner,3039.67,2,2024-08-06 15:00:00,2,2,growth_investor
11900,cautious,paid_search,3017.61,5,2024-11-01 15:00:00,2,4,growth_investor
5723,balanced,organic,3013.69,4,2024-07-22 15:00:00,2,4,growth_investor
11895,balanced,paid_search,3006.24,3,2025-01-14 15:00:00,2,4,growth_investor
11132,balanced,organic,3001.52,4,2024-08-26 15:00:00,2,4,growth_investor
2711,aggressive,paid_search,2994.08,1,2024-03-18 14:00:00,2,1,growth_investor
3270,cautious,social,2982.88,2,2024-10-04 15:00:00,2,2,growth_investor
4698,aggressive,paid_search,2980.07,1,2024-09-29 14:00:00,2,1,growth_investor
2199,balanced,referral,2963.97,1,2024-08-30 14:00:00,2,1,growth_investor
9836,cautious,organic,2952.31,2,2024-09-19 15:00:00,2,3,growth_investor
5266,balanced,organic,2951.35,1,2024-08-30 14:00:00,2,1,growth_investor
7024,balanced,referral,2946.52,2,2025-03-15 15:00:00,2,3,growth_investor
5673,balanced,organic,2941.98,1,2024-04-21 14:00:00,2,1,growth_investor
11747,aggressive,referral,2937.58,2,2024-11-15 15:00:00,2,3,growth_investor
8990,aggressive,referral,2928.01,1,2024-12-09 14:00:00,2,1,growth_investor
8625,aggressive,paid_search,2926.81,4,2025-02-03 15:00:00,2,4,growth_investor
2644,cautious,referral,2923.97,2,2024-12-21 15:00:00,2,2,growth_investor
5847,cautious,organic,2915.42,3,2025-02-23 15:00:00,2,4,growth_investor
7148,balanced,referral,2913.85,2,2024-11-13 15:00:00,2,3,growth_investor
11147,cautious,organic,2911.13,1,2024-03-21 14:00:00,2,2,growth_investor
875,balanced,paid_search,2909.51,1,2025-01-04 14:00:00,2,1,growth_investor
4344,balanced,social,2907.41,2,2024-03-18 15:00:00,2,2,growth_investor
958,cautious,paid_search,2905.76,2,2024-07-09 15:00:00,2,2,growth_investor
7337,aggressive,bank_partner,2901.0,3,2025-03-09 15:00:00,2,4,growth_investor
10985,aggressive,social,2866.42,2,2024-04-15 15:00:00,2,3,growth_investor
6363,balanced,social,2860.85,2,2024-12-27 15:00:00,2,2,growth_investor
9139,cautious,organic,2860.35,3,2024-07-16 15:00:00,2,4,growth_investor
5793,balanced,referral,2858.63,1,2024-11-15 14:00:00,2,1,growth_investor
7204,aggressive,paid_search,2857.98,4,2024-09-17 15:00:00,2,4,growth_investor
3822,cautious,referral,2845.81,2,2024-06-13 15:00:00,2,2,growth_investor
11422,balanced,bank_partner,2842.92,2,2024-04-06 15:00:00,2,3,growth_investor
396,cautious,organic,2841.96,2,2024-10-03 15:00:00,2,2,growth_investor
3052,balanced,organic,2824.59,1,2024-02-15 14:00:00,2,1,growth_investor
9137,balanced,social,2824.45,2,2025-01-03 15:00:00,2,3,growth_investor
10961,cautious,organic,2818.27,2,2024-05-16 15:00:00,2,3,growth_investor
8560,cautious,organic,2811.77,5,2024-08-06 15:00:00,2,4,growth_investor
3904,balanced,organic,2796.7,3,2025-03-25 15:00:00,2,3,growth_investor
895,balanced,organic,2794.56,3,2024-05-03 15:00:00,2,3,growth_investor
7130,aggressive,referral,2790.21,2,2024-06-01 15:00:00,2,3,growth_investor
7659,balanced,organic,2785.92,1,2024-04-23 14:00:00,2,1,growth_investor
9119,balanced,organic,2779.02,2,2024-12-02 15:00:00,2,3,growth_investor
392,balanced,social,2777.08,1,2024-05-20 14:00:00,2,1,growth_investor
2736,balanced,bank_partner,2776.63,2,2024-12-18 15:00:00,2,2,growth_investor
3298,balanced,organic,2772.04,3,2025-02-24 15:00:00,2,3,growth_investor
7143,cautious,paid_search,2770.85,2,2024-12-01 15:00:00,2,3,growth_investor
1438,aggressive,referral,2761.69,3,2024-07-05 15:00:00,2,3,growth_investor
11813,balanced,bank_partner,2759.95,1,2024-11-12 14:00:00,2,2,growth_investor
3073,balanced,bank_partner,2755.09,1,2024-12-26 14:00:00,2,1,growth_investor
6239,balanced,bank_partner,2754.46,1,2024-05-06 14:00:00,2,1,growth_investor
11292,balanced,referral,2748.6,1,2024-02-05 14:00:00,2,2,growth_investor
1006,cautious,social,2722.53,1,2024-10-25 14:00:00,2,1,growth_investor
6939,cautious,paid_search,2715.29,2,2024-03-24 15:00:00,2,2,growth_investor
11192,balanced,bank_partner,2702.43,3,2024-07-24 15:00:00,2,4,growth_investor
6590,balanced,social,2698.66,2,2024-08-22 15:00:00,2,2,growth_investor
6186,cautious,organic,2685.49,3,2024-08-15 15:00:00,2,4,growth_investor
1428,cautious,social,2681.78,2,2024-04-19 15:00:00,2,2,growth_investor
5685,balanced,paid_search,2653.19,4,2024-09-13 15:00:00,2,4,growth_investor
4819,cautious,organic,2649.21,2,2024-07-30 15:00:00,2,2,growth_investor
7174,cautious,organic,2647.49,4,2024-12-11 15:00:00,2,4,growth_investor
661,balanced,paid_search,2642.04,2,2024-12-13 15:00:00,2,2,growth_investor
11599,cautious,bank_partner,2626.95,3,2024-07-27 15:00:00,2,4,growth_investor
5507,balanced,bank_partner,2626.03,3,2024-08-14 15:00:00,2,3,growth_investor
9003,cautious,bank_partner,2611.46,1,2024-08-29 14:00:00,2,1,growth_investor
3819,cautious,organic,2599.4,2,2024-06-24 15:00:00,2,2,growth_investor
9553,cautious,organic,2596.6,1,2025-01-02 14:00:00,2,1,growth_investor
5216,aggressive,organic,2593.33,2,2024-10-22 15:00:00,2,2,growth_investor
10870,cautious,organic,2584.46,2,2024-05-17 15:00:00,2,3,growth_investor
5889,balanced,social,2581.95,1,2024-05-23 14:00:00,2,1,growth_investor
4188,balanced,organic,2575.79,3,2024-06-21 15:00:00,2,3,growth_investor
5474,balanced,referral,2568.47,2,2024-04-10 15:00:00,2,2,growth_investor
6827,cautious,organic,2567.9,1,2024-07-13 14:00:00,2,1,growth_investor
4724,balanced,paid_search,2565.03,1,2024-07-05 14:00:00,2,1,growth_investor
4181,cautious,referral,2558.38,2,2024-06-17 15:00:00,2,2,growth_investor
387,cautious,referral,2557.67,1,2024-12-20 14:00:00,2,1,growth_investor
11755,balanced,organic,2557.32,1,2024-11-02 14:00:00,2,2,growth_investor
6683,balanced,organic,2551.77,4,2025-01-10 15:00:00,2,4,growth_investor
2016,balanced,organic,2548.17,2,2025-02-25 15:00:00,2,2,growth_investor
9697,balanced,bank_partner,2541.54,1,2024-07-17 14:00:00,2,1,growth_investor
722,balanced,bank_partner,2538.81,1,2024-09-10 14:00:00,2,1,growth_investor
5391,balanced,referral,2538.61,1,2024-12-31 14:00:00,2,1,growth_investor
1419,aggressive,paid_search,2537.55,2,2025-01-12 15:00:00,2,2,growth_investor
10829,balanced,paid_search,2534.72,2,2024-06-07 15:00:00,2,3,growth_investor
8879,balanced,paid_search,2530.45,1,2024-10-12 14:00:00,2,1,growth_investor
94,aggressive,bank_partner,2523.59,2,2024-08-22 15:00:00,2,2,growth_investor
1629,cautious,referral,2521.39,1,2024-05-13 14:00:00,2,1,growth_investor
6889,balanced,social,2520.12,3,2025-02-02 15:00:00,2,4,growth_investor
1882,balanced,social,2516.88,2,2024-12-01 15:00:00,2,2,growth_investor
10578,balanced,bank_partner,2516.51,1,2024-02-22 14:00:00,2,1,growth_investor
269,balanced,paid_search,2506.13,2,2025-02-08 15:00:00,2,2,growth_investor
4356,aggressive,bank_partner,2496.16,3,2024-03-25 15:00:00,2,3,growth_investor
7269,balanced,organic,2494.19,1,2024-04-02 14:00:00,2,1,growth_investor
3781,balanced,referral,2492.99,2,2024-04-09 15:00:00,2,2,growth_investor
7440,balanced,bank_partner,2492.31,2,2025-02-27 15:00:00,2,3,growth_investor
5782,balanced,referral,2492.04,2,2024-06-18 15:00:00,2,2,growth_investor
4482,cautious,referral,2489.04,3,2024-09-27 15:00:00,2,3,growth_investor
8715,balanced,paid_search,2481.13,2,2024-06-12 15:00:00,2,3,growth_investor
10794,cautious,organic,2476.98,3,2024-07-06 15:00:00,2,4,growth_investor
10878,aggressive,social,2475.96,1,2024-03-29 14:00:00,2,2,growth_investor
11956,cautious,referral,2474.88,1,2024-04-28 14:00:00,2,2,growth_investor
89,aggressive,referral,2473.49,1,2024-07-12 14:00:00,2,1,growth_investor
1062,cautious,organic,2469.76,2,2025-03-14 15:00:00,2,2,growth_investor
6278,balanced,organic,2462.2,3,2024-10-30 15:00:00,2,4,growth_investor
11361,aggressive,organic,2459.84,1,2024-09-14 14:00:00,2,2,growth_investor
10403,cautious,bank_partner,2453.41,1,2024-12-18 14:00:00,2,1,growth_investor
6996,cautious,organic,2451.69,3,2025-03-06 15:00:00,2,4,growth_investor
9926,balanced,paid_search,2446.02,1,2024-07-07 14:00:00,2,1,growth_investor
5132,balanced,referral,2436.94,4,2024-08-06 15:00:00,2,4,growth_investor
3832,cautious,social,2424.43,2,2024-08-09 15:00:00,2,2,growth_investor
7373,aggressive,organic,2410.26,2,2024-06-04 15:00:00,2,3,growth_investor
11309,cautious,social,2409.45,4,2025-02-04 15:00:00,2,4,growth_investor
3322,cautious,paid_search,2404.1,2,2024-05-05 15:00:00,2,2,growth_investor
10216,balanced,organic,2399.09,3,2024-07-16 15:00:00,2,4,growth_investor
3770,balanced,paid_search,2384.54,3,2025-01-19 15:00:00,2,3,growth_investor
3706,cautious,organic,2384.27,1,2024-10-03 14:00:00,2,1,growth_investor
2682,balanced,paid_search,2383.5,2,2024-04-11 15:00:00,2,2,growth_investor
3798,balanced,referral,2376.82,2,2024-07-07 15:00:00,2,2,growth_investor
11086,balanced,paid_search,2360.79,1,2024-09-21 14:00:00,2,2,growth_investor
4144,balanced,social,2358.33,1,2025-01-12 14:00:00,2,1,growth_investor
2727,cautious,referral,2356.9,1,2024-07-10 14:00:00,2,1,growth_investor
7911,balanced,organic,2348.64,3,2025-02-24 15:00:00,2,4,growth_investor
3047,balanced,bank_partner,2344.17,1,2024-05-04 14:00:00,2,1,growth_investor
10128,cautious,paid_search,2338.9,1,2024-02-19 14:00:00,2,1,growth_investor
8888,cautious,organic,2326.25,4,2024-07-04 15:00:00,2,4,growth_investor
9974,cautious,paid_search,2314.69,2,2024-12-18 15:00:00,2,3,growth_investor
9412,balanced,social,2312.27,2,2024-04-24 15:00:00,2,3,growth_investor
7035,balanced,paid_search,2304.27,1,2024-11-12 14:00:00,2,1,growth_investor
3143,cautious,organic,2298.04,1,2024-03-11 14:00:00,2,1,growth_investor
4810,cautious,paid_search,2295.19,3,2024-08-08 15:00:00,2,3,growth_investor
7370,cautious,paid_search,2292.11,2,2024-03-06 15:00:00,2,3,growth_investor
11520,aggressive,referral,2286.78,1,2024-04-30 14:00:00,2,2,growth_investor
4247,cautious,organic,2281.77,1,2024-09-11 14:00:00,2,1,growth_investor
4186,aggressive,referral,2261.96,1,2025-01-06 14:00:00,2,1,growth_investor
3473,balanced,bank_partner,2257.61,2,2024-12-16 15:00:00,2,2,growth_investor
4963,balanced,social,2253.21,2,2024-11-09 15:00:00,2,2,growth_investor
8277,cautious,referral,2248.42,2,2025-01-20 15:00:00,2,3,growth_investor
11444,balanced,referral,2227.15,1,2024-02-10 14:00:00,2,2,growth_investor
6588,balanced,bank_partner,2220.08,2,2024-11-23 15:00:00,2,2,growth_investor
6860,cautious,social,2213.6,1,2024-12-16 14:00:00,2,1,growth_investor
3546,balanced,bank_partner,2212.89,1,2024-02-09 14:00:00,2,1,growth_investor
3723,cautious,referral,2202.45,1,2024-12-31 14:00:00,2,1,growth_investor
8701,balanced,organic,2185.76,1,2024-08-28 14:00:00,2,1,growth_investor
1748,aggressive,referral,2182.15,2,2024-11-15 15:00:00,2,2,growth_investor
10042,cautious,referral,2177.54,2,2024-03-17 15:00:00,2,3,growth_investor
6602,cautious,referral,2176.93,2,2024-08-28 15:00:00,2,2,growth_investor
4455,balanced,organic,2157.92,2,2024-07-16 15:00:00,2,2,growth_investor
6417,balanced,referral,2149.79,4,2025-02-09 15:00:00,2,4,growth_investor
7754,balanced,organic,2145.47,2,2024-06-13 15:00:00,2,3,growth_investor
11579,cautious,social,2141.77,2,2024-05-30 15:00:00,2,3,growth_investor
11670,cautious,paid_search,2138.56,1,2024-09-28 14:00:00,2,2,growth_investor
2627,cautious,social,2136.47,1,2024-03-14 14:00:00,2,1,growth_investor
10802,balanced,organic,2136.44,1,2024-04-04 14:00:00,2,2,growth_investor
7697,cautious,bank_partner,2134.93,3,2024-11-17 15:00:00,2,4,growth_investor
5202,balanced,bank_partner,2132.03,2,2025-02-03 15:00:00,2,2,growth_investor
1911,balanced,referral,2131.14,1,2024-06-08 14:00:00,2,1,growth_investor
6029,balanced,social,2121.72,1,2024-01-23 14:00:00,2,1,growth_investor
10784,cautious,paid_search,2118.03,1,2024-05-09 14:00:00,2,2,growth_investor
6557,cautious,bank_partner,2115.37,2,2025-01-01 15:00:00,2,2,growth_investor
6491,cautious,organic,2113.4,1,2024-10-03 14:00:00,2,1,growth_investor
9950,balanced,organic,2108.08,1,2024-09-10 14:00:00,2,1,growth_investor
10733,balanced,paid_search,2105.82,1,2024-11-01 14:00:00,2,2,growth_investor
2211,aggressive,bank_partner,2099.91,5,2025-02-21 15:00:00,2,4,growth_investor
11033,cautious,bank_partner,2092.57,1,2024-07-04 14:00:00,2,2,growth_investor
4998,balanced,paid_search,2082.14,1,2024-12-16 14:00:00,2,1,growth_investor
1703,balanced,organic,2079.61,3,2024-09-29 15:00:00,2,3,growth_investor
8601,balanced,paid_search,2076.33,1,2024-03-26 14:00:00,2,1,growth_investor
6316,cautious,referral,2075.96,2,2024-08-06 15:00:00,2,2,growth_investor
1225,balanced,organic,2075.54,3,2024-12-15 15:00:00,2,3,growth_investor
9960,balanced,referral,2071.39,1,2024-08-11 14:00:00,2,1,growth_investor
5650,balanced,organic,2069.83,2,2024-12-23 15:00:00,2,2,growth_investor
2703,balanced,organic,2066.88,2,2025-01-29 15:00:00,2,2,growth_investor
1354,aggressive,referral,2065.09,2,2024-12-02 15:00:00,2,2,growth_investor
858,cautious,bank_partner,2061.44,3,2025-03-18 15:00:00,2,3,growth_investor
7549,balanced,referral,2055.06,1,2024-12-20 14:00:00,2,1,growth_investor
1211,balanced,social,2051.73,1,2024-07-20 14:00:00,2,1,growth_investor
5121,cautious,organic,2051.68,2,2024-09-18 15:00:00,2,2,growth_investor
2076,cautious,organic,2051.13,3,2024-11-17 15:00:00,2,3,growth_investor
8368,aggressive,referral,2043.61,4,2024-10-15 15:00:00,2,4,growth_investor
6626,cautious,paid_search,2034.93,1,2024-10-12 14:00:00,2,1,growth_investor
5331,balanced,referral,2033.43,2,2024-09-19 15:00:00,2,2,growth_investor
2680,balanced,organic,2032.71,3,2024-06-27 15:00:00,2,3,growth_investor
2426,aggressive,referral,2030.78,1,2025-01-19 14:00:00,2,1,growth_investor
5249,cautious,referral,2022.92,1,2024-05-18 14:00:00,2,1,growth_investor
3780,balanced,paid_search,2021.05,1,2024-02-21 14:00:00,2,1,growth_investor
3633,balanced,paid_search,2019.78,1,2024-03-28 14:00:00,2,1,growth_investor
11101,balanced,organic,1998.33,1,2024-02-23 14:00:00,2,2,growth_investor
6924,balanced,organic,1987.62,1,2024-12-14 14:00:00,2,1,growth_investor
8353,balanced,referral,1984.76,2,2024-08-12 15:00:00,2,3,growth_investor
1757,aggressive,referral,1982.0,1,2024-09-29 14:00:00,2,1,growth_investor
8143,cautious,organic,1970.06,1,2024-10-27 14:00:00,2,1,growth_investor
55,aggressive,organic,1969.74,2,2024-06-14 15:00:00,2,2,growth_investor
10609,cautious,paid_search,1964.64,3,2025-03-12 15:00:00,2,4,growth_investor
7837,balanced,paid_search,1962.44,2,2024-05-15 15:00:00,2,3,growth_investor
10100,balanced,referral,1955.67,1,2025-01-04 14:00:00,2,1,growth_investor
1175,balanced,social,1954.29,2,2024-12-28 15:00:00,2,2,growth_investor
9078,aggressive,paid_search,1953.02,1,2024-06-04 14:00:00,2,1,growth_investor
11580,aggressive,paid_search,1944.98,2,2024-06-29 15:00:00,2,3,growth_investor
10114,aggressive,organic,1940.91,2,2024-10-11 15:00:00,2,3,growth_investor
5594,balanced,organic,1937.43,2,2025-01-10 15:00:00,2,2,growth_investor
1193,balanced,referral,1934.17,3,2024-06-11 15:00:00,2,3,growth_investor
9224,balanced,bank_partner,1932.75,2,2024-06-08 15:00:00,2,3,growth_investor
4308,balanced,social,1927.92,1,2024-08-23 14:00:00,2,1,growth_investor
3534,cautious,organic,1905.27,1,2024-07-07 14:00:00,2,1,growth_investor
9378,cautious,organic,1900.88,1,2024-11-06 14:00:00,2,1,growth_investor
9597,balanced,organic,1895.13,4,2024-08-07 15:00:00,2,4,growth_investor
1376,cautious,organic,1880.23,2,2024-11-07 15:00:00,2,2,growth_investor
9385,cautious,bank_partner,1878.51,5,2025-03-01 15:00:00,2,4,growth_investor
8009,cautious,bank_partner,1875.72,4,2024-11-08 15:00:00,2,4,growth_investor
10758,balanced,paid_search,1875.62,2,2024-09-09 15:00:00,2,3,growth_investor
7733,balanced,referral,1869.27,1,2024-12-22 14:00:00,2,1,growth_investor
4662,balanced,social,1859.23,2,2024-09-13 15:00:00,2,2,growth_investor
8730,balanced,organic,1858.99,3,2024-10-07 15:00:00,2,4,growth_investor
11530,cautious,social,1856.98,2,2024-07-23 15:00:00,2,3,growth_investor
2261,cautious,paid_search,1843.19,2,2024-11-12 15:00:00,2,2,growth_investor
1176,cautious,social,1839.36,1,2024-10-30 14:00:00,2,1,growth_investor
6355,balanced,organic,1833.05,2,2024-09-05 15:00:00,2,2,growth_investor
7298,balanced,social,1827.18,1,2024-09-09 14:00:00,1,1,growth_investor
2258,balanced,referral,1819.53,2,2025-01-28 15:00:00,1,2,growth_investor
6340,cautious,organic,1805.11,3,2024-09-02 15:00:00,1,4,growth_investor
7893,balanced,social,1799.8,3,2025-01-29 15:00:00,1,4,growth_investor
11719,cautious,paid_search,1772.7,2,2025-01-30 15:00:00,1,3,growth_investor
8104,aggressive,paid_search,1771.16,2,2025-01-20 15:00:00,1,3,growth_investor
3987,balanced,organic,1759.61,1,2024-08-30 14:00:00,1,1,growth_investor
10670,balanced,paid_search,1756.98,1,2024-08-04 14:00:00,1,1,growth_investor
2876,balanced,bank_partner,1753.65,1,2024-06-16 14:00:00,1,1,growth_investor
5678,aggressive,organic,1751.65,2,2025-02-07 15:00:00,1,2,growth_investor
5093,cautious,paid_search,1749.12,1,2024-09-03 14:00:00,1,1,growth_investor
6750,aggressive,paid_search,1744.49,2,2025-03-08 15:00:00,1,2,growth_investor
9134,aggressive,referral,1737.07,3,2024-09-18 15:00:00,1,4,growth_investor
295,cautious,social,1726.83,1,2024-07-17 14:00:00,1,1,growth_investor
9251,aggressive,organic,1726.24,3,2024-08-04 15:00:00,1,4,growth_investor
2944,aggressive,social,1718.73,2,2024-06-21 15:00:00,1,2,growth_investor
11067,cautious,organic,1710.55,2,2025-02-09 15:00:00,1,3,growth_investor
1333,cautious,organic,1709.89,3,2025-02-11 15:00:00,1,3,growth_investor
6679,balanced,social,1697.03,2,2024-12-19 15:00:00,1,2,growth_investor
10482,balanced,bank_partner,1691.16,3,2024-10-15 15:00:00,1,4,growth_investor
5242,cautious,organic,1687.76,1,2024-08-09 14:00:00,1,1,growth_investor
10385,cautious,social,1687.35,4,2024-12-06 15:00:00,1,4,growth_investor
10658,balanced,organic,1685.78,3,2024-12-22 15:00:00,1,4,growth_investor
3954,balanced,referral,1682.35,1,2024-07-04 14:00:00,1,1,growth_investor
7122,cautious,bank_partner,1678.38,2,2024-08-11 15:00:00,1,3,growth_investor
7668,balanced,organic,1678.17,3,2025-03-24 15:00:00,1,4,growth_investor
8684,cautious,organic,1677.41,3,2024-07-06 15:00:00,1,4,growth_investor
2115,balanced,organic,1671.95,1,2024-05-18 14:00:00,1,1,growth_investor
1626,aggressive,organic,1669.6,2,2024-07-17 15:00:00,1,2,growth_investor
10927,cautious,paid_search,1666.86,1,2024-02-14 14:00:00,1,2,growth_investor
7161,cautious,organic,1666.08,2,2024-06-19 15:00:00,1,3,growth_investor
1659,aggressive,organic,1658.84,2,2024-10-08 15:00:00,1,2,growth_investor
2776,balanced,organic,1655.45,2,2024-04-06 15:00:00,1,2,growth_investor
11115,aggressive,organic,1634.22,2,2024-03-02 15:00:00,1,3,growth_investor
11054,balanced,paid_search,1633.02,2,2024-05-19 15:00:00,1,3,growth_investor
5057,balanced,paid_search,1629.65,2,2024-07-02 15:00:00,1,2,growth_investor
11736,aggressive,organic,1611.48,2,2024-06-10 15:00:00,1,3,growth_investor
2025,balanced,referral,1611.05,1,2024-03-14 14:00:00,1,1,growth_investor
8041,balanced,organic,1610.99,4,2024-10-08 15:00:00,1,4,growth_investor
10740,cautious,paid_search,1606.08,3,2024-12-11 15:00:00,1,4,growth_investor
5128,balanced,social,1597.38,1,2024-07-28 14:00:00,1,1,growth_investor
5236,cautious,organic,1593.25,1,2024-02-12 14:00:00,1,1,growth_investor
1491,balanced,organic,1584.81,2,2025-02-14 15:00:00,1,2,growth_investor
6721,balanced,referral,1581.05,1,2024-04-08 14:00:00,1,1,growth_investor
5454,aggressive,organic,1580.62,3,2024-10-02 15:00:00,1,3,growth_investor
1727,cautious,organic,1577.75,3,2024-10-27 15:00:00,1,3,growth_investor
7494,cautious,organic,1577.53,1,2024-02-01 14:00:00,1,1,growth_investor
5302,cautious,referral,1572.61,1,2024-09-04 14:00:00,1,1,growth_investor
2752,cautious,organic,1571.53,1,2024-11-26 14:00:00,1,1,growth_investor
2903,balanced,organic,1569.99,1,2024-12-28 14:00:00,1,1,growth_investor
223,cautious,paid_search,1563.0,1,2024-12-31 14:00:00,1,1,growth_investor
4199,balanced,paid_search,1561.29,3,2024-07-14 15:00:00,1,3,growth_investor
11217,balanced,organic,1554.2,3,2025-01-01 15:00:00,1,4,growth_investor
512,aggressive,paid_search,1547.78,1,2024-09-01 14:00:00,1,1,growth_investor
6394,balanced,organic,1546.84,1,2024-07-28 14:00:00,1,1,growth_investor
1924,cautious,paid_search,1537.05,2,2025-01-24 15:00:00,1,2,growth_investor
7699,cautious,organic,1533.75,2,2024-06-09 15:00:00,1,3,growth_investor
9411,balanced,referral,1522.58,2,2025-01-04 15:00:00,1,3,growth_investor
7534,balanced,bank_partner,1521.08,1,2024-03-13 14:00:00,1,1,growth_investor
9471,balanced,referral,1518.17,2,2025-03-10 15:00:00,1,3,growth_investor
5204,cautious,paid_search,1512.6,3,2024-04-25 15:00:00,1,3,growth_investor
6898,cautious,social,1509.96,3,2024-07-17 15:00:00,1,4,growth_investor
76,balanced,organic,1509.39,2,2024-05-30 15:00:00,1,2,growth_investor
169,balanced,referral,1509.19,1,2024-07-13 14:00:00,1,1,growth_investor
205,balanced,bank_partner,1505.98,6,2024-12-12 15:00:00,1,4,growth_investor
10891,cautious,bank_partner,1501.25,1,2024-02-16 14:00:00,1,2,growth_investor
10054,cautious,social,1501.04,4,2024-11-03 15:00:00,1,4,growth_investor
6450,aggressive,bank_partner,1495.21,2,2024-09-24 15:00:00,1,2,growth_investor
3913,cautious,referral,1494.41,1,2024-12-13 14:00:00,1,1,growth_investor
10953,aggressive,organic,1493.12,2,2024-11-03 15:00:00,1,3,growth_investor
8432,cautious,referral,1491.89,1,2024-05-02 14:00:00,1,1,growth_investor
726,aggressive,referral,1484.72,1,2025-01-05 14:00:00,1,1,growth_investor
304,balanced,bank_partner,1484.64,1,2025-01-07 14:00:00,1,1,growth_investor
4219,balanced,social,1484.35,1,2024-03-12 14:00:00,1,1,growth_investor
5441,balanced,organic,1478.5,2,2024-04-24 15:00:00,1,2,growth_investor
8539,balanced,organic,1477.8,1,2024-05-09 14:00:00,1,1,growth_investor
2174,cautious,organic,1477.76,3,2024-04-07 15:00:00,1,3,growth_investor
8344,balanced,organic,1475.53,1,2024-01-13 14:00:00,1,1,growth_investor
5628,aggressive,organic,1474.1,3,2025-03-06 15:00:00,1,3,growth_investor
1347,cautious,organic,1469.35,1,2024-03-16 14:00:00,1,1,growth_investor
6862,cautious,organic,1466.72,3,2024-12-04 15:00:00,1,4,growth_investor
5083,balanced,organic,1466.44,2,2024-11-08 15:00:00,1,2,growth_investor
10050,cautious,bank_partner,1455.97,1,2024-04-29 14:00:00,1,1,growth_investor
10897,balanced,referral,1455.24,2,2024-04-24 15:00:00,1,3,growth_investor
4996,balanced,organic,1454.4,2,2024-05-25 15:00:00,1,2,growth_investor
9793,balanced,organic,1441.56,2,2024-09-27 15:00:00,1,3,growth_investor
6235,aggressive,organic,1434.91,6,2025-03-09 15:00:00,1,4,growth_investor
9997,cautious,referral,1431.4,3,2024-12-11 15:00:00,1,4,growth_investor
4542,balanced,bank_partner,1429.71,2,2024-09-11 15:00:00,1,2,growth_investor
2672,aggressive,referral,1424.75,1,2024-08-30 14:00:00,1,1,growth_investor
6689,aggressive,organic,1422.71,1,2024-05-09 14:00:00,1,1,growth_investor
2515,cautious,referral,1422.22,1,2024-09-01 14:00:00,1,1,growth_investor
10043,balanced,organic,1420.52,2,2024-11-03 15:00:00,1,3,growth_investor
136,cautious,organic,1417.79,2,2025-02-09 15:00:00,1,2,growth_investor
7607,balanced,bank_partner,1407.23,2,2024-09-19 15:00:00,1,3,growth_investor
2433,balanced,referral,1406.81,1,2024-09-18 14:00:00,1,1,growth_investor
3455,cautious,bank_partner,1406.55,2,2024-11-22 15:00:00,1,2,growth_investor
2013,aggressive,paid_search,1403.02,3,2024-05-23 15:00:00,1,3,growth_investor
5399,aggressive,organic,1401.47,5,2024-10-26 15:00:00,1,4,growth_investor
7226,balanced,organic,1387.47,5,2025-03-27 15:00:00,1,4,growth_investor
7056,aggressive,organic,1385.77,1,2024-12-05 14:00:00,1,1,growth_investor
998,cautious,organic,1368.65,4,2025-03-04 15:00:00,1,4,growth_investor
9769,aggressive,organic,1357.16,1,2024-01-22 14:00:00,1,1,growth_investor
11764,balanced,organic,1353.79,1,2024-05-21 14:00:00,1,2,growth_investor
5603,cautious,bank_partner,1350.34,1,2024-11-30 14:00:00,1,1,growth_investor
1325,balanced,social,1341.67,1,2024-02-03 14:00:00,1,1,growth_investor
1641,cautious,organic,1340.13,2,2025-02-07 15:00:00,1,2,growth_investor
7401,balanced,referral,1337.68,3,2024-07-11 15:00:00,1,4,growth_investor
10180,cautious,bank_partner,1335.26,2,2024-05-15 15:00:00,1,3,growth_investor
5806,cautious,social,1332.35,2,2024-08-23 15:00:00,1,2,growth_investor
3601,balanced,organic,1329.3,2,2024-06-04 15:00:00,1,2,growth_investor
2732,cautious,bank_partner,1327.88,3,2024-07-23 15:00:00,1,3,growth_investor
8532,balanced,referral,1327.07,2,2024-08-11 15:00:00,1,3,growth_investor
284,balanced,paid_search,1322.28,1,2024-09-22 14:00:00,1,1,growth_investor
5359,balanced,organic,1318.59,2,2024-06-23 15:00:00,1,2,growth_investor
3680,balanced,social,1318.38,1,2024-03-27 14:00:00,1,1,growth_investor
9044,aggressive,bank_partner,1317.98,3,2024-09-12 15:00:00,1,4,growth_investor
9915,cautious,referral,1315.25,1,2024-04-15 14:00:00,1,1,growth_investor
4589,balanced,bank_partner,1314.78,1,2024-12-30 14:00:00,1,1,growth_investor
6184,balanced,referral,1313.19,1,2024-03-05 14:00:00,1,1,growth_investor
10845,balanced,paid_search,1305.3,1,2024-07-21 14:00:00,1,2,growth_investor
6617,balanced,organic,1303.0,2,2024-07-24 15:00:00,1,2,growth_investor
3471,balanced,social,1301.41,2,2025-03-25 15:00:00,1,2,growth_investor
9910,cautious,social,1297.32,2,2024-03-22 15:00:00,1,3,growth_investor
11737,cautious,organic,1280.72,3,2025-03-01 15:00:00,1,4,growth_investor
4205,cautious,referral,1266.77,1,2024-04-15 14:00:00,1,1,growth_investor
1492,balanced,referral,1256.92,2,2024-06-20 15:00:00,1,2,growth_investor
10473,balanced,referral,1252.52,1,2024-09-09 14:00:00,1,1,growth_investor
11359,cautious,bank_partner,1247.34,3,2024-08-21 15:00:00,1,4,growth_investor
4935,balanced,paid_search,1244.6,2,2024-08-13 15:00:00,1,2,growth_investor
5945,aggressive,referral,1244.0,2,2025-02-11 15:00:00,1,2,growth_investor
3590,balanced,referral,1240.92,3,2025-02-16 15:00:00,1,3,growth_investor
6636,balanced,bank_partner,1235.1,5,2025-02-04 15:00:00,1,4,growth_investor
2377,cautious,organic,1222.87,1,2024-05-20 14:00:00,1,1,growth_investor
3772,balanced,paid_search,1217.1,1,2024-08-19 14:00:00,1,1,growth_investor
11303,balanced,social,1216.49,1,2024-09-19 14:00:00,1,2,growth_investor
5053,balanced,social,1213.81,2,2024-05-07 15:00:00,1,2,growth_investor
2846,balanced,social,1211.96,3,2025-03-26 15:00:00,1,3,growth_investor
9825,cautious,referral,1211.0,2,2025-03-28 15:00:00,1,3,growth_investor
6828,balanced,referral,1203.11,1,2024-01-22 14:00:00,1,1,growth_investor
9973,balanced,bank_partner,1203.1,2,2024-05-29 15:00:00,1,3,growth_investor
9331,aggressive,organic,1200.64,3,2024-06-08 15:00:00,1,4,growth_investor
5411,balanced,bank_partner,1197.72,2,2024-09-14 15:00:00,1,2,growth_investor
9074,cautious,organic,1188.94,2,2024-08-27 15:00:00,1,3,growth_investor
9813,cautious,paid_search,1188.01,1,2024-05-08 14:00:00,1,1,growth_investor
9631,balanced,organic,1172.66,2,2024-05-17 15:00:00,1,3,growth_investor
11482,cautious,organic,1169.69,1,2024-10-15 14:00:00,1,2,growth_investor
5075,cautious,paid_search,1165.59,2,2024-07-09 15:00:00,1,2,growth_investor
9458,cautious,referral,1161.38,2,2024-12-24 15:00:00,1,3,growth_investor
5530,balanced,organic,1152.32,1,2024-12-24 14:00:00,1,1,growth_investor
6474,balanced,bank_partner,1150.86,2,2025-02-24 15:00:00,1,2,growth_investor
1143,cautious,social,1150.71,2,2024-07-11 15:00:00,1,2,growth_investor
5120,cautious,organic,1148.54,2,2024-09-09 15:00:00,1,2,growth_investor
9190,aggressive,organic,1146.99,3,2024-03-28 15:00:00,1,4,growth_investor
6191,balanced,organic,1146.35,2,2025-02-05 15:00:00,1,2,growth_investor
190,balanced,organic,1141.47,1,2024-08-13 14:00:00,1,1,growth_investor
7282,cautious,organic,1125.5,2,2024-07-17 15:00:00,1,3,growth_investor
10591,cautious,bank_partner,1123.78,3,2024-07-20 15:00:00,1,4,growth_investor
4203,balanced,paid_search,1099.17,1,2024-03-29 14:00:00,1,1,growth_investor
6645,aggressive,bank_partner,1095.43,2,2025-02-21 15:00:00,1,2,growth_investor
11938,cautious,organic,1083.03,1,2024-06-28 14:00:00,1,2,growth_investor
7047,balanced,organic,1080.28,2,2025-02-05 15:00:00,1,3,growth_investor
5131,cautious,organic,1077.75,1,2024-04-02 14:00:00,1,1,growth_investor
8538,aggressive,paid_search,1070.09,1,2024-05-13 14:00:00,1,1,growth_investor
10741,cautious,social,1063.88,1,2024-08-28 14:00:00,1,2,growth_investor
9079,balanced,bank_partner,1060.15,1,2024-05-21 14:00:00,1,1,growth_investor
11349,balanced,organic,1054.82,3,2024-05-09 15:00:00,1,4,growth_investor
6059,balanced,organic,1050.87,2,2024-05-19 15:00:00,1,2,growth_investor
4307,balanced,bank_partner,1049.49,2,2025-02-12 15:00:00,1,2,growth_investor
7579,balanced,paid_search,1044.19,2,2024-04-03 15:00:00,1,3,growth_investor
2803,aggressive,organic,1039.18,1,2024-10-02 14:00:00,1,1,growth_investor
5432,balanced,bank_partner,1038.57,2,2024-07-20 15:00:00,1,2,growth_investor
9545,cautious,referral,1038.19,2,2024-07-08 15:00:00,1,3,growth_investor
5342,balanced,paid_search,1035.94,4,2024-12-23 15:00:00,1,4,growth_investor
10939,cautious,social,1033.79,4,2024-08-13 15:00:00,1,4,growth_investor
3561,cautious,paid_search,1032.92,1,2024-05-24 14:00:00,1,1,growth_investor
8735,balanced,referral,1021.58,1,2024-09-16 14:00:00,1,1,growth_investor
3744,aggressive,referral,1018.08,2,2024-08-14 15:00:00,1,2,growth_investor
7541,cautious,referral,1017.43,1,2024-12-29 14:00:00,1,1,growth_investor
10689,balanced,organic,1017.22,1,2024-09-01 14:00:00,1,2,growth_investor
1387,aggressive,organic,1008.79,3,2024-06-08 15:00:00,1,3,growth_investor
10917,balanced,organic,1007.43,3,2024-06-22 15:00:00,1,4,growth_investor
7058,balanced,bank_partner,1004.1,1,2024-03-26 14:00:00,1,1,growth_investor
6982,balanced,paid_search,1000.19,1,2024-08-23 14:00:00,1,1,growth_investor
9688,aggressive,social,998.03,1,2024-03-26 14:00:00,1,1,growth_investor
2571,balanced,bank_partner,997.68,1,2024-12-08 14:00:00,1,1,growth_investor
10350,balanced,bank_partner,990.93,4,2024-10-26 15:00:00,1,4,growth_investor
11547,balanced,social,986.22,2,2024-10-04 15:00:00,1,3,growth_investor
2385,aggressive,bank_partner,981.39,3,2025-02-13 15:00:00,1,3,growth_investor
7606,cautious,organic,969.99,1,2024-03-11 14:00:00,1,1,growth_investor
3180,cautious,social,969.19,1,2024-04-02 14:00:00,1,1,growth_investor
10223,cautious,referral,965.56,1,2024-04-29 14:00:00,1,1,growth_investor
9344,cautious,paid_search,958.41,1,2025-01-03 14:00:00,1,1,growth_investor
11191,cautious,bank_partner,949.23,1,2024-05-17 14:00:00,1,2,growth_investor
1255,balanced,paid_search,946.7,2,2025-02-01 15:00:00,1,2,growth_investor
8479,balanced,organic,945.88,1,2024-05-27 14:00:00,1,1,growth_investor
2490,balanced,paid_search,944.24,1,2024-03-19 14:00:00,1,1,growth_investor
3627,aggressive,referral,942.61,1,2024-10-28 14:00:00,1,1,growth_investor
497,balanced,paid_search,932.35,3,2024-12-09 15:00:00,1,3,growth_investor
1505,balanced,paid_search,932.01,1,2024-08-21 14:00:00,1,1,growth_investor
3196,aggressive,organic,924.11,3,2024-10-16 15:00:00,1,3,growth_investor
1109,balanced,paid_search,915.59,2,2025-02-10 15:00:00,1,2,growth_investor
2689,balanced,bank_partner,909.0,1,2024-12-20 14:00:00,1,1,growth_investor
8310,cautious,referral,905.73,2,2024-05-06 15:00:00,1,3,growth_investor
6252,cautious,referral,905.28,3,2025-03-26 15:00:00,1,4,growth_investor
5616,cautious,referral,898.75,1,2024-08-28 14:00:00,1,1,growth_investor
5837,aggressive,referral,892.3,3,2025-01-22 15:00:00,1,4,growth_investor
5627,balanced,organic,886.99,2,2025-03-14 15:00:00,1,2,growth_investor
7324,cautious,social,883.98,2,2024-07-14 15:00:00,1,3,growth_investor
646,balanced,paid_search,881.72,3,2025-01-02 15:00:00,1,3,growth_investor
823,aggressive,bank_partner,880.23,6,2025-03-06 15:00:00,1,4,growth_investor
10501,balanced,paid_search,877.83,4,2024-11-27 15:00:00,1,4,growth_investor
9480,balanced,social,867.78,2,2025-01-23 15:00:00,1,3,growth_investor
846,balanced,bank_partner,864.59,3,2025-03-20 15:00:00,1,3,growth_investor
9780,balanced,paid_search,864.5,2,2025-02-15 15:00:00,1,3,growth_investor
999,cautious,paid_search,862.49,1,2024-03-01 14:00:00,1,1,growth_investor
3636,balanced,bank_partner,861.8,3,2024-07-14 15:00:00,1,3,growth_investor
8424,balanced,bank_partner,859.53,1,2024-03-08 14:00:00,1,1,growth_investor
4493,cautious,social,854.08,2,2024-10-25 15:00:00,1,2,growth_investor
7106,cautious,bank_partner,852.93,1,2024-02-15 14:00:00,1,1,growth_investor
7380,balanced,bank_partner,848.51,1,2024-08-31 14:00:00,1,1,growth_investor
1818,balanced,paid_search,842.69,2,2024-06-22 15:00:00,1,2,growth_investor
5912,balanced,bank_partner,840.69,2,2025-01-24 15:00:00,1,2,growth_investor
401,cautious,paid_search,838.5,2,2024-10-06 15:00:00,1,2,growth_investor
3927,aggressive,bank_partner,820.93,2,2024-02-29 15:00:00,1,2,growth_investor
9095,aggressive,organic,817.14,2,2025-03-04 15:00:00,1,3,growth_investor
11437,balanced,bank_partner,816.97,1,2024-01-08 14:00:00,1,2,growth_investor
9085,cautious,paid_search,814.87,3,2025-02-15 15:00:00,1,4,growth_investor
5144,balanced,social,810.25,2,2024-08-03 15:00:00,1,2,growth_investor
2669,balanced,organic,801.53,3,2025-01-17 15:00:00,1,3,growth_investor
1759,balanced,paid_search,792.83,2,2024-10-18 15:00:00,1,2,growth_investor
8036,balanced,referral,792.05,2,2024-10-14 15:00:00,1,3,growth_investor
1951,aggressive,organic,788.31,2,2024-06-22 15:00:00,1,2,growth_investor
2607,cautious,paid_search,779.59,2,2024-11-25 15:00:00,1,2,growth_investor
6931,balanced,paid_search,776.91,1,2024-05-27 14:00:00,1,1,growth_investor
5357,balanced,organic,771.28,2,2025-02-12 15:00:00,1,2,growth_investor
3666,cautious,bank_partner,770.31,4,2024-08-22 15:00:00,1,4,growth_investor
2254,balanced,bank_partner,768.73,3,2024-08-12 15:00:00,1,3,growth_investor
7352,balanced,referral,761.61,2,2024-03-26 15:00:00,1,3,growth_investor
990,balanced,social,759.97,3,2025-02-10 15:00:00,1,3,growth_investor
4927,balanced,organic,758.41,1,2024-01-31 14:00:00,1,1,growth_investor
3647,balanced,referral,752.79,1,2024-04-04 14:00:00,1,1,growth_investor
4187,aggressive,social,737.5,4,2024-09-23 15:00:00,1,4,growth_investor
4138,aggressive,organic,736.03,1,2025-01-03 14:00:00,1,1,growth_investor
6128,aggressive,paid_search,734.99,1,2025-01-19 14:00:00,1,1,growth_investor
9803,cautious,paid_search,734.96,2,2024-08-03 15:00:00,1,3,growth_investor
7389,cautious,organic,733.68,1,2024-12-14 14:00:00,1,1,growth_investor
9052,balanced,paid_search,730.24,1,2024-11-04 14:00:00,1,1,growth_investor
2463,balanced,paid_search,726.94,4,2024-09-30 15:00:00,1,4,growth_investor
6963,cautious,social,722.86,2,2024-11-15 15:00:00,1,2,growth_investor
6048,cautious,bank_partner,721.75,5,2024-12-05 15:00:00,1,4,growth_investor
9755,cautious,social,721.34,1,2024-09-28 14:00:00,1,1,growth_investor
3894,balanced,paid_search,716.47,1,2024-03-07 14:00:00,1,1,growth_investor
6688,balanced,referral,715.7,1,2024-10-25 14:00:00,1,1,growth_investor
11048,aggressive,bank_partner,714.75,2,2024-11-17 15:00:00,1,3,growth_investor
5316,cautious,organic,713.05,2,2024-06-24 15:00:00,1,2,growth_investor
11411,balanced,paid_search,709.31,1,2024-06-16 14:00:00,1,2,growth_investor
573,balanced,referral,706.76,3,2024-07-05 15:00:00,1,3,growth_investor
7136,balanced,referral,698.21,3,2024-10-20 15:00:00,1,4,growth_investor
6575,cautious,social,693.19,1,2024-02-02 14:00:00,1,1,growth_investor
5830,cautious,referral,690.29,1,2024-03-22 14:00:00,1,1,growth_investor
372,cautious,organic,684.23,1,2024-07-05 14:00:00,1,1,growth_investor
2137,balanced,paid_search,683.19,3,2025-02-17 15:00:00,1,3,growth_investor
9070,cautious,referral,667.03,1,2024-02-01 14:00:00,1,1,growth_investor
7450,aggressive,organic,663.54,3,2024-06-08 15:00:00,1,4,growth_investor
6526,cautious,bank_partner,660.68,2,2024-11-18 15:00:00,1,2,growth_investor
829,cautious,bank_partner,651.37,2,2025-03-04 15:00:00,1,2,growth_investor
3928,balanced,bank_partner,650.07,4,2025-01-02 15:00:00,1,4,growth_investor
4453,aggressive,paid_search,645.3,3,2024-11-20 15:00:00,1,3,growth_investor
6572,balanced,social,636.09,4,2024-09-22 15:00:00,1,4,growth_investor
5941,cautious,paid_search,635.8,1,2024-08-28 14:00:00,1,1,growth_investor
3421,balanced,social,629.86,1,2025-01-23 14:00:00,1,1,growth_investor
11340,balanced,organic,617.68,2,2024-03-18 15:00:00,1,3,growth_investor
8032,cautious,referral,615.2,2,2024-09-29 15:00:00,1,3,growth_investor
7834,cautious,paid_search,613.94,2,2024-02-28 15:00:00,1,3,growth_investor
9833,cautious,bank_partner,613.61,1,2024-11-19 14:00:00,1,1,growth_investor
6475,balanced,referral,603.77,2,2024-09-24 15:00:00,1,2,growth_investor
4807,balanced,referral,603.31,2,2024-11-26 15:00:00,1,2,growth_investor
10664,balanced,paid_search,603.27,1,2024-08-29 14:00:00,1,1,growth_investor
458,aggressive,organic,603.19,1,2024-10-15 14:00:00,1,1,growth_investor
203,balanced,organic,580.19,2,2025-03-12 15:00:00,1,2,growth_investor
8646,balanced,paid_search,577.71,1,2024-01-28 14:00:00,1,1,growth_investor
2622,balanced,paid_search,573.71,1,2024-12-03 14:00:00,1,1,growth_investor
5510,balanced,bank_partner,571.53,1,2024-02-20 14:00:00,1,1,growth_investor
10934,balanced,social,566.86,4,2024-11-19 15:00:00,1,4,growth_investor
727,aggressive,social,564.32,1,2024-02-05 14:00:00,1,1,growth_investor
9459,balanced,social,547.57,1,2024-10-11 14:00:00,1,1,growth_investor
79,aggressive,paid_search,543.73,1,2024-06-30 14:00:00,1,1,growth_investor
5940,balanced,bank_partner,540.28,2,2024-12-28 15:00:00,1,2,growth_investor
3949,balanced,referral,522.75,1,2024-11-05 14:00:00,1,1,growth_investor
9978,balanced,organic,518.5,1,2024-03-23 14:00:00,1,1,growth_investor
6821,aggressive,paid_search,504.31,1,2024-07-27 14:00:00,1,1,growth_investor
10047,cautious,social,501.43,1,2024-02-16 14:00:00,1,1,growth_investor
5636,balanced,bank_partner,494.96,1,2024-10-25 14:00:00,1,1,growth_investor
1156,balanced,social,492.87,2,2024-12-29 15:00:00,1,2,growth_investor
647,cautious,organic,489.01,3,2025-02-21 15:00:00,1,3,growth_investor
1451,cautious,bank_partner,488.48,1,2024-01-26 14:00:00,1,1,growth_investor
2911,aggressive,organic,477.31,2,2025-01-14 15:00:00,1,2,growth_investor
1315,aggressive,bank_partner,473.65,2,2024-10-27 15:00:00,1,2,growth_investor
10711,aggressive,bank_partner,470.35,1,2024-10-15 14:00:00,1,2,growth_investor
4091,balanced,organic,461.95,4,2025-02-13 15:00:00,1,4,growth_investor
4429,balanced,paid_search,452.56,1,2024-10-19 14:00:00,1,1,growth_investor
6283,aggressive,bank_partner,451.84,2,2025-01-26 15:00:00,1,2,growth_investor
4170,balanced,social,448.74,2,2024-12-30 15:00:00,1,2,growth_investor
10372,balanced,organic,445.18,1,2024-11-28 14:00:00,1,1,growth_investor
297,cautious,organic,438.57,3,2025-02-23 15:00:00,1,3,growth_investor
5667,balanced,referral,425.11,2,2024-09-26 15:00:00,1,2,growth_investor
7078,balanced,organic,420.72,2,2024-07-10 15:00:00,1,3,growth_investor
11457,balanced,social,419.42,2,2024-03-07 15:00:00,1,3,growth_investor
1174,cautious,organic,416.93,3,2025-01-03 15:00:00,1,3,growth_investor
2173,balanced,social,415.06,3,2024-05-20 15:00:00,1,3,growth_investor
11684,aggressive,paid_search,408.77,4,2025-01-07 15:00:00,1,4,growth_investor
9568,balanced,organic,400.37,2,2024-12-07 15:00:00,1,3,growth_investor
8903,balanced,social,400.04,1,2024-12-04 14:00:00,1,1,growth_investor
9713,balanced,paid_search,396.4,1,2024-08-07 14:00:00,1,1,growth_investor
5404,cautious,bank_partner,393.38,1,2024-06-10 14:00:00,1,1,growth_investor
3812,balanced,social,390.8,2,2024-04-14 15:00:00,1,2,growth_investor
5096,balanced,referral,389.65,1,2024-07-06 14:00:00,1,1,growth_investor
10700,balanced,bank_partner,387.54,1,2024-08-04 14:00:00,1,2,growth_investor
9089,balanced,organic,382.65,3,2024-11-09 15:00:00,1,4,growth_investor
6382,cautious,organic,379.52,1,2024-11-09 14:00:00,1,1,growth_investor
11491,balanced,paid_search,375.64,2,2024-04-02 15:00:00,1,3,growth_investor
78,cautious,organic,359.23,1,2024-01-26 14:00:00,1,1,growth_investor
9053,aggressive,organic,357.93,2,2024-09-19 15:00:00,1,3,growth_investor
719,balanced,organic,347.87,1,2024-07-11 14:00:00,1,1,growth_investor
11824,balanced,paid_search,343.78,1,2024-10-08 14:00:00,1,2,growth_investor
7681,balanced,paid_search,337.2,1,2024-11-28 14:00:00,1,1,growth_investor
6462,cautious,referral,322.89,2,2024-12-14 15:00:00,1,2,growth_investor
11827,balanced,paid_search,307.36,2,2024-11-10 15:00:00,1,3,growth_investor
9006,balanced,referral,303.02,2,2024-08-31 15:00:00,1,3,growth_investor
3252,balanced,social,299.01,2,2024-09-08 15:00:00,1,2,growth_investor
11077,balanced,bank_partner,296.94,2,2024-10-09 15:00:00,1,3,growth_investor
5613,balanced,bank_partner,290.45,1,2024-02-20 14:00:00,1,1,growth_investor
2755,balanced,paid_search,287.39,1,2024-03-26 14:00:00,1,1,growth_investor
2223,balanced,paid_search,283.38,1,2024-06-07 14:00:00,1,1,growth_investor
4443,cautious,social,282.76,1,2024-06-19 14:00:00,1,1,growth_investor
952,balanced,referral,274.79,2,2024-12-21 15:00:00,1,2,growth_investor
1345,balanced,paid_search,266.0,1,2024-02-24 14:00:00,1,1,growth_investor
9244,balanced,paid_search,259.0,1,2024-08-18 14:00:00,1,1,growth_investor
816,cautious,social,258.19,1,2024-08-20 14:00:00,1,1,growth_investor
707,balanced,paid_search,257.63,2,2025-02-01 15:00:00,1,2,growth_investor
9592,balanced,referral,248.56,1,2024-10-13 14:00:00,1,1,growth_investor
7982,aggressive,social,245.11,1,2024-12-03 14:00:00,1,1,growth_investor
7102,cautious,organic,223.23,1,2024-12-28 14:00:00,1,1,growth_investor
7872,cautious,paid_search,200.0,2,2024-08-27 15:00:00,1,3,growth_investor
9660,aggressive,paid_search,198.19,1,2024-12-21 14:00:00,1,1,growth_investor
11690,aggressive,organic,134.05,1,2024-12-15 14:00:00,1,2,growth_investor
4720,balanced,bank_partner,100.0,1,2024-08-06 14:00:00,1,1,growth_investor
7462,balanced,paid_search,100.0,1,2024-10-05 14:00:00,1,1,growth_investor
1,aggressive,referral,0.0,0,,0,0,cash_rich_noninvestor
2,balanced,referral,0.0,0,,0,0,low_engagement
3,balanced,social,0.0,0,,0,0,low_engagement
4,aggressive,referral,0.0,0,,0,0,low_engagement
5,cautious,bank_partner,0.0,0,,0,0,low_engagement
6,cautious,bank_partner,0.0,0,,0,0,low_engagement
7,balanced,referral,0.0,0,,0,0,low_engagement
8,cautious,organic,0.0,0,,0,0,low_engagement
9,aggressive,bank_partner,0.0,0,,0,0,low_engagement
10,balanced,paid_search,0.0,0,,0,0,low_engagement
11,balanced,organic,0.0,0,,0,0,cash_rich_noninvestor
12,cautious,social,0.0,0,,0,0,low_engagement
13,cautious,paid_search,0.0,0,,0,0,cash_rich_noninvestor
14,balanced,organic,0.0,0,,0,0,low_engagement
15,balanced,paid_search,0.0,0,,0,0,low_engagement
16,aggressive,referral,0.0,0,,0,0,cash_rich_noninvestor
17,balanced,social,0.0,0,,0,0,low_engagement
19,balanced,paid_search,0.0,0,,0,0,cash_rich_noninvestor
21,cautious,organic,0.0,0,,0,0,low_engagement
22,cautious,social,0.0,0,,0,0,cash_rich_noninvestor
23,balanced,social,0.0,0,,0,0,low_engagement
24,balanced,paid_search,0.0,0,,0,0,low_engagement
25,cautious,organic,0.0,0,,0,0,low_engagement
26,balanced,social,0.0,0,,0,0,low_engagement
28,balanced,paid_search,0.0,0,,0,0,low_engagement
29,cautious,organic,0.0,0,,0,0,cash_rich_noninvestor
30,balanced,social,0.0,0,,0,0,low_engagement
31,cautious,organic,0.0,0,,0,0,low_engagement
32,aggressive,social,0.0,0,,0,0,low_engagement
33,balanced,referral,0.0,0,,0,0,low_engagement
34,cautious,organic,0.0,0,,0,0,low_engagement
35,cautious,organic,0.0,0,,0,0,low_engagement
36,balanced,organic,0.0,0,,0,0,low_engagement
37,balanced,social,0.0,0,,0,0,low_engagement
39,balanced,referral,0.0,0,,0,0,low_engagement
40,balanced,paid_search,0.0,0,,0,0,low_engagement
41,balanced,paid_search,0.0,0,,0,0,low_engagement
42,cautious,referral,0.0,0,,0,0,low_engagement
43,aggressive,paid_search,0.0,0,,0,0,cash_rich_noninvestor
44,cautious,organic,0.0,0,,0,0,low_engagement
45,balanced,social,0.0,0,,0,0,low_engagement
46,cautious,social,0.0,0,,0,0,low_engagement
47,cautious,paid_search,0.0,0,,0,0,low_engagement
48,balanced,organic,0.0,0,,0,0,cash_rich_noninvestor
49,balanced,paid_search,0.0,0,,0,0,low_engagement
50,balanced,organic,0.0,0,,0,0,low_engagement
51,cautious,bank_partner,0.0,0,,0,0,low_engagement
52,aggressive,bank_partner,0.0,0,,0,0,cash_rich_noninvestor
53,aggressive,referral,0.0,0,,0,0,cash_rich_noninvestor
54,cautious,organic,0.0,0,,0,0,low_engagement
56,balanced,paid_search,0.0,0,,0,0,low_engagement
57,cautious,paid_search,0.0,0,,0,0,cash_rich_noninvestor
58,aggressive,organic,0.0,0,,0,0,low_engagement
59,balanced,bank_partner,0.0,0,,0,0,low_engagement
60,cautious,referral,0.0,0,,0,0,low_engagement
61,balanced,bank_partner,0.0,0,,0,0,low_engagement
62,cautious,organic,0.0,0,,0,0,cash_rich_noninvestor
63,cautious,bank_partner,0.0,0,,0,0,low_engagement
64,cautious,paid_search,0.0,0,,0,0,cash_rich_noninvestor
66,cautious,paid_search,0.0,0,,0,0,low_engagement
67,cautious,organic,0.0,0,,0,0,low_engagement
68,balanced,bank_partner,0.0,0,,0,0,low_engagement
69,cautious,paid_search,0.0,0,,0,0,cash_rich_noninvestor
70,aggressive,bank_partner,0.0,0,,0,0,low_engagement
71,balanced,referral,0.0,0,,0,0,low_engagement
72,aggressive,referral,0.0,0,,0,0,low_engagement
73,balanced,organic,0.0,0,,0,0,low_engagement
74,cautious,referral,0.0,0,,0,0,low_engagement
75,cautious,bank_partner,0.0,0,,0,0,low_engagement
77,cautious,paid_search,0.0,0,,0,0,low_engagement
80,balanced,organic,0.0,0,,0,0,low_engagement
81,cautious,social,0.0,0,,0,0,low_engagement
82,cautious,organic,0.0,0,,0,0,low_engagement
83,balanced,social,0.0,0,,0,0,low_engagement
84,cautious,organic,0.0,0,,0,0,low_engagement
85,aggressive,referral,0.0,0,,0,0,low_engagement
86,balanced,paid_search,0.0,0,,0,0,cash_rich_noninvestor
87,balanced,social,0.0,0,,0,0,low_engagement
88,balanced,organic,0.0,0,,0,0,low_engagement
91,cautious,referral,0.0,0,,0,0,low_engagement
92,cautious,organic,0.0,0,,0,0,cash_rich_noninvestor
93,aggressive,paid_search,0.0,0,,0,0,low_engagement
95,balanced,social,0.0,0,,0,0,low_engagement
96,balanced,paid_search,0.0,0,,0,0,cash_rich_noninvestor
97,balanced,social,0.0,0,,0,0,cash_rich_noninvestor
98,cautious,social,0.0,0,,0,0,low_engagement
99,cautious,referral,0.0,0,,0,0,cash_rich_noninvestor
100,balanced,paid_search,0.0,0,,0,0,low_engagement
101,balanced,organic,0.0,0,,0,0,low_engagement
102,balanced,referral,0.0,0,,0,0,low_engagement
103,cautious,social,0.0,0,,0,0,low_engagement
104,cautious,referral,0.0,0,,0,0,low_engagement
105,balanced,social,0.0,0,,0,0,low_engagement
106,balanced,social,0.0,0,,0,0,low_engagement
107,cautious,referral,0.0,0,,0,0,cash_rich_noninvestor
108,balanced,organic,0.0,0,,0,0,cash_rich_noninvestor
109,cautious,paid_search,0.0,0,,0,0,low_engagement
110,balanced,referral,0.0,0,,0,0,low_engagement
111,balanced,social,0.0,0,,0,0,low_engagement
112,balanced,social,0.0,0,,0,0,low_engagement
113,aggressive,paid_search,0.0,0,,0,0,low_engagement
115,aggressive,referral,0.0,0,,0,0,low_engagement
116,cautious,paid_search,0.0,0,,0,0,low_engagement
117,aggressive,organic,0.0,0,,0,0,low_engagement
118,balanced,organic,0.0,0,,0,0,low_engagement
119,balanced,organic,0.0,0,,0,0,low_engagement
120,cautious,organic,0.0,0,,0,0,low_engagement
121,aggressive,paid_search,0.0,0,,0,0,low_engagement
122,cautious,paid_search,0.0,0,,0,0,low_engagement
123,balanced,social,0.0,0,,0,0,low_engagement
124,balanced,organic,0.0,0,,0,0,low_engagement
125,cautious,organic,0.0,0,,0,0,low_engagement
126,aggressive,social,0.0,0,,0,0,cash_rich_noninvestor
127,aggressive,paid_search,0.0,0,,0,0,low_engagement
128,aggressive,paid_search,0.0,0,,0,0,low_engagement
129,aggressive,paid_search,0.0,0,,0,0,low_engagement
130,balanced,social,0.0,0,,0,0,low_engagement
131,cautious,organic,0.0,0,,0,0,cash_rich_noninvestor
132,balanced,organic,0.0,0,,0,0,low_engagement
133,cautious,paid_search,0.0,0,,0,0,low_engagement
134,cautious,social,0.0,0,,0,0,cash_rich_noninvestor
135,aggressive,social,0.0,0,,0,0,low_engagement
137,balanced,organic,0.0,0,,0,0,low_engagement
138,balanced,bank_partner,0.0,0,,0,0,low_engagement
139,cautious,organic,0.0,0,,0,0,low_engagement
140,balanced,referral,0.0,0,,0,0,low_engagement
141,balanced,social,0.0,0,,0,0,cash_rich_noninvestor
142,aggressive,paid_search,0.0,0,,0,0,low_engagement
143,aggressive,organic,0.0,0,,0,0,low_engagement
144,cautious,organic,0.0,0,,0,0,cash_rich_noninvestor
145,balanced,paid_search,0.0,0,,0,0,low_engagement
146,balanced,paid_search,0.0,0,,0,0,low_engagement
147,cautious,organic,0.0,0,,0,0,low_engagement
148,balanced,organic,0.0,0,,0,0,low_engagement
149,balanced,paid_search,0.0,0,,0,0,low_engagement
150,balanced,organic,0.0,0,,0,0,low_engagement
151,balanced,social,0.0,0,,0,0,low_engagement
152,cautious,social,0.0,0,,0,0,low_engagement
154,balanced,bank_partner,0.0,0,,0,0,low_engagement
155,aggressive,social,0.0,0,,0,0,low_engagement
156,aggressive,referral,0.0,0,,0,0,low_engagement
157,balanced,referral,0.0,0,,0,0,low_engagement
158,cautious,referral,0.0,0,,0,0,low_engagement
159,cautious,paid_search,0.0,0,,0,0,cash_rich_noninvestor
160,cautious,organic,0.0,0,,0,0,low_engagement
161,aggressive,organic,0.0,0,,0,0,cash_rich_noninvestor
162,cautious,paid_search,0.0,0,,0,0,low_engagement
163,aggressive,organic,0.0,0,,0,0,low_engagement
164,aggressive,organic,0.0,0,,0,0,low_engagement
165,cautious,paid_search,0.0,0,,0,0,low_engagement
166,balanced,social,0.0,0,,0,0,cash_rich_noninvestor
167,cautious,referral,0.0,0,,0,0,low_engagement
168,balanced,organic,0.0,0,,0,0,low_engagement
171,cautious,bank_partner,0.0,0,,0,0,low_engagement
172,balanced,social,0.0,0,,0,0,low_engagement
173,cautious,organic,0.0,0,,0,0,low_engagement
174,cautious,bank_partner,0.0,0,,0,0,low_engagement
175,balanced,organic,0.0,0,,0,0,low_engagement
176,cautious,paid_search,0.0,0,,0,0,low_engagement
177,cautious,paid_search,0.0,0,,0,0,low_engagement
178,balanced,paid_search,0.0,0,,0,0,low_engagement
180,aggressive,social,0.0,0,,0,0,cash_rich_noninvestor
181,balanced,social,0.0,0,,0,0,low_engagement
182,cautious,referral,0.0,0,,0,0,low_engagement
183,balanced,referral,0.0,0,,0,0,cash_rich_noninvestor
184,cautious,social,0.0,0,,0,0,cash_rich_noninvestor
185,cautious,paid_search,0.0,0,,0,0,low_engagement
186,cautious,social,0.0,0,,0,0,low_engagement
187,balanced,organic,0.0,0,,0,0,low_engagement
188,balanced,social,0.0,0,,0,0,cash_rich_noninvestor
189,balanced,bank_partner,0.0,0,,0,0,low_engagement
191,cautious,referral,0.0,0,,0,0,low_engagement
192,cautious,social,0.0,0,,0,0,low_engagement
193,balanced,organic,0.0,0,,0,0,low_engagement
194,balanced,organic,0.0,0,,0,0,low_engagement
195,balanced,organic,0.0,0,,0,0,low_engagement
196,balanced,organic,0.0,0,,0,0,low_engagement
197,balanced,organic,0.0,0,,0,0,low_engagement
198,balanced,paid_search,0.0,0,,0,0,cash_rich_noninvestor
199,balanced,social,0.0,0,,0,0,low_engagement
200,aggressive,organic,0.0,0,,0,0,low_engagement
201,balanced,bank_partner,0.0,0,,0,0,low_engagement
202,balanced,bank_partner,0.0,0,,0,0,cash_rich_noninvestor
204,aggressive,social,0.0,0,,0,0,low_engagement
206,aggressive,paid_search,0.0,0,,0,0,low_engagement
207,balanced,organic,0.0,0,,0,0,low_engagement
208,cautious,organic,0.0,0,,0,0,low_engagement
209,cautious,paid_search,0.0,0,,0,0,cash_rich_noninvestor
210,cautious,referral,0.0,0,,0,0,cash_rich_noninvestor
211,cautious,referral,0.0,0,,0,0,cash_rich_noninvestor
212,balanced,organic,0.0,0,,0,0,cash_rich_noninvestor
213,balanced,paid_search,0.0,0,,0,0,low_engagement
214,cautious,organic,0.0,0,,0,0,cash_rich_noninvestor
215,balanced,organic,0.0,0,,0,0,cash_rich_noninvestor
216,cautious,paid_search,0.0,0,,0,0,low_engagement
217,cautious,bank_partner,0.0,0,,0,0,low_engagement
218,balanced,organic,0.0,0,,0,0,low_engagement
219,balanced,social,0.0,0,,0,0,low_engagement
222,cautious,bank_partner,0.0,0,,0,0,low_engagement
224,aggressive,paid_search,0.0,0,,0,0,cash_rich_noninvestor
225,balanced,paid_search,0.0,0,,0,0,low_engagement
226,aggressive,paid_search,0.0,0,,0,0,low_engagement
227,balanced,bank_partner,0.0,0,,0,0,low_engagement
228,cautious,organic,0.0,0,,0,0,low_engagement
229,aggressive,organic,0.0,0,,0,0,low_engagement
230,balanced,referral,0.0,0,,0,0,low_engagement
231,balanced,referral,0.0,0,,0,0,cash_rich_noninvestor
232,aggressive,paid_search,0.0,0,,0,0,low_engagement
233,balanced,referral,0.0,0,,0,0,low_engagement
234,balanced,organic,0.0,0,,0,0,low_engagement
235,balanced,organic,0.0,0,,0,0,low_engagement
236,aggressive,paid_search,0.0,0,,0,0,low_engagement
237,balanced,organic,0.0,0,,0,0,cash_rich_noninvestor
238,cautious,paid_search,0.0,0,,0,0,low_engagement
239,balanced,social,0.0,0,,0,0,cash_rich_noninvestor
240,cautious,organic,0.0,0,,0,0,low_engagement
243,aggressive,paid_search,0.0,0,,0,0,low_engagement
244,aggressive,organic,0.0,0,,0,0,low_engagement
245,aggressive,organic,0.0,0,,0,0,low_engagement
247,cautious,referral,0.0,0,,0,0,low_engagement
248,balanced,paid_search,0.0,0,,0,0,low_engagement
249,balanced,organic,0.0,0,,0,0,low_engagement
250,balanced,bank_partner,0.0,0,,0,0,low_engagement
251,aggressive,paid_search,0.0,0,,0,0,low_engagement
252,cautious,organic,0.0,0,,0,0,low_engagement
253,cautious,organic,0.0,0,,0,0,low_engagement
254,cautious,paid_search,0.0,0,,0,0,low_engagement
255,cautious,referral,0.0,0,,0,0,low_engagement
256,balanced,paid_search,0.0,0,,0,0,low_engagement
257,cautious,social,0.0,0,,0,0,low_engagement
258,aggressive,bank_partner,0.0,0,,0,0,low_engagement
259,balanced,organic,0.0,0,,0,0,low_engagement
260,cautious,organic,0.0,0,,0,0,low_engagement
261,cautious,organic,0.0,0,,0,0,low_engagement
262,aggressive,referral,0.0,0,,0,0,cash_rich_noninvestor
263,balanced,bank_partner,0.0,0,,0,0,cash_rich_noninvestor
264,cautious,organic,0.0,0,,0,0,low_engagement
265,balanced,bank_partner,0.0,0,,0,0,low_engagement
266,cautious,social,0.0,0,,0,0,low_engagement
267,balanced,organic,0.0,0,,0,0,low_engagement
268,balanced,bank_partner,0.0,0,,0,0,cash_rich_noninvestor
270,balanced,paid_search,0.0,0,,0,0,low_engagement
271,aggressive,paid_search,0.0,0,,0,0,cash_rich_noninvestor
272,cautious,bank_partner,0.0,0,,0,0,low_engagement
273,aggressive,paid_search,0.0,0,,0,0,low_engagement
274,cautious,referral,0.0,0,,0,0,cash_rich_noninvestor
275,cautious,referral,0.0,0,,0,0,cash_rich_noninvestor
276,balanced,social,0.0,0,,0,0,low_engagement
277,balanced,paid_search,0.0,0,,0,0,low_engagement
278,balanced,referral,0.0,0,,0,0,low_engagement
279,cautious,bank_partner,0.0,0,,0,0,low_engagement
280,aggressive,referral,0.0,0,,0,0,low_engagement
281,cautious,social,0.0,0,,0,0,low_engagement
282,aggressive,organic,0.0,0,,0,0,low_engagement
283,balanced,referral,0.0,0,,0,0,low_engagement
285,cautious,bank_partner,0.0,0,,0,0,low_engagement
286,balanced,organic,0.0,0,,0,0,cash_rich_noninvestor
287,balanced,organic,0.0,0,,0,0,low_engagement
288,cautious,referral,0.0,0,,0,0,low_engagement
289,cautious,social,0.0,0,,0,0,low_engagement
290,balanced,organic,0.0,0,,0,0,cash_rich_noninvestor
291,balanced,referral,0.0,0,,0,0,cash_rich_noninvestor
292,cautious,organic,0.0,0,,0,0,low_engagement
293,cautious,paid_search,0.0,0,,0,0,low_engagement
294,cautious,referral,0.0,0,,0,0,low_engagement
296,aggressive,social,0.0,0,,0,0,cash_rich_noninvestor
298,aggressive,organic,0.0,0,,0,0,low_engagement
299,balanced,organic,0.0,0,,0,0,cash_rich_noninvestor
300,balanced,organic,0.0,0,,0,0,low_engagement
301,cautious,organic,0.0,0,,0,0,low_engagement
302,aggressive,organic,0.0,0,,0,0,low_engagement
303,balanced,organic,0.0,0,,0,0,low_engagement
305,aggressive,referral,0.0,0,,0,0,cash_rich_noninvestor
306,balanced,paid_search,0.0,0,,0,0,low_engagement
307,balanced,referral,0.0,0,,0,0,low_engagement
308,aggressive,organic,0.0,0,,0,0,low_engagement
309,cautious,paid_search,0.0,0,,0,0,low_engagement
311,balanced,organic,0.0,0,,0,0,low_engagement
312,cautious,social,0.0,0,,0,0,low_engagement
313,aggressive,referral,0.0,0,,0,0,low_engagement
314,balanced,organic,0.0,0,,0,0,cash_rich_noninvestor
315,aggressive,organic,0.0,0,,0,0,low_engagement
316,balanced,bank_partner,0.0,0,,0,0,low_engagement
317,cautious,paid_search,0.0,0,,0,0,low_engagement
318,cautious,organic,0.0,0,,0,0,low_engagement
320,cautious,organic,0.0,0,,0,0,cash_rich_noninvestor
321,balanced,paid_search,0.0,0,,0,0,low_engagement
322,cautious,referral,0.0,0,,0,0,cash_rich_noninvestor
323,balanced,paid_search,0.0,0,,0,0,low_engagement
324,balanced,bank_partner,0.0,0,,0,0,low_engagement
325,cautious,bank_partner,0.0,0,,0,0,low_engagement
326,cautious,organic,0.0,0,,0,0,cash_rich_noninvestor
327,cautious,bank_partner,0.0,0,,0,0,low_engagement
328,balanced,social,0.0,0,,0,0,cash_rich_noninvestor
330,cautious,paid_search,0.0,0,,0,0,cash_rich_noninvestor
331,balanced,social,0.0,0,,0,0,low_engagement
332,cautious,social,0.0,0,,0,0,low_engagement
333,balanced,paid_search,0.0,0,,0,0,low_engagement
334,balanced,paid_search,0.0,0,,0,0,cash_rich_noninvestor
335,aggressive,paid_search,0.0,0,,0,0,low_engagement
337,cautious,bank_partner,0.0,0,,0,0,low_engagement
338,balanced,social,0.0,0,,0,0,low_engagement
339,balanced,paid_search,0.0,0,,0,0,cash_rich_noninvestor
340,cautious,paid_search,0.0,0,,0,0,low_engagement
341,cautious,bank_partner,0.0,0,,0,0,low_engagement
342,balanced,paid_search,0.0,0,,0,0,cash_rich_noninvestor
344,balanced,bank_partner,0.0,0,,0,0,low_engagement
345,cautious,social,0.0,0,,0,0,cash_rich_noninvestor
346,cautious,organic,0.0,0,,0,0,low_engagement
347,cautious,social,0.0,0,,0,0,low_engagement
348,balanced,paid_search,0.0,0,,0,0,cash_rich_noninvestor
349,balanced,organic,0.0,0,,0,0,low_engagement
350,balanced,referral,0.0,0,,0,0,low_engagement
351,cautious,organic,0.0,0,,0,0,low_engagement
352,aggressive,referral,0.0,0,,0,0,low_engagement
353,cautious,paid_search,0.0,0,,0,0,low_engagement
354,cautious,bank_partner,0.0,0,,0,0,low_engagement
355,cautious,referral,0.0,0,,0,0,low_engagement
356,balanced,organic,0.0,0,,0,0,low_engagement
357,aggressive,bank_partner,0.0,0,,0,0,low_engagement
358,aggressive,bank_partner,0.0,0,,0,0,cash_rich_noninvestor
359,balanced,referral,0.0,0,,0,0,low_engagement
360,cautious,paid_search,0.0,0,,0,0,low_engagement
361,aggressive,paid_search,0.0,0,,0,0,low_engagement
362,aggressive,referral,0.0,0,,0,0,cash_rich_noninvestor
363,cautious,organic,0.0,0,,0,0,low_engagement
364,cautious,paid_search,0.0,0,,0,0,low_engagement
365,cautious,bank_partner,0.0,0,,0,0,low_engagement
366,balanced,organic,0.0,0,,0,0,low_engagement
367,aggressive,referral,0.0,0,,0,0,low_engagement
368,balanced,referral,0.0,0,,0,0,cash_rich_noninvestor
369,cautious,organic,0.0,0,,0,0,low_engagement
370,cautious,organic,0.0,0,,0,0,cash_rich_noninvestor
371,aggressive,bank_partner,0.0,0,,0,0,low_engagement
373,balanced,social,0.0,0,,0,0,low_engagement
374,balanced,social,0.0,0,,0,0,low_engagement
375,cautious,organic,0.0,0,,0,0,cash_rich_noninvestor
376,balanced,social,0.0,0,,0,0,low_engagement
377,balanced,social,0.0,0,,0,0,low_engagement
378,balanced,social,0.0,0,,0,0,low_engagement
379,balanced,organic,0.0,0,,0,0,low_engagement
381,balanced,social,0.0,0,,0,0,low_engagement
382,balanced,paid_search,0.0,0,,0,0,low_engagement
383,aggressive,organic,0.0,0,,0,0,low_engagement
384,balanced,social,0.0,0,,0,0,low_engagement
385,balanced,paid_search,0.0,0,,0,0,low_engagement
386,balanced,bank_partner,0.0,0,,0,0,low_engagement
388,balanced,paid_search,0.0,0,,0,0,low_engagement
389,cautious,social,0.0,0,,0,0,low_engagement
390,balanced,referral,0.0,0,,0,0,low_engagement
391,balanced,paid_search,0.0,0,,0,0,low_engagement
393,balanced,paid_search,0.0,0,,0,0,low_engagement
394,cautious,paid_search,0.0,0,,0,0,low_engagement
395,balanced,bank_partner,0.0,0,,0,0,low_engagement
397,aggressive,organic,0.0,0,,0,0,low_engagement
398,aggressive,bank_partner,0.0,0,,0,0,cash_rich_noninvestor
399,cautious,organic,0.0,0,,0,0,low_engagement
400,cautious,social,0.0,0,,0,0,low_engagement
402,balanced,paid_search,0.0,0,,0,0,low_engagement
403,balanced,organic,0.0,0,,0,0,cash_rich_noninvestor
404,balanced,organic,0.0,0,,0,0,low_engagement
405,cautious,paid_search,0.0,0,,0,0,cash_rich_noninvestor
406,cautious,organic,0.0,0,,0,0,low_engagement
407,balanced,organic,0.0,0,,0,0,low_engagement
408,balanced,organic,0.0,0,,0,0,low_engagement
409,cautious,organic,0.0,0,,0,0,cash_rich_noninvestor
411,balanced,social,0.0,0,,0,0,cash_rich_noninvestor
412,cautious,organic,0.0,0,,0,0,low_engagement
413,balanced,organic,0.0,0,,0,0,low_engagement
414,cautious,organic,0.0,0,,0,0,low_engagement
415,balanced,paid_search,0.0,0,,0,0,cash_rich_noninvestor
416,aggressive,paid_search,0.0,0,,0,0,low_engagement
417,aggressive,referral,0.0,0,,0,0,low_engagement
419,balanced,social,0.0,0,,0,0,low_engagement
420,balanced,bank_partner,0.0,0,,0,0,low_engagement
421,cautious,paid_search,0.0,0,,0,0,low_engagement
422,cautious,social,0.0,0,,0,0,low_engagement
423,cautious,social,0.0,0,,0,0,cash_rich_noninvestor
424,cautious,social,0.0,0,,0,0,low_engagement
425,balanced,paid_search,0.0,0,,0,0,low_engagement
426,balanced,paid_search,0.0,0,,0,0,low_engagement
427,cautious,organic,0.0,0,,0,0,low_engagement
428,balanced,organic,0.0,0,,0,0,low_engagement
429,balanced,organic,0.0,0,,0,0,low_engagement
430,balanced,social,0.0,0,,0,0,low_engagement
431,balanced,paid_search,0.0,0,,0,0,cash_rich_noninvestor
432,balanced,bank_partner,0.0,0,,0,0,cash_rich_noninvestor
433,aggressive,social,0.0,0,,0,0,cash_rich_noninvestor
434,balanced,paid_search,0.0,0,,0,0,low_engagement
435,balanced,paid_search,0.0,0,,0,0,low_engagement
436,balanced,organic,0.0,0,,0,0,low_engagement
437,balanced,organic,0.0,0,,0,0,low_engagement
438,balanced,organic,0.0,0,,0,0,cash_rich_noninvestor
439,cautious,organic,0.0,0,,0,0,low_engagement
440,balanced,referral,0.0,0,,0,0,low_engagement
441,balanced,organic,0.0,0,,0,0,cash_rich_noninvestor
442,balanced,referral,0.0,0,,0,0,low_engagement
443,cautious,paid_search,0.0,0,,0,0,low_engagement
444,aggressive,social,0.0,0,,0,0,cash_rich_noninvestor
445,balanced,paid_search,0.0,0,,0,0,low_engagement
446,balanced,organic,0.0,0,,0,0,cash_rich_noninvestor
447,cautious,organic,0.0,0,,0,0,low_engagement
448,balanced,bank_partner,0.0,0,,0,0,low_engagement
449,cautious,social,0.0,0,,0,0,cash_rich_noninvestor
450,balanced,referral,0.0,0,,0,0,cash_rich_noninvestor
451,aggressive,social,0.0,0,,0,0,low_engagement
452,aggressive,referral,0.0,0,,0,0,low_engagement
453,cautious,referral,0.0,0,,0,0,low_engagement
454,aggressive,paid_search,0.0,0,,0,0,low_engagement
455,balanced,bank_partner,0.0,0,,0,0,low_engagement
456,balanced,organic,0.0,0,,0,0,low_engagement
457,balanced,referral,0.0,0,,0,0,low_engagement
459,balanced,organic,0.0,0,,0,0,low_engagement
460,cautious,paid_search,0.0,0,,0,0,low_engagement
461,cautious,paid_search,0.0,0,,0,0,low_engagement
462,aggressive,bank_partner,0.0,0,,0,0,cash_rich_noninvestor
464,cautious,social,0.0,0,,0,0,low_engagement
465,cautious,social,0.0,0,,0,0,low_engagement
466,balanced,paid_search,0.0,0,,0,0,low_engagement
467,balanced,organic,0.0,0,,0,0,cash_rich_noninvestor
468,cautious,organic,0.0,0,,0,0,cash_rich_noninvestor
470,balanced,paid_search,0.0,0,,0,0,cash_rich_noninvestor
471,aggressive,social,0.0,0,,0,0,low_engagement
472,balanced,organic,0.0,0,,0,0,low_engagement
473,aggressive,referral,0.0,0,,0,0,low_engagement
474,balanced,referral,0.0,0,,0,0,cash_rich_noninvestor
475,cautious,social,0.0,0,,0,0,low_engagement
476,cautious,organic,0.0,0,,0,0,low_engagement
477,cautious,organic,0.0,0,,0,0,low_engagement
478,cautious,referral,0.0,0,,0,0,low_engagement
479,balanced,bank_partner,0.0,0,,0,0,low_engagement
480,balanced,organic,0.0,0,,0,0,cash_rich_noninvestor
481,balanced,paid_search,0.0,0,,0,0,low_engagement
482,cautious,paid_search,0.0,0,,0,0,low_engagement
483,cautious,social,0.0,0,,0,0,low_engagement
484,cautious,bank_partner,0.0,0,,0,0,low_engagement
485,cautious,social,0.0,0,,0,0,low_engagement
486,balanced,paid_search,0.0,0,,0,0,low_engagement
487,aggressive,social,0.0,0,,0,0,low_engagement
488,balanced,organic,0.0,0,,0,0,low_engagement
489,cautious,organic,0.0,0,,0,0,low_engagement
491,aggressive,organic,0.0,0,,0,0,cash_rich_noninvestor
492,balanced,referral,0.0,0,,0,0,low_engagement
493,balanced,social,0.0,0,,0,0,low_engagement
494,balanced,bank_partner,0.0,0,,0,0,cash_rich_noninvestor
495,balanced,referral,0.0,0,,0,0,cash_rich_noninvestor
496,cautious,social,0.0,0,,0,0,cash_rich_noninvestor
498,cautious,social,0.0,0,,0,0,low_engagement
499,balanced,paid_search,0.0,0,,0,0,low_engagement
500,balanced,social,0.0,0,,0,0,low_engagement
501,cautious,organic,0.0,0,,0,0,low_engagement
503,aggressive,bank_partner,0.0,0,,0,0,low_engagement
504,balanced,referral,0.0,0,,0,0,low_engagement
505,balanced,paid_search,0.0,0,,0,0,cash_rich_noninvestor
506,balanced,paid_search,0.0,0,,0,0,low_engagement
507,cautious,paid_search,0.0,0,,0,0,low_engagement
508,balanced,bank_partner,0.0,0,,0,0,low_engagement
509,cautious,organic,0.0,0,,0,0,low_engagement
510,aggressive,referral,0.0,0,,0,0,low_engagement
511,balanced,organic,0.0,0,,0,0,low_engagement
513,balanced,paid_search,0.0,0,,0,0,cash_rich_noninvestor
514,balanced,bank_partner,0.0,0,,0,0,low_engagement
515,balanced,referral,0.0,0,,0,0,cash_rich_noninvestor
516,cautious,paid_search,0.0,0,,0,0,cash_rich_noninvestor
517,aggressive,bank_partner,0.0,0,,0,0,low_engagement
518,aggressive,organic,0.0,0,,0,0,low_engagement
519,cautious,organic,0.0,0,,0,0,cash_rich_noninvestor
520,cautious,paid_search,0.0,0,,0,0,low_engagement
521,cautious,organic,0.0,0,,0,0,low_engagement
522,balanced,paid_search,0.0,0,,0,0,low_engagement
523,balanced,bank_partner,0.0,0,,0,0,low_engagement
525,cautious,social,0.0,0,,0,0,low_engagement
526,balanced,referral,0.0,0,,0,0,low_engagement
527,aggressive,paid_search,0.0,0,,0,0,low_engagement
528,balanced,bank_partner,0.0,0,,0,0,low_engagement
529,aggressive,bank_partner,0.0,0,,0,0,low_engagement
530,balanced,organic,0.0,0,,0,0,low_engagement
531,balanced,bank_partner,0.0,0,,0,0,low_engagement
532,balanced,bank_partner,0.0,0,,0,0,cash_rich_noninvestor
533,balanced,social,0.0,0,,0,0,low_engagement
534,balanced,organic,0.0,0,,0,0,low_engagement
535,balanced,bank_partner,0.0,0,,0,0,low_engagement
536,cautious,organic,0.0,0,,0,0,low_engagement
537,balanced,paid_search,0.0,0,,0,0,cash_rich_noninvestor
538,aggressive,social,0.0,0,,0,0,low_engagement
539,balanced,paid_search,0.0,0,,0,0,low_engagement
540,cautious,organic,0.0,0,,0,0,low_engagement
541,balanced,organic,0.0,0,,0,0,low_engagement
542,cautious,social,0.0,0,,0,0,cash_rich_noninvestor
543,cautious,paid_search,0.0,0,,0,0,low_engagement
544,aggressive,organic,0.0,0,,0,0,low_engagement
545,aggressive,organic,0.0,0,,0,0,low_engagement
546,cautious,organic,0.0,0,,0,0,cash_rich_noninvestor
547,cautious,organic,0.0,0,,0,0,cash_rich_noninvestor
548,cautious,organic,0.0,0,,0,0,low_engagement
549,cautious,organic,0.0,0,,0,0,low_engagement
550,balanced,paid_search,0.0,0,,0,0,low_engagement
551,aggressive,social,0.0,0,,0,0,low_engagement
552,balanced,paid_search,0.0,0,,0,0,low_engagement
553,balanced,organic,0.0,0,,0,0,low_engagement
554,aggressive,paid_search,0.0,0,,0,0,cash_rich_noninvestor
555,cautious,social,0.0,0,,0,0,low_engagement
556,balanced,organic,0.0,0,,0,0,low_engagement
557,cautious,referral,0.0,0,,0,0,cash_rich_noninvestor
558,cautious,referral,0.0,0,,0,0,low_engagement
559,cautious,organic,0.0,0,,0,0,low_engagement
560,cautious,organic,0.0,0,,0,0,low_engagement
561,balanced,referral,0.0,0,,0,0,low_engagement
562,balanced,organic,0.0,0,,0,0,low_engagement
563,cautious,referral,0.0,0,,0,0,low_engagement
564,balanced,social,0.0,0,,0,0,low_engagement
565,balanced,organic,0.0,0,,0,0,low_engagement
566,cautious,paid_search,0.0,0,,0,0,low_engagement
567,aggressive,social,0.0,0,,0,0,low_engagement
568,cautious,referral,0.0,0,,0,0,low_engagement
569,cautious,social,0.0,0,,0,0,low_engagement
572,balanced,referral,0.0,0,,0,0,low_engagement
574,cautious,social,0.0,0,,0,0,cash_rich_noninvestor
575,balanced,paid_search,0.0,0,,0,0,low_engagement
576,balanced,organic,0.0,0,,0,0,low_engagement
577,balanced,organic,0.0,0,,0,0,low_engagement
578,cautious,social,0.0,0,,0,0,low_engagement
579,balanced,bank_partner,0.0,0,,0,0,low_engagement
580,aggressive,social,0.0,0,,0,0,low_engagement
581,aggressive,bank_partner,0.0,0,,0,0,low_engagement
582,balanced,social,0.0,0,,0,0,cash_rich_noninvestor
583,cautious,paid_search,0.0,0,,0,0,low_engagement
584,balanced,social,0.0,0,,0,0,low_engagement
585,cautious,organic,0.0,0,,0,0,cash_rich_noninvestor
586,balanced,paid_search,0.0,0,,0,0,low_engagement
587,aggressive,paid_search,0.0,0,,0,0,cash_rich_noninvestor
588,cautious,social,0.0,0,,0,0,low_engagement
589,cautious,referral,0.0,0,,0,0,low_engagement
590,cautious,paid_search,0.0,0,,0,0,low_engagement
592,balanced,paid_search,0.0,0,,0,0,low_engagement
593,cautious,social,0.0,0,,0,0,low_engagement
594,balanced,referral,0.0,0,,0,0,low_engagement
595,balanced,referral,0.0,0,,0,0,low_engagement
596,aggressive,referral,0.0,0,,0,0,low_engagement
598,aggressive,bank_partner,0.0,0,,0,0,low_engagement
600,balanced,organic,0.0,0,,0,0,cash_rich_noninvestor
601,aggressive,bank_partner,0.0,0,,0,0,low_engagement
602,cautious,social,0.0,0,,0,0,low_engagement
603,aggressive,paid_search,0.0,0,,0,0,low_engagement
604,balanced,organic,0.0,0,,0,0,low_engagement
605,balanced,bank_partner,0.0,0,,0,0,cash_rich_noninvestor
607,balanced,referral,0.0,0,,0,0,cash_rich_noninvestor
608,balanced,bank_partner,0.0,0,,0,0,cash_rich_noninvestor
609,aggressive,bank_partner,0.0,0,,0,0,low_engagement
610,aggressive,social,0.0,0,,0,0,low_engagement
611,cautious,referral,0.0,0,,0,0,low_engagement
612,balanced,referral,0.0,0,,0,0,cash_rich_noninvestor
613,balanced,paid_search,0.0,0,,0,0,cash_rich_noninvestor
614,balanced,paid_search,0.0,0,,0,0,cash_rich_noninvestor
615,aggressive,social,0.0,0,,0,0,low_engagement
616,balanced,referral,0.0,0,,0,0,low_engagement
617,balanced,organic,0.0,0,,0,0,low_engagement
618,aggressive,paid_search,0.0,0,,0,0,cash_rich_noninvestor
619,balanced,organic,0.0,0,,0,0,low_engagement
620,balanced,paid_search,0.0,0,,0,0,low_engagement
621,balanced,paid_search,0.0,0,,0,0,cash_rich_noninvestor
622,balanced,organic,0.0,0,,0,0,cash_rich_noninvestor
623,cautious,bank_partner,0.0,0,,0,0,low_engagement
624,cautious,paid_search,0.0,0,,0,0,low_engagement
625,balanced,organic,0.0,0,,0,0,low_engagement
626,balanced,social,0.0,0,,0,0,cash_rich_noninvestor
627,balanced,social,0.0,0,,0,0,low_engagement
628,cautious,referral,0.0,0,,0,0,low_engagement
630,balanced,referral,0.0,0,,0,0,low_engagement
631,cautious,organic,0.0,0,,0,0,low_engagement
632,balanced,social,0.0,0,,0,0,low_engagement
633,balanced,bank_partner,0.0,0,,0,0,cash_rich_noninvestor
634,aggressive,referral,0.0,0,,0,0,low_engagement
635,balanced,organic,0.0,0,,0,0,low_engagement
636,aggressive,social,0.0,0,,0,0,cash_rich_noninvestor
638,balanced,paid_search,0.0,0,,0,0,cash_rich_noninvestor
639,balanced,referral,0.0,0,,0,0,low_engagement
640,balanced,organic,0.0,0,,0,0,low_engagement
641,balanced,referral,0.0,0,,0,0,low_engagement
642,balanced,organic,0.0,0,,0,0,low_engagement
643,cautious,paid_search,0.0,0,,0,0,low_engagement
644,balanced,social,0.0,0,,0,0,low_engagement
645,cautious,organic,0.0,0,,0,0,low_engagement
648,cautious,paid_search,0.0,0,,0,0,low_engagement
649,balanced,referral,0.0,0,,0,0,low_engagement
650,cautious,organic,0.0,0,,0,0,low_engagement
651,aggressive,social,0.0,0,,0,0,low_engagement
652,aggressive,paid_search,0.0,0,,0,0,cash_rich_noninvestor
653,aggressive,paid_search,0.0,0,,0,0,cash_rich_noninvestor
654,aggressive,paid_search,0.0,0,,0,0,low_engagement
655,cautious,organic,0.0,0,,0,0,cash_rich_noninvestor
656,balanced,organic,0.0,0,,0,0,cash_rich_noninvestor
657,balanced,organic,0.0,0,,0,0,cash_rich_noninvestor
658,cautious,social,0.0,0,,0,0,low_engagement
659,cautious,paid_search,0.0,0,,0,0,cash_rich_noninvestor
660,balanced,social,0.0,0,,0,0,low_engagement
662,aggressive,social,0.0,0,,0,0,low_engagement
663,cautious,social,0.0,0,,0,0,low_engagement
665,balanced,paid_search,0.0,0,,0,0,low_engagement
666,cautious,referral,0.0,0,,0,0,low_engagement
668,aggressive,paid_search,0.0,0,,0,0,low_engagement
669,aggressive,paid_search,0.0,0,,0,0,low_engagement
670,balanced,organic,0.0,0,,0,0,low_engagement
671,balanced,referral,0.0,0,,0,0,cash_rich_noninvestor
672,aggressive,organic,0.0,0,,0,0,cash_rich_noninvestor
673,balanced,organic,0.0,0,,0,0,cash_rich_noninvestor
674,aggressive,bank_partner,0.0,0,,0,0,low_engagement
675,aggressive,paid_search,0.0,0,,0,0,low_engagement
676,cautious,bank_partner,0.0,0,,0,0,low_engagement
677,balanced,paid_search,0.0,0,,0,0,low_engagement
678,cautious,social,0.0,0,,0,0,cash_rich_noninvestor
679,balanced,organic,0.0,0,,0,0,low_engagement
681,balanced,paid_search,0.0,0,,0,0,low_engagement
682,aggressive,organic,0.0,0,,0,0,cash_rich_noninvestor
683,aggressive,bank_partner,0.0,0,,0,0,low_engagement
684,aggressive,paid_search,0.0,0,,0,0,cash_rich_noninvestor
685,balanced,organic,0.0,0,,0,0,cash_rich_noninvestor
686,cautious,social,0.0,0,,0,0,low_engagement
687,cautious,organic,0.0,0,,0,0,low_engagement
688,cautious,paid_search,0.0,0,,0,0,cash_rich_noninvestor
689,cautious,paid_search,0.0,0,,0,0,low_engagement
690,aggressive,social,0.0,0,,0,0,low_engagement
691,cautious,referral,0.0,0,,0,0,low_engagement
692,balanced,paid_search,0.0,0,,0,0,cash_rich_noninvestor
693,cautious,paid_search,0.0,0,,0,0,low_engagement
695,aggressive,referral,0.0,0,,0,0,low_engagement
696,cautious,referral,0.0,0,,0,0,low_engagement
698,balanced,organic,0.0,0,,0,0,low_engagement
700,cautious,referral,0.0,0,,0,0,low_engagement
701,balanced,paid_search,0.0,0,,0,0,low_engagement
702,balanced,social,0.0,0,,0,0,cash_rich_noninvestor
703,balanced,organic,0.0,0,,0,0,low_engagement
704,balanced,paid_search,0.0,0,,0,0,low_engagement
705,cautious,social,0.0,0,,0,0,low_engagement
706,balanced,organic,0.0,0,,0,0,low_engagement
708,aggressive,organic,0.0,0,,0,0,cash_rich_noninvestor
709,balanced,paid_search,0.0,0,,0,0,low_engagement
710,cautious,social,0.0,0,,0,0,cash_rich_noninvestor
711,balanced,organic,0.0,0,,0,0,low_engagement
712,cautious,bank_partner,0.0,0,,0,0,low_engagement
713,cautious,paid_search,0.0,0,,0,0,low_engagement
714,aggressive,paid_search,0.0,0,,0,0,low_engagement
715,aggressive,organic,0.0,0,,0,0,low_engagement
716,cautious,referral,0.0,0,,0,0,low_engagement
717,cautious,bank_partner,0.0,0,,0,0,cash_rich_noninvestor
718,cautious,paid_search,0.0,0,,0,0,low_engagement
721,balanced,paid_search,0.0,0,,0,0,low_engagement
723,aggressive,paid_search,0.0,0,,0,0,low_engagement
725,balanced,organic,0.0,0,,0,0,low_engagement
728,balanced,organic,0.0,0,,0,0,cash_rich_noninvestor
729,balanced,organic,0.0,0,,0,0,cash_rich_noninvestor
730,balanced,social,0.0,0,,0,0,low_engagement
731,cautious,social,0.0,0,,0,0,low_engagement
732,aggressive,social,0.0,0,,0,0,cash_rich_noninvestor
733,balanced,organic,0.0,0,,0,0,low_engagement
734,balanced,organic,0.0,0,,0,0,low_engagement
735,cautious,referral,0.0,0,,0,0,low_engagement
736,aggressive,paid_search,0.0,0,,0,0,low_engagement
737,balanced,bank_partner,0.0,0,,0,0,low_engagement
738,balanced,bank_partner,0.0,0,,0,0,low_engagement
739,balanced,bank_partner,0.0,0,,0,0,cash_rich_noninvestor
740,cautious,social,0.0,0,,0,0,low_engagement
742,aggressive,social,0.0,0,,0,0,low_engagement
744,balanced,organic,0.0,0,,0,0,low_engagement
745,cautious,bank_partner,0.0,0,,0,0,cash_rich_noninvestor
746,balanced,bank_partner,0.0,0,,0,0,low_engagement
747,balanced,social,0.0,0,,0,0,low_engagement
748,balanced,referral,0.0,0,,0,0,low_engagement
750,cautious,paid_search,0.0,0,,0,0,cash_rich_noninvestor
751,balanced,paid_search,0.0,0,,0,0,cash_rich_noninvestor
752,balanced,referral,0.0,0,,0,0,low_engagement
753,cautious,bank_partner,0.0,0,,0,0,cash_rich_noninvestor
754,cautious,paid_search,0.0,0,,0,0,low_engagement
755,cautious,bank_partner,0.0,0,,0,0,low_engagement
756,aggressive,social,0.0,0,,0,0,low_engagement
757,aggressive,paid_search,0.0,0,,0,0,low_engagement
758,cautious,organic,0.0,0,,0,0,low_engagement
759,balanced,social,0.0,0,,0,0,low_engagement
760,balanced,social,0.0,0,,0,0,cash_rich_noninvestor
761,cautious,organic,0.0,0,,0,0,cash_rich_noninvestor
762,balanced,bank_partner,0.0,0,,0,0,low_engagement
763,aggressive,organic,0.0,0,,0,0,low_engagement
764,balanced,organic,0.0,0,,0,0,low_engagement
765,cautious,organic,0.0,0,,0,0,low_engagement
766,balanced,referral,0.0,0,,0,0,low_engagement
767,balanced,referral,0.0,0,,0,0,low_engagement
768,balanced,paid_search,0.0,0,,0,0,low_engagement
769,aggressive,organic,0.0,0,,0,0,low_engagement
770,balanced,paid_search,0.0,0,,0,0,low_engagement
771,cautious,paid_search,0.0,0,,0,0,low_engagement
772,aggressive,paid_search,0.0,0,,0,0,low_engagement
773,cautious,bank_partner,0.0,0,,0,0,low_engagement
774,balanced,organic,0.0,0,,0,0,low_engagement
775,balanced,paid_search,0.0,0,,0,0,cash_rich_noninvestor
776,cautious,referral,0.0,0,,0,0,low_engagement
777,cautious,bank_partner,0.0,0,,0,0,low_engagement
778,aggressive,bank_partner,0.0,0,,0,0,cash_rich_noninvestor
779,balanced,bank_partner,0.0,0,,0,0,low_engagement
780,cautious,paid_search,0.0,0,,0,0,low_engagement
781,balanced,organic,0.0,0,,0,0,low_engagement
783,balanced,referral,0.0,0,,0,0,low_engagement
784,cautious,paid_search,0.0,0,,0,0,low_engagement
785,balanced,referral,0.0,0,,0,0,low_engagement
786,balanced,organic,0.0,0,,0,0,low_engagement
787,balanced,organic,0.0,0,,0,0,low_engagement
788,balanced,referral,0.0,0,,0,0,low_engagement
789,aggressive,organic,0.0,0,,0,0,low_engagement
790,balanced,bank_partner,0.0,0,,0,0,low_engagement
791,aggressive,social,0.0,0,,0,0,cash_rich_noninvestor
792,balanced,organic,0.0,0,,0,0,cash_rich_noninvestor
793,balanced,social,0.0,0,,0,0,low_engagement
794,aggressive,social,0.0,0,,0,0,cash_rich_noninvestor
795,balanced,organic,0.0,0,,0,0,cash_rich_noninvestor
796,cautious,organic,0.0,0,,0,0,cash_rich_noninvestor
797,balanced,organic,0.0,0,,0,0,low_engagement
798,balanced,social,0.0,0,,0,0,low_engagement
799,balanced,social,0.0,0,,0,0,low_engagement
800,cautious,organic,0.0,0,,0,0,low_engagement
801,balanced,social,0.0,0,,0,0,low_engagement
802,balanced,paid_search,0.0,0,,0,0,low_engagement
803,balanced,paid_search,0.0,0,,0,0,low_engagement
804,cautious,social,0.0,0,,0,0,low_engagement
805,balanced,referral,0.0,0,,0,0,cash_rich_noninvestor
806,cautious,paid_search,0.0,0,,0,0,cash_rich_noninvestor
807,balanced,organic,0.0,0,,0,0,low_engagement
808,cautious,social,0.0,0,,0,0,low_engagement
809,cautious,organic,0.0,0,,0,0,low_engagement
810,balanced,organic,0.0,0,,0,0,low_engagement
811,cautious,organic,0.0,0,,0,0,low_engagement
812,balanced,social,0.0,0,,0,0,cash_rich_noninvestor
813,aggressive,social,0.0,0,,0,0,cash_rich_noninvestor
814,cautious,paid_search,0.0,0,,0,0,low_engagement
815,aggressive,organic,0.0,0,,0,0,cash_rich_noninvestor
817,cautious,social,0.0,0,,0,0,cash_rich_noninvestor
818,cautious,social,0.0,0,,0,0,low_engagement
819,balanced,organic,0.0,0,,0,0,low_engagement
821,cautious,social,0.0,0,,0,0,low_engagement
822,balanced,bank_partner,0.0,0,,0,0,low_engagement
824,aggressive,referral,0.0,0,,0,0,low_engagement
825,cautious,social,0.0,0,,0,0,low_engagement
826,cautious,referral,0.0,0,,0,0,low_engagement
827,cautious,organic,0.0,0,,0,0,cash_rich_noninvestor
828,aggressive,organic,0.0,0,,0,0,low_engagement
830,aggressive,bank_partner,0.0,0,,0,0,low_engagement
831,cautious,referral,0.0,0,,0,0,low_engagement
832,balanced,organic,0.0,0,,0,0,low_engagement
833,balanced,referral,0.0,0,,0,0,cash_rich_noninvestor
834,balanced,organic,0.0,0,,0,0,low_engagement
835,cautious,paid_search,0.0,0,,0,0,low_engagement
836,balanced,organic,0.0,0,,0,0,cash_rich_noninvestor
837,balanced,social,0.0,0,,0,0,low_engagement
839,balanced,organic,0.0,0,,0,0,low_engagement
840,balanced,bank_partner,0.0,0,,0,0,low_engagement
841,cautious,organic,0.0,0,,0,0,low_engagement
842,balanced,organic,0.0,0,,0,0,low_engagement
843,balanced,paid_search,0.0,0,,0,0,low_engagement
844,cautious,bank_partner,0.0,0,,0,0,low_engagement
845,cautious,organic,0.0,0,,0,0,low_engagement
847,cautious,organic,0.0,0,,0,0,low_engagement
848,balanced,social,0.0,0,,0,0,low_engagement
849,aggressive,organic,0.0,0,,0,0,cash_rich_noninvestor
850,aggressive,bank_partner,0.0,0,,0,0,low_engagement
851,balanced,bank_partner,0.0,0,,0,0,cash_rich_noninvestor
852,balanced,social,0.0,0,,0,0,low_engagement
854,balanced,paid_search,0.0,0,,0,0,low_engagement
855,balanced,paid_search,0.0,0,,0,0,low_engagement
856,cautious,social,0.0,0,,0,0,low_engagement
857,cautious,paid_search,0.0,0,,0,0,low_engagement
859,cautious,referral,0.0,0,,0,0,low_engagement
860,cautious,paid_search,0.0,0,,0,0,low_engagement
861,balanced,referral,0.0,0,,0,0,low_engagement
862,cautious,social,0.0,0,,0,0,low_engagement
863,cautious,social,0.0,0,,0,0,low_engagement
864,cautious,organic,0.0,0,,0,0,cash_rich_noninvestor
865,balanced,paid_search,0.0,0,,0,0,cash_rich_noninvestor
866,cautious,social,0.0,0,,0,0,cash_rich_noninvestor
867,aggressive,bank_partner,0.0,0,,0,0,low_engagement
868,cautious,bank_partner,0.0,0,,0,0,cash_rich_noninvestor
869,cautious,paid_search,0.0,0,,0,0,low_engagement
870,balanced,paid_search,0.0,0,,0,0,low_engagement
871,cautious,social,0.0,0,,0,0,low_engagement
872,aggressive,bank_partner,0.0,0,,0,0,low_engagement
873,aggressive,referral,0.0,0,,0,0,low_engagement
874,aggressive,organic,0.0,0,,0,0,low_engagement
876,aggressive,organic,0.0,0,,0,0,low_engagement
877,balanced,bank_partner,0.0,0,,0,0,low_engagement
879,balanced,bank_partner,0.0,0,,0,0,cash_rich_noninvestor
880,cautious,organic,0.0,0,,0,0,low_engagement
881,cautious,paid_search,0.0,0,,0,0,low_engagement
882,aggressive,organic,0.0,0,,0,0,low_engagement
883,aggressive,paid_search,0.0,0,,0,0,low_engagement
885,balanced,organic,0.0,0,,0,0,cash_rich_noninvestor
886,aggressive,social,0.0,0,,0,0,low_engagement
887,cautious,organic,0.0,0,,0,0,low_engagement
888,cautious,social,0.0,0,,0,0,low_engagement
889,aggressive,social,0.0,0,,0,0,low_engagement
890,cautious,bank_partner,0.0,0,,0,0,cash_rich_noninvestor
891,aggressive,organic,0.0,0,,0,0,low_engagement
892,cautious,paid_search,0.0,0,,0,0,cash_rich_noninvestor
893,balanced,referral,0.0,0,,0,0,low_engagement
894,balanced,paid_search,0.0,0,,0,0,low_engagement
896,aggressive,social,0.0,0,,0,0,cash_rich_noninvestor
898,balanced,social,0.0,0,,0,0,low_engagement
899,cautious,organic,0.0,0,,0,0,low_engagement
900,aggressive,referral,0.0,0,,0,0,low_engagement
901,balanced,social,0.0,0,,0,0,low_engagement
902,cautious,social,0.0,0,,0,0,cash_rich_noninvestor
903,cautious,paid_search,0.0,0,,0,0,cash_rich_noninvestor
904,balanced,paid_search,0.0,0,,0,0,low_engagement
905,balanced,paid_search,0.0,0,,0,0,low_engagement
907,balanced,paid_search,0.0,0,,0,0,low_engagement
908,balanced,organic,0.0,0,,0,0,low_engagement
909,aggressive,social,0.0,0,,0,0,cash_rich_noninvestor
910,balanced,paid_search,0.0,0,,0,0,low_engagement
911,aggressive,referral,0.0,0,,0,0,low_engagement
912,cautious,bank_partner,0.0,0,,0,0,cash_rich_noninvestor
913,balanced,organic,0.0,0,,0,0,low_engagement
914,cautious,social,0.0,0,,0,0,cash_rich_noninvestor
915,cautious,referral,0.0,0,,0,0,low_engagement
917,aggressive,organic,0.0,0,,0,0,low_engagement
918,balanced,social,0.0,0,,0,0,low_engagement
919,balanced,paid_search,0.0,0,,0,0,low_engagement
920,cautious,organic,0.0,0,,0,0,low_engagement
921,cautious,paid_search,0.0,0,,0,0,low_engagement
922,aggressive,referral,0.0,0,,0,0,low_engagement
923,cautious,organic,0.0,0,,0,0,low_engagement
924,cautious,referral,0.0,0,,0,0,low_engagement
925,balanced,organic,0.0,0,,0,0,low_engagement
926,cautious,bank_partner,0.0,0,,0,0,low_engagement
927,aggressive,paid_search,0.0,0,,0,0,low_engagement
928,cautious,organic,0.0,0,,0,0,low_engagement
929,cautious,organic,0.0,0,,0,0,low_engagement
931,cautious,referral,0.0,0,,0,0,low_engagement
932,aggressive,bank_partner,0.0,0,,0,0,cash_rich_noninvestor
933,cautious,bank_partner,0.0,0,,0,0,low_engagement
934,aggressive,organic,0.0,0,,0,0,cash_rich_noninvestor
935,balanced,organic,0.0,0,,0,0,low_engagement
936,cautious,bank_partner,0.0,0,,0,0,low_engagement
937,aggressive,social,0.0,0,,0,0,low_engagement
938,balanced,paid_search,0.0,0,,0,0,low_engagement
939,cautious,paid_search,0.0,0,,0,0,cash_rich_noninvestor
941,balanced,referral,0.0,0,,0,0,low_engagement
942,cautious,referral,0.0,0,,0,0,cash_rich_noninvestor
943,cautious,paid_search,0.0,0,,0,0,cash_rich_noninvestor
944,cautious,organic,0.0,0,,0,0,low_engagement
945,cautious,organic,0.0,0,,0,0,low_engagement
946,cautious,organic,0.0,0,,0,0,low_engagement
947,aggressive,organic,0.0,0,,0,0,low_engagement
948,aggressive,bank_partner,0.0,0,,0,0,cash_rich_noninvestor
949,balanced,social,0.0,0,,0,0,low_engagement
950,balanced,organic,0.0,0,,0,0,low_engagement
951,balanced,organic,0.0,0,,0,0,low_engagement
953,balanced,organic,0.0,0,,0,0,low_engagement
954,aggressive,organic,0.0,0,,0,0,low_engagement
955,cautious,organic,0.0,0,,0,0,low_engagement
956,balanced,social,0.0,0,,0,0,low_engagement
959,cautious,organic,0.0,0,,0,0,low_engagement
960,balanced,social,0.0,0,,0,0,low_engagement
961,balanced,social,0.0,0,,0,0,low_engagement
962,balanced,paid_search,0.0,0,,0,0,low_engagement
963,cautious,paid_search,0.0,0,,0,0,low_engagement
964,balanced,referral,0.0,0,,0,0,cash_rich_noninvestor
965,balanced,social,0.0,0,,0,0,low_engagement
966,cautious,social,0.0,0,,0,0,low_engagement
967,balanced,social,0.0,0,,0,0,low_engagement
968,aggressive,bank_partner,0.0,0,,0,0,cash_rich_noninvestor
969,balanced,organic,0.0,0,,0,0,low_engagement
970,balanced,bank_partner,0.0,0,,0,0,low_engagement
971,balanced,paid_search,0.0,0,,0,0,low_engagement
972,cautious,bank_partner,0.0,0,,0,0,cash_rich_noninvestor
973,aggressive,social,0.0,0,,0,0,low_engagement
974,aggressive,organic,0.0,0,,0,0,low_engagement
975,cautious,social,0.0,0,,0,0,low_engagement
976,cautious,paid_search,0.0,0,,0,0,low_engagement
977,cautious,paid_search,0.0,0,,0,0,low_engagement
978,balanced,paid_search,0.0,0,,0,0,low_engagement
979,cautious,referral,0.0,0,,0,0,low_engagement
980,cautious,paid_search,0.0,0,,0,0,low_engagement
982,cautious,organic,0.0,0,,0,0,low_engagement
983,balanced,organic,0.0,0,,0,0,cash_rich_noninvestor
984,balanced,organic,0.0,0,,0,0,low_engagement
985,aggressive,organic,0.0,0,,0,0,low_engagement
986,cautious,bank_partner,0.0,0,,0,0,cash_rich_noninvestor
987,cautious,paid_search,0.0,0,,0,0,cash_rich_noninvestor
988,balanced,organic,0.0,0,,0,0,low_engagement
989,cautious,social,0.0,0,,0,0,cash_rich_noninvestor
991,balanced,social,0.0,0,,0,0,low_engagement
992,aggressive,social,0.0,0,,0,0,low_engagement
993,balanced,referral,0.0,0,,0,0,low_engagement
994,cautious,paid_search,0.0,0,,0,0,low_engagement
995,cautious,paid_search,0.0,0,,0,0,low_engagement
996,aggressive,referral,0.0,0,,0,0,cash_rich_noninvestor
997,balanced,bank_partner,0.0,0,,0,0,low_engagement
1000,aggressive,referral,0.0,0,,0,0,low_engagement
1002,balanced,social,0.0,0,,0,0,low_engagement
1003,aggressive,organic,0.0,0,,0,0,low_engagement
1004,aggressive,social,0.0,0,,0,0,low_engagement
1005,cautious,organic,0.0,0,,0,0,low_engagement
1007,aggressive,organic,0.0,0,,0,0,cash_rich_noninvestor
1008,aggressive,paid_search,0.0,0,,0,0,low_engagement
1009,cautious,bank_partner,0.0,0,,0,0,low_engagement
1011,cautious,organic,0.0,0,,0,0,low_engagement
1013,aggressive,organic,0.0,0,,0,0,low_engagement
1014,aggressive,bank_partner,0.0,0,,0,0,low_engagement
1015,cautious,social,0.0,0,,0,0,low_engagement
1016,cautious,referral,0.0,0,,0,0,cash_rich_noninvestor
1017,balanced,organic,0.0,0,,0,0,low_engagement
1018,balanced,paid_search,0.0,0,,0,0,low_engagement
1019,balanced,organic,0.0,0,,0,0,cash_rich_noninvestor
1020,aggressive,paid_search,0.0,0,,0,0,low_engagement
1021,cautious,organic,0.0,0,,0,0,low_engagement
1023,balanced,bank_partner,0.0,0,,0,0,low_engagement
1024,balanced,social,0.0,0,,0,0,cash_rich_noninvestor
1025,cautious,social,0.0,0,,0,0,low_engagement
1027,balanced,organic,0.0,0,,0,0,low_engagement
1028,balanced,organic,0.0,0,,0,0,low_engagement
1029,balanced,paid_search,0.0,0,,0,0,low_engagement
1030,balanced,social,0.0,0,,0,0,low_engagement
1031,aggressive,social,0.0,0,,0,0,cash_rich_noninvestor
1032,balanced,organic,0.0,0,,0,0,low_engagement
1033,balanced,referral,0.0,0,,0,0,low_engagement
1034,balanced,referral,0.0,0,,0,0,low_engagement
1035,balanced,paid_search,0.0,0,,0,0,low_engagement
1036,balanced,paid_search,0.0,0,,0,0,cash_rich_noninvestor
1037,cautious,bank_partner,0.0,0,,0,0,low_engagement
1038,balanced,bank_partner,0.0,0,,0,0,low_engagement
1039,cautious,paid_search,0.0,0,,0,0,cash_rich_noninvestor
1040,balanced,social,0.0,0,,0,0,low_engagement
1041,cautious,organic,0.0,0,,0,0,low_engagement
1042,aggressive,social,0.0,0,,0,0,cash_rich_noninvestor
1043,cautious,organic,0.0,0,,0,0,low_engagement
1044,aggressive,organic,0.0,0,,0,0,cash_rich_noninvestor
1045,cautious,bank_partner,0.0,0,,0,0,low_engagement
1046,balanced,paid_search,0.0,0,,0,0,low_engagement
1047,balanced,paid_search,0.0,0,,0,0,low_engagement
1048,balanced,paid_search,0.0,0,,0,0,low_engagement
1049,balanced,paid_search,0.0,0,,0,0,cash_rich_noninvestor
1050,balanced,organic,0.0,0,,0,0,low_engagement
1051,cautious,social,0.0,0,,0,0,low_engagement
1052,balanced,organic,0.0,0,,0,0,low_engagement
1053,balanced,social,0.0,0,,0,0,low_engagement
1054,aggressive,organic,0.0,0,,0,0,low_engagement
1055,cautious,referral,0.0,0,,0,0,low_engagement
1056,balanced,bank_partner,0.0,0,,0,0,cash_rich_noninvestor
1057,balanced,referral,0.0,0,,0,0,low_engagement
1058,cautious,paid_search,0.0,0,,0,0,low_engagement
1060,cautious,organic,0.0,0,,0,0,low_engagement
1061,cautious,organic,0.0,0,,0,0,low_engagement
1063,cautious,organic,0.0,0,,0,0,low_engagement
1064,cautious,social,0.0,0,,0,0,low_engagement
1065,aggressive,bank_partner,0.0,0,,0,0,low_engagement
1066,balanced,bank_partner,0.0,0,,0,0,low_engagement
1067,cautious,organic,0.0,0,,0,0,low_engagement
1068,cautious,paid_search,0.0,0,,0,0,low_engagement
1069,balanced,referral,0.0,0,,0,0,low_engagement
1070,cautious,organic,0.0,0,,0,0,low_engagement
1071,balanced,social,0.0,0,,0,0,low_engagement
1073,aggressive,organic,0.0,0,,0,0,low_engagement
1074,balanced,social,0.0,0,,0,0,low_engagement
1076,cautious,organic,0.0,0,,0,0,cash_rich_noninvestor
1077,aggressive,paid_search,0.0,0,,0,0,low_engagement
1078,cautious,social,0.0,0,,0,0,low_engagement
1080,cautious,paid_search,0.0,0,,0,0,low_engagement
1081,balanced,organic,0.0,0,,0,0,low_engagement
1082,balanced,organic,0.0,0,,0,0,low_engagement
1084,cautious,paid_search,0.0,0,,0,0,low_engagement
1085,aggressive,social,0.0,0,,0,0,low_engagement
1086,cautious,organic,0.0,0,,0,0,low_engagement
1087,cautious,bank_partner,0.0,0,,0,0,low_engagement
1089,balanced,paid_search,0.0,0,,0,0,cash_rich_noninvestor
1090,balanced,social,0.0,0,,0,0,low_engagement
1091,aggressive,paid_search,0.0,0,,0,0,low_engagement
1092,aggressive,paid_search,0.0,0,,0,0,low_engagement
1093,aggressive,social,0.0,0,,0,0,low_engagement
1094,balanced,bank_partner,0.0,0,,0,0,cash_rich_noninvestor
1095,cautious,referral,0.0,0,,0,0,low_engagement
1096,balanced,referral,0.0,0,,0,0,low_engagement
1097,cautious,organic,0.0,0,,0,0,low_engagement
1098,balanced,organic,0.0,0,,0,0,low_engagement
1099,balanced,organic,0.0,0,,0,0,low_engagement
1100,cautious,organic,0.0,0,,0,0,low_engagement
1101,balanced,social,0.0,0,,0,0,low_engagement
1102,cautious,paid_search,0.0,0,,0,0,low_engagement
1103,cautious,bank_partner,0.0,0,,0,0,low_engagement
1104,cautious,paid_search,0.0,0,,0,0,low_engagement
1106,balanced,organic,0.0,0,,0,0,cash_rich_noninvestor
1107,balanced,social,0.0,0,,0,0,low_engagement
1110,balanced,social,0.0,0,,0,0,low_engagement
1111,aggressive,referral,0.0,0,,0,0,low_engagement
1112,cautious,paid_search,0.0,0,,0,0,low_engagement
1113,balanced,social,0.0,0,,0,0,cash_rich_noninvestor
1114,cautious,organic,0.0,0,,0,0,low_engagement
1115,cautious,referral,0.0,0,,0,0,low_engagement
1116,balanced,bank_partner,0.0,0,,0,0,cash_rich_noninvestor
1117,balanced,social,0.0,0,,0,0,low_engagement
1119,aggressive,organic,0.0,0,,0,0,low_engagement
1120,cautious,organic,0.0,0,,0,0,low_engagement
1121,balanced,paid_search,0.0,0,,0,0,low_engagement
1122,cautious,paid_search,0.0,0,,0,0,cash_rich_noninvestor
1123,cautious,organic,0.0,0,,0,0,low_engagement
1124,balanced,bank_partner,0.0,0,,0,0,low_engagement
1126,cautious,referral,0.0,0,,0,0,low_engagement
1127,cautious,social,0.0,0,,0,0,cash_rich_noninvestor
1128,balanced,referral,0.0,0,,0,0,low_engagement
1130,aggressive,organic,0.0,0,,0,0,cash_rich_noninvestor
1131,aggressive,referral,0.0,0,,0,0,cash_rich_noninvestor
1132,balanced,paid_search,0.0,0,,0,0,low_engagement
1133,cautious,social,0.0,0,,0,0,cash_rich_noninvestor
1134,balanced,social,0.0,0,,0,0,low_engagement
1136,cautious,organic,0.0,0,,0,0,cash_rich_noninvestor
1138,balanced,organic,0.0,0,,0,0,low_engagement
1139,aggressive,social,0.0,0,,0,0,low_engagement
1140,cautious,organic,0.0,0,,0,0,cash_rich_noninvestor
1141,cautious,paid_search,0.0,0,,0,0,low_engagement
1142,cautious,paid_search,0.0,0,,0,0,low_engagement
1144,balanced,referral,0.0,0,,0,0,low_engagement
1145,balanced,referral,0.0,0,,0,0,low_engagement
1146,cautious,social,0.0,0,,0,0,cash_rich_noninvestor
1147,balanced,social,0.0,0,,0,0,low_engagement
1148,balanced,paid_search,0.0,0,,0,0,cash_rich_noninvestor
1149,aggressive,paid_search,0.0,0,,0,0,cash_rich_noninvestor
1150,aggressive,paid_search,0.0,0,,0,0,cash_rich_noninvestor
1151,balanced,organic,0.0,0,,0,0,low_engagement
1152,balanced,social,0.0,0,,0,0,low_engagement
1153,balanced,organic,0.0,0,,0,0,low_engagement
1154,balanced,organic,0.0,0,,0,0,cash_rich_noninvestor
1155,cautious,referral,0.0,0,,0,0,low_engagement
1157,balanced,organic,0.0,0,,0,0,cash_rich_noninvestor
1158,aggressive,organic,0.0,0,,0,0,low_engagement
1159,balanced,social,0.0,0,,0,0,low_engagement
1160,balanced,paid_search,0.0,0,,0,0,cash_rich_noninvestor
1161,balanced,organic,0.0,0,,0,0,cash_rich_noninvestor
1162,cautious,bank_partner,0.0,0,,0,0,low_engagement
1163,cautious,bank_partner,0.0,0,,0,0,low_engagement
1165,balanced,referral,0.0,0,,0,0,low_engagement
1166,balanced,paid_search,0.0,0,,0,0,low_engagement
1167,cautious,social,0.0,0,,0,0,low_engagement
1168,cautious,organic,0.0,0,,0,0,low_engagement
1169,cautious,social,0.0,0,,0,0,low_engagement
1170,cautious,referral,0.0,0,,0,0,low_engagement
1171,aggressive,bank_partner,0.0,0,,0,0,cash_rich_noninvestor
1172,cautious,referral,0.0,0,,0,0,low_engagement
1173,aggressive,referral,0.0,0,,0,0,low_engagement
1177,balanced,social,0.0,0,,0,0,low_engagement
1178,cautious,organic,0.0,0,,0,0,low_engagement
1179,aggressive,bank_partner,0.0,0,,0,0,low_engagement
1180,balanced,organic,0.0,0,,0,0,low_engagement
1181,cautious,organic,0.0,0,,0,0,low_engagement
1182,cautious,referral,0.0,0,,0,0,low_engagement
1183,balanced,organic,0.0,0,,0,0,low_engagement
1184,cautious,paid_search,0.0,0,,0,0,low_engagement
1185,balanced,referral,0.0,0,,0,0,low_engagement
1186,balanced,organic,0.0,0,,0,0,low_engagement
1187,cautious,organic,0.0,0,,0,0,low_engagement
1188,balanced,social,0.0,0,,0,0,cash_rich_noninvestor
1190,cautious,paid_search,0.0,0,,0,0,low_engagement
1191,cautious,social,0.0,0,,0,0,low_engagement
1192,aggressive,referral,0.0,0,,0,0,low_engagement
1194,cautious,social,0.0,0,,0,0,low_engagement
1195,balanced,bank_partner,0.0,0,,0,0,cash_rich_noninvestor
1196,balanced,paid_search,0.0,0,,0,0,low_engagement
1197,aggressive,paid_search,0.0,0,,0,0,low_engagement
1198,balanced,paid_search,0.0,0,,0,0,low_engagement
1199,cautious,bank_partner,0.0,0,,0,0,low_engagement
1200,aggressive,paid_search,0.0,0,,0,0,low_engagement
1201,balanced,organic,0.0,0,,0,0,low_engagement
1202,aggressive,bank_partner,0.0,0,,0,0,low_engagement
1203,balanced,bank_partner,0.0,0,,0,0,low_engagement
1204,balanced,paid_search,0.0,0,,0,0,cash_rich_noninvestor
1206,balanced,paid_search,0.0,0,,0,0,low_engagement
1208,cautious,organic,0.0,0,,0,0,low_engagement
1209,cautious,organic,0.0,0,,0,0,low_engagement
1210,cautious,organic,0.0,0,,0,0,cash_rich_noninvestor
1212,cautious,bank_partner,0.0,0,,0,0,cash_rich_noninvestor
1213,cautious,organic,0.0,0,,0,0,low_engagement
1214,balanced,organic,0.0,0,,0,0,low_engagement
1215,aggressive,bank_partner,0.0,0,,0,0,low_engagement
1217,balanced,bank_partner,0.0,0,,0,0,low_engagement
1218,balanced,bank_partner,0.0,0,,0,0,cash_rich_noninvestor
1219,cautious,referral,0.0,0,,0,0,low_engagement
1220,cautious,paid_search,0.0,0,,0,0,low_engagement
1221,balanced,bank_partner,0.0,0,,0,0,low_engagement
1222,cautious,social,0.0,0,,0,0,low_engagement
1223,balanced,bank_partner,0.0,0,,0,0,low_engagement
1224,balanced,paid_search,0.0,0,,0,0,low_engagement
1226,balanced,organic,0.0,0,,0,0,low_engagement
1227,cautious,organic,0.0,0,,0,0,low_engagement
1228,cautious,paid_search,0.0,0,,0,0,low_engagement
1229,aggressive,organic,0.0,0,,0,0,cash_rich_noninvestor
1230,balanced,paid_search,0.0,0,,0,0,cash_rich_noninvestor
1231,cautious,social,0.0,0,,0,0,low_engagement
1232,cautious,organic,0.0,0,,0,0,cash_rich_noninvestor
1233,cautious,bank_partner,0.0,0,,0,0,low_engagement
1236,balanced,social,0.0,0,,0,0,cash_rich_noninvestor
1237,balanced,social,0.0,0,,0,0,cash_rich_noninvestor
1238,cautious,organic,0.0,0,,0,0,low_engagement
1239,cautious,organic,0.0,0,,0,0,low_engagement
1240,cautious,social,0.0,0,,0,0,low_engagement
1241,balanced,referral,0.0,0,,0,0,low_engagement
1242,cautious,organic,0.0,0,,0,0,low_engagement
1244,cautious,referral,0.0,0,,0,0,low_engagement
1245,cautious,organic,0.0,0,,0,0,low_engagement
1246,cautious,paid_search,0.0,0,,0,0,cash_rich_noninvestor
1247,cautious,paid_search,0.0,0,,0,0,low_engagement
1248,balanced,organic,0.0,0,,0,0,low_engagement
1249,balanced,social,0.0,0,,0,0,low_engagement
1250,balanced,paid_search,0.0,0,,0,0,cash_rich_noninvestor
1251,balanced,paid_search,0.0,0,,0,0,low_engagement
1252,balanced,paid_search,0.0,0,,0,0,low_engagement
1253,cautious,organic,0.0,0,,0,0,low_engagement
1254,balanced,organic,0.0,0,,0,0,low_engagement
1256,balanced,organic,0.0,0,,0,0,low_engagement
1257,balanced,paid_search,0.0,0,,0,0,low_engagement
1258,balanced,bank_partner,0.0,0,,0,0,low_engagement
1259,cautious,bank_partner,0.0,0,,0,0,low_engagement
1260,aggressive,bank_partner,0.0,0,,0,0,low_engagement
1261,balanced,bank_partner,0.0,0,,0,0,low_engagement
1262,aggressive,paid_search,0.0,0,,0,0,low_engagement
1263,balanced,paid_search,0.0,0,,0,0,cash_rich_noninvestor
1264,aggressive,social,0.0,0,,0,0,low_engagement
1265,cautious,organic,0.0,0,,0,0,cash_rich_noninvestor
1266,balanced,organic,0.0,0,,0,0,low_engagement
1268,cautious,organic,0.0,0,,0,0,cash_rich_noninvestor
1269,balanced,social,0.0,0,,0,0,low_engagement
1270,aggressive,bank_partner,0.0,0,,0,0,cash_rich_noninvestor
1271,balanced,social,0.0,0,,0,0,cash_rich_noninvestor
1272,cautious,paid_search,0.0,0,,0,0,low_engagement
1273,balanced,paid_search,0.0,0,,0,0,cash_rich_noninvestor
1274,cautious,paid_search,0.0,0,,0,0,cash_rich_noninvestor
1275,cautious,referral,0.0,0,,0,0,low_engagement
1276,cautious,organic,0.0,0,,0,0,low_engagement
1277,balanced,organic,0.0,0,,0,0,low_engagement
1278,aggressive,bank_partner,0.0,0,,0,0,low_engagement
1279,cautious,organic,0.0,0,,0,0,cash_rich_noninvestor
1280,cautious,social,0.0,0,,0,0,low_engagement
1281,cautious,paid_search,0.0,0,,0,0,low_engagement
1282,aggressive,social,0.0,0,,0,0,low_engagement
1283,aggressive,paid_search,0.0,0,,0,0,low_engagement
1285,balanced,paid_search,0.0,0,,0,0,low_engagement
1286,cautious,social,0.0,0,,0,0,low_engagement
1287,cautious,referral,0.0,0,,0,0,low_engagement
1288,aggressive,referral,0.0,0,,0,0,low_engagement
1289,cautious,social,0.0,0,,0,0,low_engagement
1290,cautious,social,0.0,0,,0,0,low_engagement
1291,aggressive,referral,0.0,0,,0,0,low_engagement
1292,cautious,paid_search,0.0,0,,0,0,low_engagement
1293,balanced,organic,0.0,0,,0,0,low_engagement
1294,cautious,organic,0.0,0,,0,0,low_engagement
1295,cautious,organic,0.0,0,,0,0,low_engagement
1296,cautious,organic,0.0,0,,0,0,cash_rich_noninvestor
1297,cautious,organic,0.0,0,,0,0,cash_rich_noninvestor
1299,cautious,organic,0.0,0,,0,0,low_engagement
1300,cautious,paid_search,0.0,0,,0,0,low_engagement
1301,balanced,paid_search,0.0,0,,0,0,low_engagement
1302,balanced,referral,0.0,0,,0,0,low_engagement
1303,cautious,organic,0.0,0,,0,0,low_engagement
1304,balanced,social,0.0,0,,0,0,low_engagement
1305,balanced,referral,0.0,0,,0,0,low_engagement
1307,balanced,social,0.0,0,,0,0,low_engagement
1308,cautious,organic,0.0,0,,0,0,low_engagement
1309,balanced,referral,0.0,0,,0,0,low_engagement
1310,balanced,bank_partner,0.0,0,,0,0,cash_rich_noninvestor
1311,balanced,paid_search,0.0,0,,0,0,low_engagement
1312,balanced,paid_search,0.0,0,,0,0,low_engagement
1313,balanced,social,0.0,0,,0,0,low_engagement
1314,cautious,paid_search,0.0,0,,0,0,low_engagement
1316,balanced,referral,0.0,0,,0,0,cash_rich_noninvestor
1317,balanced,paid_search,0.0,0,,0,0,low_engagement
1318,aggressive,social,0.0,0,,0,0,low_engagement
1319,balanced,social,0.0,0,,0,0,low_engagement
1321,balanced,social,0.0,0,,0,0,low_engagement
1322,cautious,paid_search,0.0,0,,0,0,low_engagement
1323,cautious,paid_search,0.0,0,,0,0,low_engagement
1324,balanced,bank_partner,0.0,0,,0,0,cash_rich_noninvestor
1326,balanced,organic,0.0,0,,0,0,cash_rich_noninvestor
1327,aggressive,referral,0.0,0,,0,0,low_engagement
1328,balanced,social,0.0,0,,0,0,cash_rich_noninvestor
1329,cautious,referral,0.0,0,,0,0,cash_rich_noninvestor
1330,balanced,organic,0.0,0,,0,0,low_engagement
1331,aggressive,referral,0.0,0,,0,0,low_engagement
1332,cautious,social,0.0,0,,0,0,low_engagement
1334,balanced,paid_search,0.0,0,,0,0,low_engagement
1335,cautious,social,0.0,0,,0,0,low_engagement
1337,balanced,bank_partner,0.0,0,,0,0,low_engagement
1338,cautious,bank_partner,0.0,0,,0,0,low_engagement
1339,aggressive,paid_search,0.0,0,,0,0,low_engagement
1341,aggressive,bank_partner,0.0,0,,0,0,low_engagement
1342,balanced,bank_partner,0.0,0,,0,0,low_engagement
1343,aggressive,social,0.0,0,,0,0,low_engagement
1344,balanced,organic,0.0,0,,0,0,low_engagement
1346,cautious,paid_search,0.0,0,,0,0,low_engagement
1348,balanced,organic,0.0,0,,0,0,low_engagement
1349,cautious,referral,0.0,0,,0,0,cash_rich_noninvestor
1350,cautious,organic,0.0,0,,0,0,low_engagement
1351,balanced,paid_search,0.0,0,,0,0,cash_rich_noninvestor
1352,balanced,organic,0.0,0,,0,0,low_engagement
1353,cautious,organic,0.0,0,,0,0,low_engagement
1355,cautious,paid_search,0.0,0,,0,0,low_engagement
1356,cautious,referral,0.0,0,,0,0,low_engagement
1358,balanced,social,0.0,0,,0,0,low_engagement
1359,cautious,organic,0.0,0,,0,0,low_engagement
1360,balanced,social,0.0,0,,0,0,low_engagement
1361,aggressive,bank_partner,0.0,0,,0,0,low_engagement
1362,cautious,paid_search,0.0,0,,0,0,low_engagement
1363,balanced,organic,0.0,0,,0,0,low_engagement
1364,cautious,referral,0.0,0,,0,0,low_engagement
1365,balanced,social,0.0,0,,0,0,low_engagement
1366,balanced,referral,0.0,0,,0,0,low_engagement
1367,cautious,paid_search,0.0,0,,0,0,cash_rich_noninvestor
1368,balanced,organic,0.0,0,,0,0,low_engagement
1369,balanced,referral,0.0,0,,0,0,low_engagement
1370,balanced,paid_search,0.0,0,,0,0,cash_rich_noninvestor
1371,balanced,organic,0.0,0,,0,0,cash_rich_noninvestor
1372,cautious,organic,0.0,0,,0,0,low_engagement
1373,aggressive,organic,0.0,0,,0,0,low_engagement
1375,balanced,social,0.0,0,,0,0,cash_rich_noninvestor
1377,aggressive,social,0.0,0,,0,0,low_engagement
1378,aggressive,organic,0.0,0,,0,0,low_engagement
1380,balanced,bank_partner,0.0,0,,0,0,low_engagement
1382,balanced,bank_partner,0.0,0,,0,0,low_engagement
1383,cautious,referral,0.0,0,,0,0,low_engagement
1384,balanced,social,0.0,0,,0,0,low_engagement
1385,cautious,organic,0.0,0,,0,0,low_engagement
1386,aggressive,paid_search,0.0,0,,0,0,low_engagement
1388,balanced,social,0.0,0,,0,0,low_engagement
1389,cautious,organic,0.0,0,,0,0,low_engagement
1390,balanced,organic,0.0,0,,0,0,low_engagement
1391,cautious,paid_search,0.0,0,,0,0,cash_rich_noninvestor
1392,cautious,paid_search,0.0,0,,0,0,low_engagement
1393,balanced,bank_partner,0.0,0,,0,0,low_engagement
1394,balanced,organic,0.0,0,,0,0,low_engagement
1395,aggressive,paid_search,0.0,0,,0,0,low_engagement
1396,balanced,bank_partner,0.0,0,,0,0,low_engagement
1397,balanced,paid_search,0.0,0,,0,0,cash_rich_noninvestor
1398,aggressive,paid_search,0.0,0,,0,0,low_engagement
1399,balanced,organic,0.0,0,,0,0,low_engagement
1400,cautious,referral,0.0,0,,0,0,cash_rich_noninvestor
1401,cautious,social,0.0,0,,0,0,cash_rich_noninvestor
1402,balanced,social,0.0,0,,0,0,low_engagement
1405,aggressive,bank_partner,0.0,0,,0,0,low_engagement
1406,balanced,paid_search,0.0,0,,0,0,low_engagement
1407,aggressive,organic,0.0,0,,0,0,low_engagement
1408,aggressive,organic,0.0,0,,0,0,cash_rich_noninvestor
1409,cautious,social,0.0,0,,0,0,low_engagement
1410,cautious,social,0.0,0,,0,0,low_engagement
1412,cautious,organic,0.0,0,,0,0,low_engagement
1414,balanced,social,0.0,0,,0,0,low_engagement
1415,cautious,bank_partner,0.0,0,,0,0,low_engagement
1416,cautious,organic,0.0,0,,0,0,low_engagement
1417,aggressive,organic,0.0,0,,0,0,low_engagement
1418,balanced,organic,0.0,0,,0,0,low_engagement
1420,aggressive,paid_search,0.0,0,,0,0,low_engagement
1421,aggressive,referral,0.0,0,,0,0,low_engagement
1423,cautious,organic,0.0,0,,0,0,low_engagement
1424,aggressive,bank_partner,0.0,0,,0,0,low_engagement
1425,balanced,social,0.0,0,,0,0,low_engagement
1427,balanced,organic,0.0,0,,0,0,low_engagement
1430,balanced,paid_search,0.0,0,,0,0,low_engagement
1431,balanced,social,0.0,0,,0,0,low_engagement
1432,cautious,referral,0.0,0,,0,0,low_engagement
1433,balanced,paid_search,0.0,0,,0,0,low_engagement
1434,cautious,bank_partner,0.0,0,,0,0,low_engagement
1435,cautious,organic,0.0,0,,0,0,low_engagement
1436,cautious,social,0.0,0,,0,0,low_engagement
1437,aggressive,organic,0.0,0,,0,0,low_engagement
1439,balanced,referral,0.0,0,,0,0,cash_rich_noninvestor
1440,balanced,social,0.0,0,,0,0,cash_rich_noninvestor
1443,cautious,paid_search,0.0,0,,0,0,low_engagement
1444,balanced,social,0.0,0,,0,0,low_engagement
1445,cautious,social,0.0,0,,0,0,low_engagement
1446,cautious,organic,0.0,0,,0,0,low_engagement
1447,balanced,referral,0.0,0,,0,0,low_engagement
1448,cautious,organic,0.0,0,,0,0,cash_rich_noninvestor
1449,aggressive,referral,0.0,0,,0,0,low_engagement
1450,aggressive,paid_search,0.0,0,,0,0,low_engagement
1453,cautious,paid_search,0.0,0,,0,0,low_engagement
1454,cautious,organic,0.0,0,,0,0,low_engagement
1455,cautious,paid_search,0.0,0,,0,0,low_engagement
1456,balanced,social,0.0,0,,0,0,low_engagement
1457,aggressive,bank_partner,0.0,0,,0,0,low_engagement
1458,balanced,organic,0.0,0,,0,0,low_engagement
1459,cautious,organic,0.0,0,,0,0,low_engagement
1460,cautious,referral,0.0,0,,0,0,low_engagement
1461,balanced,organic,0.0,0,,0,0,low_engagement
1462,balanced,organic,0.0,0,,0,0,low_engagement
1463,balanced,referral,0.0,0,,0,0,low_engagement
1464,cautious,paid_search,0.0,0,,0,0,low_engagement
1465,cautious,organic,0.0,0,,0,0,low_engagement
1466,cautious,organic,0.0,0,,0,0,low_engagement
1467,balanced,social,0.0,0,,0,0,low_engagement
1468,cautious,organic,0.0,0,,0,0,cash_rich_noninvestor
1469,cautious,organic,0.0,0,,0,0,low_engagement
1470,aggressive,organic,0.0,0,,0,0,low_engagement
1471,cautious,paid_search,0.0,0,,0,0,low_engagement
1472,cautious,paid_search,0.0,0,,0,0,low_engagement
1473,balanced,bank_partner,0.0,0,,0,0,low_engagement
1474,cautious,organic,0.0,0,,0,0,low_engagement
1475,balanced,bank_partner,0.0,0,,0,0,low_engagement
1476,aggressive,organic,0.0,0,,0,0,cash_rich_noninvestor
1477,cautious,referral,0.0,0,,0,0,cash_rich_noninvestor
1479,aggressive,organic,0.0,0,,0,0,low_engagement
1480,aggressive,paid_search,0.0,0,,0,0,low_engagement
1481,aggressive,social,0.0,0,,0,0,cash_rich_noninvestor
1482,balanced,bank_partner,0.0,0,,0,0,low_engagement
1483,balanced,paid_search,0.0,0,,0,0,cash_rich_noninvestor
1485,cautious,paid_search,0.0,0,,0,0,low_engagement
1486,balanced,organic,0.0,0,,0,0,low_engagement
1487,balanced,paid_search,0.0,0,,0,0,low_engagement
1489,aggressive,paid_search,0.0,0,,0,0,low_engagement
1490,cautious,social,0.0,0,,0,0,low_engagement
1493,aggressive,paid_search,0.0,0,,0,0,low_engagement
1494,aggressive,referral,0.0,0,,0,0,cash_rich_noninvestor
1495,aggressive,bank_partner,0.0,0,,0,0,low_engagement
1496,cautious,paid_search,0.0,0,,0,0,cash_rich_noninvestor
1497,balanced,paid_search,0.0,0,,0,0,low_engagement
1498,cautious,paid_search,0.0,0,,0,0,low_engagement
1499,cautious,social,0.0,0,,0,0,low_engagement
1500,aggressive,social,0.0,0,,0,0,low_engagement
1501,cautious,referral,0.0,0,,0,0,low_engagement
1502,balanced,organic,0.0,0,,0,0,low_engagement
1503,cautious,referral,0.0,0,,0,0,low_engagement
1504,cautious,social,0.0,0,,0,0,low_engagement
1506,balanced,paid_search,0.0,0,,0,0,low_engagement
1507,aggressive,paid_search,0.0,0,,0,0,cash_rich_noninvestor
1508,balanced,social,0.0,0,,0,0,low_engagement
1509,balanced,referral,0.0,0,,0,0,low_engagement
1511,aggressive,organic,0.0,0,,0,0,low_engagement
1512,balanced,social,0.0,0,,0,0,low_engagement
1513,cautious,social,0.0,0,,0,0,low_engagement
1514,cautious,paid_search,0.0,0,,0,0,low_engagement
1516,balanced,bank_partner,0.0,0,,0,0,low_engagement
1517,balanced,paid_search,0.0,0,,0,0,low_engagement
1518,balanced,paid_search,0.0,0,,0,0,low_engagement
1519,balanced,organic,0.0,0,,0,0,cash_rich_noninvestor
1520,cautious,bank_partner,0.0,0,,0,0,low_engagement
1521,balanced,social,0.0,0,,0,0,low_engagement
1522,cautious,referral,0.0,0,,0,0,low_engagement
1524,cautious,paid_search,0.0,0,,0,0,low_engagement
1525,balanced,paid_search,0.0,0,,0,0,low_engagement
1526,balanced,social,0.0,0,,0,0,cash_rich_noninvestor
1527,cautious,referral,0.0,0,,0,0,low_engagement
1528,cautious,social,0.0,0,,0,0,low_engagement
1529,aggressive,referral,0.0,0,,0,0,low_engagement
1530,aggressive,social,0.0,0,,0,0,low_engagement
1531,balanced,bank_partner,0.0,0,,0,0,low_engagement
1532,balanced,paid_search,0.0,0,,0,0,low_engagement
1533,aggressive,organic,0.0,0,,0,0,cash_rich_noninvestor
1534,cautious,social,0.0,0,,0,0,low_engagement
1535,cautious,social,0.0,0,,0,0,cash_rich_noninvestor
1536,cautious,referral,0.0,0,,0,0,low_engagement
1537,balanced,referral,0.0,0,,0,0,low_engagement
1538,balanced,organic,0.0,0,,0,0,cash_rich_noninvestor
1539,aggressive,organic,0.0,0,,0,0,low_engagement
1540,cautious,referral,0.0,0,,0,0,low_engagement
1541,balanced,paid_search,0.0,0,,0,0,low_engagement
1542,cautious,social,0.0,0,,0,0,low_engagement
1543,balanced,social,0.0,0,,0,0,low_engagement
1544,balanced,paid_search,0.0,0,,0,0,low_engagement
1545,aggressive,paid_search,0.0,0,,0,0,low_engagement
1546,balanced,bank_partner,0.0,0,,0,0,low_engagement
1547,balanced,referral,0.0,0,,0,0,cash_rich_noninvestor
1548,cautious,social,0.0,0,,0,0,low_engagement
1549,aggressive,referral,0.0,0,,0,0,low_engagement
1550,cautious,paid_search,0.0,0,,0,0,low_engagement
1551,cautious,referral,0.0,0,,0,0,low_engagement
1552,cautious,referral,0.0,0,,0,0,low_engagement
1553,balanced,referral,0.0,0,,0,0,low_engagement
1554,cautious,paid_search,0.0,0,,0,0,low_engagement
1555,balanced,referral,0.0,0,,0,0,low_engagement
1556,balanced,social,0.0,0,,0,0,low_engagement
1557,aggressive,referral,0.0,0,,0,0,low_engagement
1558,balanced,paid_search,0.0,0,,0,0,low_engagement
1559,balanced,bank_partner,0.0,0,,0,0,low_engagement
1560,aggressive,paid_search,0.0,0,,0,0,low_engagement
1561,balanced,organic,0.0,0,,0,0,low_engagement
1562,aggressive,social,0.0,0,,0,0,low_engagement
1563,aggressive,bank_partner,0.0,0,,0,0,low_engagement
1564,cautious,organic,0.0,0,,0,0,low_engagement
1565,balanced,paid_search,0.0,0,,0,0,cash_rich_noninvestor
1566,cautious,paid_search,0.0,0,,0,0,low_engagement
1567,cautious,social,0.0,0,,0,0,low_engagement
1568,balanced,organic,0.0,0,,0,0,low_engagement
1569,balanced,social,0.0,0,,0,0,low_engagement
1570,cautious,referral,0.0,0,,0,0,low_engagement
1571,balanced,referral,0.0,0,,0,0,low_engagement
1572,cautious,paid_search,0.0,0,,0,0,low_engagement
1573,cautious,referral,0.0,0,,0,0,low_engagement
1574,cautious,referral,0.0,0,,0,0,low_engagement
1575,balanced,organic,0.0,0,,0,0,low_engagement
1576,cautious,social,0.0,0,,0,0,low_engagement
1577,balanced,referral,0.0,0,,0,0,low_engagement
1578,aggressive,bank_partner,0.0,0,,0,0,low_engagement
1579,balanced,referral,0.0,0,,0,0,low_engagement
1580,aggressive,organic,0.0,0,,0,0,cash_rich_noninvestor
1581,balanced,organic,0.0,0,,0,0,low_engagement
1582,balanced,bank_partner,0.0,0,,0,0,low_engagement
1584,cautious,paid_search,0.0,0,,0,0,low_engagement
1585,cautious,organic,0.0,0,,0,0,low_engagement
1586,cautious,paid_search,0.0,0,,0,0,low_engagement
1587,balanced,social,0.0,0,,0,0,low_engagement
1588,cautious,organic,0.0,0,,0,0,low_engagement
1589,aggressive,referral,0.0,0,,0,0,low_engagement
1590,balanced,organic,0.0,0,,0,0,low_engagement
1591,balanced,social,0.0,0,,0,0,low_engagement
1592,cautious,social,0.0,0,,0,0,low_engagement
1593,balanced,organic,0.0,0,,0,0,cash_rich_noninvestor
1594,cautious,social,0.0,0,,0,0,cash_rich_noninvestor
1595,balanced,paid_search,0.0,0,,0,0,low_engagement
1596,aggressive,social,0.0,0,,0,0,low_engagement
1597,cautious,social,0.0,0,,0,0,cash_rich_noninvestor
1598,cautious,referral,0.0,0,,0,0,low_engagement
1599,balanced,social,0.0,0,,0,0,cash_rich_noninvestor
1600,cautious,paid_search,0.0,0,,0,0,low_engagement
1601,cautious,bank_partner,0.0,0,,0,0,low_engagement
1602,balanced,organic,0.0,0,,0,0,cash_rich_noninvestor
1603,balanced,organic,0.0,0,,0,0,low_engagement
1604,aggressive,paid_search,0.0,0,,0,0,low_engagement
1605,aggressive,paid_search,0.0,0,,0,0,cash_rich_noninvestor
1606,balanced,paid_search,0.0,0,,0,0,low_engagement
1608,balanced,bank_partner,0.0,0,,0,0,low_engagement
1609,cautious,social,0.0,0,,0,0,low_engagement
1610,balanced,referral,0.0,0,,0,0,cash_rich_noninvestor
1611,cautious,bank_partner,0.0,0,,0,0,low_engagement
1612,balanced,organic,0.0,0,,0,0,low_engagement
1613,balanced,referral,0.0,0,,0,0,low_engagement
1617,balanced,paid_search,0.0,0,,0,0,low_engagement
1618,cautious,social,0.0,0,,0,0,cash_rich_noninvestor
1619,balanced,bank_partner,0.0,0,,0,0,low_engagement
1620,cautious,bank_partner,0.0,0,,0,0,low_engagement
1621,cautious,organic,0.0,0,,0,0,low_engagement
1622,cautious,paid_search,0.0,0,,0,0,cash_rich_noninvestor
1623,cautious,referral,0.0,0,,0,0,low_engagement
1624,cautious,referral,0.0,0,,0,0,low_engagement
1625,cautious,organic,0.0,0,,0,0,low_engagement
1627,balanced,organic,0.0,0,,0,0,low_engagement
1628,aggressive,organic,0.0,0,,0,0,low_engagement
1630,cautious,referral,0.0,0,,0,0,low_engagement
1631,balanced,paid_search,0.0,0,,0,0,low_engagement
1632,balanced,referral,0.0,0,,0,0,low_engagement
1633,balanced,organic,0.0,0,,0,0,cash_rich_noninvestor
1634,aggressive,referral,0.0,0,,0,0,low_engagement
1635,aggressive,bank_partner,0.0,0,,0,0,low_engagement
1636,cautious,paid_search,0.0,0,,0,0,low_engagement
1637,balanced,organic,0.0,0,,0,0,low_engagement
1638,balanced,paid_search,0.0,0,,0,0,low_engagement
1639,cautious,paid_search,0.0,0,,0,0,low_engagement
1640,balanced,bank_partner,0.0,0,,0,0,low_engagement
1642,cautious,organic,0.0,0,,0,0,cash_rich_noninvestor
1643,cautious,organic,0.0,0,,0,0,low_engagement
1644,balanced,paid_search,0.0,0,,0,0,low_engagement
1645,balanced,social,0.0,0,,0,0,low_engagement
1646,balanced,organic,0.0,0,,0,0,low_engagement
1647,balanced,social,0.0,0,,0,0,low_engagement
1648,cautious,social,0.0,0,,0,0,low_engagement
1649,cautious,paid_search,0.0,0,,0,0,cash_rich_noninvestor
1650,balanced,bank_partner,0.0,0,,0,0,cash_rich_noninvestor
1651,aggressive,social,0.0,0,,0,0,cash_rich_noninvestor
1652,balanced,social,0.0,0,,0,0,low_engagement
1653,cautious,social,0.0,0,,0,0,low_engagement
1654,cautious,organic,0.0,0,,0,0,low_engagement
1655,aggressive,referral,0.0,0,,0,0,cash_rich_noninvestor
1656,aggressive,social,0.0,0,,0,0,low_engagement
1657,cautious,paid_search,0.0,0,,0,0,low_engagement
1660,cautious,referral,0.0,0,,0,0,cash_rich_noninvestor
1661,cautious,paid_search,0.0,0,,0,0,low_engagement
1662,cautious,paid_search,0.0,0,,0,0,cash_rich_noninvestor
1663,cautious,organic,0.0,0,,0,0,cash_rich_noninvestor
1665,balanced,organic,0.0,0,,0,0,low_engagement
1666,cautious,bank_partner,0.0,0,,0,0,low_engagement
1667,aggressive,paid_search,0.0,0,,0,0,cash_rich_noninvestor
1668,aggressive,referral,0.0,0,,0,0,low_engagement
1669,balanced,paid_search,0.0,0,,0,0,low_engagement
1670,aggressive,organic,0.0,0,,0,0,cash_rich_noninvestor
1671,aggressive,organic,0.0,0,,0,0,low_engagement
1672,balanced,organic,0.0,0,,0,0,low_engagement
1673,balanced,paid_search,0.0,0,,0,0,low_engagement
1674,balanced,organic,0.0,0,,0,0,low_engagement
1675,balanced,referral,0.0,0,,0,0,cash_rich_noninvestor
1676,cautious,organic,0.0,0,,0,0,low_engagement
1677,cautious,organic,0.0,0,,0,0,low_engagement
1678,aggressive,paid_search,0.0,0,,0,0,low_engagement
1680,cautious,bank_partner,0.0,0,,0,0,low_engagement
1681,aggressive,paid_search,0.0,0,,0,0,low_engagement
1682,cautious,referral,0.0,0,,0,0,cash_rich_noninvestor
1683,cautious,paid_search,0.0,0,,0,0,low_engagement
1684,balanced,social,0.0,0,,0,0,low_engagement
1685,aggressive,organic,0.0,0,,0,0,low_engagement
1686,balanced,bank_partner,0.0,0,,0,0,cash_rich_noninvestor
1687,cautious,organic,0.0,0,,0,0,cash_rich_noninvestor
1688,cautious,social,0.0,0,,0,0,cash_rich_noninvestor
1689,cautious,organic,0.0,0,,0,0,low_engagement
1690,cautious,social,0.0,0,,0,0,low_engagement
1691,balanced,social,0.0,0,,0,0,low_engagement
1692,cautious,referral,0.0,0,,0,0,low_engagement
1693,balanced,organic,0.0,0,,0,0,low_engagement
1694,balanced,paid_search,0.0,0,,0,0,cash_rich_noninvestor
1695,cautious,bank_partner,0.0,0,,0,0,low_engagement
1697,cautious,organic,0.0,0,,0,0,low_engagement
1698,balanced,social,0.0,0,,0,0,low_engagement
1699,aggressive,bank_partner,0.0,0,,0,0,cash_rich_noninvestor
1700,aggressive,paid_search,0.0,0,,0,0,low_engagement
1701,aggressive,organic,0.0,0,,0,0,low_engagement
1702,balanced,paid_search,0.0,0,,0,0,low_engagement
1705,balanced,referral,0.0,0,,0,0,low_engagement
1706,cautious,social,0.0,0,,0,0,low_engagement
1707,balanced,bank_partner,0.0,0,,0,0,low_engagement
1708,cautious,organic,0.0,0,,0,0,cash_rich_noninvestor
1709,balanced,organic,0.0,0,,0,0,low_engagement
1710,aggressive,organic,0.0,0,,0,0,low_engagement
1711,cautious,paid_search,0.0,0,,0,0,low_engagement
1712,cautious,organic,0.0,0,,0,0,low_engagement
1713,cautious,paid_search,0.0,0,,0,0,cash_rich_noninvestor
1714,balanced,referral,0.0,0,,0,0,low_engagement
1715,balanced,paid_search,0.0,0,,0,0,cash_rich_noninvestor
1716,aggressive,paid_search,0.0,0,,0,0,low_engagement
1717,aggressive,referral,0.0,0,,0,0,low_engagement
1718,balanced,referral,0.0,0,,0,0,low_engagement
1719,cautious,bank_partner,0.0,0,,0,0,low_engagement
1720,aggressive,bank_partner,0.0,0,,0,0,low_engagement
1721,cautious,paid_search,0.0,0,,0,0,low_engagement
1722,balanced,organic,0.0,0,,0,0,cash_rich_noninvestor
1723,balanced,social,0.0,0,,0,0,low_engagement
1724,balanced,organic,0.0,0,,0,0,low_engagement
1726,cautious,paid_search,0.0,0,,0,0,low_engagement
1728,cautious,bank_partner,0.0,0,,0,0,low_engagement
1729,balanced,referral,0.0,0,,0,0,cash_rich_noninvestor
1730,cautious,organic,0.0,0,,0,0,low_engagement
1731,aggressive,organic,0.0,0,,0,0,low_engagement
1732,balanced,social,0.0,0,,0,0,low_engagement
1733,aggressive,bank_partner,0.0,0,,0,0,low_engagement
1734,balanced,paid_search,0.0,0,,0,0,cash_rich_noninvestor
1735,cautious,paid_search,0.0,0,,0,0,low_engagement
1736,cautious,organic,0.0,0,,0,0,low_engagement
1737,cautious,social,0.0,0,,0,0,low_engagement
1738,cautious,social,0.0,0,,0,0,low_engagement
1739,aggressive,organic,0.0,0,,0,0,low_engagement
1740,cautious,bank_partner,0.0,0,,0,0,cash_rich_noninvestor
1741,cautious,referral,0.0,0,,0,0,low_engagement
1742,cautious,social,0.0,0,,0,0,low_engagement
1743,cautious,social,0.0,0,,0,0,low_engagement
1744,balanced,paid_search,0.0,0,,0,0,low_engagement
1745,cautious,bank_partner,0.0,0,,0,0,low_engagement
1746,aggressive,paid_search,0.0,0,,0,0,cash_rich_noninvestor
1747,balanced,bank_partner,0.0,0,,0,0,cash_rich_noninvestor
1749,balanced,paid_search,0.0,0,,0,0,low_engagement
1750,cautious,organic,0.0,0,,0,0,low_engagement
1751,cautious,paid_search,0.0,0,,0,0,low_engagement
1752,balanced,referral,0.0,0,,0,0,low_engagement
1753,balanced,referral,0.0,0,,0,0,low_engagement
1754,balanced,referral,0.0,0,,0,0,low_engagement
1755,cautious,social,0.0,0,,0,0,low_engagement
1756,balanced,social,0.0,0,,0,0,low_engagement
1758,cautious,organic,0.0,0,,0,0,low_engagement
1760,balanced,paid_search,0.0,0,,0,0,low_engagement
1761,aggressive,organic,0.0,0,,0,0,low_engagement
1762,cautious,organic,0.0,0,,0,0,low_engagement
1763,cautious,referral,0.0,0,,0,0,low_engagement
1765,balanced,referral,0.0,0,,0,0,cash_rich_noninvestor
1766,cautious,organic,0.0,0,,0,0,low_engagement
1767,cautious,paid_search,0.0,0,,0,0,low_engagement
1768,cautious,paid_search,0.0,0,,0,0,low_engagement
1769,cautious,referral,0.0,0,,0,0,cash_rich_noninvestor
1770,cautious,social,0.0,0,,0,0,low_engagement
1771,balanced,organic,0.0,0,,0,0,low_engagement
1772,cautious,organic,0.0,0,,0,0,low_engagement
1773,balanced,organic,0.0,0,,0,0,low_engagement
1774,balanced,organic,0.0,0,,0,0,cash_rich_noninvestor
1775,cautious,paid_search,0.0,0,,0,0,low_engagement
1776,balanced,referral,0.0,0,,0,0,low_engagement
1777,balanced,bank_partner,0.0,0,,0,0,low_engagement
1778,aggressive,paid_search,0.0,0,,0,0,low_engagement
1779,cautious,bank_partner,0.0,0,,0,0,low_engagement
1780,balanced,social,0.0,0,,0,0,low_engagement
1781,aggressive,organic,0.0,0,,0,0,low_engagement
1782,aggressive,bank_partner,0.0,0,,0,0,low_engagement
1783,balanced,organic,0.0,0,,0,0,low_engagement
1784,aggressive,social,0.0,0,,0,0,low_engagement
1785,cautious,organic,0.0,0,,0,0,cash_rich_noninvestor
1786,cautious,social,0.0,0,,0,0,low_engagement
1787,balanced,paid_search,0.0,0,,0,0,low_engagement
1788,cautious,organic,0.0,0,,0,0,low_engagement
1790,aggressive,paid_search,0.0,0,,0,0,cash_rich_noninvestor
1791,balanced,social,0.0,0,,0,0,low_engagement
1792,aggressive,bank_partner,0.0,0,,0,0,low_engagement
1794,balanced,social,0.0,0,,0,0,low_engagement
1796,cautious,organic,0.0,0,,0,0,low_engagement
1797,balanced,bank_partner,0.0,0,,0,0,low_engagement
1799,balanced,paid_search,0.0,0,,0,0,low_engagement
1800,balanced,paid_search,0.0,0,,0,0,low_engagement
1801,cautious,social,0.0,0,,0,0,low_engagement
1802,aggressive,bank_partner,0.0,0,,0,0,cash_rich_noninvestor
1803,balanced,social,0.0,0,,0,0,low_engagement
1805,cautious,organic,0.0,0,,0,0,low_engagement
1806,balanced,organic,0.0,0,,0,0,low_engagement
1807,aggressive,organic,0.0,0,,0,0,low_engagement
1808,balanced,referral,0.0,0,,0,0,low_engagement
1809,cautious,paid_search,0.0,0,,0,0,low_engagement
1810,aggressive,organic,0.0,0,,0,0,low_engagement
1811,balanced,paid_search,0.0,0,,0,0,low_engagement
1812,cautious,social,0.0,0,,0,0,cash_rich_noninvestor
1813,cautious,referral,0.0,0,,0,0,low_engagement
1814,cautious,paid_search,0.0,0,,0,0,low_engagement
1815,cautious,paid_search,0.0,0,,0,0,low_engagement
1816,aggressive,bank_partner,0.0,0,,0,0,low_engagement
1817,cautious,organic,0.0,0,,0,0,low_engagement
1819,cautious,social,0.0,0,,0,0,low_engagement
1820,cautious,paid_search,0.0,0,,0,0,low_engagement
1821,balanced,social,0.0,0,,0,0,low_engagement
1822,balanced,bank_partner,0.0,0,,0,0,low_engagement
1823,balanced,bank_partner,0.0,0,,0,0,low_engagement
1824,cautious,organic,0.0,0,,0,0,low_engagement
1825,balanced,paid_search,0.0,0,,0,0,low_engagement
1826,cautious,organic,0.0,0,,0,0,low_engagement
1827,aggressive,social,0.0,0,,0,0,cash_rich_noninvestor
1828,balanced,social,0.0,0,,0,0,low_engagement
1829,balanced,organic,0.0,0,,0,0,low_engagement
1830,cautious,social,0.0,0,,0,0,cash_rich_noninvestor
1831,balanced,social,0.0,0,,0,0,low_engagement
1832,balanced,referral,0.0,0,,0,0,low_engagement
1833,balanced,organic,0.0,0,,0,0,low_engagement
1834,cautious,paid_search,0.0,0,,0,0,low_engagement
1835,cautious,paid_search,0.0,0,,0,0,low_engagement
1836,balanced,bank_partner,0.0,0,,0,0,low_engagement
1837,balanced,organic,0.0,0,,0,0,low_engagement
1838,cautious,organic,0.0,0,,0,0,low_engagement
1839,balanced,referral,0.0,0,,0,0,low_engagement
1840,cautious,social,0.0,0,,0,0,cash_rich_noninvestor
1841,balanced,paid_search,0.0,0,,0,0,cash_rich_noninvestor
1842,aggressive,organic,0.0,0,,0,0,cash_rich_noninvestor
1843,balanced,social,0.0,0,,0,0,cash_rich_noninvestor
1844,cautious,referral,0.0,0,,0,0,cash_rich_noninvestor
1845,balanced,organic,0.0,0,,0,0,low_engagement
1847,aggressive,organic,0.0,0,,0,0,low_engagement
1848,balanced,organic,0.0,0,,0,0,cash_rich_noninvestor
1849,cautious,social,0.0,0,,0,0,low_engagement
1850,cautious,paid_search,0.0,0,,0,0,cash_rich_noninvestor
1851,cautious,referral,0.0,0,,0,0,low_engagement
1852,balanced,paid_search,0.0,0,,0,0,low_engagement
1853,cautious,social,0.0,0,,0,0,low_engagement
1854,balanced,referral,0.0,0,,0,0,low_engagement
1855,aggressive,social,0.0,0,,0,0,cash_rich_noninvestor
1856,cautious,referral,0.0,0,,0,0,low_engagement
1857,cautious,social,0.0,0,,0,0,low_engagement
1858,cautious,referral,0.0,0,,0,0,cash_rich_noninvestor
1859,balanced,paid_search,0.0,0,,0,0,low_engagement
1860,cautious,organic,0.0,0,,0,0,cash_rich_noninvestor
1861,aggressive,paid_search,0.0,0,,0,0,low_engagement
1862,cautious,social,0.0,0,,0,0,low_engagement
1863,aggressive,paid_search,0.0,0,,0,0,cash_rich_noninvestor
1864,cautious,social,0.0,0,,0,0,low_engagement
1865,cautious,referral,0.0,0,,0,0,cash_rich_noninvestor
1866,balanced,paid_search,0.0,0,,0,0,low_engagement
1868,aggressive,referral,0.0,0,,0,0,low_engagement
1869,aggressive,social,0.0,0,,0,0,low_engagement
1870,cautious,paid_search,0.0,0,,0,0,cash_rich_noninvestor
1871,balanced,organic,0.0,0,,0,0,low_engagement
1872,cautious,referral,0.0,0,,0,0,low_engagement
1873,aggressive,organic,0.0,0,,0,0,low_engagement
1874,cautious,referral,0.0,0,,0,0,low_engagement
1875,aggressive,organic,0.0,0,,0,0,low_engagement
1876,cautious,organic,0.0,0,,0,0,low_engagement
1877,balanced,social,0.0,0,,0,0,low_engagement
1878,aggressive,social,0.0,0,,0,0,low_engagement
1880,balanced,paid_search,0.0,0,,0,0,low_engagement
1881,cautious,organic,0.0,0,,0,0,low_engagement
1883,cautious,organic,0.0,0,,0,0,low_engagement
1884,cautious,organic,0.0,0,,0,0,cash_rich_noninvestor
1885,balanced,bank_partner,0.0,0,,0,0,cash_rich_noninvestor
1886,balanced,organic,0.0,0,,0,0,low_engagement
1887,cautious,bank_partner,0.0,0,,0,0,low_engagement
1888,balanced,organic,0.0,0,,0,0,low_engagement
1889,balanced,organic,0.0,0,,0,0,low_engagement
1890,balanced,organic,0.0,0,,0,0,cash_rich_noninvestor
1891,cautious,bank_partner,0.0,0,,0,0,low_engagement
1892,aggressive,paid_search,0.0,0,,0,0,cash_rich_noninvestor
1893,balanced,referral,0.0,0,,0,0,low_engagement
1894,balanced,referral,0.0,0,,0,0,low_engagement
1895,cautious,bank_partner,0.0,0,,0,0,cash_rich_noninvestor
1896,aggressive,organic,0.0,0,,0,0,low_engagement
1897,cautious,organic,0.0,0,,0,0,low_engagement
1898,cautious,social,0.0,0,,0,0,low_engagement
1899,aggressive,referral,0.0,0,,0,0,cash_rich_noninvestor
1900,balanced,paid_search,0.0,0,,0,0,low_engagement
1901,aggressive,bank_partner,0.0,0,,0,0,low_engagement
1902,balanced,organic,0.0,0,,0,0,low_engagement
1903,aggressive,organic,0.0,0,,0,0,low_engagement
1904,balanced,referral,0.0,0,,0,0,low_engagement
1905,aggressive,social,0.0,0,,0,0,low_engagement
1906,cautious,bank_partner,0.0,0,,0,0,low_engagement
1907,cautious,social,0.0,0,,0,0,low_engagement
1908,cautious,organic,0.0,0,,0,0,low_engagement
1909,cautious,paid_search,0.0,0,,0,0,cash_rich_noninvestor
1910,cautious,referral,0.0,0,,0,0,cash_rich_noninvestor
1912,balanced,organic,0.0,0,,0,0,low_engagement
1913,balanced,referral,0.0,0,,0,0,low_engagement
1914,balanced,referral,0.0,0,,0,0,low_engagement
1915,cautious,social,0.0,0,,0,0,low_engagement
1917,balanced,referral,0.0,0,,0,0,low_engagement
1918,aggressive,referral,0.0,0,,0,0,cash_rich_noninvestor
1919,balanced,referral,0.0,0,,0,0,low_engagement
1920,balanced,referral,0.0,0,,0,0,low_engagement
1921,aggressive,social,0.0,0,,0,0,cash_rich_noninvestor
1922,cautious,referral,0.0,0,,0,0,low_engagement
1923,balanced,bank_partner,0.0,0,,0,0,low_engagement
1925,cautious,social,0.0,0,,0,0,cash_rich_noninvestor
1926,balanced,organic,0.0,0,,0,0,low_engagement
1927,cautious,paid_search,0.0,0,,0,0,low_engagement
1928,cautious,organic,0.0,0,,0,0,low_engagement
1929,balanced,organic,0.0,0,,0,0,low_engagement
1930,balanced,organic,0.0,0,,0,0,low_engagement
1931,balanced,bank_partner,0.0,0,,0,0,low_engagement
1932,cautious,referral,0.0,0,,0,0,low_engagement
1933,balanced,organic,0.0,0,,0,0,low_engagement
1934,cautious,organic,0.0,0,,0,0,low_engagement
1935,balanced,paid_search,0.0,0,,0,0,low_engagement
1936,balanced,paid_search,0.0,0,,0,0,low_engagement
1937,aggressive,organic,0.0,0,,0,0,cash_rich_noninvestor
1938,balanced,paid_search,0.0,0,,0,0,cash_rich_noninvestor
1939,cautious,organic,0.0,0,,0,0,low_engagement
1940,balanced,organic,0.0,0,,0,0,low_engagement
1941,cautious,organic,0.0,0,,0,0,low_engagement
1942,cautious,social,0.0,0,,0,0,low_engagement
1943,balanced,social,0.0,0,,0,0,low_engagement
1944,cautious,organic,0.0,0,,0,0,cash_rich_noninvestor
1945,balanced,referral,0.0,0,,0,0,cash_rich_noninvestor
1946,aggressive,organic,0.0,0,,0,0,low_engagement
1949,balanced,organic,0.0,0,,0,0,low_engagement
1950,balanced,social,0.0,0,,0,0,low_engagement
1952,aggressive,referral,0.0,0,,0,0,low_engagement
1953,cautious,organic,0.0,0,,0,0,low_engagement
1954,cautious,organic,0.0,0,,0,0,low_engagement
1955,balanced,organic,0.0,0,,0,0,low_engagement
1956,balanced,social,0.0,0,,0,0,low_engagement
1957,aggressive,organic,0.0,0,,0,0,low_engagement
1958,balanced,referral,0.0,0,,0,0,low_engagement
1959,aggressive,organic,0.0,0,,0,0,low_engagement
1960,balanced,referral,0.0,0,,0,0,low_engagement
1961,balanced,organic,0.0,0,,0,0,cash_rich_noninvestor
1962,balanced,organic,0.0,0,,0,0,low_engagement
1963,cautious,paid_search,0.0,0,,0,0,cash_rich_noninvestor
1964,cautious,social,0.0,0,,0,0,low_engagement
1965,balanced,bank_partner,0.0,0,,0,0,low_engagement
1966,cautious,organic,0.0,0,,0,0,low_engagement
1968,balanced,organic,0.0,0,,0,0,low_engagement
1969,cautious,referral,0.0,0,,0,0,low_engagement
1970,balanced,paid_search,0.0,0,,0,0,low_engagement
1972,balanced,referral,0.0,0,,0,0,low_engagement
1973,aggressive,bank_partner,0.0,0,,0,0,low_engagement
1974,cautious,paid_search,0.0,0,,0,0,low_engagement
1975,balanced,social,0.0,0,,0,0,low_engagement
1976,aggressive,social,0.0,0,,0,0,low_engagement
1977,aggressive,social,0.0,0,,0,0,low_engagement
1978,balanced,paid_search,0.0,0,,0,0,cash_rich_noninvestor
1979,cautious,bank_partner,0.0,0,,0,0,cash_rich_noninvestor
1980,cautious,referral,0.0,0,,0,0,low_engagement
1981,balanced,social,0.0,0,,0,0,low_engagement
1982,cautious,paid_search,0.0,0,,0,0,cash_rich_noninvestor
1984,cautious,paid_search,0.0,0,,0,0,low_engagement
1985,cautious,paid_search,0.0,0,,0,0,cash_rich_noninvestor
1986,cautious,paid_search,0.0,0,,0,0,cash_rich_noninvestor
1987,aggressive,organic,0.0,0,,0,0,low_engagement
1988,balanced,organic,0.0,0,,0,0,low_engagement
1989,balanced,social,0.0,0,,0,0,cash_rich_noninvestor
1990,balanced,social,0.0,0,,0,0,low_engagement
1991,cautious,paid_search,0.0,0,,0,0,low_engagement
1992,cautious,social,0.0,0,,0,0,cash_rich_noninvestor
1993,balanced,bank_partner,0.0,0,,0,0,low_engagement
1994,balanced,organic,0.0,0,,0,0,cash_rich_noninvestor
1995,balanced,organic,0.0,0,,0,0,cash_rich_noninvestor
1996,balanced,bank_partner,0.0,0,,0,0,low_engagement
1997,aggressive,referral,0.0,0,,0,0,low_engagement
1998,cautious,referral,0.0,0,,0,0,low_engagement
1999,cautious,organic,0.0,0,,0,0,low_engagement
2000,cautious,bank_partner,0.0,0,,0,0,low_engagement
2001,aggressive,organic,0.0,0,,0,0,low_engagement
2002,cautious,bank_partner,0.0,0,,0,0,low_engagement
2003,cautious,social,0.0,0,,0,0,low_engagement
2004,cautious,social,0.0,0,,0,0,low_engagement
2005,cautious,organic,0.0,0,,0,0,low_engagement
2006,balanced,bank_partner,0.0,0,,0,0,low_engagement
2007,aggressive,social,0.0,0,,0,0,low_engagement
2008,balanced,paid_search,0.0,0,,0,0,cash_rich_noninvestor
2009,cautious,organic,0.0,0,,0,0,low_engagement
2010,balanced,referral,0.0,0,,0,0,low_engagement
2011,balanced,social,0.0,0,,0,0,low_engagement
2012,aggressive,bank_partner,0.0,0,,0,0,cash_rich_noninvestor
2014,cautious,social,0.0,0,,0,0,low_engagement
2015,cautious,organic,0.0,0,,0,0,cash_rich_noninvestor
2017,balanced,social,0.0,0,,0,0,low_engagement
2018,balanced,social,0.0,0,,0,0,cash_rich_noninvestor
2020,aggressive,paid_search,0.0,0,,0,0,low_engagement
2021,aggressive,paid_search,0.0,0,,0,0,low_engagement
2022,balanced,referral,0.0,0,,0,0,low_engagement
2023,cautious,referral,0.0,0,,0,0,low_engagement
2024,aggressive,referral,0.0,0,,0,0,cash_rich_noninvestor
2026,balanced,bank_partner,0.0,0,,0,0,low_engagement
2027,balanced,bank_partner,0.0,0,,0,0,low_engagement
2028,cautious,paid_search,0.0,0,,0,0,low_engagement
2029,cautious,referral,0.0,0,,0,0,cash_rich_noninvestor
2030,balanced,organic,0.0,0,,0,0,low_engagement
2031,aggressive,referral,0.0,0,,0,0,low_engagement
2032,balanced,paid_search,0.0,0,,0,0,cash_rich_noninvestor
2033,cautious,referral,0.0,0,,0,0,low_engagement
2034,cautious,organic,0.0,0,,0,0,low_engagement
2035,balanced,organic,0.0,0,,0,0,low_engagement
2036,balanced,social,0.0,0,,0,0,low_engagement
2039,cautious,social,0.0,0,,0,0,low_engagement
2040,balanced,paid_search,0.0,0,,0,0,cash_rich_noninvestor
2041,balanced,organic,0.0,0,,0,0,low_engagement
2042,cautious,bank_partner,0.0,0,,0,0,low_engagement
2043,cautious,referral,0.0,0,,0,0,cash_rich_noninvestor
2044,cautious,paid_search,0.0,0,,0,0,low_engagement
2045,cautious,paid_search,0.0,0,,0,0,low_engagement
2046,balanced,social,0.0,0,,0,0,low_engagement
2047,aggressive,organic,0.0,0,,0,0,low_engagement
2048,cautious,social,0.0,0,,0,0,cash_rich_noninvestor
2049,cautious,paid_search,0.0,0,,0,0,cash_rich_noninvestor
2050,balanced,bank_partner,0.0,0,,0,0,cash_rich_noninvestor
2051,balanced,referral,0.0,0,,0,0,low_engagement
2052,balanced,social,0.0,0,,0,0,low_engagement
2053,cautious,organic,0.0,0,,0,0,low_engagement
2054,balanced,social,0.0,0,,0,0,low_engagement
2055,balanced,referral,0.0,0,,0,0,cash_rich_noninvestor
2056,aggressive,referral,0.0,0,,0,0,low_engagement
2057,cautious,social,0.0,0,,0,0,low_engagement
2059,cautious,referral,0.0,0,,0,0,low_engagement
2060,aggressive,bank_partner,0.0,0,,0,0,low_engagement
2061,aggressive,bank_partner,0.0,0,,0,0,low_engagement
2062,aggressive,organic,0.0,0,,0,0,low_engagement
2063,cautious,organic,0.0,0,,0,0,low_engagement
2064,balanced,referral,0.0,0,,0,0,cash_rich_noninvestor
2065,cautious,social,0.0,0,,0,0,low_engagement
2066,cautious,social,0.0,0,,0,0,low_engagement
2067,aggressive,organic,0.0,0,,0,0,low_engagement
2068,cautious,bank_partner,0.0,0,,0,0,low_engagement
2069,cautious,bank_partner,0.0,0,,0,0,low_engagement
2070,aggressive,paid_search,0.0,0,,0,0,low_engagement
2071,balanced,referral,0.0,0,,0,0,cash_rich_noninvestor
2072,balanced,organic,0.0,0,,0,0,low_engagement
2073,cautious,bank_partner,0.0,0,,0,0,low_engagement
2074,cautious,organic,0.0,0,,0,0,low_engagement
2075,balanced,bank_partner,0.0,0,,0,0,low_engagement
2077,balanced,social,0.0,0,,0,0,low_engagement
2078,cautious,bank_partner,0.0,0,,0,0,cash_rich_noninvestor
2079,cautious,organic,0.0,0,,0,0,low_engagement
2080,aggressive,organic,0.0,0,,0,0,low_engagement
2081,cautious,social,0.0,0,,0,0,low_engagement
2082,balanced,paid_search,0.0,0,,0,0,low_engagement
2083,balanced,organic,0.0,0,,0,0,low_engagement
2084,balanced,bank_partner,0.0,0,,0,0,low_engagement
2085,cautious,organic,0.0,0,,0,0,low_engagement
2086,balanced,referral,0.0,0,,0,0,low_engagement
2087,balanced,organic,0.0,0,,0,0,low_engagement
2089,balanced,social,0.0,0,,0,0,low_engagement
2091,balanced,social,0.0,0,,0,0,low_engagement
2092,balanced,organic,0.0,0,,0,0,low_engagement
2093,balanced,social,0.0,0,,0,0,low_engagement
2094,aggressive,paid_search,0.0,0,,0,0,cash_rich_noninvestor
2095,balanced,organic,0.0,0,,0,0,low_engagement
2096,balanced,referral,0.0,0,,0,0,low_engagement
2098,aggressive,paid_search,0.0,0,,0,0,low_engagement
2099,balanced,paid_search,0.0,0,,0,0,low_engagement
2100,balanced,organic,0.0,0,,0,0,low_engagement
2101,balanced,social,0.0,0,,0,0,cash_rich_noninvestor
2102,balanced,paid_search,0.0,0,,0,0,cash_rich_noninvestor
2103,aggressive,paid_search,0.0,0,,0,0,low_engagement
2104,aggressive,paid_search,0.0,0,,0,0,low_engagement
2105,balanced,bank_partner,0.0,0,,0,0,low_engagement
2106,balanced,paid_search,0.0,0,,0,0,low_engagement
2107,cautious,referral,0.0,0,,0,0,low_engagement
2108,balanced,organic,0.0,0,,0,0,cash_rich_noninvestor
2109,cautious,referral,0.0,0,,0,0,cash_rich_noninvestor
2110,balanced,referral,0.0,0,,0,0,low_engagement
2111,cautious,referral,0.0,0,,0,0,low_engagement
2112,balanced,bank_partner,0.0,0,,0,0,low_engagement
2113,aggressive,social,0.0,0,,0,0,low_engagement
2114,aggressive,social,0.0,0,,0,0,cash_rich_noninvestor
2116,cautious,paid_search,0.0,0,,0,0,low_engagement
2117,balanced,social,0.0,0,,0,0,low_engagement
2118,balanced,referral,0.0,0,,0,0,low_engagement
2119,cautious,bank_partner,0.0,0,,0,0,low_engagement
2120,balanced,paid_search,0.0,0,,0,0,low_engagement
2121,balanced,bank_partner,0.0,0,,0,0,low_engagement
2122,cautious,organic,0.0,0,,0,0,low_engagement
2123,balanced,bank_partner,0.0,0,,0,0,low_engagement
2124,balanced,bank_partner,0.0,0,,0,0,low_engagement
2125,balanced,bank_partner,0.0,0,,0,0,low_engagement
2126,balanced,paid_search,0.0,0,,0,0,cash_rich_noninvestor
2127,balanced,organic,0.0,0,,0,0,low_engagement
2128,cautious,organic,0.0,0,,0,0,low_engagement
2129,balanced,referral,0.0,0,,0,0,low_engagement
2130,cautious,referral,0.0,0,,0,0,low_engagement
2131,balanced,referral,0.0,0,,0,0,low_engagement
2132,cautious,organic,0.0,0,,0,0,low_engagement
2133,cautious,organic,0.0,0,,0,0,low_engagement
2134,balanced,referral,0.0,0,,0,0,low_engagement
2136,cautious,paid_search,0.0,0,,0,0,cash_rich_noninvestor
2138,balanced,social,0.0,0,,0,0,cash_rich_noninvestor
2139,balanced,bank_partner,0.0,0,,0,0,low_engagement
2140,balanced,organic,0.0,0,,0,0,low_engagement
2141,aggressive,social,0.0,0,,0,0,cash_rich_noninvestor
2142,cautious,referral,0.0,0,,0,0,low_engagement
2143,balanced,social,0.0,0,,0,0,low_engagement
2144,aggressive,paid_search,0.0,0,,0,0,low_engagement
2145,cautious,social,0.0,0,,0,0,low_engagement
2146,balanced,social,0.0,0,,0,0,low_engagement
2148,aggressive,social,0.0,0,,0,0,low_engagement
2149,balanced,referral,0.0,0,,0,0,low_engagement
2150,aggressive,social,0.0,0,,0,0,low_engagement
2151,balanced,referral,0.0,0,,0,0,low_engagement
2152,aggressive,organic,0.0,0,,0,0,low_engagement
2154,cautious,paid_search,0.0,0,,0,0,low_engagement
2155,balanced,paid_search,0.0,0,,0,0,low_engagement
2156,cautious,paid_search,0.0,0,,0,0,low_engagement
2157,aggressive,paid_search,0.0,0,,0,0,cash_rich_noninvestor
2158,aggressive,social,0.0,0,,0,0,low_engagement
2159,balanced,paid_search,0.0,0,,0,0,low_engagement
2160,aggressive,paid_search,0.0,0,,0,0,low_engagement
2161,cautious,bank_partner,0.0,0,,0,0,low_engagement
2162,aggressive,social,0.0,0,,0,0,low_engagement
2164,balanced,social,0.0,0,,0,0,cash_rich_noninvestor
2165,cautious,referral,0.0,0,,0,0,cash_rich_noninvestor
2166,cautious,social,0.0,0,,0,0,low_engagement
2167,cautious,paid_search,0.0,0,,0,0,low_engagement
2168,cautious,organic,0.0,0,,0,0,cash_rich_noninvestor
2169,balanced,paid_search,0.0,0,,0,0,low_engagement
2170,cautious,bank_partner,0.0,0,,0,0,low_engagement
2171,balanced,referral,0.0,0,,0,0,low_engagement
2172,balanced,bank_partner,0.0,0,,0,0,low_engagement
2175,aggressive,organic,0.0,0,,0,0,low_engagement
2176,cautious,organic,0.0,0,,0,0,low_engagement
2177,cautious,social,0.0,0,,0,0,low_engagement
2178,cautious,organic,0.0,0,,0,0,low_engagement
2179,balanced,social,0.0,0,,0,0,low_engagement
2180,cautious,organic,0.0,0,,0,0,low_engagement
2181,aggressive,organic,0.0,0,,0,0,cash_rich_noninvestor
2182,cautious,referral,0.0,0,,0,0,low_engagement
2183,balanced,paid_search,0.0,0,,0,0,low_engagement
2184,balanced,paid_search,0.0,0,,0,0,low_engagement
2185,balanced,organic,0.0,0,,0,0,cash_rich_noninvestor
2186,cautious,organic,0.0,0,,0,0,low_engagement
2187,balanced,referral,0.0,0,,0,0,cash_rich_noninvestor
2188,cautious,paid_search,0.0,0,,0,0,low_engagement
2189,aggressive,paid_search,0.0,0,,0,0,cash_rich_noninvestor
2190,balanced,organic,0.0,0,,0,0,low_engagement
2191,cautious,social,0.0,0,,0,0,low_engagement
2192,cautious,paid_search,0.0,0,,0,0,low_engagement
2193,aggressive,social,0.0,0,,0,0,low_engagement
2194,cautious,bank_partner,0.0,0,,0,0,low_engagement
2195,balanced,organic,0.0,0,,0,0,low_engagement
2196,cautious,referral,0.0,0,,0,0,low_engagement
2197,cautious,referral,0.0,0,,0,0,low_engagement
2200,balanced,paid_search,0.0,0,,0,0,low_engagement
2201,balanced,social,0.0,0,,0,0,low_engagement
2202,aggressive,referral,0.0,0,,0,0,low_engagement
2203,balanced,bank_partner,0.0,0,,0,0,low_engagement
2204,aggressive,organic,0.0,0,,0,0,low_engagement
2205,balanced,social,0.0,0,,0,0,low_engagement
2206,balanced,referral,0.0,0,,0,0,cash_rich_noninvestor
2207,balanced,paid_search,0.0,0,,0,0,low_engagement
2208,aggressive,organic,0.0,0,,0,0,low_engagement
2209,cautious,paid_search,0.0,0,,0,0,cash_rich_noninvestor
2210,aggressive,organic,0.0,0,,0,0,cash_rich_noninvestor
2212,aggressive,social,0.0,0,,0,0,low_engagement
2213,aggressive,paid_search,0.0,0,,0,0,cash_rich_noninvestor
2214,cautious,paid_search,0.0,0,,0,0,low_engagement
2215,balanced,paid_search,0.0,0,,0,0,cash_rich_noninvestor
2218,aggressive,social,0.0,0,,0,0,low_engagement
2219,balanced,organic,0.0,0,,0,0,low_engagement
2221,balanced,referral,0.0,0,,0,0,low_engagement
2224,balanced,organic,0.0,0,,0,0,cash_rich_noninvestor
2225,cautious,organic,0.0,0,,0,0,low_engagement
2226,cautious,paid_search,0.0,0,,0,0,low_engagement
2227,balanced,organic,0.0,0,,0,0,cash_rich_noninvestor
2228,cautious,organic,0.0,0,,0,0,low_engagement
2229,cautious,paid_search,0.0,0,,0,0,cash_rich_noninvestor
2230,balanced,organic,0.0,0,,0,0,low_engagement
2231,balanced,organic,0.0,0,,0,0,low_engagement
2232,balanced,referral,0.0,0,,0,0,low_engagement
2233,balanced,organic,0.0,0,,0,0,cash_rich_noninvestor
2234,aggressive,bank_partner,0.0,0,,0,0,low_engagement
2235,cautious,organic,0.0,0,,0,0,cash_rich_noninvestor
2236,cautious,social,0.0,0,,0,0,low_engagement
2237,cautious,organic,0.0,0,,0,0,low_engagement
2238,cautious,organic,0.0,0,,0,0,low_engagement
2239,balanced,bank_partner,0.0,0,,0,0,low_engagement
2240,balanced,organic,0.0,0,,0,0,cash_rich_noninvestor
2241,balanced,organic,0.0,0,,0,0,low_engagement
2242,cautious,organic,0.0,0,,0,0,low_engagement
2243,balanced,paid_search,0.0,0,,0,0,low_engagement
2244,cautious,paid_search,0.0,0,,0,0,low_engagement
2245,balanced,paid_search,0.0,0,,0,0,cash_rich_noninvestor
2246,aggressive,organic,0.0,0,,0,0,low_engagement
2247,balanced,organic,0.0,0,,0,0,cash_rich_noninvestor
2248,cautious,bank_partner,0.0,0,,0,0,low_engagement
2249,cautious,social,0.0,0,,0,0,low_engagement
2250,balanced,referral,0.0,0,,0,0,low_engagement
2251,balanced,organic,0.0,0,,0,0,low_engagement
2252,balanced,social,0.0,0,,0,0,low_engagement
2255,cautious,paid_search,0.0,0,,0,0,low_engagement
2256,balanced,bank_partner,0.0,0,,0,0,low_engagement
2259,cautious,organic,0.0,0,,0,0,low_engagement
2260,balanced,bank_partner,0.0,0,,0,0,low_engagement
2262,balanced,organic,0.0,0,,0,0,low_engagement
2263,cautious,paid_search,0.0,0,,0,0,cash_rich_noninvestor
2264,cautious,organic,0.0,0,,0,0,low_engagement
2265,balanced,paid_search,0.0,0,,0,0,low_engagement
2266,balanced,organic,0.0,0,,0,0,low_engagement
2267,balanced,organic,0.0,0,,0,0,low_engagement
2268,balanced,referral,0.0,0,,0,0,low_engagement
2269,cautious,paid_search,0.0,0,,0,0,cash_rich_noninvestor
2270,cautious,organic,0.0,0,,0,0,low_engagement
2271,balanced,organic,0.0,0,,0,0,low_engagement
2272,balanced,bank_partner,0.0,0,,0,0,low_engagement
2273,balanced,bank_partner,0.0,0,,0,0,low_engagement
2274,cautious,organic,0.0,0,,0,0,cash_rich_noninvestor
2275,cautious,paid_search,0.0,0,,0,0,low_engagement
2276,cautious,social,0.0,0,,0,0,cash_rich_noninvestor
2277,cautious,organic,0.0,0,,0,0,cash_rich_noninvestor
2278,aggressive,bank_partner,0.0,0,,0,0,low_engagement
2279,cautious,bank_partner,0.0,0,,0,0,cash_rich_noninvestor
2280,balanced,organic,0.0,0,,0,0,cash_rich_noninvestor
2281,balanced,referral,0.0,0,,0,0,low_engagement
2282,cautious,paid_search,0.0,0,,0,0,cash_rich_noninvestor
2283,cautious,paid_search,0.0,0,,0,0,cash_rich_noninvestor
2284,balanced,paid_search,0.0,0,,0,0,low_engagement
2285,aggressive,social,0.0,0,,0,0,cash_rich_noninvestor
2286,aggressive,social,0.0,0,,0,0,cash_rich_noninvestor
2287,balanced,paid_search,0.0,0,,0,0,low_engagement
2288,balanced,paid_search,0.0,0,,0,0,low_engagement
2289,balanced,social,0.0,0,,0,0,low_engagement
2290,aggressive,organic,0.0,0,,0,0,cash_rich_noninvestor
2291,balanced,bank_partner,0.0,0,,0,0,low_engagement
2292,balanced,referral,0.0,0,,0,0,low_engagement
2293,balanced,organic,0.0,0,,0,0,low_engagement
2294,cautious,bank_partner,0.0,0,,0,0,low_engagement
2295,balanced,organic,0.0,0,,0,0,cash_rich_noninvestor
2296,cautious,paid_search,0.0,0,,0,0,low_engagement
2297,balanced,organic,0.0,0,,0,0,cash_rich_noninvestor
2298,balanced,paid_search,0.0,0,,0,0,low_engagement
2299,aggressive,paid_search,0.0,0,,0,0,low_engagement
2300,balanced,paid_search,0.0,0,,0,0,cash_rich_noninvestor
2301,cautious,social,0.0,0,,0,0,low_engagement
2302,cautious,organic,0.0,0,,0,0,cash_rich_noninvestor
2303,aggressive,bank_partner,0.0,0,,0,0,low_engagement
2304,balanced,organic,0.0,0,,0,0,cash_rich_noninvestor
2305,cautious,organic,0.0,0,,0,0,low_engagement
2306,aggressive,referral,0.0,0,,0,0,low_engagement
2307,cautious,organic,0.0,0,,0,0,low_engagement
2308,balanced,organic,0.0,0,,0,0,low_engagement
2310,cautious,social,0.0,0,,0,0,low_engagement
2311,aggressive,organic,0.0,0,,0,0,low_engagement
2312,balanced,social,0.0,0,,0,0,low_engagement
2313,aggressive,social,0.0,0,,0,0,low_engagement
2315,cautious,organic,0.0,0,,0,0,low_engagement
2316,aggressive,referral,0.0,0,,0,0,low_engagement
2317,cautious,organic,0.0,0,,0,0,low_engagement
2318,balanced,paid_search,0.0,0,,0,0,low_engagement
2319,balanced,paid_search,0.0,0,,0,0,low_engagement
2320,balanced,paid_search,0.0,0,,0,0,low_engagement
2322,aggressive,referral,0.0,0,,0,0,cash_rich_noninvestor
2323,balanced,bank_partner,0.0,0,,0,0,cash_rich_noninvestor
2324,balanced,bank_partner,0.0,0,,0,0,low_engagement
2325,balanced,bank_partner,0.0,0,,0,0,cash_rich_noninvestor
2328,cautious,bank_partner,0.0,0,,0,0,low_engagement
2329,balanced,bank_partner,0.0,0,,0,0,cash_rich_noninvestor
2330,balanced,organic,0.0,0,,0,0,low_engagement
2331,balanced,paid_search,0.0,0,,0,0,cash_rich_noninvestor
2333,cautious,paid_search,0.0,0,,0,0,cash_rich_noninvestor
2334,aggressive,paid_search,0.0,0,,0,0,low_engagement
2335,cautious,referral,0.0,0,,0,0,low_engagement
2336,cautious,paid_search,0.0,0,,0,0,low_engagement
2338,cautious,referral,0.0,0,,0,0,cash_rich_noninvestor
2339,balanced,social,0.0,0,,0,0,low_engagement
2340,balanced,organic,0.0,0,,0,0,low_engagement
2341,cautious,organic,0.0,0,,0,0,cash_rich_noninvestor
2342,balanced,social,0.0,0,,0,0,low_engagement
2344,cautious,social,0.0,0,,0,0,low_engagement
2345,balanced,paid_search,0.0,0,,0,0,low_engagement
2346,cautious,social,0.0,0,,0,0,low_engagement
2347,cautious,paid_search,0.0,0,,0,0,low_engagement
2348,balanced,paid_search,0.0,0,,0,0,cash_rich_noninvestor
2349,balanced,organic,0.0,0,,0,0,low_engagement
2350,aggressive,organic,0.0,0,,0,0,low_engagement
2351,cautious,paid_search,0.0,0,,0,0,cash_rich_noninvestor
2352,aggressive,referral,0.0,0,,0,0,low_engagement
2353,balanced,referral,0.0,0,,0,0,low_engagement
2354,cautious,bank_partner,0.0,0,,0,0,low_engagement
2355,balanced,organic,0.0,0,,0,0,low_engagement
2356,balanced,organic,0.0,0,,0,0,low_engagement
2357,balanced,bank_partner,0.0,0,,0,0,low_engagement
2358,cautious,referral,0.0,0,,0,0,low_engagement
2359,aggressive,bank_partner,0.0,0,,0,0,low_engagement
2360,balanced,social,0.0,0,,0,0,cash_rich_noninvestor
2361,cautious,paid_search,0.0,0,,0,0,cash_rich_noninvestor
2362,cautious,referral,0.0,0,,0,0,low_engagement
2363,balanced,paid_search,0.0,0,,0,0,low_engagement
2364,cautious,organic,0.0,0,,0,0,cash_rich_noninvestor
2365,cautious,referral,0.0,0,,0,0,cash_rich_noninvestor
2366,cautious,paid_search,0.0,0,,0,0,low_engagement
2367,cautious,bank_partner,0.0,0,,0,0,low_engagement
2368,aggressive,bank_partner,0.0,0,,0,0,low_engagement
2369,cautious,organic,0.0,0,,0,0,low_engagement
2370,balanced,social,0.0,0,,0,0,cash_rich_noninvestor
2371,aggressive,bank_partner,0.0,0,,0,0,low_engagement
2372,cautious,paid_search,0.0,0,,0,0,low_engagement
2373,cautious,paid_search,0.0,0,,0,0,low_engagement
2374,balanced,bank_partner,0.0,0,,0,0,cash_rich_noninvestor
2375,cautious,social,0.0,0,,0,0,low_engagement
2376,balanced,paid_search,0.0,0,,0,0,low_engagement
2378,balanced,paid_search,0.0,0,,0,0,low_engagement
2379,cautious,referral,0.0,0,,0,0,low_engagement
2380,cautious,social,0.0,0,,0,0,low_engagement
2381,balanced,organic,0.0,0,,0,0,low_engagement
2382,balanced,paid_search,0.0,0,,0,0,low_engagement
2383,cautious,referral,0.0,0,,0,0,low_engagement
2384,balanced,social,0.0,0,,0,0,low_engagement
2386,balanced,paid_search,0.0,0,,0,0,low_engagement
2387,balanced,referral,0.0,0,,0,0,cash_rich_noninvestor
2388,balanced,social,0.0,0,,0,0,low_engagement
2389,aggressive,organic,0.0,0,,0,0,low_engagement
2390,cautious,paid_search,0.0,0,,0,0,cash_rich_noninvestor
2391,cautious,social,0.0,0,,0,0,low_engagement
2392,cautious,social,0.0,0,,0,0,low_engagement
2393,balanced,referral,0.0,0,,0,0,low_engagement
2394,balanced,organic,0.0,0,,0,0,low_engagement
2395,balanced,bank_partner,0.0,0,,0,0,low_engagement
2396,balanced,organic,0.0,0,,0,0,low_engagement
2397,balanced,organic,0.0,0,,0,0,low_engagement
2398,balanced,social,0.0,0,,0,0,low_engagement
2399,balanced,organic,0.0,0,,0,0,low_engagement
2400,aggressive,paid_search,0.0,0,,0,0,low_engagement
2401,aggressive,bank_partner,0.0,0,,0,0,low_engagement
2402,cautious,paid_search,0.0,0,,0,0,low_engagement
2403,cautious,social,0.0,0,,0,0,low_engagement
2404,balanced,social,0.0,0,,0,0,low_engagement
2405,balanced,social,0.0,0,,0,0,low_engagement
2406,balanced,organic,0.0,0,,0,0,low_engagement
2407,balanced,paid_search,0.0,0,,0,0,low_engagement
2408,balanced,bank_partner,0.0,0,,0,0,low_engagement
2409,balanced,social,0.0,0,,0,0,low_engagement
2410,balanced,referral,0.0,0,,0,0,cash_rich_noninvestor
2411,aggressive,bank_partner,0.0,0,,0,0,low_engagement
2412,balanced,paid_search,0.0,0,,0,0,cash_rich_noninvestor
2413,balanced,organic,0.0,0,,0,0,low_engagement
2414,aggressive,referral,0.0,0,,0,0,low_engagement
2415,balanced,bank_partner,0.0,0,,0,0,cash_rich_noninvestor
2416,cautious,social,0.0,0,,0,0,cash_rich_noninvestor
2418,cautious,organic,0.0,0,,0,0,cash_rich_noninvestor
2419,cautious,referral,0.0,0,,0,0,low_engagement
2420,balanced,social,0.0,0,,0,0,cash_rich_noninvestor
2421,balanced,paid_search,0.0,0,,0,0,low_engagement
2422,balanced,organic,0.0,0,,0,0,low_engagement
2424,cautious,social,0.0,0,,0,0,cash_rich_noninvestor
2427,balanced,paid_search,0.0,0,,0,0,low_engagement
2428,cautious,organic,0.0,0,,0,0,low_engagement
2429,cautious,organic,0.0,0,,0,0,low_engagement
2430,aggressive,paid_search,0.0,0,,0,0,cash_rich_noninvestor
2431,cautious,organic,0.0,0,,0,0,low_engagement
2434,balanced,organic,0.0,0,,0,0,low_engagement
2435,cautious,social,0.0,0,,0,0,low_engagement
2436,cautious,organic,0.0,0,,0,0,low_engagement
2437,cautious,paid_search,0.0,0,,0,0,cash_rich_noninvestor
2438,balanced,organic,0.0,0,,0,0,cash_rich_noninvestor
2439,aggressive,organic,0.0,0,,0,0,low_engagement
2440,balanced,organic,0.0,0,,0,0,cash_rich_noninvestor
2441,balanced,social,0.0,0,,0,0,low_engagement
2442,cautious,referral,0.0,0,,0,0,low_engagement
2443,cautious,organic,0.0,0,,0,0,low_engagement
2444,cautious,organic,0.0,0,,0,0,low_engagement
2445,balanced,referral,0.0,0,,0,0,cash_rich_noninvestor
2446,aggressive,social,0.0,0,,0,0,low_engagement
2447,cautious,organic,0.0,0,,0,0,cash_rich_noninvestor
2448,balanced,referral,0.0,0,,0,0,low_engagement
2449,cautious,bank_partner,0.0,0,,0,0,low_engagement
2450,aggressive,social,0.0,0,,0,0,low_engagement
2451,cautious,organic,0.0,0,,0,0,low_engagement
2452,balanced,referral,0.0,0,,0,0,cash_rich_noninvestor
2453,cautious,bank_partner,0.0,0,,0,0,low_engagement
2454,cautious,paid_search,0.0,0,,0,0,low_engagement
2455,cautious,paid_search,0.0,0,,0,0,low_engagement
2456,cautious,organic,0.0,0,,0,0,low_engagement
2457,cautious,paid_search,0.0,0,,0,0,low_engagement
2458,cautious,paid_search,0.0,0,,0,0,low_engagement
2459,balanced,referral,0.0,0,,0,0,low_engagement
2460,cautious,organic,0.0,0,,0,0,low_engagement
2461,balanced,social,0.0,0,,0,0,low_engagement
2462,aggressive,organic,0.0,0,,0,0,cash_rich_noninvestor
2464,aggressive,organic,0.0,0,,0,0,low_engagement
2465,balanced,organic,0.0,0,,0,0,low_engagement
2466,cautious,organic,0.0,0,,0,0,low_engagement
2467,aggressive,paid_search,0.0,0,,0,0,cash_rich_noninvestor
2469,balanced,social,0.0,0,,0,0,cash_rich_noninvestor
2470,balanced,organic,0.0,0,,0,0,low_engagement
2471,cautious,organic,0.0,0,,0,0,low_engagement
2472,balanced,organic,0.0,0,,0,0,low_engagement
2473,balanced,social,0.0,0,,0,0,low_engagement
2474,cautious,bank_partner,0.0,0,,0,0,cash_rich_noninvestor
2475,aggressive,social,0.0,0,,0,0,low_engagement
2476,balanced,organic,0.0,0,,0,0,cash_rich_noninvestor
2477,balanced,bank_partner,0.0,0,,0,0,low_engagement
2478,balanced,organic,0.0,0,,0,0,cash_rich_noninvestor
2479,balanced,social,0.0,0,,0,0,cash_rich_noninvestor
2480,cautious,social,0.0,0,,0,0,low_engagement
2481,cautious,organic,0.0,0,,0,0,low_engagement
2482,cautious,referral,0.0,0,,0,0,cash_rich_noninvestor
2483,cautious,bank_partner,0.0,0,,0,0,low_engagement
2484,balanced,paid_search,0.0,0,,0,0,low_engagement
2485,cautious,social,0.0,0,,0,0,low_engagement
2486,cautious,paid_search,0.0,0,,0,0,cash_rich_noninvestor
2487,cautious,paid_search,0.0,0,,0,0,cash_rich_noninvestor
2488,balanced,paid_search,0.0,0,,0,0,low_engagement
2489,cautious,organic,0.0,0,,0,0,low_engagement
2491,cautious,paid_search,0.0,0,,0,0,low_engagement
2492,cautious,organic,0.0,0,,0,0,low_engagement
2493,balanced,social,0.0,0,,0,0,low_engagement
2494,cautious,organic,0.0,0,,0,0,low_engagement
2497,cautious,social,0.0,0,,0,0,low_engagement
2498,cautious,organic,0.0,0,,0,0,low_engagement
2499,cautious,organic,0.0,0,,0,0,cash_rich_noninvestor
2500,balanced,paid_search,0.0,0,,0,0,low_engagement
2501,balanced,bank_partner,0.0,0,,0,0,low_engagement
2502,balanced,organic,0.0,0,,0,0,low_engagement
2503,cautious,organic,0.0,0,,0,0,low_engagement
2504,cautious,bank_partner,0.0,0,,0,0,low_engagement
2505,balanced,organic,0.0,0,,0,0,low_engagement
2506,aggressive,referral,0.0,0,,0,0,low_engagement
2507,cautious,organic,0.0,0,,0,0,low_engagement
2508,balanced,paid_search,0.0,0,,0,0,low_engagement
2510,balanced,organic,0.0,0,,0,0,low_engagement
2511,aggressive,paid_search,0.0,0,,0,0,low_engagement
2512,balanced,organic,0.0,0,,0,0,low_engagement
2513,cautious,social,0.0,0,,0,0,cash_rich_noninvestor
2514,cautious,organic,0.0,0,,0,0,low_engagement
2517,balanced,bank_partner,0.0,0,,0,0,low_engagement
2518,balanced,organic,0.0,0,,0,0,low_engagement
2519,balanced,social,0.0,0,,0,0,low_engagement
2520,balanced,referral,0.0,0,,0,0,low_engagement
2521,cautious,referral,0.0,0,,0,0,low_engagement
2522,cautious,referral,0.0,0,,0,0,low_engagement
2523,cautious,paid_search,0.0,0,,0,0,low_engagement
2524,balanced,referral,0.0,0,,0,0,low_engagement
2525,cautious,bank_partner,0.0,0,,0,0,low_engagement
2526,cautious,paid_search,0.0,0,,0,0,low_engagement
2527,aggressive,paid_search,0.0,0,,0,0,cash_rich_noninvestor
2528,balanced,social,0.0,0,,0,0,low_engagement
2529,aggressive,paid_search,0.0,0,,0,0,low_engagement
2530,cautious,organic,0.0,0,,0,0,low_engagement
2531,cautious,social,0.0,0,,0,0,cash_rich_noninvestor
2532,cautious,paid_search,0.0,0,,0,0,low_engagement
2533,balanced,referral,0.0,0,,0,0,cash_rich_noninvestor
2535,cautious,social,0.0,0,,0,0,cash_rich_noninvestor
2536,balanced,organic,0.0,0,,0,0,cash_rich_noninvestor
2537,balanced,organic,0.0,0,,0,0,low_engagement
2538,cautious,paid_search,0.0,0,,0,0,low_engagement
2539,balanced,social,0.0,0,,0,0,low_engagement
2541,cautious,organic,0.0,0,,0,0,low_engagement
2542,balanced,referral,0.0,0,,0,0,low_engagement
2543,cautious,social,0.0,0,,0,0,low_engagement
2544,cautious,social,0.0,0,,0,0,low_engagement
2545,cautious,social,0.0,0,,0,0,low_engagement
2546,cautious,paid_search,0.0,0,,0,0,low_engagement
2548,balanced,referral,0.0,0,,0,0,low_engagement
2549,cautious,social,0.0,0,,0,0,low_engagement
2550,balanced,organic,0.0,0,,0,0,low_engagement
2551,balanced,organic,0.0,0,,0,0,cash_rich_noninvestor
2552,cautious,organic,0.0,0,,0,0,low_engagement
2555,balanced,paid_search,0.0,0,,0,0,low_engagement
2556,cautious,bank_partner,0.0,0,,0,0,low_engagement
2557,cautious,referral,0.0,0,,0,0,low_engagement
2559,balanced,social,0.0,0,,0,0,cash_rich_noninvestor
2561,cautious,organic,0.0,0,,0,0,low_engagement
2562,balanced,paid_search,0.0,0,,0,0,cash_rich_noninvestor
2563,balanced,referral,0.0,0,,0,0,cash_rich_noninvestor
2564,cautious,paid_search,0.0,0,,0,0,low_engagement
2565,balanced,paid_search,0.0,0,,0,0,cash_rich_noninvestor
2566,balanced,bank_partner,0.0,0,,0,0,low_engagement
2567,aggressive,referral,0.0,0,,0,0,low_engagement
2568,cautious,paid_search,0.0,0,,0,0,cash_rich_noninvestor
2569,cautious,social,0.0,0,,0,0,low_engagement
2570,cautious,referral,0.0,0,,0,0,cash_rich_noninvestor
2572,cautious,organic,0.0,0,,0,0,low_engagement
2573,cautious,bank_partner,0.0,0,,0,0,cash_rich_noninvestor
2574,balanced,bank_partner,0.0,0,,0,0,low_engagement
2575,aggressive,referral,0.0,0,,0,0,low_engagement
2576,cautious,bank_partner,0.0,0,,0,0,low_engagement
2577,cautious,organic,0.0,0,,0,0,cash_rich_noninvestor
2579,cautious,referral,0.0,0,,0,0,low_engagement
2580,balanced,social,0.0,0,,0,0,low_engagement
2582,aggressive,paid_search,0.0,0,,0,0,low_engagement
2583,cautious,paid_search,0.0,0,,0,0,low_engagement
2584,aggressive,paid_search,0.0,0,,0,0,low_engagement
2585,cautious,bank_partner,0.0,0,,0,0,low_engagement
2586,balanced,referral,0.0,0,,0,0,cash_rich_noninvestor
2587,aggressive,organic,0.0,0,,0,0,low_engagement
2588,balanced,referral,0.0,0,,0,0,cash_rich_noninvestor
2589,cautious,organic,0.0,0,,0,0,low_engagement
2590,aggressive,social,0.0,0,,0,0,low_engagement
2592,cautious,paid_search,0.0,0,,0,0,low_engagement
2593,balanced,organic,0.0,0,,0,0,low_engagement
2594,balanced,paid_search,0.0,0,,0,0,low_engagement
2596,cautious,organic,0.0,0,,0,0,low_engagement
2597,aggressive,referral,0.0,0,,0,0,low_engagement
2598,balanced,social,0.0,0,,0,0,low_engagement
2600,balanced,organic,0.0,0,,0,0,low_engagement
2601,cautious,paid_search,0.0,0,,0,0,low_engagement
2602,aggressive,organic,0.0,0,,0,0,low_engagement
2603,aggressive,bank_partner,0.0,0,,0,0,low_engagement
2604,cautious,social,0.0,0,,0,0,low_engagement
2605,cautious,organic,0.0,0,,0,0,low_engagement
2606,aggressive,paid_search,0.0,0,,0,0,low_engagement
2608,balanced,referral,0.0,0,,0,0,low_engagement
2609,cautious,referral,0.0,0,,0,0,low_engagement
2610,cautious,organic,0.0,0,,0,0,low_engagement
2611,balanced,social,0.0,0,,0,0,low_engagement
2612,cautious,paid_search,0.0,0,,0,0,low_engagement
2613,cautious,paid_search,0.0,0,,0,0,low_engagement
2614,aggressive,organic,0.0,0,,0,0,cash_rich_noninvestor
2615,cautious,bank_partner,0.0,0,,0,0,low_engagement
2616,cautious,paid_search,0.0,0,,0,0,low_engagement
2617,balanced,organic,0.0,0,,0,0,low_engagement
2618,aggressive,paid_search,0.0,0,,0,0,low_engagement
2619,aggressive,bank_partner,0.0,0,,0,0,low_engagement
2620,aggressive,paid_search,0.0,0,,0,0,low_engagement
2621,cautious,organic,0.0,0,,0,0,low_engagement
2623,aggressive,referral,0.0,0,,0,0,low_engagement
2624,cautious,organic,0.0,0,,0,0,cash_rich_noninvestor
2625,balanced,referral,0.0,0,,0,0,low_engagement
2626,cautious,bank_partner,0.0,0,,0,0,low_engagement
2628,balanced,social,0.0,0,,0,0,low_engagement
2629,cautious,organic,0.0,0,,0,0,low_engagement
2630,balanced,paid_search,0.0,0,,0,0,low_engagement
2632,balanced,organic,0.0,0,,0,0,low_engagement
2633,balanced,social,0.0,0,,0,0,low_engagement
2634,balanced,paid_search,0.0,0,,0,0,low_engagement
2635,aggressive,bank_partner,0.0,0,,0,0,low_engagement
2637,balanced,social,0.0,0,,0,0,low_engagement
2638,cautious,bank_partner,0.0,0,,0,0,low_engagement
2639,cautious,paid_search,0.0,0,,0,0,low_engagement
2640,cautious,bank_partner,0.0,0,,0,0,cash_rich_noninvestor
2641,balanced,referral,0.0,0,,0,0,cash_rich_noninvestor
2642,cautious,paid_search,0.0,0,,0,0,low_engagement
2643,cautious,paid_search,0.0,0,,0,0,low_engagement
2645,aggressive,organic,0.0,0,,0,0,low_engagement
2646,balanced,paid_search,0.0,0,,0,0,low_engagement
2647,balanced,bank_partner,0.0,0,,0,0,cash_rich_noninvestor
2648,balanced,organic,0.0,0,,0,0,low_engagement
2649,balanced,social,0.0,0,,0,0,low_engagement
2650,balanced,organic,0.0,0,,0,0,low_engagement
2651,aggressive,social,0.0,0,,0,0,cash_rich_noninvestor
2652,aggressive,organic,0.0,0,,0,0,cash_rich_noninvestor
2653,balanced,referral,0.0,0,,0,0,low_engagement
2654,balanced,paid_search,0.0,0,,0,0,low_engagement
2655,cautious,organic,0.0,0,,0,0,low_engagement
2656,cautious,referral,0.0,0,,0,0,cash_rich_noninvestor
2657,aggressive,bank_partner,0.0,0,,0,0,low_engagement
2658,cautious,referral,0.0,0,,0,0,low_engagement
2659,cautious,paid_search,0.0,0,,0,0,low_engagement
2660,balanced,social,0.0,0,,0,0,cash_rich_noninvestor
2661,balanced,paid_search,0.0,0,,0,0,low_engagement
2662,cautious,referral,0.0,0,,0,0,low_engagement
2663,cautious,social,0.0,0,,0,0,low_engagement
2664,cautious,organic,0.0,0,,0,0,low_engagement
2665,balanced,paid_search,0.0,0,,0,0,low_engagement
2666,cautious,paid_search,0.0,0,,0,0,low_engagement
2667,balanced,paid_search,0.0,0,,0,0,cash_rich_noninvestor
2668,cautious,referral,0.0,0,,0,0,low_engagement
2670,cautious,organic,0.0,0,,0,0,low_engagement
2671,balanced,paid_search,0.0,0,,0,0,low_engagement
2674,aggressive,referral,0.0,0,,0,0,cash_rich_noninvestor
2676,balanced,organic,0.0,0,,0,0,low_engagement
2677,cautious,paid_search,0.0,0,,0,0,low_engagement
2678,cautious,paid_search,0.0,0,,0,0,low_engagement
2679,aggressive,organic,0.0,0,,0,0,low_engagement
2681,balanced,paid_search,0.0,0,,0,0,cash_rich_noninvestor
2683,cautious,paid_search,0.0,0,,0,0,low_engagement
2685,balanced,organic,0.0,0,,0,0,low_engagement
2686,balanced,bank_partner,0.0,0,,0,0,cash_rich_noninvestor
2687,balanced,social,0.0,0,,0,0,low_engagement
2688,cautious,paid_search,0.0,0,,0,0,low_engagement
2690,aggressive,paid_search,0.0,0,,0,0,cash_rich_noninvestor
2691,balanced,paid_search,0.0,0,,0,0,low_engagement
2692,cautious,referral,0.0,0,,0,0,cash_rich_noninvestor
2693,aggressive,referral,0.0,0,,0,0,low_engagement
2694,aggressive,referral,0.0,0,,0,0,low_engagement
2695,cautious,referral,0.0,0,,0,0,low_engagement
2696,balanced,social,0.0,0,,0,0,low_engagement
2697,balanced,organic,0.0,0,,0,0,low_engagement
2698,cautious,social,0.0,0,,0,0,low_engagement
2699,balanced,paid_search,0.0,0,,0,0,low_engagement
2700,cautious,referral,0.0,0,,0,0,low_engagement
2701,cautious,bank_partner,0.0,0,,0,0,low_engagement
2702,cautious,bank_partner,0.0,0,,0,0,cash_rich_noninvestor
2704,aggressive,organic,0.0,0,,0,0,low_engagement
2705,cautious,referral,0.0,0,,0,0,cash_rich_noninvestor
2706,balanced,social,0.0,0,,0,0,low_engagement
2707,aggressive,referral,0.0,0,,0,0,low_engagement
2708,balanced,social,0.0,0,,0,0,low_engagement
2709,balanced,paid_search,0.0,0,,0,0,low_engagement
2712,balanced,social,0.0,0,,0,0,low_engagement
2713,balanced,paid_search,0.0,0,,0,0,low_engagement
2714,cautious,organic,0.0,0,,0,0,low_engagement
2715,cautious,social,0.0,0,,0,0,low_engagement
2716,cautious,referral,0.0,0,,0,0,low_engagement
2717,cautious,paid_search,0.0,0,,0,0,low_engagement
2718,aggressive,social,0.0,0,,0,0,cash_rich_noninvestor
2719,cautious,bank_partner,0.0,0,,0,0,cash_rich_noninvestor
2720,cautious,bank_partner,0.0,0,,0,0,low_engagement
2721,cautious,social,0.0,0,,0,0,cash_rich_noninvestor
2722,aggressive,paid_search,0.0,0,,0,0,low_engagement
2723,cautious,paid_search,0.0,0,,0,0,cash_rich_noninvestor
2724,balanced,paid_search,0.0,0,,0,0,low_engagement
2725,balanced,organic,0.0,0,,0,0,low_engagement
2726,balanced,paid_search,0.0,0,,0,0,low_engagement
2729,aggressive,organic,0.0,0,,0,0,low_engagement
2730,balanced,referral,0.0,0,,0,0,low_engagement
2731,aggressive,organic,0.0,0,,0,0,cash_rich_noninvestor
2733,aggressive,referral,0.0,0,,0,0,low_engagement
2734,balanced,paid_search,0.0,0,,0,0,low_engagement
2735,cautious,social,0.0,0,,0,0,low_engagement
2737,balanced,social,0.0,0,,0,0,low_engagement
2738,aggressive,social,0.0,0,,0,0,cash_rich_noninvestor
2739,balanced,organic,0.0,0,,0,0,low_engagement
2740,balanced,organic,0.0,0,,0,0,cash_rich_noninvestor
2741,balanced,social,0.0,0,,0,0,low_engagement
2742,cautious,referral,0.0,0,,0,0,low_engagement
2743,balanced,organic,0.0,0,,0,0,low_engagement
2744,cautious,organic,0.0,0,,0,0,low_engagement
2745,cautious,organic,0.0,0,,0,0,cash_rich_noninvestor
2746,balanced,social,0.0,0,,0,0,low_engagement
2747,aggressive,organic,0.0,0,,0,0,low_engagement
2748,balanced,social,0.0,0,,0,0,low_engagement
2749,balanced,social,0.0,0,,0,0,low_engagement
2750,aggressive,paid_search,0.0,0,,0,0,cash_rich_noninvestor
2751,balanced,paid_search,0.0,0,,0,0,low_engagement
2753,balanced,referral,0.0,0,,0,0,low_engagement
2754,aggressive,social,0.0,0,,0,0,low_engagement
2756,cautious,organic,0.0,0,,0,0,low_engagement
2757,cautious,social,0.0,0,,0,0,low_engagement
2758,balanced,organic,0.0,0,,0,0,low_engagement
2759,balanced,social,0.0,0,,0,0,cash_rich_noninvestor
2760,cautious,organic,0.0,0,,0,0,low_engagement
2761,balanced,social,0.0,0,,0,0,low_engagement
2762,aggressive,paid_search,0.0,0,,0,0,low_engagement
2763,cautious,organic,0.0,0,,0,0,low_engagement
2764,cautious,social,0.0,0,,0,0,cash_rich_noninvestor
2765,cautious,referral,0.0,0,,0,0,cash_rich_noninvestor
2766,aggressive,paid_search,0.0,0,,0,0,cash_rich_noninvestor
2767,balanced,paid_search,0.0,0,,0,0,low_engagement
2768,balanced,organic,0.0,0,,0,0,low_engagement
2769,aggressive,bank_partner,0.0,0,,0,0,cash_rich_noninvestor
2770,cautious,bank_partner,0.0,0,,0,0,low_engagement
2771,aggressive,organic,0.0,0,,0,0,low_engagement
2773,cautious,paid_search,0.0,0,,0,0,low_engagement
2774,cautious,referral,0.0,0,,0,0,low_engagement
2775,cautious,organic,0.0,0,,0,0,cash_rich_noninvestor
2777,aggressive,organic,0.0,0,,0,0,cash_rich_noninvestor
2778,balanced,organic,0.0,0,,0,0,low_engagement
2779,aggressive,organic,0.0,0,,0,0,cash_rich_noninvestor
2780,aggressive,paid_search,0.0,0,,0,0,low_engagement
2781,balanced,paid_search,0.0,0,,0,0,low_engagement
2782,aggressive,organic,0.0,0,,0,0,low_engagement
2783,cautious,paid_search,0.0,0,,0,0,low_engagement
2784,balanced,bank_partner,0.0,0,,0,0,low_engagement
2785,balanced,social,0.0,0,,0,0,low_engagement
2786,balanced,paid_search,0.0,0,,0,0,low_engagement
2787,aggressive,organic,0.0,0,,0,0,low_engagement
2788,balanced,referral,0.0,0,,0,0,low_engagement
2789,cautious,organic,0.0,0,,0,0,low_engagement
2791,cautious,referral,0.0,0,,0,0,low_engagement
2792,cautious,social,0.0,0,,0,0,low_engagement
2793,balanced,social,0.0,0,,0,0,low_engagement
2794,balanced,organic,0.0,0,,0,0,low_engagement
2795,cautious,social,0.0,0,,0,0,low_engagement
2796,aggressive,paid_search,0.0,0,,0,0,low_engagement
2797,balanced,organic,0.0,0,,0,0,cash_rich_noninvestor
2798,aggressive,social,0.0,0,,0,0,low_engagement
2799,balanced,bank_partner,0.0,0,,0,0,low_engagement
2800,cautious,paid_search,0.0,0,,0,0,cash_rich_noninvestor
2802,cautious,organic,0.0,0,,0,0,low_engagement
2804,cautious,paid_search,0.0,0,,0,0,cash_rich_noninvestor
2805,cautious,organic,0.0,0,,0,0,cash_rich_noninvestor
2806,balanced,paid_search,0.0,0,,0,0,low_engagement
2807,balanced,referral,0.0,0,,0,0,cash_rich_noninvestor
2808,cautious,bank_partner,0.0,0,,0,0,low_engagement
2809,balanced,bank_partner,0.0,0,,0,0,cash_rich_noninvestor
2810,balanced,organic,0.0,0,,0,0,low_engagement
2811,cautious,organic,0.0,0,,0,0,low_engagement
2812,balanced,paid_search,0.0,0,,0,0,low_engagement
2813,balanced,bank_partner,0.0,0,,0,0,cash_rich_noninvestor
2814,cautious,paid_search,0.0,0,,0,0,low_engagement
2815,cautious,bank_partner,0.0,0,,0,0,low_engagement
2816,balanced,organic,0.0,0,,0,0,low_engagement
2817,cautious,organic,0.0,0,,0,0,low_engagement
2818,balanced,referral,0.0,0,,0,0,cash_rich_noninvestor
2819,cautious,referral,0.0,0,,0,0,low_engagement
2820,aggressive,organic,0.0,0,,0,0,low_engagement
2822,balanced,paid_search,0.0,0,,0,0,low_engagement
2823,cautious,bank_partner,0.0,0,,0,0,low_engagement
2824,cautious,organic,0.0,0,,0,0,low_engagement
2825,balanced,social,0.0,0,,0,0,low_engagement
2826,balanced,paid_search,0.0,0,,0,0,low_engagement
2827,aggressive,social,0.0,0,,0,0,low_engagement
2828,aggressive,organic,0.0,0,,0,0,low_engagement
2829,balanced,referral,0.0,0,,0,0,low_engagement
2830,cautious,paid_search,0.0,0,,0,0,cash_rich_noninvestor
2831,aggressive,organic,0.0,0,,0,0,low_engagement
2833,balanced,organic,0.0,0,,0,0,low_engagement
2834,aggressive,social,0.0,0,,0,0,low_engagement
2835,balanced,organic,0.0,0,,0,0,cash_rich_noninvestor
2836,balanced,paid_search,0.0,0,,0,0,low_engagement
2837,cautious,bank_partner,0.0,0,,0,0,low_engagement
2838,cautious,organic,0.0,0,,0,0,low_engagement
2839,balanced,organic,0.0,0,,0,0,low_engagement
2840,cautious,social,0.0,0,,0,0,low_engagement
2841,balanced,social,0.0,0,,0,0,low_engagement
2842,aggressive,bank_partner,0.0,0,,0,0,low_engagement
2843,aggressive,referral,0.0,0,,0,0,cash_rich_noninvestor
2844,balanced,referral,0.0,0,,0,0,low_engagement
2845,balanced,organic,0.0,0,,0,0,low_engagement
2847,balanced,paid_search,0.0,0,,0,0,cash_rich_noninvestor
2848,aggressive,paid_search,0.0,0,,0,0,cash_rich_noninvestor
2849,balanced,organic,0.0,0,,0,0,low_engagement
2850,cautious,social,0.0,0,,0,0,low_engagement
2851,balanced,social,0.0,0,,0,0,low_engagement
2852,aggressive,organic,0.0,0,,0,0,low_engagement
2853,cautious,bank_partner,0.0,0,,0,0,cash_rich_noninvestor
2854,cautious,organic,0.0,0,,0,0,low_engagement
2855,cautious,social,0.0,0,,0,0,low_engagement
2856,aggressive,paid_search,0.0,0,,0,0,low_engagement
2857,balanced,organic,0.0,0,,0,0,cash_rich_noninvestor
2858,balanced,organic,0.0,0,,0,0,low_engagement
2859,balanced,paid_search,0.0,0,,0,0,cash_rich_noninvestor
2860,cautious,organic,0.0,0,,0,0,low_engagement
2861,balanced,bank_partner,0.0,0,,0,0,low_engagement
2863,cautious,bank_partner,0.0,0,,0,0,cash_rich_noninvestor
2864,balanced,social,0.0,0,,0,0,low_engagement
2865,balanced,referral,0.0,0,,0,0,cash_rich_noninvestor
2866,aggressive,organic,0.0,0,,0,0,cash_rich_noninvestor
2867,aggressive,social,0.0,0,,0,0,low_engagement
2868,balanced,social,0.0,0,,0,0,low_engagement
2869,balanced,organic,0.0,0,,0,0,low_engagement
2870,balanced,referral,0.0,0,,0,0,cash_rich_noninvestor
2871,cautious,referral,0.0,0,,0,0,low_engagement
2872,balanced,bank_partner,0.0,0,,0,0,low_engagement
2873,cautious,paid_search,0.0,0,,0,0,low_engagement
2874,balanced,paid_search,0.0,0,,0,0,cash_rich_noninvestor
2875,balanced,bank_partner,0.0,0,,0,0,cash_rich_noninvestor
2877,balanced,social,0.0,0,,0,0,low_engagement
2878,balanced,bank_partner,0.0,0,,0,0,low_engagement
2879,balanced,organic,0.0,0,,0,0,low_engagement
2880,cautious,social,0.0,0,,0,0,low_engagement
2881,balanced,bank_partner,0.0,0,,0,0,low_engagement
2882,balanced,referral,0.0,0,,0,0,low_engagement
2883,cautious,social,0.0,0,,0,0,low_engagement
2884,balanced,social,0.0,0,,0,0,low_engagement
2885,balanced,paid_search,0.0,0,,0,0,low_engagement
2886,cautious,organic,0.0,0,,0,0,low_engagement
2887,cautious,paid_search,0.0,0,,0,0,low_engagement
2888,cautious,bank_partner,0.0,0,,0,0,low_engagement
2889,cautious,bank_partner,0.0,0,,0,0,low_engagement
2890,cautious,paid_search,0.0,0,,0,0,low_engagement
2891,balanced,paid_search,0.0,0,,0,0,low_engagement
2893,balanced,organic,0.0,0,,0,0,low_engagement
2894,cautious,bank_partner,0.0,0,,0,0,low_engagement
2895,balanced,organic,0.0,0,,0,0,cash_rich_noninvestor
2896,balanced,referral,0.0,0,,0,0,low_engagement
2897,balanced,social,0.0,0,,0,0,low_engagement
2898,balanced,organic,0.0,0,,0,0,low_engagement
2899,cautious,organic,0.0,0,,0,0,low_engagement
2900,balanced,paid_search,0.0,0,,0,0,cash_rich_noninvestor
2901,aggressive,social,0.0,0,,0,0,cash_rich_noninvestor
2902,cautious,referral,0.0,0,,0,0,low_engagement
2904,balanced,bank_partner,0.0,0,,0,0,low_engagement
2905,cautious,bank_partner,0.0,0,,0,0,low_engagement
2906,balanced,bank_partner,0.0,0,,0,0,cash_rich_noninvestor
2907,cautious,referral,0.0,0,,0,0,low_engagement
2908,balanced,bank_partner,0.0,0,,0,0,low_engagement
2909,aggressive,organic,0.0,0,,0,0,low_engagement
2910,balanced,organic,0.0,0,,0,0,low_engagement
2912,balanced,bank_partner,0.0,0,,0,0,low_engagement
2913,balanced,social,0.0,0,,0,0,low_engagement
2914,aggressive,organic,0.0,0,,0,0,low_engagement
2915,cautious,organic,0.0,0,,0,0,low_engagement
2916,aggressive,bank_partner,0.0,0,,0,0,cash_rich_noninvestor
2917,balanced,paid_search,0.0,0,,0,0,low_engagement
2918,aggressive,referral,0.0,0,,0,0,low_engagement
2919,balanced,paid_search,0.0,0,,0,0,cash_rich_noninvestor
2920,cautious,social,0.0,0,,0,0,low_engagement
2921,balanced,referral,0.0,0,,0,0,low_engagement
2922,cautious,paid_search,0.0,0,,0,0,low_engagement
2923,aggressive,paid_search,0.0,0,,0,0,cash_rich_noninvestor
2924,cautious,social,0.0,0,,0,0,cash_rich_noninvestor
2925,balanced,referral,0.0,0,,0,0,low_engagement
2926,cautious,organic,0.0,0,,0,0,cash_rich_noninvestor
2927,balanced,paid_search,0.0,0,,0,0,low_engagement
2928,balanced,organic,0.0,0,,0,0,low_engagement
2930,aggressive,referral,0.0,0,,0,0,low_engagement
2931,cautious,social,0.0,0,,0,0,low_engagement
2932,cautious,bank_partner,0.0,0,,0,0,low_engagement
2933,aggressive,paid_search,0.0,0,,0,0,low_engagement
2934,cautious,organic,0.0,0,,0,0,low_engagement
2935,aggressive,paid_search,0.0,0,,0,0,low_engagement
2936,cautious,organic,0.0,0,,0,0,low_engagement
2937,balanced,bank_partner,0.0,0,,0,0,cash_rich_noninvestor
2938,balanced,social,0.0,0,,0,0,low_engagement
2939,balanced,organic,0.0,0,,0,0,low_engagement
2940,balanced,organic,0.0,0,,0,0,cash_rich_noninvestor
2941,balanced,paid_search,0.0,0,,0,0,cash_rich_noninvestor
2943,aggressive,paid_search,0.0,0,,0,0,low_engagement
2945,aggressive,social,0.0,0,,0,0,low_engagement
2946,cautious,referral,0.0,0,,0,0,cash_rich_noninvestor
2947,aggressive,referral,0.0,0,,0,0,low_engagement
2948,cautious,paid_search,0.0,0,,0,0,low_engagement
2949,aggressive,organic,0.0,0,,0,0,low_engagement
2950,cautious,paid_search,0.0,0,,0,0,low_engagement
2951,cautious,organic,0.0,0,,0,0,low_engagement
2952,aggressive,organic,0.0,0,,0,0,low_engagement
2953,balanced,organic,0.0,0,,0,0,low_engagement
2954,balanced,social,0.0,0,,0,0,low_engagement
2955,cautious,organic,0.0,0,,0,0,cash_rich_noninvestor
2957,aggressive,organic,0.0,0,,0,0,low_engagement
2958,balanced,organic,0.0,0,,0,0,cash_rich_noninvestor
2959,cautious,referral,0.0,0,,0,0,low_engagement
2960,aggressive,referral,0.0,0,,0,0,low_engagement
2961,balanced,paid_search,0.0,0,,0,0,low_engagement
2962,balanced,organic,0.0,0,,0,0,low_engagement
2963,cautious,paid_search,0.0,0,,0,0,low_engagement
2964,balanced,paid_search,0.0,0,,0,0,cash_rich_noninvestor
2965,cautious,organic,0.0,0,,0,0,low_engagement
2966,balanced,bank_partner,0.0,0,,0,0,low_engagement
2968,cautious,social,0.0,0,,0,0,low_engagement
2969,balanced,organic,0.0,0,,0,0,low_engagement
2970,balanced,paid_search,0.0,0,,0,0,cash_rich_noninvestor
2971,balanced,paid_search,0.0,0,,0,0,low_engagement
2972,cautious,paid_search,0.0,0,,0,0,low_engagement
2973,balanced,referral,0.0,0,,0,0,cash_rich_noninvestor
2974,balanced,social,0.0,0,,0,0,cash_rich_noninvestor
2975,aggressive,paid_search,0.0,0,,0,0,low_engagement
2976,cautious,organic,0.0,0,,0,0,cash_rich_noninvestor
2977,cautious,organic,0.0,0,,0,0,low_engagement
2978,balanced,referral,0.0,0,,0,0,low_engagement
2979,balanced,bank_partner,0.0,0,,0,0,low_engagement
2980,balanced,bank_partner,0.0,0,,0,0,low_engagement
2981,balanced,paid_search,0.0,0,,0,0,low_engagement
2982,cautious,social,0.0,0,,0,0,low_engagement
2983,balanced,social,0.0,0,,0,0,cash_rich_noninvestor
2984,cautious,organic,0.0,0,,0,0,cash_rich_noninvestor
2985,aggressive,organic,0.0,0,,0,0,low_engagement
2986,cautious,organic,0.0,0,,0,0,low_engagement
2987,cautious,paid_search,0.0,0,,0,0,low_engagement
2988,aggressive,referral,0.0,0,,0,0,cash_rich_noninvestor
2989,cautious,organic,0.0,0,,0,0,low_engagement
2990,balanced,paid_search,0.0,0,,0,0,low_engagement
2991,balanced,paid_search,0.0,0,,0,0,low_engagement
2992,balanced,referral,0.0,0,,0,0,low_engagement
2993,cautious,organic,0.0,0,,0,0,low_engagement
2994,balanced,social,0.0,0,,0,0,low_engagement
2995,balanced,organic,0.0,0,,0,0,cash_rich_noninvestor
2997,balanced,paid_search,0.0,0,,0,0,low_engagement
2998,aggressive,referral,0.0,0,,0,0,low_engagement
2999,balanced,bank_partner,0.0,0,,0,0,low_engagement
3000,balanced,paid_search,0.0,0,,0,0,low_engagement
3001,balanced,social,0.0,0,,0,0,cash_rich_noninvestor
3003,balanced,organic,0.0,0,,0,0,low_engagement
3004,cautious,bank_partner,0.0,0,,0,0,low_engagement
3005,cautious,organic,0.0,0,,0,0,low_engagement
3006,aggressive,paid_search,0.0,0,,0,0,cash_rich_noninvestor
3008,cautious,referral,0.0,0,,0,0,low_engagement
3009,balanced,organic,0.0,0,,0,0,low_engagement
3010,balanced,social,0.0,0,,0,0,low_engagement
3011,cautious,referral,0.0,0,,0,0,low_engagement
3012,balanced,referral,0.0,0,,0,0,low_engagement
3013,aggressive,bank_partner,0.0,0,,0,0,low_engagement
3014,aggressive,social,0.0,0,,0,0,cash_rich_noninvestor
3015,aggressive,paid_search,0.0,0,,0,0,low_engagement
3016,balanced,organic,0.0,0,,0,0,low_engagement
3017,cautious,social,0.0,0,,0,0,low_engagement
3018,aggressive,referral,0.0,0,,0,0,low_engagement
3019,balanced,organic,0.0,0,,0,0,cash_rich_noninvestor
3020,balanced,bank_partner,0.0,0,,0,0,low_engagement
3021,aggressive,social,0.0,0,,0,0,low_engagement
3022,cautious,social,0.0,0,,0,0,low_engagement
3023,aggressive,bank_partner,0.0,0,,0,0,cash_rich_noninvestor
3024,cautious,social,0.0,0,,0,0,low_engagement
3025,aggressive,bank_partner,0.0,0,,0,0,low_engagement
3026,balanced,paid_search,0.0,0,,0,0,low_engagement
3027,aggressive,paid_search,0.0,0,,0,0,low_engagement
3028,cautious,referral,0.0,0,,0,0,cash_rich_noninvestor
3029,balanced,social,0.0,0,,0,0,low_engagement
3030,balanced,paid_search,0.0,0,,0,0,cash_rich_noninvestor
3031,balanced,organic,0.0,0,,0,0,low_engagement
3032,cautious,bank_partner,0.0,0,,0,0,cash_rich_noninvestor
3033,balanced,paid_search,0.0,0,,0,0,low_engagement
3034,aggressive,bank_partner,0.0,0,,0,0,low_engagement
3036,cautious,referral,0.0,0,,0,0,low_engagement
3037,balanced,organic,0.0,0,,0,0,low_engagement
3038,balanced,bank_partner,0.0,0,,0,0,low_engagement
3039,balanced,paid_search,0.0,0,,0,0,cash_rich_noninvestor
3040,balanced,bank_partner,0.0,0,,0,0,cash_rich_noninvestor
3041,cautious,social,0.0,0,,0,0,low_engagement
3042,cautious,referral,0.0,0,,0,0,low_engagement
3043,aggressive,paid_search,0.0,0,,0,0,low_engagement
3044,balanced,referral,0.0,0,,0,0,low_engagement
3045,aggressive,paid_search,0.0,0,,0,0,low_engagement
3046,aggressive,organic,0.0,0,,0,0,low_engagement
3048,balanced,social,0.0,0,,0,0,low_engagement
3049,balanced,bank_partner,0.0,0,,0,0,low_engagement
3050,aggressive,organic,0.0,0,,0,0,low_engagement
3051,cautious,organic,0.0,0,,0,0,low_engagement
3053,balanced,organic,0.0,0,,0,0,low_engagement
3054,cautious,social,0.0,0,,0,0,low_engagement
3055,balanced,social,0.0,0,,0,0,low_engagement
3056,balanced,referral,0.0,0,,0,0,low_engagement
3057,cautious,social,0.0,0,,0,0,low_engagement
3058,cautious,bank_partner,0.0,0,,0,0,cash_rich_noninvestor
3059,cautious,bank_partner,0.0,0,,0,0,low_engagement
3060,aggressive,social,0.0,0,,0,0,low_engagement
3061,cautious,paid_search,0.0,0,,0,0,low_engagement
3062,cautious,organic,0.0,0,,0,0,cash_rich_noninvestor
3063,cautious,paid_search,0.0,0,,0,0,low_engagement
3064,aggressive,social,0.0,0,,0,0,low_engagement
3065,cautious,bank_partner,0.0,0,,0,0,cash_rich_noninvestor
3066,balanced,organic,0.0,0,,0,0,low_engagement
3067,cautious,paid_search,0.0,0,,0,0,low_engagement
3068,aggressive,referral,0.0,0,,0,0,cash_rich_noninvestor
3069,aggressive,organic,0.0,0,,0,0,low_engagement
3070,cautious,paid_search,0.0,0,,0,0,cash_rich_noninvestor
3071,balanced,organic,0.0,0,,0,0,low_engagement
3072,balanced,bank_partner,0.0,0,,0,0,cash_rich_noninvestor
3074,balanced,organic,0.0,0,,0,0,low_engagement
3075,aggressive,social,0.0,0,,0,0,low_engagement
3076,cautious,referral,0.0,0,,0,0,low_engagement
3077,cautious,paid_search,0.0,0,,0,0,cash_rich_noninvestor
3078,balanced,organic,0.0,0,,0,0,low_engagement
3079,balanced,organic,0.0,0,,0,0,cash_rich_noninvestor
3080,balanced,bank_partner,0.0,0,,0,0,low_engagement
3081,balanced,social,0.0,0,,0,0,low_engagement
3082,cautious,paid_search,0.0,0,,0,0,low_engagement
3083,balanced,paid_search,0.0,0,,0,0,cash_rich_noninvestor
3084,aggressive,organic,0.0,0,,0,0,cash_rich_noninvestor
3087,balanced,organic,0.0,0,,0,0,low_engagement
3088,balanced,paid_search,0.0,0,,0,0,low_engagement
3089,balanced,referral,0.0,0,,0,0,low_engagement
3090,cautious,bank_partner,0.0,0,,0,0,low_engagement
3091,cautious,social,0.0,0,,0,0,cash_rich_noninvestor
3092,balanced,organic,0.0,0,,0,0,low_engagement
3093,aggressive,organic,0.0,0,,0,0,low_engagement
3094,balanced,referral,0.0,0,,0,0,low_engagement
3095,cautious,organic,0.0,0,,0,0,low_engagement
3096,cautious,organic,0.0,0,,0,0,low_engagement
3097,cautious,organic,0.0,0,,0,0,low_engagement
3098,balanced,paid_search,0.0,0,,0,0,cash_rich_noninvestor
3100,balanced,organic,0.0,0,,0,0,low_engagement
3101,cautious,referral,0.0,0,,0,0,low_engagement
3102,balanced,referral,0.0,0,,0,0,low_engagement
3103,balanced,organic,0.0,0,,0,0,low_engagement
3104,cautious,organic,0.0,0,,0,0,low_engagement
3105,cautious,social,0.0,0,,0,0,low_engagement
3106,balanced,organic,0.0,0,,0,0,low_engagement
3107,cautious,referral,0.0,0,,0,0,low_engagement
3108,cautious,referral,0.0,0,,0,0,low_engagement
3109,balanced,paid_search,0.0,0,,0,0,low_engagement
3110,cautious,referral,0.0,0,,0,0,low_engagement
3111,balanced,referral,0.0,0,,0,0,low_engagement
3112,cautious,social,0.0,0,,0,0,low_engagement
3113,aggressive,organic,0.0,0,,0,0,low_engagement
3114,balanced,organic,0.0,0,,0,0,low_engagement
3115,cautious,organic,0.0,0,,0,0,low_engagement
3116,balanced,paid_search,0.0,0,,0,0,cash_rich_noninvestor
3117,balanced,referral,0.0,0,,0,0,low_engagement
3118,cautious,social,0.0,0,,0,0,cash_rich_noninvestor
3119,balanced,organic,0.0,0,,0,0,low_engagement
3120,cautious,referral,0.0,0,,0,0,low_engagement
3121,cautious,organic,0.0,0,,0,0,low_engagement
3122,balanced,organic,0.0,0,,0,0,low_engagement
3123,aggressive,organic,0.0,0,,0,0,cash_rich_noninvestor
3124,balanced,referral,0.0,0,,0,0,low_engagement
3125,balanced,paid_search,0.0,0,,0,0,low_engagement
3126,cautious,social,0.0,0,,0,0,low_engagement
3127,balanced,paid_search,0.0,0,,0,0,low_engagement
3128,balanced,paid_search,0.0,0,,0,0,low_engagement
3129,balanced,organic,0.0,0,,0,0,low_engagement
3130,balanced,paid_search,0.0,0,,0,0,low_engagement
3131,balanced,organic,0.0,0,,0,0,low_engagement
3132,cautious,bank_partner,0.0,0,,0,0,low_engagement
3133,aggressive,organic,0.0,0,,0,0,cash_rich_noninvestor
3135,aggressive,paid_search,0.0,0,,0,0,low_engagement
3136,balanced,referral,0.0,0,,0,0,cash_rich_noninvestor
3137,balanced,social,0.0,0,,0,0,low_engagement
3138,balanced,organic,0.0,0,,0,0,low_engagement
3139,cautious,organic,0.0,0,,0,0,cash_rich_noninvestor
3140,balanced,paid_search,0.0,0,,0,0,cash_rich_noninvestor
3141,cautious,organic,0.0,0,,0,0,low_engagement
3142,balanced,paid_search,0.0,0,,0,0,low_engagement
3144,balanced,referral,0.0,0,,0,0,low_engagement
3145,balanced,organic,0.0,0,,0,0,low_engagement
3146,aggressive,paid_search,0.0,0,,0,0,cash_rich_noninvestor
3147,balanced,referral,0.0,0,,0,0,low_engagement
3148,aggressive,paid_search,0.0,0,,0,0,cash_rich_noninvestor
3149,cautious,organic,0.0,0,,0,0,cash_rich_noninvestor
3150,cautious,social,0.0,0,,0,0,low_engagement
3151,aggressive,organic,0.0,0,,0,0,cash_rich_noninvestor
3152,balanced,bank_partner,0.0,0,,0,0,low_engagement
3153,aggressive,referral,0.0,0,,0,0,cash_rich_noninvestor
3154,aggressive,organic,0.0,0,,0,0,cash_rich_noninvestor
3155,balanced,social,0.0,0,,0,0,low_engagement
3156,cautious,bank_partner,0.0,0,,0,0,low_engagement
3157,cautious,social,0.0,0,,0,0,low_engagement
3158,cautious,paid_search,0.0,0,,0,0,low_engagement
3159,balanced,paid_search,0.0,0,,0,0,low_engagement
3160,balanced,organic,0.0,0,,0,0,low_engagement
3161,balanced,organic,0.0,0,,0,0,cash_rich_noninvestor
3162,cautious,paid_search,0.0,0,,0,0,low_engagement
3163,cautious,paid_search,0.0,0,,0,0,low_engagement
3165,balanced,social,0.0,0,,0,0,low_engagement
3166,cautious,referral,0.0,0,,0,0,cash_rich_noninvestor
3167,balanced,organic,0.0,0,,0,0,cash_rich_noninvestor
3168,balanced,paid_search,0.0,0,,0,0,low_engagement
3169,cautious,paid_search,0.0,0,,0,0,low_engagement
3170,cautious,bank_partner,0.0,0,,0,0,low_engagement
3171,cautious,social,0.0,0,,0,0,low_engagement
3172,cautious,social,0.0,0,,0,0,low_engagement
3173,balanced,paid_search,0.0,0,,0,0,low_engagement
3174,balanced,social,0.0,0,,0,0,low_engagement
3175,aggressive,referral,0.0,0,,0,0,low_engagement
3176,balanced,paid_search,0.0,0,,0,0,low_engagement
3177,cautious,social,0.0,0,,0,0,low_engagement
3178,balanced,social,0.0,0,,0,0,low_engagement
3179,balanced,referral,0.0,0,,0,0,low_engagement
3182,cautious,paid_search,0.0,0,,0,0,low_engagement
3183,balanced,paid_search,0.0,0,,0,0,low_engagement
3184,balanced,paid_search,0.0,0,,0,0,low_engagement
3185,balanced,organic,0.0,0,,0,0,cash_rich_noninvestor
3186,cautious,social,0.0,0,,0,0,low_engagement
3187,cautious,organic,0.0,0,,0,0,cash_rich_noninvestor
3188,cautious,paid_search,0.0,0,,0,0,low_engagement
3189,aggressive,organic,0.0,0,,0,0,low_engagement
3190,cautious,social,0.0,0,,0,0,low_engagement
3191,balanced,organic,0.0,0,,0,0,low_engagement
3193,cautious,organic,0.0,0,,0,0,low_engagement
3194,balanced,paid_search,0.0,0,,0,0,low_engagement
3195,cautious,social,0.0,0,,0,0,low_engagement
3197,balanced,paid_search,0.0,0,,0,0,low_engagement
3198,aggressive,social,0.0,0,,0,0,low_engagement
3199,balanced,paid_search,0.0,0,,0,0,low_engagement
3200,balanced,bank_partner,0.0,0,,0,0,cash_rich_noninvestor
3201,balanced,organic,0.0,0,,0,0,low_engagement
3202,balanced,organic,0.0,0,,0,0,low_engagement
3203,aggressive,organic,0.0,0,,0,0,low_engagement
3204,cautious,paid_search,0.0,0,,0,0,low_engagement
3205,balanced,social,0.0,0,,0,0,low_engagement
3206,cautious,organic,0.0,0,,0,0,low_engagement
3207,balanced,organic,0.0,0,,0,0,low_engagement
3208,aggressive,bank_partner,0.0,0,,0,0,low_engagement
3209,cautious,organic,0.0,0,,0,0,low_engagement
3210,balanced,bank_partner,0.0,0,,0,0,low_engagement
3211,cautious,referral,0.0,0,,0,0,low_engagement
3212,aggressive,paid_search,0.0,0,,0,0,low_engagement
3213,balanced,referral,0.0,0,,0,0,cash_rich_noninvestor
3214,balanced,referral,0.0,0,,0,0,low_engagement
3216,balanced,bank_partner,0.0,0,,0,0,low_engagement
3217,aggressive,organic,0.0,0,,0,0,low_engagement
3218,balanced,social,0.0,0,,0,0,cash_rich_noninvestor
3219,balanced,referral,0.0,0,,0,0,cash_rich_noninvestor
3220,aggressive,bank_partner,0.0,0,,0,0,low_engagement
3221,balanced,social,0.0,0,,0,0,low_engagement
3222,cautious,paid_search,0.0,0,,0,0,cash_rich_noninvestor
3223,balanced,organic,0.0,0,,0,0,low_engagement
3224,balanced,social,0.0,0,,0,0,low_engagement
3225,cautious,referral,0.0,0,,0,0,low_engagement
3226,balanced,social,0.0,0,,0,0,low_engagement
3227,balanced,paid_search,0.0,0,,0,0,low_engagement
3228,aggressive,social,0.0,0,,0,0,low_engagement
3229,aggressive,organic,0.0,0,,0,0,low_engagement
3230,aggressive,social,0.0,0,,0,0,cash_rich_noninvestor
3231,cautious,organic,0.0,0,,0,0,low_engagement
3233,balanced,social,0.0,0,,0,0,low_engagement
3234,aggressive,social,0.0,0,,0,0,low_engagement
3235,balanced,paid_search,0.0,0,,0,0,low_engagement
3236,aggressive,organic,0.0,0,,0,0,low_engagement
3237,balanced,paid_search,0.0,0,,0,0,low_engagement
3238,cautious,referral,0.0,0,,0,0,low_engagement
3239,cautious,paid_search,0.0,0,,0,0,low_engagement
3240,cautious,bank_partner,0.0,0,,0,0,low_engagement
3241,balanced,organic,0.0,0,,0,0,low_engagement
3242,cautious,social,0.0,0,,0,0,cash_rich_noninvestor
3243,cautious,organic,0.0,0,,0,0,low_engagement
3244,balanced,social,0.0,0,,0,0,low_engagement
3245,cautious,organic,0.0,0,,0,0,low_engagement
3246,cautious,organic,0.0,0,,0,0,low_engagement
3247,balanced,social,0.0,0,,0,0,low_engagement
3248,cautious,social,0.0,0,,0,0,low_engagement
3249,cautious,social,0.0,0,,0,0,low_engagement
3250,aggressive,paid_search,0.0,0,,0,0,cash_rich_noninvestor
3253,cautious,referral,0.0,0,,0,0,low_engagement
3254,cautious,organic,0.0,0,,0,0,low_engagement
3255,balanced,organic,0.0,0,,0,0,low_engagement
3256,balanced,organic,0.0,0,,0,0,low_engagement
3257,cautious,referral,0.0,0,,0,0,low_engagement
3258,balanced,social,0.0,0,,0,0,low_engagement
3259,cautious,social,0.0,0,,0,0,low_engagement
3261,balanced,social,0.0,0,,0,0,low_engagement
3262,cautious,bank_partner,0.0,0,,0,0,low_engagement
3263,balanced,social,0.0,0,,0,0,low_engagement
3264,balanced,social,0.0,0,,0,0,cash_rich_noninvestor
3265,cautious,paid_search,0.0,0,,0,0,low_engagement
3266,cautious,paid_search,0.0,0,,0,0,low_engagement
3267,cautious,referral,0.0,0,,0,0,low_engagement
3268,balanced,bank_partner,0.0,0,,0,0,cash_rich_noninvestor
3269,cautious,bank_partner,0.0,0,,0,0,low_engagement
3271,balanced,bank_partner,0.0,0,,0,0,low_engagement
3272,cautious,paid_search,0.0,0,,0,0,low_engagement
3273,cautious,organic,0.0,0,,0,0,cash_rich_noninvestor
3274,balanced,organic,0.0,0,,0,0,low_engagement
3275,aggressive,paid_search,0.0,0,,0,0,low_engagement
3276,balanced,bank_partner,0.0,0,,0,0,cash_rich_noninvestor
3277,aggressive,paid_search,0.0,0,,0,0,cash_rich_noninvestor
3279,balanced,organic,0.0,0,,0,0,low_engagement
3280,balanced,referral,0.0,0,,0,0,low_engagement
3281,balanced,social,0.0,0,,0,0,cash_rich_noninvestor
3282,cautious,bank_partner,0.0,0,,0,0,low_engagement
3283,cautious,paid_search,0.0,0,,0,0,cash_rich_noninvestor
3284,balanced,referral,0.0,0,,0,0,low_engagement
3285,cautious,social,0.0,0,,0,0,low_engagement
3287,balanced,bank_partner,0.0,0,,0,0,low_engagement
3288,cautious,organic,0.0,0,,0,0,low_engagement
3289,cautious,bank_partner,0.0,0,,0,0,cash_rich_noninvestor
3290,aggressive,organic,0.0,0,,0,0,cash_rich_noninvestor
3291,balanced,referral,0.0,0,,0,0,low_engagement
3294,aggressive,paid_search,0.0,0,,0,0,low_engagement
3295,aggressive,paid_search,0.0,0,,0,0,low_engagement
3297,balanced,organic,0.0,0,,0,0,cash_rich_noninvestor
3299,aggressive,social,0.0,0,,0,0,low_engagement
3300,balanced,bank_partner,0.0,0,,0,0,cash_rich_noninvestor
3301,cautious,social,0.0,0,,0,0,low_engagement
3302,cautious,paid_search,0.0,0,,0,0,low_engagement
3303,balanced,organic,0.0,0,,0,0,cash_rich_noninvestor
3304,balanced,referral,0.0,0,,0,0,low_engagement
3305,balanced,bank_partner,0.0,0,,0,0,cash_rich_noninvestor
3306,balanced,bank_partner,0.0,0,,0,0,low_engagement
3307,balanced,referral,0.0,0,,0,0,low_engagement
3308,cautious,organic,0.0,0,,0,0,low_engagement
3309,balanced,referral,0.0,0,,0,0,low_engagement
3310,balanced,social,0.0,0,,0,0,low_engagement
3311,aggressive,paid_search,0.0,0,,0,0,low_engagement
3312,cautious,bank_partner,0.0,0,,0,0,low_engagement
3313,balanced,organic,0.0,0,,0,0,low_engagement
3314,aggressive,organic,0.0,0,,0,0,low_engagement
3315,balanced,organic,0.0,0,,0,0,low_engagement
3316,cautious,referral,0.0,0,,0,0,low_engagement
3317,balanced,organic,0.0,0,,0,0,low_engagement
3318,cautious,referral,0.0,0,,0,0,low_engagement
3319,cautious,referral,0.0,0,,0,0,cash_rich_noninvestor
3320,aggressive,referral,0.0,0,,0,0,low_engagement
3321,balanced,social,0.0,0,,0,0,low_engagement
3323,balanced,referral,0.0,0,,0,0,low_engagement
3326,balanced,referral,0.0,0,,0,0,low_engagement
3327,balanced,organic,0.0,0,,0,0,low_engagement
3328,cautious,paid_search,0.0,0,,0,0,cash_rich_noninvestor
3329,cautious,paid_search,0.0,0,,0,0,low_engagement
3330,balanced,social,0.0,0,,0,0,low_engagement
3331,balanced,organic,0.0,0,,0,0,low_engagement
3332,aggressive,paid_search,0.0,0,,0,0,low_engagement
3333,cautious,bank_partner,0.0,0,,0,0,low_engagement
3334,aggressive,social,0.0,0,,0,0,low_engagement
3335,cautious,organic,0.0,0,,0,0,cash_rich_noninvestor
3336,cautious,bank_partner,0.0,0,,0,0,low_engagement
3337,balanced,social,0.0,0,,0,0,low_engagement
3338,balanced,social,0.0,0,,0,0,low_engagement
3339,cautious,social,0.0,0,,0,0,low_engagement
3340,balanced,organic,0.0,0,,0,0,low_engagement
3341,balanced,bank_partner,0.0,0,,0,0,low_engagement
3342,cautious,organic,0.0,0,,0,0,low_engagement
3343,cautious,referral,0.0,0,,0,0,low_engagement
3344,aggressive,organic,0.0,0,,0,0,low_engagement
3345,cautious,organic,0.0,0,,0,0,low_engagement
3346,aggressive,referral,0.0,0,,0,0,low_engagement
3347,cautious,paid_search,0.0,0,,0,0,cash_rich_noninvestor
3348,aggressive,paid_search,0.0,0,,0,0,low_engagement
3349,balanced,social,0.0,0,,0,0,low_engagement
3350,cautious,bank_partner,0.0,0,,0,0,low_engagement
3351,aggressive,social,0.0,0,,0,0,low_engagement
3352,balanced,organic,0.0,0,,0,0,low_engagement
3353,balanced,paid_search,0.0,0,,0,0,cash_rich_noninvestor
3354,cautious,paid_search,0.0,0,,0,0,low_engagement
3355,cautious,paid_search,0.0,0,,0,0,low_engagement
3356,balanced,bank_partner,0.0,0,,0,0,low_engagement
3357,cautious,organic,0.0,0,,0,0,low_engagement
3358,balanced,paid_search,0.0,0,,0,0,low_engagement
3359,balanced,paid_search,0.0,0,,0,0,low_engagement
3360,balanced,organic,0.0,0,,0,0,low_engagement
3361,balanced,organic,0.0,0,,0,0,low_engagement
3362,cautious,organic,0.0,0,,0,0,cash_rich_noninvestor
3363,cautious,referral,0.0,0,,0,0,low_engagement
3364,balanced,referral,0.0,0,,0,0,cash_rich_noninvestor
3365,balanced,paid_search,0.0,0,,0,0,low_engagement
3366,cautious,paid_search,0.0,0,,0,0,cash_rich_noninvestor
3368,cautious,referral,0.0,0,,0,0,cash_rich_noninvestor
3369,cautious,bank_partner,0.0,0,,0,0,cash_rich_noninvestor
3370,cautious,paid_search,0.0,0,,0,0,low_engagement
3371,cautious,social,0.0,0,,0,0,low_engagement
3372,cautious,paid_search,0.0,0,,0,0,cash_rich_noninvestor
3373,cautious,referral,0.0,0,,0,0,low_engagement
3374,balanced,social,0.0,0,,0,0,cash_rich_noninvestor
3375,balanced,organic,0.0,0,,0,0,low_engagement
3376,balanced,organic,0.0,0,,0,0,low_engagement
3377,cautious,social,0.0,0,,0,0,low_engagement
3379,cautious,paid_search,0.0,0,,0,0,low_engagement
3380,cautious,organic,0.0,0,,0,0,low_engagement
3381,balanced,organic,0.0,0,,0,0,low_engagement
3383,cautious,paid_search,0.0,0,,0,0,low_engagement
3384,cautious,organic,0.0,0,,0,0,low_engagement
3385,cautious,paid_search,0.0,0,,0,0,cash_rich_noninvestor
3386,cautious,bank_partner,0.0,0,,0,0,low_engagement
3387,aggressive,organic,0.0,0,,0,0,low_engagement
3388,balanced,organic,0.0,0,,0,0,low_engagement
3389,cautious,organic,0.0,0,,0,0,low_engagement
3391,balanced,organic,0.0,0,,0,0,cash_rich_noninvestor
3392,balanced,social,0.0,0,,0,0,low_engagement
3393,balanced,organic,0.0,0,,0,0,low_engagement
3394,balanced,bank_partner,0.0,0,,0,0,cash_rich_noninvestor
3395,balanced,paid_search,0.0,0,,0,0,low_engagement
3396,cautious,bank_partner,0.0,0,,0,0,cash_rich_noninvestor
3397,cautious,referral,0.0,0,,0,0,cash_rich_noninvestor
3398,aggressive,bank_partner,0.0,0,,0,0,low_engagement
3400,balanced,social,0.0,0,,0,0,low_engagement
3401,balanced,organic,0.0,0,,0,0,low_engagement
3402,balanced,organic,0.0,0,,0,0,low_engagement
3403,aggressive,organic,0.0,0,,0,0,low_engagement
3404,balanced,referral,0.0,0,,0,0,low_engagement
3405,balanced,organic,0.0,0,,0,0,low_engagement
3406,balanced,organic,0.0,0,,0,0,low_engagement
3407,balanced,organic,0.0,0,,0,0,cash_rich_noninvestor
3408,cautious,social,0.0,0,,0,0,low_engagement
3409,aggressive,social,0.0,0,,0,0,low_engagement
3410,balanced,paid_search,0.0,0,,0,0,low_engagement
3411,cautious,social,0.0,0,,0,0,low_engagement
3412,cautious,organic,0.0,0,,0,0,low_engagement
3413,aggressive,social,0.0,0,,0,0,low_engagement
3414,cautious,bank_partner,0.0,0,,0,0,low_engagement
3415,cautious,social,0.0,0,,0,0,cash_rich_noninvestor
3416,cautious,referral,0.0,0,,0,0,low_engagement
3417,balanced,referral,0.0,0,,0,0,cash_rich_noninvestor
3418,balanced,bank_partner,0.0,0,,0,0,low_engagement
3419,aggressive,organic,0.0,0,,0,0,low_engagement
3420,cautious,organic,0.0,0,,0,0,low_engagement
3422,balanced,organic,0.0,0,,0,0,cash_rich_noninvestor
3423,cautious,referral,0.0,0,,0,0,low_engagement
3424,cautious,organic,0.0,0,,0,0,low_engagement
3425,balanced,social,0.0,0,,0,0,low_engagement
3426,balanced,organic,0.0,0,,0,0,cash_rich_noninvestor
3427,balanced,organic,0.0,0,,0,0,low_engagement
3429,balanced,paid_search,0.0,0,,0,0,low_engagement
3430,aggressive,bank_partner,0.0,0,,0,0,low_engagement
3431,cautious,organic,0.0,0,,0,0,low_engagement
3432,cautious,referral,0.0,0,,0,0,low_engagement
3433,balanced,referral,0.0,0,,0,0,low_engagement
3434,balanced,social,0.0,0,,0,0,low_engagement
3435,aggressive,paid_search,0.0,0,,0,0,low_engagement
3437,aggressive,organic,0.0,0,,0,0,low_engagement
3438,balanced,organic,0.0,0,,0,0,cash_rich_noninvestor
3439,balanced,referral,0.0,0,,0,0,low_engagement
3440,balanced,referral,0.0,0,,0,0,cash_rich_noninvestor
3441,cautious,referral,0.0,0,,0,0,low_engagement
3443,balanced,social,0.0,0,,0,0,low_engagement
3444,balanced,organic,0.0,0,,0,0,low_engagement
3445,cautious,social,0.0,0,,0,0,low_engagement
3446,balanced,referral,0.0,0,,0,0,low_engagement
3447,cautious,organic,0.0,0,,0,0,low_engagement
3448,cautious,referral,0.0,0,,0,0,low_engagement
3449,cautious,social,0.0,0,,0,0,low_engagement
3450,aggressive,social,0.0,0,,0,0,low_engagement
3451,cautious,paid_search,0.0,0,,0,0,cash_rich_noninvestor
3452,balanced,referral,0.0,0,,0,0,low_engagement
3453,cautious,paid_search,0.0,0,,0,0,low_engagement
3454,balanced,social,0.0,0,,0,0,low_engagement
3456,cautious,organic,0.0,0,,0,0,low_engagement
3457,cautious,paid_search,0.0,0,,0,0,low_engagement
3458,balanced,organic,0.0,0,,0,0,cash_rich_noninvestor
3459,cautious,referral,0.0,0,,0,0,low_engagement
3460,balanced,bank_partner,0.0,0,,0,0,cash_rich_noninvestor
3461,cautious,paid_search,0.0,0,,0,0,cash_rich_noninvestor
3463,balanced,organic,0.0,0,,0,0,low_engagement
3464,balanced,bank_partner,0.0,0,,0,0,low_engagement
3465,balanced,organic,0.0,0,,0,0,low_engagement
3466,cautious,organic,0.0,0,,0,0,low_engagement
3467,balanced,social,0.0,0,,0,0,low_engagement
3468,aggressive,paid_search,0.0,0,,0,0,low_engagement
3469,cautious,paid_search,0.0,0,,0,0,low_engagement
3470,balanced,organic,0.0,0,,0,0,low_engagement
3472,cautious,organic,0.0,0,,0,0,low_engagement
3474,balanced,paid_search,0.0,0,,0,0,low_engagement
3475,balanced,paid_search,0.0,0,,0,0,low_engagement
3476,balanced,paid_search,0.0,0,,0,0,low_engagement
3477,cautious,paid_search,0.0,0,,0,0,low_engagement
3478,balanced,organic,0.0,0,,0,0,low_engagement
3479,cautious,social,0.0,0,,0,0,cash_rich_noninvestor
3480,cautious,paid_search,0.0,0,,0,0,low_engagement
3481,balanced,social,0.0,0,,0,0,low_engagement
3482,balanced,social,0.0,0,,0,0,cash_rich_noninvestor
3483,balanced,paid_search,0.0,0,,0,0,low_engagement
3484,cautious,bank_partner,0.0,0,,0,0,cash_rich_noninvestor
3485,cautious,referral,0.0,0,,0,0,low_engagement
3486,cautious,organic,0.0,0,,0,0,low_engagement
3487,cautious,organic,0.0,0,,0,0,low_engagement
3488,balanced,organic,0.0,0,,0,0,low_engagement
3489,balanced,organic,0.0,0,,0,0,cash_rich_noninvestor
3490,aggressive,paid_search,0.0,0,,0,0,low_engagement
3491,aggressive,organic,0.0,0,,0,0,low_engagement
3492,aggressive,social,0.0,0,,0,0,low_engagement
3493,balanced,paid_search,0.0,0,,0,0,low_engagement
3494,balanced,social,0.0,0,,0,0,low_engagement
3495,aggressive,social,0.0,0,,0,0,low_engagement
3496,aggressive,social,0.0,0,,0,0,low_engagement
3497,cautious,bank_partner,0.0,0,,0,0,low_engagement
3498,balanced,social,0.0,0,,0,0,low_engagement
3499,balanced,organic,0.0,0,,0,0,low_engagement
3500,aggressive,organic,0.0,0,,0,0,cash_rich_noninvestor
3501,balanced,social,0.0,0,,0,0,low_engagement
3502,aggressive,referral,0.0,0,,0,0,low_engagement
3503,aggressive,paid_search,0.0,0,,0,0,low_engagement
3504,cautious,paid_search,0.0,0,,0,0,low_engagement
3505,cautious,social,0.0,0,,0,0,cash_rich_noninvestor
3506,cautious,referral,0.0,0,,0,0,low_engagement
3507,balanced,social,0.0,0,,0,0,low_engagement
3508,balanced,organic,0.0,0,,0,0,low_engagement
3509,balanced,organic,0.0,0,,0,0,low_engagement
3510,balanced,organic,0.0,0,,0,0,low_engagement
3511,cautious,social,0.0,0,,0,0,cash_rich_noninvestor
3512,aggressive,bank_partner,0.0,0,,0,0,low_engagement
3513,cautious,bank_partner,0.0,0,,0,0,low_engagement
3514,aggressive,social,0.0,0,,0,0,low_engagement
3515,balanced,paid_search,0.0,0,,0,0,low_engagement
3516,cautious,paid_search,0.0,0,,0,0,low_engagement
3517,balanced,organic,0.0,0,,0,0,low_engagement
3518,balanced,paid_search,0.0,0,,0,0,low_engagement
3519,aggressive,referral,0.0,0,,0,0,low_engagement
3521,balanced,organic,0.0,0,,0,0,cash_rich_noninvestor
3522,cautious,organic,0.0,0,,0,0,low_engagement
3524,cautious,organic,0.0,0,,0,0,low_engagement
3525,cautious,referral,0.0,0,,0,0,low_engagement
3526,aggressive,referral,0.0,0,,0,0,low_engagement
3527,cautious,referral,0.0,0,,0,0,low_engagement
3528,balanced,referral,0.0,0,,0,0,cash_rich_noninvestor
3529,balanced,bank_partner,0.0,0,,0,0,low_engagement
3530,balanced,bank_partner,0.0,0,,0,0,low_engagement
3531,cautious,bank_partner,0.0,0,,0,0,low_engagement
3532,balanced,organic,0.0,0,,0,0,cash_rich_noninvestor
3533,cautious,social,0.0,0,,0,0,low_engagement
3535,cautious,social,0.0,0,,0,0,low_engagement
3536,cautious,referral,0.0,0,,0,0,low_engagement
3537,balanced,social,0.0,0,,0,0,low_engagement
3538,cautious,bank_partner,0.0,0,,0,0,low_engagement
3539,aggressive,referral,0.0,0,,0,0,low_engagement
3540,balanced,bank_partner,0.0,0,,0,0,low_engagement
3541,aggressive,social,0.0,0,,0,0,low_engagement
3542,balanced,paid_search,0.0,0,,0,0,cash_rich_noninvestor
3543,cautious,paid_search,0.0,0,,0,0,low_engagement
3544,cautious,organic,0.0,0,,0,0,low_engagement
3545,balanced,bank_partner,0.0,0,,0,0,low_engagement
3547,balanced,bank_partner,0.0,0,,0,0,cash_rich_noninvestor
3548,cautious,paid_search,0.0,0,,0,0,low_engagement
3549,cautious,social,0.0,0,,0,0,low_engagement
3550,aggressive,referral,0.0,0,,0,0,low_engagement
3551,cautious,bank_partner,0.0,0,,0,0,low_engagement
3552,balanced,organic,0.0,0,,0,0,low_engagement
3553,cautious,referral,0.0,0,,0,0,low_engagement
3554,balanced,social,0.0,0,,0,0,low_engagement
3555,balanced,social,0.0,0,,0,0,low_engagement
3556,balanced,bank_partner,0.0,0,,0,0,cash_rich_noninvestor
3557,aggressive,paid_search,0.0,0,,0,0,low_engagement
3558,aggressive,social,0.0,0,,0,0,low_engagement
3559,cautious,paid_search,0.0,0,,0,0,low_engagement
3560,cautious,organic,0.0,0,,0,0,cash_rich_noninvestor
3562,balanced,organic,0.0,0,,0,0,low_engagement
3563,cautious,social,0.0,0,,0,0,cash_rich_noninvestor
3564,balanced,referral,0.0,0,,0,0,cash_rich_noninvestor
3565,cautious,paid_search,0.0,0,,0,0,low_engagement
3566,balanced,organic,0.0,0,,0,0,low_engagement
3567,cautious,referral,0.0,0,,0,0,low_engagement
3568,cautious,paid_search,0.0,0,,0,0,low_engagement
3569,cautious,social,0.0,0,,0,0,cash_rich_noninvestor
3570,cautious,organic,0.0,0,,0,0,low_engagement
3571,balanced,organic,0.0,0,,0,0,low_engagement
3572,balanced,organic,0.0,0,,0,0,low_engagement
3573,balanced,social,0.0,0,,0,0,low_engagement
3574,aggressive,organic,0.0,0,,0,0,low_engagement
3575,balanced,referral,0.0,0,,0,0,low_engagement
3576,balanced,organic,0.0,0,,0,0,low_engagement
3577,cautious,paid_search,0.0,0,,0,0,low_engagement
3578,cautious,organic,0.0,0,,0,0,low_engagement
3579,balanced,organic,0.0,0,,0,0,low_engagement
3580,aggressive,social,0.0,0,,0,0,low_engagement
3581,balanced,social,0.0,0,,0,0,low_engagement
3582,cautious,referral,0.0,0,,0,0,low_engagement
3583,cautious,social,0.0,0,,0,0,low_engagement
3584,balanced,paid_search,0.0,0,,0,0,low_engagement
3585,aggressive,referral,0.0,0,,0,0,low_engagement
3586,aggressive,organic,0.0,0,,0,0,cash_rich_noninvestor
3587,balanced,social,0.0,0,,0,0,cash_rich_noninvestor
3589,balanced,organic,0.0,0,,0,0,low_engagement
3591,aggressive,organic,0.0,0,,0,0,low_engagement
3592,cautious,bank_partner,0.0,0,,0,0,low_engagement
3593,balanced,organic,0.0,0,,0,0,low_engagement
3594,cautious,social,0.0,0,,0,0,low_engagement
3595,balanced,bank_partner,0.0,0,,0,0,low_engagement
3596,cautious,paid_search,0.0,0,,0,0,low_engagement
3597,balanced,paid_search,0.0,0,,0,0,low_engagement
3598,balanced,organic,0.0,0,,0,0,low_engagement
3599,aggressive,organic,0.0,0,,0,0,low_engagement
3600,cautious,paid_search,0.0,0,,0,0,low_engagement
3602,cautious,referral,0.0,0,,0,0,low_engagement
3603,cautious,paid_search,0.0,0,,0,0,cash_rich_noninvestor
3604,cautious,organic,0.0,0,,0,0,low_engagement
3605,cautious,paid_search,0.0,0,,0,0,cash_rich_noninvestor
3606,balanced,social,0.0,0,,0,0,low_engagement
3607,aggressive,organic,0.0,0,,0,0,low_engagement
3608,cautious,organic,0.0,0,,0,0,low_engagement
3609,balanced,organic,0.0,0,,0,0,low_engagement
3610,cautious,paid_search,0.0,0,,0,0,low_engagement
3611,balanced,social,0.0,0,,0,0,low_engagement
3612,balanced,paid_search,0.0,0,,0,0,cash_rich_noninvestor
3613,cautious,social,0.0,0,,0,0,low_engagement
3614,balanced,paid_search,0.0,0,,0,0,low_engagement
3615,cautious,social,0.0,0,,0,0,cash_rich_noninvestor
3616,cautious,paid_search,0.0,0,,0,0,low_engagement
3617,cautious,referral,0.0,0,,0,0,low_engagement
3618,balanced,social,0.0,0,,0,0,low_engagement
3619,aggressive,paid_search,0.0,0,,0,0,cash_rich_noninvestor
3620,cautious,referral,0.0,0,,0,0,low_engagement
3621,balanced,organic,0.0,0,,0,0,low_engagement
3622,aggressive,paid_search,0.0,0,,0,0,low_engagement
3623,cautious,social,0.0,0,,0,0,cash_rich_noninvestor
3624,balanced,social,0.0,0,,0,0,cash_rich_noninvestor
3625,cautious,organic,0.0,0,,0,0,low_engagement
3626,balanced,paid_search,0.0,0,,0,0,cash_rich_noninvestor
3628,cautious,organic,0.0,0,,0,0,cash_rich_noninvestor
3629,cautious,organic,0.0,0,,0,0,low_engagement
3630,balanced,organic,0.0,0,,0,0,low_engagement
3631,balanced,referral,0.0,0,,0,0,low_engagement
3632,cautious,organic,0.0,0,,0,0,low_engagement
3634,balanced,paid_search,0.0,0,,0,0,low_engagement
3637,cautious,organic,0.0,0,,0,0,low_engagement
3638,cautious,referral,0.0,0,,0,0,cash_rich_noninvestor
3640,balanced,paid_search,0.0,0,,0,0,cash_rich_noninvestor
3641,balanced,paid_search,0.0,0,,0,0,low_engagement
3642,cautious,paid_search,0.0,0,,0,0,low_engagement
3643,balanced,bank_partner,0.0,0,,0,0,low_engagement
3644,cautious,bank_partner,0.0,0,,0,0,cash_rich_noninvestor
3645,balanced,organic,0.0,0,,0,0,low_engagement
3646,balanced,paid_search,0.0,0,,0,0,low_engagement
3648,balanced,organic,0.0,0,,0,0,low_engagement
3649,cautious,organic,0.0,0,,0,0,low_engagement
3650,aggressive,organic,0.0,0,,0,0,low_engagement
3651,aggressive,organic,0.0,0,,0,0,cash_rich_noninvestor
3652,balanced,referral,0.0,0,,0,0,low_engagement
3653,aggressive,paid_search,0.0,0,,0,0,low_engagement
3654,cautious,organic,0.0,0,,0,0,low_engagement
3655,balanced,referral,0.0,0,,0,0,cash_rich_noninvestor
3656,balanced,organic,0.0,0,,0,0,low_engagement
3657,aggressive,referral,0.0,0,,0,0,low_engagement
3658,aggressive,organic,0.0,0,,0,0,low_engagement
3659,aggressive,paid_search,0.0,0,,0,0,low_engagement
3660,aggressive,bank_partner,0.0,0,,0,0,cash_rich_noninvestor
3661,cautious,social,0.0,0,,0,0,low_engagement
3663,cautious,social,0.0,0,,0,0,low_engagement
3665,cautious,organic,0.0,0,,0,0,cash_rich_noninvestor
3667,balanced,organic,0.0,0,,0,0,low_engagement
3668,balanced,referral,0.0,0,,0,0,low_engagement
3669,balanced,social,0.0,0,,0,0,cash_rich_noninvestor
3671,cautious,referral,0.0,0,,0,0,low_engagement
3672,cautious,organic,0.0,0,,0,0,low_engagement
3673,balanced,organic,0.0,0,,0,0,low_engagement
3674,aggressive,organic,0.0,0,,0,0,low_engagement
3675,cautious,organic,0.0,0,,0,0,low_engagement
3676,balanced,referral,0.0,0,,0,0,low_engagement
3677,aggressive,social,0.0,0,,0,0,low_engagement
3678,cautious,bank_partner,0.0,0,,0,0,low_engagement
3679,balanced,bank_partner,0.0,0,,0,0,low_engagement
3681,balanced,organic,0.0,0,,0,0,cash_rich_noninvestor
3682,cautious,paid_search,0.0,0,,0,0,low_engagement
3683,balanced,organic,0.0,0,,0,0,low_engagement
3684,aggressive,social,0.0,0,,0,0,cash_rich_noninvestor
3685,aggressive,referral,0.0,0,,0,0,low_engagement
3686,cautious,bank_partner,0.0,0,,0,0,low_engagement
3687,balanced,organic,0.0,0,,0,0,cash_rich_noninvestor
3688,cautious,paid_search,0.0,0,,0,0,low_engagement
3689,cautious,organic,0.0,0,,0,0,low_engagement
3690,cautious,organic,0.0,0,,0,0,low_engagement
3691,aggressive,organic,0.0,0,,0,0,low_engagement
3692,cautious,bank_partner,0.0,0,,0,0,low_engagement
3693,cautious,organic,0.0,0,,0,0,cash_rich_noninvestor
3694,cautious,paid_search,0.0,0,,0,0,cash_rich_noninvestor
3695,balanced,social,0.0,0,,0,0,low_engagement
3696,balanced,paid_search,0.0,0,,0,0,low_engagement
3697,aggressive,paid_search,0.0,0,,0,0,low_engagement
3698,cautious,referral,0.0,0,,0,0,low_engagement
3699,balanced,organic,0.0,0,,0,0,cash_rich_noninvestor
3700,cautious,organic,0.0,0,,0,0,low_engagement
3701,balanced,organic,0.0,0,,0,0,low_engagement
3702,balanced,paid_search,0.0,0,,0,0,cash_rich_noninvestor
3703,cautious,organic,0.0,0,,0,0,low_engagement
3704,balanced,organic,0.0,0,,0,0,low_engagement
3705,balanced,referral,0.0,0,,0,0,low_engagement
3707,aggressive,paid_search,0.0,0,,0,0,low_engagement
3709,aggressive,bank_partner,0.0,0,,0,0,low_engagement
3711,balanced,social,0.0,0,,0,0,low_engagement
3712,balanced,paid_search,0.0,0,,0,0,low_engagement
3713,cautious,bank_partner,0.0,0,,0,0,low_engagement
3714,cautious,paid_search,0.0,0,,0,0,low_engagement
3715,balanced,bank_partner,0.0,0,,0,0,low_engagement
3716,balanced,paid_search,0.0,0,,0,0,cash_rich_noninvestor
3717,cautious,organic,0.0,0,,0,0,low_engagement
3718,cautious,organic,0.0,0,,0,0,cash_rich_noninvestor
3719,cautious,bank_partner,0.0,0,,0,0,low_engagement
3720,cautious,organic,0.0,0,,0,0,low_engagement
3721,balanced,social,0.0,0,,0,0,cash_rich_noninvestor
3722,aggressive,paid_search,0.0,0,,0,0,low_engagement
3724,balanced,paid_search,0.0,0,,0,0,low_engagement
3725,cautious,paid_search,0.0,0,,0,0,low_engagement
3726,cautious,referral,0.0,0,,0,0,low_engagement
3727,balanced,bank_partner,0.0,0,,0,0,low_engagement
3728,cautious,organic,0.0,0,,0,0,low_engagement
3729,cautious,referral,0.0,0,,0,0,cash_rich_noninvestor
3730,balanced,paid_search,0.0,0,,0,0,low_engagement
3731,balanced,social,0.0,0,,0,0,low_engagement
3732,balanced,social,0.0,0,,0,0,low_engagement
3733,cautious,social,0.0,0,,0,0,cash_rich_noninvestor
3734,aggressive,referral,0.0,0,,0,0,low_engagement
3735,balanced,social,0.0,0,,0,0,low_engagement
3736,cautious,bank_partner,0.0,0,,0,0,low_engagement
3737,balanced,organic,0.0,0,,0,0,low_engagement
3738,cautious,social,0.0,0,,0,0,low_engagement
3739,balanced,paid_search,0.0,0,,0,0,low_engagement
3740,balanced,paid_search,0.0,0,,0,0,low_engagement
3741,cautious,paid_search,0.0,0,,0,0,cash_rich_noninvestor
3742,cautious,organic,0.0,0,,0,0,cash_rich_noninvestor
3743,balanced,organic,0.0,0,,0,0,low_engagement
3745,cautious,organic,0.0,0,,0,0,low_engagement
3746,aggressive,referral,0.0,0,,0,0,low_engagement
3747,aggressive,referral,0.0,0,,0,0,low_engagement
3748,balanced,social,0.0,0,,0,0,low_engagement
3749,balanced,paid_search,0.0,0,,0,0,low_engagement
3750,aggressive,organic,0.0,0,,0,0,cash_rich_noninvestor
3751,cautious,organic,0.0,0,,0,0,low_engagement
3752,balanced,social,0.0,0,,0,0,low_engagement
3753,aggressive,organic,0.0,0,,0,0,low_engagement
3754,cautious,organic,0.0,0,,0,0,low_engagement
3755,cautious,organic,0.0,0,,0,0,low_engagement
3756,balanced,organic,0.0,0,,0,0,low_engagement
3757,balanced,referral,0.0,0,,0,0,low_engagement
3758,aggressive,social,0.0,0,,0,0,low_engagement
3759,cautious,bank_partner,0.0,0,,0,0,low_engagement
3760,aggressive,referral,0.0,0,,0,0,cash_rich_noninvestor
3761,balanced,paid_search,0.0,0,,0,0,low_engagement
3762,cautious,paid_search,0.0,0,,0,0,cash_rich_noninvestor
3763,cautious,paid_search,0.0,0,,0,0,cash_rich_noninvestor
3764,aggressive,referral,0.0,0,,0,0,low_engagement
3765,cautious,paid_search,0.0,0,,0,0,low_engagement
3766,balanced,bank_partner,0.0,0,,0,0,low_engagement
3768,balanced,social,0.0,0,,0,0,low_engagement
3769,cautious,paid_search,0.0,0,,0,0,low_engagement
3771,cautious,bank_partner,0.0,0,,0,0,cash_rich_noninvestor
3773,balanced,paid_search,0.0,0,,0,0,low_engagement
3774,balanced,organic,0.0,0,,0,0,low_engagement
3775,cautious,organic,0.0,0,,0,0,cash_rich_noninvestor
3776,aggressive,referral,0.0,0,,0,0,low_engagement
3777,balanced,organic,0.0,0,,0,0,low_engagement
3778,cautious,bank_partner,0.0,0,,0,0,cash_rich_noninvestor
3779,cautious,organic,0.0,0,,0,0,low_engagement
3782,balanced,paid_search,0.0,0,,0,0,low_engagement
3783,cautious,referral,0.0,0,,0,0,low_engagement
3785,aggressive,organic,0.0,0,,0,0,low_engagement
3786,balanced,bank_partner,0.0,0,,0,0,cash_rich_noninvestor
3787,balanced,referral,0.0,0,,0,0,low_engagement
3788,cautious,referral,0.0,0,,0,0,cash_rich_noninvestor
3790,cautious,social,0.0,0,,0,0,low_engagement
3791,aggressive,social,0.0,0,,0,0,low_engagement
3792,balanced,referral,0.0,0,,0,0,cash_rich_noninvestor
3794,aggressive,paid_search,0.0,0,,0,0,low_engagement
3795,cautious,paid_search,0.0,0,,0,0,low_engagement
3796,aggressive,paid_search,0.0,0,,0,0,low_engagement
3797,balanced,organic,0.0,0,,0,0,low_engagement
3799,cautious,social,0.0,0,,0,0,low_engagement
3800,balanced,referral,0.0,0,,0,0,cash_rich_noninvestor
3801,balanced,organic,0.0,0,,0,0,low_engagement
3802,balanced,organic,0.0,0,,0,0,cash_rich_noninvestor
3803,cautious,paid_search,0.0,0,,0,0,cash_rich_noninvestor
3804,cautious,social,0.0,0,,0,0,low_engagement
3805,balanced,bank_partner,0.0,0,,0,0,low_engagement
3806,cautious,referral,0.0,0,,0,0,low_engagement
3808,aggressive,social,0.0,0,,0,0,low_engagement
3809,balanced,organic,0.0,0,,0,0,low_engagement
3810,cautious,bank_partner,0.0,0,,0,0,cash_rich_noninvestor
3811,cautious,organic,0.0,0,,0,0,low_engagement
3813,balanced,organic,0.0,0,,0,0,cash_rich_noninvestor
3814,cautious,referral,0.0,0,,0,0,low_engagement
3815,aggressive,bank_partner,0.0,0,,0,0,low_engagement
3816,cautious,paid_search,0.0,0,,0,0,low_engagement
3817,aggressive,bank_partner,0.0,0,,0,0,low_engagement
3820,balanced,organic,0.0,0,,0,0,low_engagement
3821,balanced,social,0.0,0,,0,0,low_engagement
3823,aggressive,organic,0.0,0,,0,0,low_engagement
3824,aggressive,bank_partner,0.0,0,,0,0,cash_rich_noninvestor
3826,balanced,bank_partner,0.0,0,,0,0,low_engagement
3827,balanced,bank_partner,0.0,0,,0,0,low_engagement
3829,balanced,bank_partner,0.0,0,,0,0,cash_rich_noninvestor
3830,balanced,paid_search,0.0,0,,0,0,low_engagement
3831,cautious,paid_search,0.0,0,,0,0,low_engagement
3833,balanced,paid_search,0.0,0,,0,0,low_engagement
3834,balanced,referral,0.0,0,,0,0,low_engagement
3835,cautious,social,0.0,0,,0,0,low_engagement
3836,aggressive,organic,0.0,0,,0,0,low_engagement
3837,balanced,bank_partner,0.0,0,,0,0,low_engagement
3838,balanced,referral,0.0,0,,0,0,low_engagement
3839,cautious,paid_search,0.0,0,,0,0,low_engagement
3840,balanced,bank_partner,0.0,0,,0,0,low_engagement
3841,balanced,organic,0.0,0,,0,0,low_engagement
3842,cautious,organic,0.0,0,,0,0,low_engagement
3843,cautious,organic,0.0,0,,0,0,low_engagement
3844,balanced,referral,0.0,0,,0,0,low_engagement
3845,balanced,referral,0.0,0,,0,0,low_engagement
3846,aggressive,paid_search,0.0,0,,0,0,cash_rich_noninvestor
3848,cautious,organic,0.0,0,,0,0,low_engagement
3849,aggressive,referral,0.0,0,,0,0,low_engagement
3850,balanced,organic,0.0,0,,0,0,low_engagement
3851,balanced,referral,0.0,0,,0,0,low_engagement
3853,balanced,bank_partner,0.0,0,,0,0,low_engagement
3854,cautious,referral,0.0,0,,0,0,low_engagement
3855,cautious,referral,0.0,0,,0,0,cash_rich_noninvestor
3856,aggressive,bank_partner,0.0,0,,0,0,low_engagement
3857,cautious,referral,0.0,0,,0,0,cash_rich_noninvestor
3858,balanced,social,0.0,0,,0,0,low_engagement
3859,balanced,paid_search,0.0,0,,0,0,low_engagement
3860,aggressive,bank_partner,0.0,0,,0,0,cash_rich_noninvestor
3861,cautious,referral,0.0,0,,0,0,low_engagement
3862,cautious,paid_search,0.0,0,,0,0,low_engagement
3863,balanced,organic,0.0,0,,0,0,cash_rich_noninvestor
3864,cautious,social,0.0,0,,0,0,low_engagement
3865,cautious,bank_partner,0.0,0,,0,0,cash_rich_noninvestor
3866,balanced,paid_search,0.0,0,,0,0,cash_rich_noninvestor
3867,balanced,organic,0.0,0,,0,0,low_engagement
3868,cautious,organic,0.0,0,,0,0,low_engagement
3869,aggressive,referral,0.0,0,,0,0,low_engagement
3870,cautious,paid_search,0.0,0,,0,0,low_engagement
3871,aggressive,referral,0.0,0,,0,0,low_engagement
3872,cautious,organic,0.0,0,,0,0,cash_rich_noninvestor
3873,balanced,organic,0.0,0,,0,0,cash_rich_noninvestor
3874,balanced,paid_search,0.0,0,,0,0,low_engagement
3875,cautious,paid_search,0.0,0,,0,0,low_engagement
3876,cautious,organic,0.0,0,,0,0,low_engagement
3877,balanced,organic,0.0,0,,0,0,cash_rich_noninvestor
3878,balanced,social,0.0,0,,0,0,low_engagement
3879,cautious,organic,0.0,0,,0,0,low_engagement
3880,aggressive,organic,0.0,0,,0,0,low_engagement
3881,balanced,social,0.0,0,,0,0,low_engagement
3882,aggressive,paid_search,0.0,0,,0,0,low_engagement
3883,cautious,social,0.0,0,,0,0,low_engagement
3884,aggressive,bank_partner,0.0,0,,0,0,low_engagement
3885,cautious,organic,0.0,0,,0,0,low_engagement
3886,balanced,social,0.0,0,,0,0,cash_rich_noninvestor
3887,cautious,bank_partner,0.0,0,,0,0,cash_rich_noninvestor
3888,balanced,paid_search,0.0,0,,0,0,low_engagement
3889,cautious,referral,0.0,0,,0,0,low_engagement
3890,cautious,social,0.0,0,,0,0,low_engagement
3891,cautious,referral,0.0,0,,0,0,cash_rich_noninvestor
3892,balanced,paid_search,0.0,0,,0,0,low_engagement
3896,aggressive,social,0.0,0,,0,0,low_engagement
3897,cautious,paid_search,0.0,0,,0,0,low_engagement
3898,balanced,referral,0.0,0,,0,0,cash_rich_noninvestor
3899,cautious,referral,0.0,0,,0,0,low_engagement
3900,balanced,social,0.0,0,,0,0,low_engagement
3902,balanced,paid_search,0.0,0,,0,0,low_engagement
3903,balanced,organic,0.0,0,,0,0,low_engagement
3905,cautious,social,0.0,0,,0,0,low_engagement
3906,cautious,social,0.0,0,,0,0,low_engagement
3907,balanced,bank_partner,0.0,0,,0,0,low_engagement
3908,balanced,bank_partner,0.0,0,,0,0,low_engagement
3909,aggressive,organic,0.0,0,,0,0,low_engagement
3910,aggressive,organic,0.0,0,,0,0,low_engagement
3911,cautious,paid_search,0.0,0,,0,0,cash_rich_noninvestor
3912,balanced,social,0.0,0,,0,0,low_engagement
3914,cautious,bank_partner,0.0,0,,0,0,low_engagement
3915,balanced,bank_partner,0.0,0,,0,0,low_engagement
3916,balanced,referral,0.0,0,,0,0,low_engagement
3917,aggressive,social,0.0,0,,0,0,low_engagement
3918,balanced,referral,0.0,0,,0,0,low_engagement
3920,balanced,referral,0.0,0,,0,0,low_engagement
3921,aggressive,bank_partner,0.0,0,,0,0,low_engagement
3922,balanced,organic,0.0,0,,0,0,low_engagement
3923,balanced,paid_search,0.0,0,,0,0,low_engagement
3924,cautious,organic,0.0,0,,0,0,low_engagement
3926,aggressive,organic,0.0,0,,0,0,low_engagement
3929,cautious,organic,0.0,0,,0,0,low_engagement
3930,balanced,referral,0.0,0,,0,0,low_engagement
3931,aggressive,social,0.0,0,,0,0,low_engagement
3932,cautious,social,0.0,0,,0,0,low_engagement
3933,cautious,referral,0.0,0,,0,0,low_engagement
3934,cautious,social,0.0,0,,0,0,cash_rich_noninvestor
3935,balanced,referral,0.0,0,,0,0,low_engagement
3936,balanced,paid_search,0.0,0,,0,0,low_engagement
3937,balanced,paid_search,0.0,0,,0,0,low_engagement
3938,cautious,bank_partner,0.0,0,,0,0,low_engagement
3939,balanced,paid_search,0.0,0,,0,0,cash_rich_noninvestor
3940,cautious,paid_search,0.0,0,,0,0,low_engagement
3941,cautious,paid_search,0.0,0,,0,0,low_engagement
3942,cautious,organic,0.0,0,,0,0,low_engagement
3943,cautious,social,0.0,0,,0,0,low_engagement
3944,aggressive,paid_search,0.0,0,,0,0,low_engagement
3945,balanced,bank_partner,0.0,0,,0,0,low_engagement
3946,cautious,social,0.0,0,,0,0,low_engagement
3947,aggressive,social,0.0,0,,0,0,cash_rich_noninvestor
3948,aggressive,paid_search,0.0,0,,0,0,cash_rich_noninvestor
3950,cautious,paid_search,0.0,0,,0,0,low_engagement
3951,aggressive,paid_search,0.0,0,,0,0,low_engagement
3952,balanced,paid_search,0.0,0,,0,0,cash_rich_noninvestor
3955,cautious,social,0.0,0,,0,0,cash_rich_noninvestor
3956,balanced,bank_partner,0.0,0,,0,0,low_engagement
3957,balanced,referral,0.0,0,,0,0,low_engagement
3958,balanced,paid_search,0.0,0,,0,0,cash_rich_noninvestor
3959,aggressive,organic,0.0,0,,0,0,low_engagement
3960,cautious,paid_search,0.0,0,,0,0,low_engagement
3961,aggressive,paid_search,0.0,0,,0,0,cash_rich_noninvestor
3963,balanced,referral,0.0,0,,0,0,low_engagement
3964,cautious,social,0.0,0,,0,0,low_engagement
3965,cautious,referral,0.0,0,,0,0,low_engagement
3966,balanced,organic,0.0,0,,0,0,low_engagement
3967,aggressive,bank_partner,0.0,0,,0,0,low_engagement
3968,balanced,organic,0.0,0,,0,0,cash_rich_noninvestor
3969,cautious,paid_search,0.0,0,,0,0,low_engagement
3970,balanced,paid_search,0.0,0,,0,0,low_engagement
3971,cautious,social,0.0,0,,0,0,low_engagement
3972,cautious,social,0.0,0,,0,0,low_engagement
3973,balanced,paid_search,0.0,0,,0,0,low_engagement
3974,cautious,social,0.0,0,,0,0,low_engagement
3975,aggressive,social,0.0,0,,0,0,low_engagement
3976,balanced,organic,0.0,0,,0,0,cash_rich_noninvestor
3977,aggressive,referral,0.0,0,,0,0,low_engagement
3978,cautious,paid_search,0.0,0,,0,0,low_engagement
3979,balanced,social,0.0,0,,0,0,cash_rich_noninvestor
3980,aggressive,organic,0.0,0,,0,0,cash_rich_noninvestor
3981,cautious,referral,0.0,0,,0,0,low_engagement
3983,balanced,organic,0.0,0,,0,0,low_engagement
3984,balanced,social,0.0,0,,0,0,cash_rich_noninvestor
3986,cautious,organic,0.0,0,,0,0,cash_rich_noninvestor
3988,aggressive,organic,0.0,0,,0,0,cash_rich_noninvestor
3989,cautious,paid_search,0.0,0,,0,0,low_engagement
3990,cautious,organic,0.0,0,,0,0,low_engagement
3991,cautious,bank_partner,0.0,0,,0,0,low_engagement
3992,balanced,paid_search,0.0,0,,0,0,low_engagement
3993,cautious,organic,0.0,0,,0,0,low_engagement
3994,aggressive,referral,0.0,0,,0,0,low_engagement
3996,balanced,organic,0.0,0,,0,0,low_engagement
3997,cautious,paid_search,0.0,0,,0,0,low_engagement
3999,balanced,organic,0.0,0,,0,0,low_engagement
4000,aggressive,organic,0.0,0,,0,0,cash_rich_noninvestor
4001,balanced,bank_partner,0.0,0,,0,0,low_engagement
4002,cautious,organic,0.0,0,,0,0,low_engagement
4003,balanced,referral,0.0,0,,0,0,low_engagement
4005,balanced,organic,0.0,0,,0,0,low_engagement
4006,aggressive,bank_partner,0.0,0,,0,0,low_engagement
4007,aggressive,organic,0.0,0,,0,0,low_engagement
4008,cautious,social,0.0,0,,0,0,cash_rich_noninvestor
4009,balanced,bank_partner,0.0,0,,0,0,low_engagement
4011,balanced,paid_search,0.0,0,,0,0,low_engagement
4012,aggressive,referral,0.0,0,,0,0,low_engagement
4013,aggressive,organic,0.0,0,,0,0,cash_rich_noninvestor
4014,cautious,paid_search,0.0,0,,0,0,low_engagement
4015,cautious,social,0.0,0,,0,0,low_engagement
4016,aggressive,social,0.0,0,,0,0,cash_rich_noninvestor
4017,balanced,bank_partner,0.0,0,,0,0,low_engagement
4018,cautious,social,0.0,0,,0,0,low_engagement
4019,balanced,paid_search,0.0,0,,0,0,low_engagement
4020,balanced,organic,0.0,0,,0,0,low_engagement
4021,cautious,social,0.0,0,,0,0,low_engagement
4022,aggressive,bank_partner,0.0,0,,0,0,low_engagement
4023,aggressive,organic,0.0,0,,0,0,low_engagement
4024,balanced,referral,0.0,0,,0,0,cash_rich_noninvestor
4025,aggressive,referral,0.0,0,,0,0,cash_rich_noninvestor
4026,balanced,organic,0.0,0,,0,0,cash_rich_noninvestor
4027,balanced,organic,0.0,0,,0,0,low_engagement
4028,aggressive,organic,0.0,0,,0,0,low_engagement
4029,balanced,referral,0.0,0,,0,0,low_engagement
4030,balanced,bank_partner,0.0,0,,0,0,low_engagement
4031,balanced,social,0.0,0,,0,0,low_engagement
4033,cautious,paid_search,0.0,0,,0,0,low_engagement
4034,cautious,organic,0.0,0,,0,0,low_engagement
4035,cautious,referral,0.0,0,,0,0,low_engagement
4036,balanced,organic,0.0,0,,0,0,cash_rich_noninvestor
4037,cautious,organic,0.0,0,,0,0,low_engagement
4038,cautious,organic,0.0,0,,0,0,cash_rich_noninvestor
4039,cautious,bank_partner,0.0,0,,0,0,low_engagement
4040,aggressive,social,0.0,0,,0,0,low_engagement
4041,balanced,organic,0.0,0,,0,0,cash_rich_noninvestor
4043,balanced,paid_search,0.0,0,,0,0,low_engagement
4044,aggressive,organic,0.0,0,,0,0,low_engagement
4045,balanced,referral,0.0,0,,0,0,low_engagement
4046,balanced,organic,0.0,0,,0,0,low_engagement
4047,aggressive,organic,0.0,0,,0,0,low_engagement
4048,cautious,organic,0.0,0,,0,0,low_engagement
4049,aggressive,organic,0.0,0,,0,0,low_engagement
4050,balanced,organic,0.0,0,,0,0,low_engagement
4051,aggressive,paid_search,0.0,0,,0,0,cash_rich_noninvestor
4052,cautious,social,0.0,0,,0,0,low_engagement
4053,balanced,organic,0.0,0,,0,0,low_engagement
4054,cautious,referral,0.0,0,,0,0,low_engagement
4055,aggressive,social,0.0,0,,0,0,low_engagement
4056,cautious,social,0.0,0,,0,0,low_engagement
4057,balanced,paid_search,0.0,0,,0,0,low_engagement
4058,balanced,bank_partner,0.0,0,,0,0,low_engagement
4059,cautious,organic,0.0,0,,0,0,cash_rich_noninvestor
4060,cautious,social,0.0,0,,0,0,low_engagement
4061,aggressive,organic,0.0,0,,0,0,low_engagement
4063,cautious,organic,0.0,0,,0,0,low_engagement
4064,cautious,paid_search,0.0,0,,0,0,low_engagement
4066,aggressive,paid_search,0.0,0,,0,0,low_engagement
4067,balanced,social,0.0,0,,0,0,cash_rich_noninvestor
4068,cautious,organic,0.0,0,,0,0,low_engagement
4069,balanced,bank_partner,0.0,0,,0,0,low_engagement
4070,aggressive,paid_search,0.0,0,,0,0,low_engagement
4071,balanced,paid_search,0.0,0,,0,0,low_engagement
4072,balanced,social,0.0,0,,0,0,low_engagement
4073,cautious,referral,0.0,0,,0,0,low_engagement
4074,balanced,social,0.0,0,,0,0,low_engagement
4075,cautious,referral,0.0,0,,0,0,low_engagement
4076,cautious,paid_search,0.0,0,,0,0,low_engagement
4078,cautious,organic,0.0,0,,0,0,cash_rich_noninvestor
4079,cautious,referral,0.0,0,,0,0,low_engagement
4080,aggressive,social,0.0,0,,0,0,low_engagement
4081,cautious,social,0.0,0,,0,0,cash_rich_noninvestor
4082,aggressive,bank_partner,0.0,0,,0,0,low_engagement
4083,cautious,paid_search,0.0,0,,0,0,low_engagement
4084,cautious,referral,0.0,0,,0,0,low_engagement
4085,cautious,social,0.0,0,,0,0,low_engagement
4086,aggressive,social,0.0,0,,0,0,low_engagement
4087,balanced,bank_partner,0.0,0,,0,0,low_engagement
4088,aggressive,paid_search,0.0,0,,0,0,low_engagement
4089,cautious,bank_partner,0.0,0,,0,0,cash_rich_noninvestor
4090,balanced,paid_search,0.0,0,,0,0,low_engagement
4092,cautious,paid_search,0.0,0,,0,0,cash_rich_noninvestor
4093,balanced,bank_partner,0.0,0,,0,0,low_engagement
4094,cautious,social,0.0,0,,0,0,low_engagement
4095,cautious,paid_search,0.0,0,,0,0,low_engagement
4096,balanced,paid_search,0.0,0,,0,0,low_engagement
4097,aggressive,organic,0.0,0,,0,0,low_engagement
4099,balanced,bank_partner,0.0,0,,0,0,cash_rich_noninvestor
4100,balanced,paid_search,0.0,0,,0,0,low_engagement
4101,balanced,organic,0.0,0,,0,0,cash_rich_noninvestor
4103,balanced,paid_search,0.0,0,,0,0,cash_rich_noninvestor
4104,cautious,paid_search,0.0,0,,0,0,low_engagement
4105,balanced,paid_search,0.0,0,,0,0,cash_rich_noninvestor
4106,balanced,social,0.0,0,,0,0,low_engagement
4107,cautious,organic,0.0,0,,0,0,low_engagement
4108,cautious,paid_search,0.0,0,,0,0,low_engagement
4109,cautious,organic,0.0,0,,0,0,cash_rich_noninvestor
4110,cautious,organic,0.0,0,,0,0,cash_rich_noninvestor
4111,cautious,referral,0.0,0,,0,0,low_engagement
4112,aggressive,organic,0.0,0,,0,0,low_engagement
4113,cautious,social,0.0,0,,0,0,low_engagement
4114,balanced,organic,0.0,0,,0,0,low_engagement
4115,aggressive,social,0.0,0,,0,0,low_engagement
4116,aggressive,referral,0.0,0,,0,0,low_engagement
4117,balanced,organic,0.0,0,,0,0,low_engagement
4118,cautious,paid_search,0.0,0,,0,0,cash_rich_noninvestor
4119,balanced,bank_partner,0.0,0,,0,0,low_engagement
4120,balanced,organic,0.0,0,,0,0,low_engagement
4121,balanced,organic,0.0,0,,0,0,cash_rich_noninvestor
4123,cautious,organic,0.0,0,,0,0,cash_rich_noninvestor
4124,balanced,social,0.0,0,,0,0,low_engagement
4126,cautious,organic,0.0,0,,0,0,low_engagement
4127,aggressive,organic,0.0,0,,0,0,low_engagement
4128,balanced,paid_search,0.0,0,,0,0,low_engagement
4129,cautious,paid_search,0.0,0,,0,0,low_engagement
4130,balanced,referral,0.0,0,,0,0,low_engagement
4131,balanced,paid_search,0.0,0,,0,0,low_engagement
4132,cautious,organic,0.0,0,,0,0,cash_rich_noninvestor
4133,balanced,paid_search,0.0,0,,0,0,low_engagement
4134,cautious,bank_partner,0.0,0,,0,0,low_engagement
4135,cautious,referral,0.0,0,,0,0,low_engagement
4136,balanced,referral,0.0,0,,0,0,low_engagement
4137,balanced,paid_search,0.0,0,,0,0,low_engagement
4139,cautious,paid_search,0.0,0,,0,0,cash_rich_noninvestor
4141,cautious,organic,0.0,0,,0,0,low_engagement
4143,balanced,organic,0.0,0,,0,0,low_engagement
4145,cautious,organic,0.0,0,,0,0,low_engagement
4146,balanced,bank_partner,0.0,0,,0,0,low_engagement
4147,balanced,social,0.0,0,,0,0,low_engagement
4148,balanced,paid_search,0.0,0,,0,0,low_engagement
4150,balanced,referral,0.0,0,,0,0,cash_rich_noninvestor
4151,balanced,organic,0.0,0,,0,0,low_engagement
4152,balanced,organic,0.0,0,,0,0,low_engagement
4153,balanced,organic,0.0,0,,0,0,low_engagement
4154,balanced,social,0.0,0,,0,0,cash_rich_noninvestor
4155,cautious,organic,0.0,0,,0,0,low_engagement
4156,cautious,organic,0.0,0,,0,0,low_engagement
4157,balanced,bank_partner,0.0,0,,0,0,cash_rich_noninvestor
4158,cautious,paid_search,0.0,0,,0,0,low_engagement
4159,balanced,organic,0.0,0,,0,0,low_engagement
4160,cautious,paid_search,0.0,0,,0,0,low_engagement
4161,balanced,bank_partner,0.0,0,,0,0,low_engagement
4162,balanced,referral,0.0,0,,0,0,low_engagement
4163,balanced,paid_search,0.0,0,,0,0,low_engagement
4164,balanced,organic,0.0,0,,0,0,low_engagement
4165,balanced,paid_search,0.0,0,,0,0,low_engagement
4166,balanced,social,0.0,0,,0,0,low_engagement
4167,cautious,organic,0.0,0,,0,0,low_engagement
4168,cautious,organic,0.0,0,,0,0,low_engagement
4169,cautious,social,0.0,0,,0,0,low_engagement
4171,balanced,social,0.0,0,,0,0,cash_rich_noninvestor
4172,cautious,bank_partner,0.0,0,,0,0,low_engagement
4173,cautious,paid_search,0.0,0,,0,0,low_engagement
4174,balanced,bank_partner,0.0,0,,0,0,low_engagement
4175,aggressive,bank_partner,0.0,0,,0,0,low_engagement
4176,cautious,social,0.0,0,,0,0,low_engagement
4177,balanced,organic,0.0,0,,0,0,low_engagement
4179,balanced,bank_partner,0.0,0,,0,0,low_engagement
4180,balanced,organic,0.0,0,,0,0,low_engagement
4182,balanced,social,0.0,0,,0,0,low_engagement
4183,balanced,organic,0.0,0,,0,0,low_engagement
4184,cautious,referral,0.0,0,,0,0,low_engagement
4185,balanced,social,0.0,0,,0,0,cash_rich_noninvestor
4189,balanced,paid_search,0.0,0,,0,0,low_engagement
4190,balanced,referral,0.0,0,,0,0,low_engagement
4191,aggressive,referral,0.0,0,,0,0,cash_rich_noninvestor
4192,cautious,paid_search,0.0,0,,0,0,cash_rich_noninvestor
4193,cautious,bank_partner,0.0,0,,0,0,low_engagement
4195,balanced,organic,0.0,0,,0,0,low_engagement
4196,cautious,social,0.0,0,,0,0,low_engagement
4197,balanced,paid_search,0.0,0,,0,0,cash_rich_noninvestor
4198,balanced,referral,0.0,0,,0,0,low_engagement
4200,balanced,organic,0.0,0,,0,0,low_engagement
4201,aggressive,bank_partner,0.0,0,,0,0,low_engagement
4202,cautious,social,0.0,0,,0,0,low_engagement
4204,cautious,organic,0.0,0,,0,0,low_engagement
4206,balanced,social,0.0,0,,0,0,low_engagement
4207,balanced,bank_partner,0.0,0,,0,0,low_engagement
4208,balanced,paid_search,0.0,0,,0,0,cash_rich_noninvestor
4209,balanced,paid_search,0.0,0,,0,0,low_engagement
4210,aggressive,paid_search,0.0,0,,0,0,low_engagement
4211,cautious,paid_search,0.0,0,,0,0,cash_rich_noninvestor
4212,aggressive,bank_partner,0.0,0,,0,0,cash_rich_noninvestor
4213,cautious,paid_search,0.0,0,,0,0,low_engagement
4214,cautious,bank_partner,0.0,0,,0,0,low_engagement
4215,aggressive,paid_search,0.0,0,,0,0,low_engagement
4216,cautious,paid_search,0.0,0,,0,0,low_engagement
4217,cautious,paid_search,0.0,0,,0,0,low_engagement
4218,balanced,bank_partner,0.0,0,,0,0,low_engagement
4220,balanced,organic,0.0,0,,0,0,low_engagement
4221,cautious,organic,0.0,0,,0,0,low_engagement
4222,cautious,social,0.0,0,,0,0,cash_rich_noninvestor
4223,cautious,paid_search,0.0,0,,0,0,low_engagement
4224,balanced,social,0.0,0,,0,0,low_engagement
4225,balanced,social,0.0,0,,0,0,low_engagement
4226,balanced,bank_partner,0.0,0,,0,0,cash_rich_noninvestor
4227,balanced,referral,0.0,0,,0,0,low_engagement
4228,cautious,referral,0.0,0,,0,0,low_engagement
4229,aggressive,social,0.0,0,,0,0,cash_rich_noninvestor
4230,aggressive,paid_search,0.0,0,,0,0,cash_rich_noninvestor
4231,cautious,organic,0.0,0,,0,0,low_engagement
4233,balanced,bank_partner,0.0,0,,0,0,low_engagement
4234,aggressive,paid_search,0.0,0,,0,0,cash_rich_noninvestor
4236,cautious,paid_search,0.0,0,,0,0,cash_rich_noninvestor
4237,balanced,paid_search,0.0,0,,0,0,cash_rich_noninvestor
4238,cautious,bank_partner,0.0,0,,0,0,low_engagement
4239,balanced,organic,0.0,0,,0,0,low_engagement
4240,cautious,organic,0.0,0,,0,0,low_engagement
4241,aggressive,bank_partner,0.0,0,,0,0,cash_rich_noninvestor
4242,cautious,social,0.0,0,,0,0,low_engagement
4243,cautious,organic,0.0,0,,0,0,low_engagement
4244,cautious,organic,0.0,0,,0,0,low_engagement
4245,cautious,bank_partner,0.0,0,,0,0,cash_rich_noninvestor
4246,balanced,organic,0.0,0,,0,0,cash_rich_noninvestor
4249,cautious,organic,0.0,0,,0,0,low_engagement
4250,cautious,paid_search,0.0,0,,0,0,low_engagement
4251,cautious,referral,0.0,0,,0,0,low_engagement
4252,balanced,organic,0.0,0,,0,0,low_engagement
4253,aggressive,organic,0.0,0,,0,0,low_engagement
4254,balanced,social,0.0,0,,0,0,low_engagement
4255,cautious,organic,0.0,0,,0,0,low_engagement
4256,balanced,bank_partner,0.0,0,,0,0,low_engagement
4257,aggressive,organic,0.0,0,,0,0,cash_rich_noninvestor
4259,balanced,organic,0.0,0,,0,0,low_engagement
4260,cautious,organic,0.0,0,,0,0,low_engagement
4261,balanced,organic,0.0,0,,0,0,low_engagement
4262,balanced,organic,0.0,0,,0,0,low_engagement
4263,balanced,organic,0.0,0,,0,0,low_engagement
4264,cautious,paid_search,0.0,0,,0,0,low_engagement
4265,aggressive,paid_search,0.0,0,,0,0,low_engagement
4266,balanced,social,0.0,0,,0,0,low_engagement
4267,cautious,organic,0.0,0,,0,0,low_engagement
4268,cautious,organic,0.0,0,,0,0,low_engagement
4269,aggressive,social,0.0,0,,0,0,low_engagement
4270,balanced,referral,0.0,0,,0,0,low_engagement
4271,aggressive,referral,0.0,0,,0,0,low_engagement
4273,balanced,social,0.0,0,,0,0,cash_rich_noninvestor
4274,cautious,organic,0.0,0,,0,0,low_engagement
4275,cautious,paid_search,0.0,0,,0,0,low_engagement
4276,aggressive,paid_search,0.0,0,,0,0,low_engagement
4277,balanced,referral,0.0,0,,0,0,low_engagement
4278,cautious,referral,0.0,0,,0,0,low_engagement
4279,balanced,referral,0.0,0,,0,0,cash_rich_noninvestor
4280,cautious,paid_search,0.0,0,,0,0,cash_rich_noninvestor
4281,cautious,paid_search,0.0,0,,0,0,low_engagement
4282,balanced,organic,0.0,0,,0,0,low_engagement
4283,cautious,paid_search,0.0,0,,0,0,cash_rich_noninvestor
4284,aggressive,paid_search,0.0,0,,0,0,low_engagement
4285,balanced,organic,0.0,0,,0,0,low_engagement
4286,balanced,referral,0.0,0,,0,0,cash_rich_noninvestor
4287,balanced,referral,0.0,0,,0,0,low_engagement
4288,cautious,social,0.0,0,,0,0,low_engagement
4289,balanced,paid_search,0.0,0,,0,0,low_engagement
4290,cautious,bank_partner,0.0,0,,0,0,low_engagement
4291,balanced,organic,0.0,0,,0,0,low_engagement
4292,cautious,organic,0.0,0,,0,0,low_engagement
4293,cautious,organic,0.0,0,,0,0,low_engagement
4294,balanced,paid_search,0.0,0,,0,0,low_engagement
4295,cautious,paid_search,0.0,0,,0,0,cash_rich_noninvestor
4296,cautious,organic,0.0,0,,0,0,low_engagement
4297,balanced,organic,0.0,0,,0,0,low_engagement
4299,cautious,paid_search,0.0,0,,0,0,cash_rich_noninvestor
4301,balanced,bank_partner,0.0,0,,0,0,low_engagement
4302,cautious,referral,0.0,0,,0,0,cash_rich_noninvestor
4304,balanced,organic,0.0,0,,0,0,cash_rich_noninvestor
4305,balanced,referral,0.0,0,,0,0,low_engagement
4306,balanced,referral,0.0,0,,0,0,low_engagement
4309,cautious,organic,0.0,0,,0,0,low_engagement
4311,balanced,paid_search,0.0,0,,0,0,low_engagement
4312,cautious,referral,0.0,0,,0,0,cash_rich_noninvestor
4313,balanced,referral,0.0,0,,0,0,low_engagement
4314,balanced,bank_partner,0.0,0,,0,0,cash_rich_noninvestor
4315,cautious,referral,0.0,0,,0,0,cash_rich_noninvestor
4316,cautious,organic,0.0,0,,0,0,low_engagement
4317,aggressive,paid_search,0.0,0,,0,0,low_engagement
4318,balanced,social,0.0,0,,0,0,low_engagement
4319,cautious,paid_search,0.0,0,,0,0,cash_rich_noninvestor
4320,cautious,referral,0.0,0,,0,0,low_engagement
4321,cautious,bank_partner,0.0,0,,0,0,cash_rich_noninvestor
4322,cautious,organic,0.0,0,,0,0,cash_rich_noninvestor
4323,balanced,bank_partner,0.0,0,,0,0,low_engagement
4324,balanced,social,0.0,0,,0,0,low_engagement
4325,cautious,organic,0.0,0,,0,0,low_engagement
4326,cautious,bank_partner,0.0,0,,0,0,low_engagement
4327,cautious,organic,0.0,0,,0,0,low_engagement
4328,cautious,social,0.0,0,,0,0,low_engagement
4329,aggressive,organic,0.0,0,,0,0,low_engagement
4330,aggressive,referral,0.0,0,,0,0,low_engagement
4331,balanced,paid_search,0.0,0,,0,0,cash_rich_noninvestor
4333,aggressive,organic,0.0,0,,0,0,low_engagement
4334,cautious,paid_search,0.0,0,,0,0,low_engagement
4335,balanced,organic,0.0,0,,0,0,low_engagement
4337,cautious,organic,0.0,0,,0,0,low_engagement
4338,balanced,paid_search,0.0,0,,0,0,low_engagement
4339,balanced,referral,0.0,0,,0,0,low_engagement
4340,cautious,organic,0.0,0,,0,0,low_engagement
4341,balanced,referral,0.0,0,,0,0,cash_rich_noninvestor
4342,balanced,social,0.0,0,,0,0,cash_rich_noninvestor
4343,aggressive,organic,0.0,0,,0,0,cash_rich_noninvestor
4345,aggressive,organic,0.0,0,,0,0,low_engagement
4346,cautious,paid_search,0.0,0,,0,0,low_engagement
4347,balanced,referral,0.0,0,,0,0,cash_rich_noninvestor
4348,cautious,bank_partner,0.0,0,,0,0,cash_rich_noninvestor
4349,cautious,social,0.0,0,,0,0,low_engagement
4350,cautious,social,0.0,0,,0,0,low_engagement
4351,aggressive,social,0.0,0,,0,0,cash_rich_noninvestor
4352,cautious,referral,0.0,0,,0,0,low_engagement
4353,balanced,referral,0.0,0,,0,0,cash_rich_noninvestor
4354,balanced,bank_partner,0.0,0,,0,0,low_engagement
4355,cautious,organic,0.0,0,,0,0,cash_rich_noninvestor
4357,cautious,social,0.0,0,,0,0,low_engagement
4359,balanced,referral,0.0,0,,0,0,low_engagement
4361,cautious,referral,0.0,0,,0,0,low_engagement
4362,cautious,organic,0.0,0,,0,0,low_engagement
4363,cautious,organic,0.0,0,,0,0,low_engagement
4364,balanced,social,0.0,0,,0,0,low_engagement
4365,balanced,social,0.0,0,,0,0,low_engagement
4366,aggressive,paid_search,0.0,0,,0,0,low_engagement
4367,aggressive,referral,0.0,0,,0,0,low_engagement
4368,cautious,organic,0.0,0,,0,0,low_engagement
4370,balanced,paid_search,0.0,0,,0,0,cash_rich_noninvestor
4371,balanced,paid_search,0.0,0,,0,0,low_engagement
4373,cautious,organic,0.0,0,,0,0,low_engagement
4374,balanced,organic,0.0,0,,0,0,cash_rich_noninvestor
4375,balanced,bank_partner,0.0,0,,0,0,low_engagement
4376,balanced,paid_search,0.0,0,,0,0,low_engagement
4378,balanced,paid_search,0.0,0,,0,0,low_engagement
4379,cautious,referral,0.0,0,,0,0,low_engagement
4380,aggressive,social,0.0,0,,0,0,low_engagement
4381,balanced,bank_partner,0.0,0,,0,0,low_engagement
4382,cautious,organic,0.0,0,,0,0,low_engagement
4383,aggressive,organic,0.0,0,,0,0,low_engagement
4384,aggressive,referral,0.0,0,,0,0,low_engagement
4385,cautious,referral,0.0,0,,0,0,cash_rich_noninvestor
4386,balanced,organic,0.0,0,,0,0,low_engagement
4387,cautious,bank_partner,0.0,0,,0,0,low_engagement
4389,balanced,organic,0.0,0,,0,0,low_engagement
4390,cautious,organic,0.0,0,,0,0,low_engagement
4391,balanced,paid_search,0.0,0,,0,0,cash_rich_noninvestor
4392,balanced,referral,0.0,0,,0,0,low_engagement
4393,aggressive,referral,0.0,0,,0,0,low_engagement
4394,balanced,social,0.0,0,,0,0,low_engagement
4395,balanced,paid_search,0.0,0,,0,0,low_engagement
4396,balanced,organic,0.0,0,,0,0,low_engagement
4397,cautious,organic,0.0,0,,0,0,low_engagement
4398,cautious,organic,0.0,0,,0,0,low_engagement
4399,balanced,bank_partner,0.0,0,,0,0,low_engagement
4400,cautious,paid_search,0.0,0,,0,0,low_engagement
4402,balanced,paid_search,0.0,0,,0,0,low_engagement
4403,cautious,referral,0.0,0,,0,0,cash_rich_noninvestor
4404,aggressive,social,0.0,0,,0,0,low_engagement
4405,cautious,bank_partner,0.0,0,,0,0,low_engagement
4406,balanced,organic,0.0,0,,0,0,low_engagement
4407,cautious,social,0.0,0,,0,0,low_engagement
4408,aggressive,paid_search,0.0,0,,0,0,cash_rich_noninvestor
4409,balanced,referral,0.0,0,,0,0,low_engagement
4410,balanced,paid_search,0.0,0,,0,0,cash_rich_noninvestor
4411,cautious,bank_partner,0.0,0,,0,0,cash_rich_noninvestor
4412,cautious,organic,0.0,0,,0,0,low_engagement
4413,cautious,bank_partner,0.0,0,,0,0,low_engagement
4414,aggressive,organic,0.0,0,,0,0,low_engagement
4415,balanced,social,0.0,0,,0,0,low_engagement
4416,balanced,social,0.0,0,,0,0,low_engagement
4417,balanced,organic,0.0,0,,0,0,low_engagement
4418,balanced,organic,0.0,0,,0,0,cash_rich_noninvestor
4419,cautious,organic,0.0,0,,0,0,low_engagement
4420,balanced,referral,0.0,0,,0,0,cash_rich_noninvestor
4421,balanced,referral,0.0,0,,0,0,cash_rich_noninvestor
4422,aggressive,paid_search,0.0,0,,0,0,low_engagement
4423,balanced,social,0.0,0,,0,0,cash_rich_noninvestor
4424,cautious,organic,0.0,0,,0,0,low_engagement
4425,aggressive,social,0.0,0,,0,0,low_engagement
4427,cautious,bank_partner,0.0,0,,0,0,low_engagement
4428,aggressive,social,0.0,0,,0,0,low_engagement
4430,balanced,social,0.0,0,,0,0,cash_rich_noninvestor
4431,balanced,bank_partner,0.0,0,,0,0,low_engagement
4432,aggressive,organic,0.0,0,,0,0,cash_rich_noninvestor
4433,balanced,social,0.0,0,,0,0,low_engagement
4434,cautious,organic,0.0,0,,0,0,low_engagement
4435,cautious,bank_partner,0.0,0,,0,0,low_engagement
4436,cautious,social,0.0,0,,0,0,low_engagement
4437,aggressive,bank_partner,0.0,0,,0,0,low_engagement
4438,cautious,organic,0.0,0,,0,0,cash_rich_noninvestor
4439,balanced,organic,0.0,0,,0,0,cash_rich_noninvestor
4440,aggressive,bank_partner,0.0,0,,0,0,low_engagement
4441,cautious,organic,0.0,0,,0,0,low_engagement
4442,balanced,organic,0.0,0,,0,0,low_engagement
4444,cautious,organic,0.0,0,,0,0,low_engagement
4446,aggressive,bank_partner,0.0,0,,0,0,cash_rich_noninvestor
4447,aggressive,social,0.0,0,,0,0,low_engagement
4448,aggressive,organic,0.0,0,,0,0,low_engagement
4449,balanced,organic,0.0,0,,0,0,low_engagement
4450,cautious,referral,0.0,0,,0,0,low_engagement
4451,balanced,bank_partner,0.0,0,,0,0,low_engagement
4452,balanced,paid_search,0.0,0,,0,0,low_engagement
4454,cautious,paid_search,0.0,0,,0,0,low_engagement
4456,cautious,bank_partner,0.0,0,,0,0,low_engagement
4457,aggressive,organic,0.0,0,,0,0,cash_rich_noninvestor
4458,cautious,paid_search,0.0,0,,0,0,low_engagement
4459,aggressive,paid_search,0.0,0,,0,0,low_engagement
4460,balanced,social,0.0,0,,0,0,low_engagement
4462,balanced,paid_search,0.0,0,,0,0,low_engagement
4463,balanced,organic,0.0,0,,0,0,low_engagement
4464,aggressive,social,0.0,0,,0,0,low_engagement
4465,aggressive,organic,0.0,0,,0,0,cash_rich_noninvestor
4466,cautious,bank_partner,0.0,0,,0,0,cash_rich_noninvestor
4467,cautious,organic,0.0,0,,0,0,cash_rich_noninvestor
4468,aggressive,organic,0.0,0,,0,0,low_engagement
4470,balanced,bank_partner,0.0,0,,0,0,low_engagement
4471,aggressive,social,0.0,0,,0,0,low_engagement
4472,balanced,bank_partner,0.0,0,,0,0,low_engagement
4473,balanced,bank_partner,0.0,0,,0,0,low_engagement
4474,cautious,organic,0.0,0,,0,0,low_engagement
4476,cautious,bank_partner,0.0,0,,0,0,low_engagement
4477,balanced,organic,0.0,0,,0,0,low_engagement
4478,cautious,social,0.0,0,,0,0,low_engagement
4479,balanced,social,0.0,0,,0,0,low_engagement
4480,balanced,bank_partner,0.0,0,,0,0,cash_rich_noninvestor
4481,aggressive,paid_search,0.0,0,,0,0,low_engagement
4483,balanced,organic,0.0,0,,0,0,low_engagement
4484,cautious,referral,0.0,0,,0,0,low_engagement
4485,cautious,organic,0.0,0,,0,0,cash_rich_noninvestor
4486,balanced,bank_partner,0.0,0,,0,0,low_engagement
4487,cautious,paid_search,0.0,0,,0,0,low_engagement
4488,cautious,organic,0.0,0,,0,0,low_engagement
4489,cautious,organic,0.0,0,,0,0,low_engagement
4490,balanced,referral,0.0,0,,0,0,low_engagement
4491,cautious,paid_search,0.0,0,,0,0,low_engagement
4492,cautious,bank_partner,0.0,0,,0,0,low_engagement
4494,cautious,referral,0.0,0,,0,0,low_engagement
4495,cautious,social,0.0,0,,0,0,low_engagement
4496,balanced,paid_search,0.0,0,,0,0,low_engagement
4497,cautious,paid_search,0.0,0,,0,0,low_engagement
4498,balanced,social,0.0,0,,0,0,low_engagement
4499,balanced,bank_partner,0.0,0,,0,0,low_engagement
4500,balanced,organic,0.0,0,,0,0,low_engagement
4501,cautious,paid_search,0.0,0,,0,0,low_engagement
4502,balanced,paid_search,0.0,0,,0,0,low_engagement
4504,balanced,referral,0.0,0,,0,0,low_engagement
4505,balanced,social,0.0,0,,0,0,low_engagement
4506,cautious,social,0.0,0,,0,0,low_engagement
4507,balanced,organic,0.0,0,,0,0,cash_rich_noninvestor
4508,balanced,bank_partner,0.0,0,,0,0,low_engagement
4509,cautious,social,0.0,0,,0,0,low_engagement
4510,balanced,organic,0.0,0,,0,0,cash_rich_noninvestor
4511,aggressive,social,0.0,0,,0,0,low_engagement
4512,balanced,organic,0.0,0,,0,0,cash_rich_noninvestor
4513,balanced,paid_search,0.0,0,,0,0,low_engagement
4514,cautious,referral,0.0,0,,0,0,low_engagement
4515,balanced,paid_search,0.0,0,,0,0,low_engagement
4516,balanced,organic,0.0,0,,0,0,cash_rich_noninvestor
4517,balanced,bank_partner,0.0,0,,0,0,low_engagement
4518,balanced,paid_search,0.0,0,,0,0,low_engagement
4519,balanced,paid_search,0.0,0,,0,0,low_engagement
4521,aggressive,organic,0.0,0,,0,0,low_engagement
4522,cautious,paid_search,0.0,0,,0,0,low_engagement
4523,cautious,referral,0.0,0,,0,0,low_engagement
4524,cautious,bank_partner,0.0,0,,0,0,low_engagement
4525,aggressive,organic,0.0,0,,0,0,cash_rich_noninvestor
4526,aggressive,social,0.0,0,,0,0,low_engagement
4527,balanced,referral,0.0,0,,0,0,low_engagement
4528,cautious,referral,0.0,0,,0,0,low_engagement
4529,balanced,bank_partner,0.0,0,,0,0,cash_rich_noninvestor
4530,balanced,paid_search,0.0,0,,0,0,cash_rich_noninvestor
4531,cautious,bank_partner,0.0,0,,0,0,low_engagement
4532,balanced,organic,0.0,0,,0,0,low_engagement
4533,balanced,bank_partner,0.0,0,,0,0,low_engagement
4534,balanced,bank_partner,0.0,0,,0,0,cash_rich_noninvestor
4536,cautious,organic,0.0,0,,0,0,low_engagement
4537,balanced,social,0.0,0,,0,0,low_engagement
4538,cautious,referral,0.0,0,,0,0,low_engagement
4539,balanced,organic,0.0,0,,0,0,cash_rich_noninvestor
4540,balanced,bank_partner,0.0,0,,0,0,low_engagement
4541,cautious,organic,0.0,0,,0,0,low_engagement
4543,cautious,organic,0.0,0,,0,0,low_engagement
4544,cautious,social,0.0,0,,0,0,low_engagement
4545,balanced,paid_search,0.0,0,,0,0,low_engagement
4546,balanced,social,0.0,0,,0,0,low_engagement
4547,balanced,organic,0.0,0,,0,0,low_engagement
4548,aggressive,bank_partner,0.0,0,,0,0,low_engagement
4549,aggressive,organic,0.0,0,,0,0,low_engagement
4550,balanced,social,0.0,0,,0,0,low_engagement
4551,cautious,organic,0.0,0,,0,0,low_engagement
4552,balanced,bank_partner,0.0,0,,0,0,cash_rich_noninvestor
4553,balanced,paid_search,0.0,0,,0,0,low_engagement
4554,cautious,social,0.0,0,,0,0,low_engagement
4555,cautious,referral,0.0,0,,0,0,cash_rich_noninvestor
4556,cautious,paid_search,0.0,0,,0,0,low_engagement
4557,cautious,social,0.0,0,,0,0,low_engagement
4558,balanced,referral,0.0,0,,0,0,low_engagement
4559,cautious,bank_partner,0.0,0,,0,0,cash_rich_noninvestor
4560,cautious,referral,0.0,0,,0,0,low_engagement
4561,aggressive,social,0.0,0,,0,0,cash_rich_noninvestor
4562,balanced,paid_search,0.0,0,,0,0,low_engagement
4564,cautious,organic,0.0,0,,0,0,cash_rich_noninvestor
4565,cautious,organic,0.0,0,,0,0,low_engagement
4566,cautious,paid_search,0.0,0,,0,0,cash_rich_noninvestor
4567,cautious,social,0.0,0,,0,0,low_engagement
4568,cautious,paid_search,0.0,0,,0,0,low_engagement
4569,aggressive,referral,0.0,0,,0,0,low_engagement
4570,cautious,organic,0.0,0,,0,0,low_engagement
4571,cautious,social,0.0,0,,0,0,low_engagement
4572,cautious,organic,0.0,0,,0,0,cash_rich_noninvestor
4573,cautious,organic,0.0,0,,0,0,cash_rich_noninvestor
4574,balanced,social,0.0,0,,0,0,low_engagement
4575,cautious,referral,0.0,0,,0,0,low_engagement
4576,cautious,social,0.0,0,,0,0,low_engagement
4577,aggressive,organic,0.0,0,,0,0,low_engagement
4578,aggressive,paid_search,0.0,0,,0,0,low_engagement
4580,balanced,bank_partner,0.0,0,,0,0,low_engagement
4581,balanced,social,0.0,0,,0,0,low_engagement
4582,balanced,paid_search,0.0,0,,0,0,low_engagement
4583,balanced,organic,0.0,0,,0,0,low_engagement
4584,balanced,social,0.0,0,,0,0,cash_rich_noninvestor
4585,cautious,organic,0.0,0,,0,0,low_engagement
4586,balanced,paid_search,0.0,0,,0,0,low_engagement
4587,balanced,paid_search,0.0,0,,0,0,cash_rich_noninvestor
4588,balanced,social,0.0,0,,0,0,low_engagement
4590,aggressive,referral,0.0,0,,0,0,low_engagement
4591,balanced,referral,0.0,0,,0,0,low_engagement
4592,balanced,social,0.0,0,,0,0,low_engagement
4593,balanced,paid_search,0.0,0,,0,0,cash_rich_noninvestor
4594,cautious,social,0.0,0,,0,0,low_engagement
4595,cautious,social,0.0,0,,0,0,low_engagement
4596,cautious,organic,0.0,0,,0,0,low_engagement
4597,cautious,social,0.0,0,,0,0,low_engagement
4598,aggressive,paid_search,0.0,0,,0,0,low_engagement
4599,aggressive,social,0.0,0,,0,0,low_engagement
4600,cautious,paid_search,0.0,0,,0,0,low_engagement
4601,balanced,social,0.0,0,,0,0,low_engagement
4602,cautious,paid_search,0.0,0,,0,0,low_engagement
4603,aggressive,paid_search,0.0,0,,0,0,cash_rich_noninvestor
4604,balanced,referral,0.0,0,,0,0,low_engagement
4605,aggressive,social,0.0,0,,0,0,low_engagement
4606,balanced,social,0.0,0,,0,0,low_engagement
4607,cautious,organic,0.0,0,,0,0,low_engagement
4608,cautious,paid_search,0.0,0,,0,0,cash_rich_noninvestor
4609,balanced,organic,0.0,0,,0,0,low_engagement
4610,balanced,social,0.0,0,,0,0,cash_rich_noninvestor
4611,balanced,social,0.0,0,,0,0,cash_rich_noninvestor
4612,aggressive,referral,0.0,0,,0,0,low_engagement
4614,cautious,organic,0.0,0,,0,0,low_engagement
4615,balanced,bank_partner,0.0,0,,0,0,low_engagement
4616,balanced,organic,0.0,0,,0,0,cash_rich_noninvestor
4617,balanced,organic,0.0,0,,0,0,low_engagement
4618,balanced,bank_partner,0.0,0,,0,0,cash_rich_noninvestor
4619,aggressive,social,0.0,0,,0,0,low_engagement
4620,cautious,bank_partner,0.0,0,,0,0,low_engagement
4621,aggressive,referral,0.0,0,,0,0,low_engagement
4622,aggressive,paid_search,0.0,0,,0,0,low_engagement
4623,aggressive,referral,0.0,0,,0,0,cash_rich_noninvestor
4624,aggressive,paid_search,0.0,0,,0,0,cash_rich_noninvestor
4625,cautious,referral,0.0,0,,0,0,low_engagement
4626,balanced,organic,0.0,0,,0,0,low_engagement
4627,aggressive,organic,0.0,0,,0,0,low_engagement
4628,balanced,social,0.0,0,,0,0,low_engagement
4629,balanced,paid_search,0.0,0,,0,0,cash_rich_noninvestor
4630,balanced,social,0.0,0,,0,0,cash_rich_noninvestor
4631,cautious,referral,0.0,0,,0,0,low_engagement
4632,balanced,organic,0.0,0,,0,0,low_engagement
4633,aggressive,paid_search,0.0,0,,0,0,cash_rich_noninvestor
4634,balanced,paid_search,0.0,0,,0,0,cash_rich_noninvestor
4635,cautious,organic,0.0,0,,0,0,low_engagement
4636,balanced,paid_search,0.0,0,,0,0,low_engagement
4637,balanced,paid_search,0.0,0,,0,0,low_engagement
4638,balanced,organic,0.0,0,,0,0,cash_rich_noninvestor
4639,balanced,paid_search,0.0,0,,0,0,low_engagement
4640,balanced,organic,0.0,0,,0,0,cash_rich_noninvestor
4641,balanced,paid_search,0.0,0,,0,0,low_engagement
4642,cautious,organic,0.0,0,,0,0,low_engagement
4643,aggressive,paid_search,0.0,0,,0,0,low_engagement
4644,cautious,organic,0.0,0,,0,0,low_engagement
4645,balanced,paid_search,0.0,0,,0,0,low_engagement
4646,cautious,paid_search,0.0,0,,0,0,low_engagement
4647,aggressive,organic,0.0,0,,0,0,low_engagement
4648,balanced,organic,0.0,0,,0,0,low_engagement
4649,cautious,organic,0.0,0,,0,0,low_engagement
4650,cautious,organic,0.0,0,,0,0,low_engagement
4651,balanced,social,0.0,0,,0,0,low_engagement
4652,cautious,organic,0.0,0,,0,0,low_engagement
4653,balanced,organic,0.0,0,,0,0,low_engagement
4654,cautious,social,0.0,0,,0,0,low_engagement
4655,cautious,paid_search,0.0,0,,0,0,cash_rich_noninvestor
4656,balanced,organic,0.0,0,,0,0,low_engagement
4657,aggressive,paid_search,0.0,0,,0,0,low_engagement
4658,cautious,paid_search,0.0,0,,0,0,low_engagement
4659,aggressive,organic,0.0,0,,0,0,low_engagement
4660,cautious,paid_search,0.0,0,,0,0,low_engagement
4661,cautious,referral,0.0,0,,0,0,low_engagement
4663,aggressive,social,0.0,0,,0,0,low_engagement
4664,cautious,organic,0.0,0,,0,0,low_engagement
4665,aggressive,social,0.0,0,,0,0,cash_rich_noninvestor
4666,balanced,organic,0.0,0,,0,0,low_engagement
4667,cautious,referral,0.0,0,,0,0,low_engagement
4668,cautious,social,0.0,0,,0,0,low_engagement
4669,balanced,social,0.0,0,,0,0,low_engagement
4670,cautious,paid_search,0.0,0,,0,0,low_engagement
4671,cautious,organic,0.0,0,,0,0,cash_rich_noninvestor
4672,cautious,social,0.0,0,,0,0,low_engagement
4673,balanced,social,0.0,0,,0,0,cash_rich_noninvestor
4674,balanced,paid_search,0.0,0,,0,0,low_engagement
4675,balanced,referral,0.0,0,,0,0,low_engagement
4676,cautious,paid_search,0.0,0,,0,0,low_engagement
4677,balanced,social,0.0,0,,0,0,low_engagement
4678,balanced,paid_search,0.0,0,,0,0,low_engagement
4679,cautious,bank_partner,0.0,0,,0,0,low_engagement
4680,balanced,paid_search,0.0,0,,0,0,cash_rich_noninvestor
4681,cautious,social,0.0,0,,0,0,low_engagement
4682,cautious,organic,0.0,0,,0,0,low_engagement
4684,balanced,organic,0.0,0,,0,0,low_engagement
4685,balanced,paid_search,0.0,0,,0,0,low_engagement
4686,balanced,bank_partner,0.0,0,,0,0,low_engagement
4687,cautious,organic,0.0,0,,0,0,cash_rich_noninvestor
4688,balanced,social,0.0,0,,0,0,low_engagement
4689,cautious,bank_partner,0.0,0,,0,0,cash_rich_noninvestor
4691,aggressive,referral,0.0,0,,0,0,low_engagement
4692,balanced,bank_partner,0.0,0,,0,0,low_engagement
4693,balanced,organic,0.0,0,,0,0,cash_rich_noninvestor
4694,cautious,paid_search,0.0,0,,0,0,low_engagement
4695,balanced,social,0.0,0,,0,0,low_engagement
4696,cautious,paid_search,0.0,0,,0,0,cash_rich_noninvestor
4697,cautious,social,0.0,0,,0,0,low_engagement
4699,cautious,bank_partner,0.0,0,,0,0,low_engagement
4700,cautious,paid_search,0.0,0,,0,0,low_engagement
4701,cautious,organic,0.0,0,,0,0,low_engagement
4703,cautious,organic,0.0,0,,0,0,low_engagement
4704,balanced,referral,0.0,0,,0,0,low_engagement
4705,balanced,paid_search,0.0,0,,0,0,low_engagement
4706,aggressive,social,0.0,0,,0,0,low_engagement
4707,cautious,bank_partner,0.0,0,,0,0,cash_rich_noninvestor
4708,cautious,organic,0.0,0,,0,0,low_engagement
4709,balanced,social,0.0,0,,0,0,low_engagement
4710,balanced,referral,0.0,0,,0,0,low_engagement
4711,balanced,paid_search,0.0,0,,0,0,low_engagement
4712,aggressive,organic,0.0,0,,0,0,low_engagement
4713,cautious,organic,0.0,0,,0,0,low_engagement
4714,cautious,paid_search,0.0,0,,0,0,low_engagement
4715,cautious,social,0.0,0,,0,0,low_engagement
4716,balanced,organic,0.0,0,,0,0,low_engagement
4717,balanced,referral,0.0,0,,0,0,low_engagement
4718,aggressive,bank_partner,0.0,0,,0,0,low_engagement
4719,aggressive,organic,0.0,0,,0,0,low_engagement
4721,cautious,social,0.0,0,,0,0,low_engagement
4722,cautious,social,0.0,0,,0,0,low_engagement
4723,balanced,organic,0.0,0,,0,0,cash_rich_noninvestor
4725,balanced,referral,0.0,0,,0,0,low_engagement
4726,aggressive,referral,0.0,0,,0,0,low_engagement
4727,aggressive,social,0.0,0,,0,0,cash_rich_noninvestor
4728,aggressive,organic,0.0,0,,0,0,cash_rich_noninvestor
4729,balanced,bank_partner,0.0,0,,0,0,low_engagement
4730,balanced,paid_search,0.0,0,,0,0,low_engagement
4731,aggressive,bank_partner,0.0,0,,0,0,low_engagement
4732,cautious,organic,0.0,0,,0,0,low_engagement
4733,cautious,organic,0.0,0,,0,0,low_engagement
4734,balanced,social,0.0,0,,0,0,low_engagement
4735,cautious,referral,0.0,0,,0,0,cash_rich_noninvestor
4737,balanced,organic,0.0,0,,0,0,low_engagement
4738,balanced,bank_partner,0.0,0,,0,0,low_engagement
4739,balanced,referral,0.0,0,,0,0,low_engagement
4740,aggressive,bank_partner,0.0,0,,0,0,low_engagement
4741,balanced,social,0.0,0,,0,0,cash_rich_noninvestor
4742,cautious,bank_partner,0.0,0,,0,0,low_engagement
4743,cautious,bank_partner,0.0,0,,0,0,low_engagement
4744,cautious,paid_search,0.0,0,,0,0,cash_rich_noninvestor
4745,balanced,organic,0.0,0,,0,0,low_engagement
4746,cautious,bank_partner,0.0,0,,0,0,cash_rich_noninvestor
4747,balanced,bank_partner,0.0,0,,0,0,low_engagement
4748,balanced,social,0.0,0,,0,0,low_engagement
4749,cautious,paid_search,0.0,0,,0,0,low_engagement
4750,balanced,bank_partner,0.0,0,,0,0,cash_rich_noninvestor
4751,balanced,bank_partner,0.0,0,,0,0,low_engagement
4753,cautious,paid_search,0.0,0,,0,0,cash_rich_noninvestor
4754,aggressive,organic,0.0,0,,0,0,low_engagement
4756,balanced,paid_search,0.0,0,,0,0,low_engagement
4757,balanced,social,0.0,0,,0,0,cash_rich_noninvestor
4758,aggressive,organic,0.0,0,,0,0,low_engagement
4759,aggressive,organic,0.0,0,,0,0,low_engagement
4761,balanced,paid_search,0.0,0,,0,0,low_engagement
4762,balanced,organic,0.0,0,,0,0,cash_rich_noninvestor
4763,aggressive,bank_partner,0.0,0,,0,0,low_engagement
4764,cautious,paid_search,0.0,0,,0,0,low_engagement
4765,cautious,referral,0.0,0,,0,0,low_engagement
4766,cautious,paid_search,0.0,0,,0,0,cash_rich_noninvestor
4767,aggressive,social,0.0,0,,0,0,low_engagement
4768,cautious,organic,0.0,0,,0,0,cash_rich_noninvestor
4769,cautious,referral,0.0,0,,0,0,cash_rich_noninvestor
4770,aggressive,social,0.0,0,,0,0,cash_rich_noninvestor
4771,cautious,bank_partner,0.0,0,,0,0,low_engagement
4772,cautious,social,0.0,0,,0,0,low_engagement
4773,balanced,social,0.0,0,,0,0,low_engagement
4774,aggressive,organic,0.0,0,,0,0,cash_rich_noninvestor
4775,aggressive,paid_search,0.0,0,,0,0,low_engagement
4776,aggressive,bank_partner,0.0,0,,0,0,low_engagement
4777,balanced,paid_search,0.0,0,,0,0,cash_rich_noninvestor
4778,balanced,organic,0.0,0,,0,0,low_engagement
4779,aggressive,social,0.0,0,,0,0,low_engagement
4780,balanced,referral,0.0,0,,0,0,low_engagement
4781,cautious,organic,0.0,0,,0,0,cash_rich_noninvestor
4782,balanced,bank_partner,0.0,0,,0,0,low_engagement
4783,balanced,paid_search,0.0,0,,0,0,low_engagement
4784,aggressive,referral,0.0,0,,0,0,low_engagement
4785,balanced,social,0.0,0,,0,0,low_engagement
4786,balanced,referral,0.0,0,,0,0,low_engagement
4787,balanced,paid_search,0.0,0,,0,0,low_engagement
4788,aggressive,organic,0.0,0,,0,0,low_engagement
4789,aggressive,paid_search,0.0,0,,0,0,low_engagement
4790,balanced,social,0.0,0,,0,0,low_engagement
4791,cautious,social,0.0,0,,0,0,low_engagement
4792,balanced,bank_partner,0.0,0,,0,0,cash_rich_noninvestor
4794,balanced,paid_search,0.0,0,,0,0,low_engagement
4797,balanced,organic,0.0,0,,0,0,cash_rich_noninvestor
4798,cautious,bank_partner,0.0,0,,0,0,low_engagement
4799,aggressive,bank_partner,0.0,0,,0,0,low_engagement
4800,cautious,bank_partner,0.0,0,,0,0,low_engagement
4801,cautious,referral,0.0,0,,0,0,low_engagement
4802,aggressive,social,0.0,0,,0,0,cash_rich_noninvestor
4803,cautious,organic,0.0,0,,0,0,low_engagement
4804,cautious,bank_partner,0.0,0,,0,0,cash_rich_noninvestor
4805,balanced,social,0.0,0,,0,0,cash_rich_noninvestor
4806,cautious,social,0.0,0,,0,0,cash_rich_noninvestor
4808,cautious,social,0.0,0,,0,0,low_engagement
4809,aggressive,social,0.0,0,,0,0,cash_rich_noninvestor
4811,cautious,organic,0.0,0,,0,0,low_engagement
4812,balanced,organic,0.0,0,,0,0,low_engagement
4813,cautious,paid_search,0.0,0,,0,0,low_engagement
4814,balanced,social,0.0,0,,0,0,low_engagement
4815,balanced,social,0.0,0,,0,0,low_engagement
4816,balanced,bank_partner,0.0,0,,0,0,cash_rich_noninvestor
4818,cautious,paid_search,0.0,0,,0,0,low_engagement
4820,cautious,organic,0.0,0,,0,0,low_engagement
4821,balanced,paid_search,0.0,0,,0,0,cash_rich_noninvestor
4822,balanced,referral,0.0,0,,0,0,low_engagement
4823,cautious,referral,0.0,0,,0,0,low_engagement
4825,balanced,referral,0.0,0,,0,0,low_engagement
4826,aggressive,organic,0.0,0,,0,0,low_engagement
4827,cautious,social,0.0,0,,0,0,low_engagement
4828,cautious,organic,0.0,0,,0,0,low_engagement
4829,balanced,social,0.0,0,,0,0,low_engagement
4830,balanced,social,0.0,0,,0,0,low_engagement
4831,cautious,bank_partner,0.0,0,,0,0,low_engagement
4832,balanced,social,0.0,0,,0,0,low_engagement
4833,cautious,paid_search,0.0,0,,0,0,low_engagement
4834,aggressive,paid_search,0.0,0,,0,0,low_engagement
4835,aggressive,organic,0.0,0,,0,0,cash_rich_noninvestor
4836,balanced,referral,0.0,0,,0,0,low_engagement
4837,cautious,social,0.0,0,,0,0,low_engagement
4838,cautious,social,0.0,0,,0,0,cash_rich_noninvestor
4839,cautious,organic,0.0,0,,0,0,cash_rich_noninvestor
4840,cautious,social,0.0,0,,0,0,cash_rich_noninvestor
4841,cautious,referral,0.0,0,,0,0,low_engagement
4842,balanced,paid_search,0.0,0,,0,0,low_engagement
4843,cautious,social,0.0,0,,0,0,cash_rich_noninvestor
4844,balanced,paid_search,0.0,0,,0,0,cash_rich_noninvestor
4845,cautious,social,0.0,0,,0,0,cash_rich_noninvestor
4846,balanced,bank_partner,0.0,0,,0,0,cash_rich_noninvestor
4847,cautious,organic,0.0,0,,0,0,low_engagement
4848,cautious,bank_partner,0.0,0,,0,0,low_engagement
4849,aggressive,paid_search,0.0,0,,0,0,low_engagement
4850,balanced,paid_search,0.0,0,,0,0,cash_rich_noninvestor
4851,cautious,organic,0.0,0,,0,0,low_engagement
4852,cautious,organic,0.0,0,,0,0,low_engagement
4853,cautious,bank_partner,0.0,0,,0,0,low_engagement
4854,balanced,paid_search,0.0,0,,0,0,low_engagement
4855,balanced,organic,0.0,0,,0,0,low_engagement
4856,balanced,referral,0.0,0,,0,0,cash_rich_noninvestor
4857,cautious,organic,0.0,0,,0,0,low_engagement
4858,aggressive,organic,0.0,0,,0,0,low_engagement
4859,balanced,referral,0.0,0,,0,0,low_engagement
4862,aggressive,organic,0.0,0,,0,0,low_engagement
4863,balanced,organic,0.0,0,,0,0,low_engagement
4864,cautious,social,0.0,0,,0,0,low_engagement
4865,aggressive,referral,0.0,0,,0,0,low_engagement
4866,cautious,organic,0.0,0,,0,0,cash_rich_noninvestor
4867,cautious,paid_search,0.0,0,,0,0,low_engagement
4868,balanced,paid_search,0.0,0,,0,0,cash_rich_noninvestor
4869,cautious,social,0.0,0,,0,0,low_engagement
4870,aggressive,social,0.0,0,,0,0,cash_rich_noninvestor
4871,aggressive,organic,0.0,0,,0,0,low_engagement
4872,cautious,paid_search,0.0,0,,0,0,cash_rich_noninvestor
4873,cautious,social,0.0,0,,0,0,cash_rich_noninvestor
4874,cautious,bank_partner,0.0,0,,0,0,low_engagement
4875,balanced,paid_search,0.0,0,,0,0,low_engagement
4876,cautious,social,0.0,0,,0,0,low_engagement
4877,cautious,organic,0.0,0,,0,0,low_engagement
4878,aggressive,organic,0.0,0,,0,0,low_engagement
4879,aggressive,social,0.0,0,,0,0,low_engagement
4880,balanced,bank_partner,0.0,0,,0,0,low_engagement
4881,aggressive,referral,0.0,0,,0,0,cash_rich_noninvestor
4882,balanced,organic,0.0,0,,0,0,low_engagement
4883,balanced,organic,0.0,0,,0,0,low_engagement
4884,aggressive,organic,0.0,0,,0,0,cash_rich_noninvestor
4885,cautious,organic,0.0,0,,0,0,cash_rich_noninvestor
4886,balanced,paid_search,0.0,0,,0,0,low_engagement
4887,aggressive,bank_partner,0.0,0,,0,0,low_engagement
4888,balanced,bank_partner,0.0,0,,0,0,low_engagement
4889,cautious,paid_search,0.0,0,,0,0,low_engagement
4890,balanced,paid_search,0.0,0,,0,0,low_engagement
4891,cautious,bank_partner,0.0,0,,0,0,low_engagement
4892,aggressive,bank_partner,0.0,0,,0,0,low_engagement
4893,balanced,referral,0.0,0,,0,0,low_engagement
4894,balanced,social,0.0,0,,0,0,low_engagement
4895,aggressive,social,0.0,0,,0,0,low_engagement
4896,balanced,paid_search,0.0,0,,0,0,low_engagement
4897,aggressive,social,0.0,0,,0,0,low_engagement
4898,balanced,paid_search,0.0,0,,0,0,low_engagement
4899,aggressive,paid_search,0.0,0,,0,0,low_engagement
4900,aggressive,paid_search,0.0,0,,0,0,low_engagement
4901,balanced,paid_search,0.0,0,,0,0,low_engagement
4902,balanced,bank_partner,0.0,0,,0,0,low_engagement
4903,aggressive,social,0.0,0,,0,0,low_engagement
4905,aggressive,paid_search,0.0,0,,0,0,cash_rich_noninvestor
4906,balanced,social,0.0,0,,0,0,cash_rich_noninvestor
4908,cautious,paid_search,0.0,0,,0,0,low_engagement
4909,aggressive,referral,0.0,0,,0,0,low_engagement
4910,balanced,paid_search,0.0,0,,0,0,low_engagement
4911,balanced,bank_partner,0.0,0,,0,0,low_engagement
4912,balanced,paid_search,0.0,0,,0,0,low_engagement
4913,balanced,organic,0.0,0,,0,0,low_engagement
4914,cautious,paid_search,0.0,0,,0,0,low_engagement
4915,balanced,social,0.0,0,,0,0,low_engagement
4916,balanced,organic,0.0,0,,0,0,low_engagement
4917,cautious,bank_partner,0.0,0,,0,0,low_engagement
4918,cautious,social,0.0,0,,0,0,low_engagement
4919,aggressive,referral,0.0,0,,0,0,low_engagement
4920,balanced,referral,0.0,0,,0,0,low_engagement
4921,balanced,paid_search,0.0,0,,0,0,low_engagement
4922,cautious,paid_search,0.0,0,,0,0,low_engagement
4923,cautious,organic,0.0,0,,0,0,cash_rich_noninvestor
4924,cautious,paid_search,0.0,0,,0,0,cash_rich_noninvestor
4925,aggressive,social,0.0,0,,0,0,low_engagement
4926,cautious,social,0.0,0,,0,0,cash_rich_noninvestor
4928,balanced,organic,0.0,0,,0,0,low_engagement
4929,balanced,referral,0.0,0,,0,0,low_engagement
4930,cautious,social,0.0,0,,0,0,cash_rich_noninvestor
4931,cautious,referral,0.0,0,,0,0,cash_rich_noninvestor
4932,balanced,paid_search,0.0,0,,0,0,low_engagement
4933,cautious,bank_partner,0.0,0,,0,0,cash_rich_noninvestor
4934,balanced,social,0.0,0,,0,0,low_engagement
4936,balanced,organic,0.0,0,,0,0,low_engagement
4937,balanced,organic,0.0,0,,0,0,low_engagement
4938,aggressive,organic,0.0,0,,0,0,cash_rich_noninvestor
4939,balanced,social,0.0,0,,0,0,low_engagement
4940,balanced,social,0.0,0,,0,0,low_engagement
4941,balanced,paid_search,0.0,0,,0,0,low_engagement
4942,aggressive,organic,0.0,0,,0,0,low_engagement
4943,aggressive,referral,0.0,0,,0,0,low_engagement
4944,balanced,bank_partner,0.0,0,,0,0,low_engagement
4945,balanced,organic,0.0,0,,0,0,cash_rich_noninvestor
4946,aggressive,bank_partner,0.0,0,,0,0,low_engagement
4947,balanced,bank_partner,0.0,0,,0,0,low_engagement
4948,cautious,referral,0.0,0,,0,0,low_engagement
4950,aggressive,paid_search,0.0,0,,0,0,cash_rich_noninvestor
4951,cautious,organic,0.0,0,,0,0,low_engagement
4953,cautious,organic,0.0,0,,0,0,cash_rich_noninvestor
4954,cautious,social,0.0,0,,0,0,low_engagement
4955,cautious,referral,0.0,0,,0,0,cash_rich_noninvestor
4956,aggressive,social,0.0,0,,0,0,low_engagement
4957,balanced,referral,0.0,0,,0,0,cash_rich_noninvestor
4958,cautious,paid_search,0.0,0,,0,0,low_engagement
4959,aggressive,referral,0.0,0,,0,0,low_engagement
4960,cautious,paid_search,0.0,0,,0,0,cash_rich_noninvestor
4961,balanced,bank_partner,0.0,0,,0,0,low_engagement
4962,balanced,social,0.0,0,,0,0,low_engagement
4964,balanced,paid_search,0.0,0,,0,0,cash_rich_noninvestor
4965,balanced,referral,0.0,0,,0,0,low_engagement
4966,aggressive,organic,0.0,0,,0,0,low_engagement
4967,cautious,social,0.0,0,,0,0,low_engagement
4968,balanced,referral,0.0,0,,0,0,low_engagement
4969,balanced,organic,0.0,0,,0,0,low_engagement
4970,cautious,paid_search,0.0,0,,0,0,low_engagement
4972,balanced,bank_partner,0.0,0,,0,0,low_engagement
4973,balanced,organic,0.0,0,,0,0,low_engagement
4974,cautious,social,0.0,0,,0,0,low_engagement
4975,balanced,paid_search,0.0,0,,0,0,low_engagement
4976,cautious,organic,0.0,0,,0,0,low_engagement
4977,aggressive,paid_search,0.0,0,,0,0,low_engagement
4978,aggressive,social,0.0,0,,0,0,low_engagement
4979,balanced,bank_partner,0.0,0,,0,0,cash_rich_noninvestor
4980,balanced,paid_search,0.0,0,,0,0,low_engagement
4981,balanced,referral,0.0,0,,0,0,low_engagement
4982,balanced,organic,0.0,0,,0,0,low_engagement
4983,balanced,referral,0.0,0,,0,0,low_engagement
4984,balanced,organic,0.0,0,,0,0,low_engagement
4985,aggressive,bank_partner,0.0,0,,0,0,low_engagement
4986,cautious,paid_search,0.0,0,,0,0,cash_rich_noninvestor
4987,balanced,referral,0.0,0,,0,0,low_engagement
4988,cautious,bank_partner,0.0,0,,0,0,low_engagement
4989,balanced,social,0.0,0,,0,0,cash_rich_noninvestor
4990,cautious,organic,0.0,0,,0,0,cash_rich_noninvestor
4991,cautious,organic,0.0,0,,0,0,low_engagement
4992,balanced,paid_search,0.0,0,,0,0,low_engagement
4993,aggressive,paid_search,0.0,0,,0,0,low_engagement
4994,cautious,paid_search,0.0,0,,0,0,cash_rich_noninvestor
4995,cautious,organic,0.0,0,,0,0,low_engagement
4997,cautious,bank_partner,0.0,0,,0,0,low_engagement
4999,balanced,organic,0.0,0,,0,0,low_engagement
5000,balanced,organic,0.0,0,,0,0,low_engagement
5001,cautious,organic,0.0,0,,0,0,low_engagement
5002,cautious,referral,0.0,0,,0,0,low_engagement
5003,cautious,social,0.0,0,,0,0,low_engagement
5004,balanced,referral,0.0,0,,0,0,low_engagement
5005,aggressive,paid_search,0.0,0,,0,0,low_engagement
5006,balanced,paid_search,0.0,0,,0,0,low_engagement
5007,cautious,organic,0.0,0,,0,0,low_engagement
5008,balanced,bank_partner,0.0,0,,0,0,low_engagement
5009,balanced,organic,0.0,0,,0,0,cash_rich_noninvestor
5010,cautious,organic,0.0,0,,0,0,low_engagement
5011,balanced,referral,0.0,0,,0,0,low_engagement
5012,balanced,organic,0.0,0,,0,0,low_engagement
5013,cautious,social,0.0,0,,0,0,low_engagement
5014,aggressive,social,0.0,0,,0,0,low_engagement
5015,balanced,paid_search,0.0,0,,0,0,cash_rich_noninvestor
5016,aggressive,social,0.0,0,,0,0,low_engagement
5017,balanced,bank_partner,0.0,0,,0,0,cash_rich_noninvestor
5018,cautious,paid_search,0.0,0,,0,0,low_engagement
5019,cautious,social,0.0,0,,0,0,low_engagement
5020,aggressive,paid_search,0.0,0,,0,0,cash_rich_noninvestor
5021,cautious,referral,0.0,0,,0,0,low_engagement
5022,cautious,referral,0.0,0,,0,0,low_engagement
5023,cautious,organic,0.0,0,,0,0,cash_rich_noninvestor
5024,cautious,organic,0.0,0,,0,0,cash_rich_noninvestor
5025,cautious,paid_search,0.0,0,,0,0,low_engagement
5026,cautious,referral,0.0,0,,0,0,cash_rich_noninvestor
5027,balanced,paid_search,0.0,0,,0,0,low_engagement
5028,aggressive,social,0.0,0,,0,0,cash_rich_noninvestor
5029,balanced,paid_search,0.0,0,,0,0,low_engagement
5030,balanced,organic,0.0,0,,0,0,low_engagement
5031,balanced,organic,0.0,0,,0,0,low_engagement
5032,cautious,referral,0.0,0,,0,0,cash_rich_noninvestor
5033,cautious,organic,0.0,0,,0,0,low_engagement
5034,aggressive,bank_partner,0.0,0,,0,0,low_engagement
5035,balanced,bank_partner,0.0,0,,0,0,low_engagement
5036,cautious,organic,0.0,0,,0,0,low_engagement
5037,balanced,social,0.0,0,,0,0,cash_rich_noninvestor
5038,balanced,bank_partner,0.0,0,,0,0,low_engagement
5039,balanced,organic,0.0,0,,0,0,cash_rich_noninvestor
5040,cautious,bank_partner,0.0,0,,0,0,low_engagement
5041,balanced,social,0.0,0,,0,0,low_engagement
5042,balanced,organic,0.0,0,,0,0,low_engagement
5043,aggressive,social,0.0,0,,0,0,low_engagement
5044,cautious,organic,0.0,0,,0,0,low_engagement
5045,balanced,paid_search,0.0,0,,0,0,cash_rich_noninvestor
5046,aggressive,bank_partner,0.0,0,,0,0,cash_rich_noninvestor
5047,balanced,organic,0.0,0,,0,0,low_engagement
5048,aggressive,social,0.0,0,,0,0,low_engagement
5049,balanced,bank_partner,0.0,0,,0,0,low_engagement
5050,balanced,referral,0.0,0,,0,0,low_engagement
5051,balanced,social,0.0,0,,0,0,low_engagement
5052,balanced,referral,0.0,0,,0,0,low_engagement
5054,cautious,bank_partner,0.0,0,,0,0,low_engagement
5055,balanced,bank_partner,0.0,0,,0,0,low_engagement
5056,cautious,paid_search,0.0,0,,0,0,low_engagement
5058,balanced,social,0.0,0,,0,0,low_engagement
5059,cautious,referral,0.0,0,,0,0,low_engagement
5060,cautious,paid_search,0.0,0,,0,0,low_engagement
5061,cautious,paid_search,0.0,0,,0,0,low_engagement
5063,cautious,referral,0.0,0,,0,0,low_engagement
5064,cautious,bank_partner,0.0,0,,0,0,low_engagement
5065,balanced,referral,0.0,0,,0,0,low_engagement
5066,balanced,paid_search,0.0,0,,0,0,low_engagement
5067,aggressive,paid_search,0.0,0,,0,0,low_engagement
5068,balanced,organic,0.0,0,,0,0,low_engagement
5069,balanced,organic,0.0,0,,0,0,low_engagement
5070,cautious,paid_search,0.0,0,,0,0,low_engagement
5071,balanced,paid_search,0.0,0,,0,0,low_engagement
5072,cautious,organic,0.0,0,,0,0,low_engagement
5073,balanced,bank_partner,0.0,0,,0,0,low_engagement
5074,balanced,bank_partner,0.0,0,,0,0,low_engagement
5076,aggressive,paid_search,0.0,0,,0,0,low_engagement
5077,aggressive,organic,0.0,0,,0,0,low_engagement
5078,cautious,organic,0.0,0,,0,0,low_engagement
5079,balanced,paid_search,0.0,0,,0,0,cash_rich_noninvestor
5080,cautious,bank_partner,0.0,0,,0,0,low_engagement
5081,aggressive,organic,0.0,0,,0,0,low_engagement
5082,cautious,paid_search,0.0,0,,0,0,low_engagement
5084,cautious,referral,0.0,0,,0,0,cash_rich_noninvestor
5085,balanced,referral,0.0,0,,0,0,low_engagement
5086,aggressive,organic,0.0,0,,0,0,low_engagement
5088,cautious,paid_search,0.0,0,,0,0,low_engagement
5089,cautious,social,0.0,0,,0,0,low_engagement
5090,aggressive,paid_search,0.0,0,,0,0,low_engagement
5091,cautious,paid_search,0.0,0,,0,0,low_engagement
5092,cautious,social,0.0,0,,0,0,cash_rich_noninvestor
5094,cautious,referral,0.0,0,,0,0,low_engagement
5095,cautious,referral,0.0,0,,0,0,low_engagement
5097,cautious,referral,0.0,0,,0,0,low_engagement
5098,aggressive,social,0.0,0,,0,0,low_engagement
5099,cautious,bank_partner,0.0,0,,0,0,low_engagement
5100,balanced,referral,0.0,0,,0,0,low_engagement
5101,balanced,social,0.0,0,,0,0,low_engagement
5102,balanced,paid_search,0.0,0,,0,0,low_engagement
5103,balanced,organic,0.0,0,,0,0,low_engagement
5104,cautious,social,0.0,0,,0,0,cash_rich_noninvestor
5105,balanced,paid_search,0.0,0,,0,0,low_engagement
5106,cautious,social,0.0,0,,0,0,low_engagement
5107,cautious,referral,0.0,0,,0,0,low_engagement
5108,cautious,organic,0.0,0,,0,0,low_engagement
5109,aggressive,referral,0.0,0,,0,0,cash_rich_noninvestor
5110,aggressive,organic,0.0,0,,0,0,cash_rich_noninvestor
5111,cautious,organic,0.0,0,,0,0,low_engagement
5112,balanced,paid_search,0.0,0,,0,0,cash_rich_noninvestor
5113,balanced,paid_search,0.0,0,,0,0,cash_rich_noninvestor
5114,aggressive,social,0.0,0,,0,0,low_engagement
5115,cautious,organic,0.0,0,,0,0,low_engagement
5116,aggressive,organic,0.0,0,,0,0,cash_rich_noninvestor
5117,balanced,organic,0.0,0,,0,0,low_engagement
5118,cautious,bank_partner,0.0,0,,0,0,low_engagement
5119,aggressive,paid_search,0.0,0,,0,0,low_engagement
5122,balanced,paid_search,0.0,0,,0,0,low_engagement
5123,cautious,organic,0.0,0,,0,0,low_engagement
5124,balanced,organic,0.0,0,,0,0,low_engagement
5125,cautious,organic,0.0,0,,0,0,low_engagement
5126,cautious,paid_search,0.0,0,,0,0,low_engagement
5127,balanced,organic,0.0,0,,0,0,low_engagement
5129,cautious,organic,0.0,0,,0,0,low_engagement
5130,cautious,organic,0.0,0,,0,0,low_engagement
5133,aggressive,paid_search,0.0,0,,0,0,low_engagement
5134,balanced,organic,0.0,0,,0,0,low_engagement
5135,balanced,organic,0.0,0,,0,0,cash_rich_noninvestor
5136,cautious,paid_search,0.0,0,,0,0,low_engagement
5137,aggressive,paid_search,0.0,0,,0,0,low_engagement
5138,cautious,organic,0.0,0,,0,0,low_engagement
5139,balanced,social,0.0,0,,0,0,low_engagement
5140,cautious,bank_partner,0.0,0,,0,0,cash_rich_noninvestor
5141,balanced,referral,0.0,0,,0,0,low_engagement
5142,balanced,organic,0.0,0,,0,0,cash_rich_noninvestor
5143,balanced,paid_search,0.0,0,,0,0,cash_rich_noninvestor
5145,cautious,organic,0.0,0,,0,0,low_engagement
5146,cautious,bank_partner,0.0,0,,0,0,low_engagement
5147,balanced,paid_search,0.0,0,,0,0,low_engagement
5148,balanced,social,0.0,0,,0,0,low_engagement
5149,balanced,bank_partner,0.0,0,,0,0,cash_rich_noninvestor
5150,cautious,referral,0.0,0,,0,0,cash_rich_noninvestor
5151,balanced,bank_partner,0.0,0,,0,0,low_engagement
5152,cautious,paid_search,0.0,0,,0,0,cash_rich_noninvestor
5153,cautious,bank_partner,0.0,0,,0,0,low_engagement
5154,aggressive,paid_search,0.0,0,,0,0,low_engagement
5155,balanced,social,0.0,0,,0,0,low_engagement
5156,cautious,organic,0.0,0,,0,0,low_engagement
5157,balanced,referral,0.0,0,,0,0,low_engagement
5158,balanced,social,0.0,0,,0,0,low_engagement
5159,balanced,organic,0.0,0,,0,0,low_engagement
5160,balanced,referral,0.0,0,,0,0,low_engagement
5161,cautious,organic,0.0,0,,0,0,cash_rich_noninvestor
5162,cautious,social,0.0,0,,0,0,low_engagement
5163,cautious,paid_search,0.0,0,,0,0,low_engagement
5164,balanced,paid_search,0.0,0,,0,0,low_engagement
5165,balanced,referral,0.0,0,,0,0,low_engagement
5166,cautious,paid_search,0.0,0,,0,0,low_engagement
5167,cautious,organic,0.0,0,,0,0,low_engagement
5168,balanced,organic,0.0,0,,0,0,low_engagement
5169,cautious,organic,0.0,0,,0,0,low_engagement
5170,cautious,referral,0.0,0,,0,0,cash_rich_noninvestor
5171,aggressive,referral,0.0,0,,0,0,cash_rich_noninvestor
5172,cautious,organic,0.0,0,,0,0,low_engagement
5173,cautious,bank_partner,0.0,0,,0,0,low_engagement
5174,balanced,referral,0.0,0,,0,0,cash_rich_noninvestor
5175,balanced,bank_partner,0.0,0,,0,0,low_engagement
5176,balanced,organic,0.0,0,,0,0,low_engagement
5177,balanced,referral,0.0,0,,0,0,low_engagement
5178,cautious,paid_search,0.0,0,,0,0,low_engagement
5179,balanced,paid_search,0.0,0,,0,0,low_engagement
5180,balanced,paid_search,0.0,0,,0,0,low_engagement
5183,balanced,organic,0.0,0,,0,0,low_engagement
5184,cautious,bank_partner,0.0,0,,0,0,low_engagement
5185,cautious,organic,0.0,0,,0,0,low_engagement
5186,balanced,paid_search,0.0,0,,0,0,cash_rich_noninvestor
5187,cautious,paid_search,0.0,0,,0,0,cash_rich_noninvestor
5188,aggressive,paid_search,0.0,0,,0,0,low_engagement
5189,cautious,social,0.0,0,,0,0,low_engagement
5190,balanced,social,0.0,0,,0,0,low_engagement
5191,cautious,paid_search,0.0,0,,0,0,low_engagement
5192,cautious,social,0.0,0,,0,0,low_engagement
5193,aggressive,social,0.0,0,,0,0,low_engagement
5194,balanced,organic,0.0,0,,0,0,low_engagement
5195,balanced,social,0.0,0,,0,0,low_engagement
5196,balanced,organic,0.0,0,,0,0,low_engagement
5197,balanced,paid_search,0.0,0,,0,0,low_engagement
5198,cautious,organic,0.0,0,,0,0,low_engagement
5199,cautious,organic,0.0,0,,0,0,low_engagement
5200,balanced,organic,0.0,0,,0,0,cash_rich_noninvestor
5201,balanced,organic,0.0,0,,0,0,cash_rich_noninvestor
5203,balanced,social,0.0,0,,0,0,low_engagement
5205,balanced,referral,0.0,0,,0,0,cash_rich_noninvestor
5206,cautious,bank_partner,0.0,0,,0,0,low_engagement
5208,balanced,social,0.0,0,,0,0,low_engagement
5209,balanced,bank_partner,0.0,0,,0,0,low_engagement
5210,balanced,paid_search,0.0,0,,0,0,low_engagement
5211,cautious,referral,0.0,0,,0,0,low_engagement
5212,balanced,organic,0.0,0,,0,0,low_engagement
5213,aggressive,paid_search,0.0,0,,0,0,low_engagement
5214,balanced,paid_search,0.0,0,,0,0,low_engagement
5215,aggressive,organic,0.0,0,,0,0,low_engagement
5217,cautious,organic,0.0,0,,0,0,low_engagement
5218,cautious,social,0.0,0,,0,0,low_engagement
5219,cautious,organic,0.0,0,,0,0,low_engagement
5220,cautious,bank_partner,0.0,0,,0,0,low_engagement
5221,cautious,referral,0.0,0,,0,0,low_engagement
5222,cautious,organic,0.0,0,,0,0,low_engagement
5224,aggressive,social,0.0,0,,0,0,cash_rich_noninvestor
5225,cautious,social,0.0,0,,0,0,cash_rich_noninvestor
5227,aggressive,organic,0.0,0,,0,0,low_engagement
5228,balanced,social,0.0,0,,0,0,cash_rich_noninvestor
5229,balanced,organic,0.0,0,,0,0,low_engagement
5230,aggressive,referral,0.0,0,,0,0,low_engagement
5231,aggressive,organic,0.0,0,,0,0,low_engagement
5232,balanced,bank_partner,0.0,0,,0,0,low_engagement
5233,balanced,paid_search,0.0,0,,0,0,low_engagement
5234,aggressive,organic,0.0,0,,0,0,low_engagement
5235,cautious,referral,0.0,0,,0,0,low_engagement
5237,balanced,paid_search,0.0,0,,0,0,low_engagement
5238,cautious,social,0.0,0,,0,0,low_engagement
5239,balanced,bank_partner,0.0,0,,0,0,low_engagement
5240,balanced,social,0.0,0,,0,0,low_engagement
5241,cautious,referral,0.0,0,,0,0,cash_rich_noninvestor
5243,aggressive,referral,0.0,0,,0,0,cash_rich_noninvestor
5245,cautious,organic,0.0,0,,0,0,cash_rich_noninvestor
5246,balanced,bank_partner,0.0,0,,0,0,cash_rich_noninvestor
5247,cautious,organic,0.0,0,,0,0,low_engagement
5248,balanced,referral,0.0,0,,0,0,low_engagement
5250,balanced,organic,0.0,0,,0,0,cash_rich_noninvestor
5251,cautious,social,0.0,0,,0,0,cash_rich_noninvestor
5252,balanced,paid_search,0.0,0,,0,0,cash_rich_noninvestor
5253,balanced,referral,0.0,0,,0,0,low_engagement
5254,cautious,paid_search,0.0,0,,0,0,cash_rich_noninvestor
5255,aggressive,referral,0.0,0,,0,0,low_engagement
5256,balanced,paid_search,0.0,0,,0,0,low_engagement
5257,cautious,paid_search,0.0,0,,0,0,cash_rich_noninvestor
5258,cautious,organic,0.0,0,,0,0,low_engagement
5259,cautious,organic,0.0,0,,0,0,low_engagement
5260,aggressive,organic,0.0,0,,0,0,low_engagement
5261,cautious,social,0.0,0,,0,0,low_engagement
5262,cautious,organic,0.0,0,,0,0,low_engagement
5263,balanced,paid_search,0.0,0,,0,0,low_engagement
5264,balanced,paid_search,0.0,0,,0,0,low_engagement
5265,cautious,social,0.0,0,,0,0,low_engagement
5267,aggressive,paid_search,0.0,0,,0,0,low_engagement
5268,balanced,paid_search,0.0,0,,0,0,low_engagement
5269,cautious,paid_search,0.0,0,,0,0,low_engagement
5270,balanced,paid_search,0.0,0,,0,0,low_engagement
5271,balanced,social,0.0,0,,0,0,low_engagement
5272,cautious,organic,0.0,0,,0,0,low_engagement
5273,cautious,paid_search,0.0,0,,0,0,low_engagement
5274,aggressive,referral,0.0,0,,0,0,low_engagement
5276,balanced,organic,0.0,0,,0,0,low_engagement
5277,balanced,paid_search,0.0,0,,0,0,low_engagement
5278,aggressive,referral,0.0,0,,0,0,low_engagement
5279,balanced,social,0.0,0,,0,0,cash_rich_noninvestor
5280,cautious,bank_partner,0.0,0,,0,0,cash_rich_noninvestor
5281,balanced,social,0.0,0,,0,0,low_engagement
5282,balanced,referral,0.0,0,,0,0,cash_rich_noninvestor
5283,cautious,paid_search,0.0,0,,0,0,low_engagement
5284,aggressive,referral,0.0,0,,0,0,low_engagement
5286,aggressive,organic,0.0,0,,0,0,low_engagement
5287,balanced,referral,0.0,0,,0,0,cash_rich_noninvestor
5288,cautious,bank_partner,0.0,0,,0,0,cash_rich_noninvestor
5289,balanced,referral,0.0,0,,0,0,cash_rich_noninvestor
5290,cautious,organic,0.0,0,,0,0,low_engagement
5291,balanced,social,0.0,0,,0,0,low_engagement
5292,balanced,organic,0.0,0,,0,0,low_engagement
5293,aggressive,paid_search,0.0,0,,0,0,low_engagement
5294,balanced,organic,0.0,0,,0,0,low_engagement
5295,aggressive,referral,0.0,0,,0,0,low_engagement
5296,balanced,paid_search,0.0,0,,0,0,cash_rich_noninvestor
5297,aggressive,paid_search,0.0,0,,0,0,low_engagement
5298,balanced,organic,0.0,0,,0,0,low_engagement
5299,balanced,social,0.0,0,,0,0,low_engagement
5300,aggressive,bank_partner,0.0,0,,0,0,low_engagement
5301,balanced,paid_search,0.0,0,,0,0,low_engagement
5303,balanced,social,0.0,0,,0,0,low_engagement
5304,cautious,paid_search,0.0,0,,0,0,low_engagement
5305,balanced,organic,0.0,0,,0,0,low_engagement
5306,aggressive,paid_search,0.0,0,,0,0,low_engagement
5307,balanced,organic,0.0,0,,0,0,cash_rich_noninvestor
5308,cautious,organic,0.0,0,,0,0,low_engagement
5309,cautious,organic,0.0,0,,0,0,cash_rich_noninvestor
5310,cautious,paid_search,0.0,0,,0,0,low_engagement
5311,aggressive,paid_search,0.0,0,,0,0,low_engagement
5312,aggressive,paid_search,0.0,0,,0,0,low_engagement
5313,balanced,referral,0.0,0,,0,0,cash_rich_noninvestor
5314,cautious,organic,0.0,0,,0,0,low_engagement
5315,balanced,organic,0.0,0,,0,0,low_engagement
5317,cautious,referral,0.0,0,,0,0,low_engagement
5319,balanced,paid_search,0.0,0,,0,0,low_engagement
5320,balanced,referral,0.0,0,,0,0,low_engagement
5321,balanced,referral,0.0,0,,0,0,cash_rich_noninvestor
5322,balanced,social,0.0,0,,0,0,low_engagement
5324,cautious,bank_partner,0.0,0,,0,0,low_engagement
5325,cautious,social,0.0,0,,0,0,low_engagement
5326,cautious,bank_partner,0.0,0,,0,0,cash_rich_noninvestor
5327,cautious,organic,0.0,0,,0,0,cash_rich_noninvestor
5328,cautious,social,0.0,0,,0,0,low_engagement
5329,balanced,social,0.0,0,,0,0,low_engagement
5330,balanced,organic,0.0,0,,0,0,low_engagement
5332,aggressive,organic,0.0,0,,0,0,low_engagement
5333,aggressive,referral,0.0,0,,0,0,low_engagement
5334,cautious,social,0.0,0,,0,0,low_engagement
5336,balanced,social,0.0,0,,0,0,low_engagement
5337,balanced,paid_search,0.0,0,,0,0,low_engagement
5338,balanced,social,0.0,0,,0,0,low_engagement
5339,cautious,organic,0.0,0,,0,0,low_engagement
5340,balanced,referral,0.0,0,,0,0,low_engagement
5341,cautious,organic,0.0,0,,0,0,low_engagement
5343,balanced,bank_partner,0.0,0,,0,0,low_engagement
5344,balanced,organic,0.0,0,,0,0,cash_rich_noninvestor
5345,cautious,social,0.0,0,,0,0,low_engagement
5346,cautious,organic,0.0,0,,0,0,low_engagement
5347,cautious,referral,0.0,0,,0,0,cash_rich_noninvestor
5348,balanced,organic,0.0,0,,0,0,low_engagement
5349,balanced,organic,0.0,0,,0,0,low_engagement
5350,cautious,referral,0.0,0,,0,0,cash_rich_noninvestor
5351,balanced,social,0.0,0,,0,0,cash_rich_noninvestor
5352,cautious,social,0.0,0,,0,0,low_engagement
5353,aggressive,social,0.0,0,,0,0,low_engagement
5354,cautious,organic,0.0,0,,0,0,low_engagement
5355,aggressive,bank_partner,0.0,0,,0,0,cash_rich_noninvestor
5356,aggressive,social,0.0,0,,0,0,low_engagement
5358,cautious,social,0.0,0,,0,0,low_engagement
5360,balanced,paid_search,0.0,0,,0,0,cash_rich_noninvestor
5361,aggressive,social,0.0,0,,0,0,low_engagement
5362,cautious,paid_search,0.0,0,,0,0,low_engagement
5363,balanced,social,0.0,0,,0,0,low_engagement
5365,cautious,organic,0.0,0,,0,0,low_engagement
5366,balanced,organic,0.0,0,,0,0,cash_rich_noninvestor
5367,balanced,paid_search,0.0,0,,0,0,low_engagement
5370,aggressive,organic,0.0,0,,0,0,low_engagement
5372,cautious,organic,0.0,0,,0,0,cash_rich_noninvestor
5373,balanced,referral,0.0,0,,0,0,low_engagement
5374,cautious,bank_partner,0.0,0,,0,0,low_engagement
5375,balanced,organic,0.0,0,,0,0,low_engagement
5376,balanced,paid_search,0.0,0,,0,0,low_engagement
5377,cautious,referral,0.0,0,,0,0,low_engagement
5378,balanced,social,0.0,0,,0,0,low_engagement
5379,aggressive,organic,0.0,0,,0,0,cash_rich_noninvestor
5380,aggressive,referral,0.0,0,,0,0,low_engagement
5381,aggressive,social,0.0,0,,0,0,cash_rich_noninvestor
5382,aggressive,paid_search,0.0,0,,0,0,low_engagement
5383,balanced,paid_search,0.0,0,,0,0,low_engagement
5384,aggressive,organic,0.0,0,,0,0,low_engagement
5385,cautious,social,0.0,0,,0,0,low_engagement
5386,aggressive,paid_search,0.0,0,,0,0,low_engagement
5388,balanced,referral,0.0,0,,0,0,low_engagement
5389,balanced,organic,0.0,0,,0,0,low_engagement
5390,cautious,paid_search,0.0,0,,0,0,cash_rich_noninvestor
5392,balanced,paid_search,0.0,0,,0,0,low_engagement
5393,aggressive,paid_search,0.0,0,,0,0,low_engagement
5394,balanced,organic,0.0,0,,0,0,low_engagement
5396,balanced,organic,0.0,0,,0,0,low_engagement
5397,balanced,social,0.0,0,,0,0,low_engagement
5398,cautious,social,0.0,0,,0,0,low_engagement
5400,cautious,referral,0.0,0,,0,0,cash_rich_noninvestor
5401,cautious,organic,0.0,0,,0,0,low_engagement
5402,cautious,social,0.0,0,,0,0,cash_rich_noninvestor
5403,balanced,organic,0.0,0,,0,0,low_engagement
5405,cautious,referral,0.0,0,,0,0,low_engagement
5406,cautious,referral,0.0,0,,0,0,low_engagement
5407,cautious,organic,0.0,0,,0,0,low_engagement
5408,balanced,social,0.0,0,,0,0,low_engagement
5409,balanced,referral,0.0,0,,0,0,cash_rich_noninvestor
5410,cautious,referral,0.0,0,,0,0,low_engagement
5412,aggressive,organic,0.0,0,,0,0,low_engagement
5413,cautious,organic,0.0,0,,0,0,low_engagement
5416,aggressive,bank_partner,0.0,0,,0,0,low_engagement
5417,balanced,bank_partner,0.0,0,,0,0,cash_rich_noninvestor
5418,balanced,organic,0.0,0,,0,0,low_engagement
5419,cautious,referral,0.0,0,,0,0,cash_rich_noninvestor
5420,balanced,social,0.0,0,,0,0,low_engagement
5421,cautious,organic,0.0,0,,0,0,low_engagement
5422,cautious,organic,0.0,0,,0,0,low_engagement
5423,balanced,paid_search,0.0,0,,0,0,low_engagement
5424,aggressive,organic,0.0,0,,0,0,low_engagement
5425,aggressive,referral,0.0,0,,0,0,low_engagement
5426,aggressive,organic,0.0,0,,0,0,cash_rich_noninvestor
5427,balanced,paid_search,0.0,0,,0,0,cash_rich_noninvestor
5428,balanced,social,0.0,0,,0,0,low_engagement
5429,balanced,organic,0.0,0,,0,0,cash_rich_noninvestor
5430,balanced,organic,0.0,0,,0,0,low_engagement
5431,balanced,paid_search,0.0,0,,0,0,cash_rich_noninvestor
5433,cautious,paid_search,0.0,0,,0,0,cash_rich_noninvestor
5434,balanced,bank_partner,0.0,0,,0,0,low_engagement
5436,balanced,paid_search,0.0,0,,0,0,cash_rich_noninvestor
5437,cautious,social,0.0,0,,0,0,low_engagement
5438,balanced,social,0.0,0,,0,0,cash_rich_noninvestor
5439,cautious,organic,0.0,0,,0,0,cash_rich_noninvestor
5440,balanced,organic,0.0,0,,0,0,low_engagement
5443,balanced,referral,0.0,0,,0,0,low_engagement
5444,balanced,referral,0.0,0,,0,0,low_engagement
5445,cautious,paid_search,0.0,0,,0,0,low_engagement
5446,balanced,organic,0.0,0,,0,0,low_engagement
5448,balanced,social,0.0,0,,0,0,low_engagement
5449,cautious,referral,0.0,0,,0,0,cash_rich_noninvestor
5450,cautious,referral,0.0,0,,0,0,low_engagement
5451,balanced,referral,0.0,0,,0,0,low_engagement
5452,cautious,paid_search,0.0,0,,0,0,low_engagement
5453,balanced,bank_partner,0.0,0,,0,0,cash_rich_noninvestor
5455,balanced,paid_search,0.0,0,,0,0,low_engagement
5456,balanced,organic,0.0,0,,0,0,cash_rich_noninvestor
5457,cautious,social,0.0,0,,0,0,low_engagement
5458,balanced,bank_partner,0.0,0,,0,0,low_engagement
5459,balanced,referral,0.0,0,,0,0,low_engagement
5460,cautious,organic,0.0,0,,0,0,low_engagement
5461,balanced,social,0.0,0,,0,0,low_engagement
5462,cautious,organic,0.0,0,,0,0,cash_rich_noninvestor
5464,balanced,social,0.0,0,,0,0,low_engagement
5465,cautious,organic,0.0,0,,0,0,cash_rich_noninvestor
5466,aggressive,organic,0.0,0,,0,0,low_engagement
5467,aggressive,referral,0.0,0,,0,0,low_engagement
5468,cautious,bank_partner,0.0,0,,0,0,low_engagement
5469,cautious,organic,0.0,0,,0,0,low_engagement
5470,balanced,bank_partner,0.0,0,,0,0,cash_rich_noninvestor
5471,aggressive,paid_search,0.0,0,,0,0,low_engagement
5472,aggressive,social,0.0,0,,0,0,cash_rich_noninvestor
5473,balanced,organic,0.0,0,,0,0,low_engagement
5475,cautious,social,0.0,0,,0,0,low_engagement
5476,cautious,paid_search,0.0,0,,0,0,low_engagement
5477,cautious,referral,0.0,0,,0,0,low_engagement
5478,cautious,organic,0.0,0,,0,0,low_engagement
5479,balanced,organic,0.0,0,,0,0,cash_rich_noninvestor
5480,aggressive,social,0.0,0,,0,0,low_engagement
5481,aggressive,paid_search,0.0,0,,0,0,low_engagement
5482,cautious,organic,0.0,0,,0,0,low_engagement
5483,balanced,social,0.0,0,,0,0,low_engagement
5484,aggressive,paid_search,0.0,0,,0,0,low_engagement
5485,balanced,organic,0.0,0,,0,0,low_engagement
5486,cautious,paid_search,0.0,0,,0,0,low_engagement
5487,balanced,paid_search,0.0,0,,0,0,low_engagement
5489,cautious,referral,0.0,0,,0,0,low_engagement
5490,aggressive,organic,0.0,0,,0,0,low_engagement
5491,aggressive,referral,0.0,0,,0,0,low_engagement
5492,cautious,referral,0.0,0,,0,0,low_engagement
5493,balanced,paid_search,0.0,0,,0,0,low_engagement
5494,balanced,organic,0.0,0,,0,0,low_engagement
5495,balanced,social,0.0,0,,0,0,cash_rich_noninvestor
5496,aggressive,organic,0.0,0,,0,0,low_engagement
5497,cautious,bank_partner,0.0,0,,0,0,low_engagement
5498,aggressive,organic,0.0,0,,0,0,cash_rich_noninvestor
5499,balanced,organic,0.0,0,,0,0,cash_rich_noninvestor
5500,balanced,paid_search,0.0,0,,0,0,low_engagement
5501,balanced,bank_partner,0.0,0,,0,0,low_engagement
5502,cautious,paid_search,0.0,0,,0,0,cash_rich_noninvestor
5503,cautious,organic,0.0,0,,0,0,low_engagement
5504,cautious,social,0.0,0,,0,0,low_engagement
5505,balanced,referral,0.0,0,,0,0,low_engagement
5506,balanced,organic,0.0,0,,0,0,low_engagement
5508,aggressive,organic,0.0,0,,0,0,low_engagement
5509,balanced,referral,0.0,0,,0,0,low_engagement
5511,balanced,social,0.0,0,,0,0,cash_rich_noninvestor
5512,balanced,paid_search,0.0,0,,0,0,cash_rich_noninvestor
5513,balanced,organic,0.0,0,,0,0,cash_rich_noninvestor
5514,cautious,social,0.0,0,,0,0,low_engagement
5515,cautious,social,0.0,0,,0,0,low_engagement
5516,balanced,organic,0.0,0,,0,0,cash_rich_noninvestor
5517,balanced,paid_search,0.0,0,,0,0,low_engagement
5518,cautious,referral,0.0,0,,0,0,low_engagement
5519,cautious,referral,0.0,0,,0,0,low_engagement
5520,balanced,social,0.0,0,,0,0,cash_rich_noninvestor
5521,cautious,paid_search,0.0,0,,0,0,low_engagement
5522,aggressive,organic,0.0,0,,0,0,low_engagement
5523,balanced,organic,0.0,0,,0,0,low_engagement
5524,aggressive,bank_partner,0.0,0,,0,0,low_engagement
5525,balanced,paid_search,0.0,0,,0,0,low_engagement
5527,cautious,social,0.0,0,,0,0,low_engagement
5528,cautious,paid_search,0.0,0,,0,0,low_engagement
5529,balanced,organic,0.0,0,,0,0,cash_rich_noninvestor
5531,cautious,paid_search,0.0,0,,0,0,low_engagement
5532,cautious,referral,0.0,0,,0,0,low_engagement
5534,cautious,social,0.0,0,,0,0,low_engagement
5535,aggressive,paid_search,0.0,0,,0,0,low_engagement
5536,balanced,paid_search,0.0,0,,0,0,low_engagement
5537,balanced,organic,0.0,0,,0,0,cash_rich_noninvestor
5538,balanced,social,0.0,0,,0,0,low_engagement
5539,cautious,bank_partner,0.0,0,,0,0,low_engagement
5540,balanced,bank_partner,0.0,0,,0,0,low_engagement
5541,aggressive,referral,0.0,0,,0,0,cash_rich_noninvestor
5542,aggressive,paid_search,0.0,0,,0,0,low_engagement
5543,cautious,referral,0.0,0,,0,0,low_engagement
5546,cautious,organic,0.0,0,,0,0,low_engagement
5547,aggressive,organic,0.0,0,,0,0,cash_rich_noninvestor
5548,balanced,paid_search,0.0,0,,0,0,low_engagement
5549,cautious,organic,0.0,0,,0,0,low_engagement
5550,cautious,organic,0.0,0,,0,0,low_engagement
5551,cautious,organic,0.0,0,,0,0,low_engagement
5552,aggressive,referral,0.0,0,,0,0,low_engagement
5553,balanced,social,0.0,0,,0,0,low_engagement
5554,cautious,referral,0.0,0,,0,0,low_engagement
5555,cautious,paid_search,0.0,0,,0,0,cash_rich_noninvestor
5556,cautious,social,0.0,0,,0,0,low_engagement
5557,balanced,social,0.0,0,,0,0,low_engagement
5558,cautious,social,0.0,0,,0,0,low_engagement
5559,balanced,referral,0.0,0,,0,0,cash_rich_noninvestor
5560,cautious,paid_search,0.0,0,,0,0,low_engagement
5562,aggressive,organic,0.0,0,,0,0,low_engagement
5563,cautious,organic,0.0,0,,0,0,cash_rich_noninvestor
5564,cautious,paid_search,0.0,0,,0,0,low_engagement
5565,balanced,organic,0.0,0,,0,0,low_engagement
5566,balanced,organic,0.0,0,,0,0,cash_rich_noninvestor
5567,aggressive,bank_partner,0.0,0,,0,0,low_engagement
5568,balanced,bank_partner,0.0,0,,0,0,low_engagement
5569,balanced,social,0.0,0,,0,0,low_engagement
5570,aggressive,social,0.0,0,,0,0,low_engagement
5571,balanced,organic,0.0,0,,0,0,low_engagement
5572,cautious,social,0.0,0,,0,0,cash_rich_noninvestor
5573,aggressive,organic,0.0,0,,0,0,low_engagement
5575,cautious,social,0.0,0,,0,0,low_engagement
5576,balanced,paid_search,0.0,0,,0,0,low_engagement
5578,cautious,referral,0.0,0,,0,0,cash_rich_noninvestor
5580,balanced,social,0.0,0,,0,0,low_engagement
5581,balanced,paid_search,0.0,0,,0,0,low_engagement
5582,cautious,bank_partner,0.0,0,,0,0,cash_rich_noninvestor
5583,balanced,organic,0.0,0,,0,0,low_engagement
5585,cautious,social,0.0,0,,0,0,low_engagement
5587,cautious,social,0.0,0,,0,0,low_engagement
5589,aggressive,social,0.0,0,,0,0,low_engagement
5590,balanced,paid_search,0.0,0,,0,0,low_engagement
5591,aggressive,referral,0.0,0,,0,0,cash_rich_noninvestor
5592,cautious,organic,0.0,0,,0,0,low_engagement
5593,aggressive,bank_partner,0.0,0,,0,0,low_engagement
5595,cautious,organic,0.0,0,,0,0,low_engagement
5596,aggressive,social,0.0,0,,0,0,low_engagement
5597,balanced,paid_search,0.0,0,,0,0,low_engagement
5598,balanced,social,0.0,0,,0,0,low_engagement
5599,cautious,paid_search,0.0,0,,0,0,low_engagement
5601,aggressive,social,0.0,0,,0,0,low_engagement
5602,cautious,social,0.0,0,,0,0,low_engagement
5604,balanced,social,0.0,0,,0,0,low_engagement
5605,aggressive,organic,0.0,0,,0,0,low_engagement
5606,cautious,referral,0.0,0,,0,0,low_engagement
5607,cautious,bank_partner,0.0,0,,0,0,low_engagement
5608,balanced,referral,0.0,0,,0,0,low_engagement
5609,cautious,bank_partner,0.0,0,,0,0,low_engagement
5610,balanced,organic,0.0,0,,0,0,cash_rich_noninvestor
5611,balanced,social,0.0,0,,0,0,low_engagement
5612,cautious,paid_search,0.0,0,,0,0,low_engagement
5614,aggressive,referral,0.0,0,,0,0,low_engagement
5617,aggressive,referral,0.0,0,,0,0,low_engagement
5618,balanced,paid_search,0.0,0,,0,0,low_engagement
5619,cautious,social,0.0,0,,0,0,low_engagement
5620,cautious,social,0.0,0,,0,0,low_engagement
5621,balanced,social,0.0,0,,0,0,cash_rich_noninvestor
5622,balanced,bank_partner,0.0,0,,0,0,cash_rich_noninvestor
5623,cautious,bank_partner,0.0,0,,0,0,cash_rich_noninvestor
5624,balanced,social,0.0,0,,0,0,low_engagement
5625,balanced,referral,0.0,0,,0,0,low_engagement
5626,cautious,organic,0.0,0,,0,0,low_engagement
5629,cautious,organic,0.0,0,,0,0,low_engagement
5630,cautious,organic,0.0,0,,0,0,low_engagement
5631,cautious,paid_search,0.0,0,,0,0,low_engagement
5632,aggressive,organic,0.0,0,,0,0,low_engagement
5633,cautious,bank_partner,0.0,0,,0,0,cash_rich_noninvestor
5634,balanced,organic,0.0,0,,0,0,cash_rich_noninvestor
5637,cautious,organic,0.0,0,,0,0,cash_rich_noninvestor
5638,balanced,paid_search,0.0,0,,0,0,low_engagement
5639,cautious,organic,0.0,0,,0,0,low_engagement
5640,cautious,organic,0.0,0,,0,0,low_engagement
5641,aggressive,paid_search,0.0,0,,0,0,low_engagement
5642,balanced,referral,0.0,0,,0,0,low_engagement
5643,balanced,social,0.0,0,,0,0,low_engagement
5644,balanced,bank_partner,0.0,0,,0,0,cash_rich_noninvestor
5645,balanced,organic,0.0,0,,0,0,cash_rich_noninvestor
5646,cautious,social,0.0,0,,0,0,cash_rich_noninvestor
5647,cautious,paid_search,0.0,0,,0,0,low_engagement
5648,balanced,organic,0.0,0,,0,0,low_engagement
5649,aggressive,paid_search,0.0,0,,0,0,low_engagement
5651,balanced,referral,0.0,0,,0,0,low_engagement
5652,aggressive,paid_search,0.0,0,,0,0,low_engagement
5653,balanced,social,0.0,0,,0,0,low_engagement
5654,aggressive,bank_partner,0.0,0,,0,0,low_engagement
5655,balanced,organic,0.0,0,,0,0,cash_rich_noninvestor
5656,balanced,organic,0.0,0,,0,0,cash_rich_noninvestor
5657,balanced,social,0.0,0,,0,0,cash_rich_noninvestor
5658,balanced,paid_search,0.0,0,,0,0,cash_rich_noninvestor
5659,cautious,organic,0.0,0,,0,0,cash_rich_noninvestor
5660,cautious,bank_partner,0.0,0,,0,0,low_engagement
5661,cautious,bank_partner,0.0,0,,0,0,cash_rich_noninvestor
5662,balanced,organic,0.0,0,,0,0,low_engagement
5663,balanced,organic,0.0,0,,0,0,low_engagement
5664,aggressive,paid_search,0.0,0,,0,0,low_engagement
5665,cautious,paid_search,0.0,0,,0,0,low_engagement
5666,balanced,paid_search,0.0,0,,0,0,cash_rich_noninvestor
5670,balanced,paid_search,0.0,0,,0,0,low_engagement
5671,cautious,paid_search,0.0,0,,0,0,cash_rich_noninvestor
5672,balanced,bank_partner,0.0,0,,0,0,low_engagement
5674,cautious,social,0.0,0,,0,0,low_engagement
5675,cautious,referral,0.0,0,,0,0,low_engagement
5676,balanced,organic,0.0,0,,0,0,low_engagement
5677,balanced,organic,0.0,0,,0,0,low_engagement
5679,balanced,referral,0.0,0,,0,0,low_engagement
5680,cautious,organic,0.0,0,,0,0,low_engagement
5683,cautious,social,0.0,0,,0,0,low_engagement
5684,aggressive,paid_search,0.0,0,,0,0,low_engagement
5686,cautious,paid_search,0.0,0,,0,0,cash_rich_noninvestor
5687,aggressive,social,0.0,0,,0,0,low_engagement
5688,cautious,paid_search,0.0,0,,0,0,low_engagement
5689,cautious,social,0.0,0,,0,0,low_engagement
5690,balanced,paid_search,0.0,0,,0,0,low_engagement
5691,balanced,paid_search,0.0,0,,0,0,low_engagement
5692,cautious,social,0.0,0,,0,0,low_engagement
5693,cautious,social,0.0,0,,0,0,low_engagement
5694,cautious,paid_search,0.0,0,,0,0,low_engagement
5695,aggressive,organic,0.0,0,,0,0,low_engagement
5696,cautious,organic,0.0,0,,0,0,low_engagement
5698,aggressive,organic,0.0,0,,0,0,low_engagement
5699,balanced,bank_partner,0.0,0,,0,0,cash_rich_noninvestor
5701,cautious,referral,0.0,0,,0,0,cash_rich_noninvestor
5703,balanced,referral,0.0,0,,0,0,cash_rich_noninvestor
5704,aggressive,bank_partner,0.0,0,,0,0,low_engagement
5706,cautious,paid_search,0.0,0,,0,0,low_engagement
5708,balanced,organic,0.0,0,,0,0,low_engagement
5709,cautious,social,0.0,0,,0,0,low_engagement
5710,aggressive,organic,0.0,0,,0,0,low_engagement
5711,cautious,referral,0.0,0,,0,0,low_engagement
5712,balanced,paid_search,0.0,0,,0,0,low_engagement
5713,cautious,paid_search,0.0,0,,0,0,low_engagement
5714,balanced,organic,0.0,0,,0,0,low_engagement
5715,cautious,organic,0.0,0,,0,0,cash_rich_noninvestor
5716,aggressive,referral,0.0,0,,0,0,low_engagement
5717,balanced,social,0.0,0,,0,0,cash_rich_noninvestor
5718,cautious,referral,0.0,0,,0,0,low_engagement
5719,cautious,paid_search,0.0,0,,0,0,low_engagement
5720,cautious,referral,0.0,0,,0,0,low_engagement
5721,aggressive,social,0.0,0,,0,0,cash_rich_noninvestor
5722,aggressive,bank_partner,0.0,0,,0,0,low_engagement
5724,cautious,paid_search,0.0,0,,0,0,cash_rich_noninvestor
5725,cautious,organic,0.0,0,,0,0,low_engagement
5726,balanced,bank_partner,0.0,0,,0,0,low_engagement
5727,balanced,organic,0.0,0,,0,0,cash_rich_noninvestor
5728,balanced,organic,0.0,0,,0,0,low_engagement
5729,balanced,organic,0.0,0,,0,0,low_engagement
5730,cautious,organic,0.0,0,,0,0,low_engagement
5731,balanced,organic,0.0,0,,0,0,low_engagement
5732,cautious,paid_search,0.0,0,,0,0,low_engagement
5733,cautious,bank_partner,0.0,0,,0,0,cash_rich_noninvestor
5734,aggressive,bank_partner,0.0,0,,0,0,cash_rich_noninvestor
5735,balanced,social,0.0,0,,0,0,low_engagement
5737,aggressive,organic,0.0,0,,0,0,low_engagement
5738,balanced,organic,0.0,0,,0,0,low_engagement
5739,balanced,organic,0.0,0,,0,0,low_engagement
5740,balanced,bank_partner,0.0,0,,0,0,low_engagement
5741,balanced,organic,0.0,0,,0,0,low_engagement
5742,balanced,organic,0.0,0,,0,0,low_engagement
5743,balanced,organic,0.0,0,,0,0,cash_rich_noninvestor
5744,aggressive,social,0.0,0,,0,0,cash_rich_noninvestor
5746,balanced,organic,0.0,0,,0,0,low_engagement
5747,aggressive,referral,0.0,0,,0,0,low_engagement
5749,balanced,organic,0.0,0,,0,0,low_engagement
5750,cautious,organic,0.0,0,,0,0,low_engagement
5751,cautious,social,0.0,0,,0,0,low_engagement
5752,aggressive,social,0.0,0,,0,0,cash_rich_noninvestor
5754,balanced,social,0.0,0,,0,0,low_engagement
5756,balanced,referral,0.0,0,,0,0,low_engagement
5757,aggressive,organic,0.0,0,,0,0,cash_rich_noninvestor
5758,balanced,social,0.0,0,,0,0,cash_rich_noninvestor
5759,balanced,referral,0.0,0,,0,0,low_engagement
5760,balanced,organic,0.0,0,,0,0,low_engagement
5761,balanced,bank_partner,0.0,0,,0,0,low_engagement
5762,balanced,referral,0.0,0,,0,0,low_engagement
5763,aggressive,organic,0.0,0,,0,0,low_engagement
5764,cautious,organic,0.0,0,,0,0,low_engagement
5765,aggressive,organic,0.0,0,,0,0,low_engagement
5766,balanced,organic,0.0,0,,0,0,low_engagement
5767,cautious,social,0.0,0,,0,0,low_engagement
5768,balanced,organic,0.0,0,,0,0,low_engagement
5769,aggressive,referral,0.0,0,,0,0,low_engagement
5770,cautious,organic,0.0,0,,0,0,low_engagement
5771,balanced,social,0.0,0,,0,0,cash_rich_noninvestor
5772,aggressive,organic,0.0,0,,0,0,cash_rich_noninvestor
5773,cautious,referral,0.0,0,,0,0,low_engagement
5774,aggressive,organic,0.0,0,,0,0,low_engagement
5775,cautious,paid_search,0.0,0,,0,0,low_engagement
5776,cautious,referral,0.0,0,,0,0,low_engagement
5778,cautious,organic,0.0,0,,0,0,low_engagement
5779,aggressive,referral,0.0,0,,0,0,low_engagement
5780,cautious,referral,0.0,0,,0,0,low_engagement
5781,balanced,social,0.0,0,,0,0,low_engagement
5783,cautious,paid_search,0.0,0,,0,0,cash_rich_noninvestor
5784,balanced,paid_search,0.0,0,,0,0,cash_rich_noninvestor
5785,balanced,referral,0.0,0,,0,0,cash_rich_noninvestor
5786,balanced,social,0.0,0,,0,0,low_engagement
5787,balanced,bank_partner,0.0,0,,0,0,cash_rich_noninvestor
5788,cautious,referral,0.0,0,,0,0,low_engagement
5789,balanced,social,0.0,0,,0,0,low_engagement
5790,aggressive,organic,0.0,0,,0,0,low_engagement
5791,balanced,social,0.0,0,,0,0,cash_rich_noninvestor
5792,cautious,paid_search,0.0,0,,0,0,low_engagement
5794,cautious,paid_search,0.0,0,,0,0,low_engagement
5795,balanced,organic,0.0,0,,0,0,low_engagement
5796,balanced,referral,0.0,0,,0,0,low_engagement
5797,balanced,organic,0.0,0,,0,0,low_engagement
5798,balanced,social,0.0,0,,0,0,low_engagement
5799,cautious,organic,0.0,0,,0,0,low_engagement
5800,cautious,bank_partner,0.0,0,,0,0,cash_rich_noninvestor
5801,cautious,organic,0.0,0,,0,0,low_engagement
5802,balanced,social,0.0,0,,0,0,low_engagement
5803,balanced,paid_search,0.0,0,,0,0,cash_rich_noninvestor
5804,cautious,organic,0.0,0,,0,0,low_engagement
5807,balanced,paid_search,0.0,0,,0,0,low_engagement
5808,balanced,social,0.0,0,,0,0,cash_rich_noninvestor
5809,cautious,paid_search,0.0,0,,0,0,low_engagement
5810,balanced,referral,0.0,0,,0,0,low_engagement
5811,cautious,paid_search,0.0,0,,0,0,cash_rich_noninvestor
5812,balanced,paid_search,0.0,0,,0,0,cash_rich_noninvestor
5813,balanced,social,0.0,0,,0,0,low_engagement
5814,aggressive,organic,0.0,0,,0,0,cash_rich_noninvestor
5815,balanced,organic,0.0,0,,0,0,cash_rich_noninvestor
5816,balanced,organic,0.0,0,,0,0,low_engagement
5817,balanced,bank_partner,0.0,0,,0,0,low_engagement
5818,balanced,bank_partner,0.0,0,,0,0,cash_rich_noninvestor
5819,cautious,organic,0.0,0,,0,0,cash_rich_noninvestor
5821,balanced,organic,0.0,0,,0,0,low_engagement
5822,cautious,referral,0.0,0,,0,0,low_engagement
5823,balanced,social,0.0,0,,0,0,low_engagement
5824,balanced,organic,0.0,0,,0,0,low_engagement
5825,aggressive,paid_search,0.0,0,,0,0,cash_rich_noninvestor
5827,balanced,referral,0.0,0,,0,0,low_engagement
5828,cautious,bank_partner,0.0,0,,0,0,low_engagement
5829,balanced,social,0.0,0,,0,0,cash_rich_noninvestor
5831,aggressive,bank_partner,0.0,0,,0,0,low_engagement
5832,balanced,organic,0.0,0,,0,0,cash_rich_noninvestor
5833,cautious,social,0.0,0,,0,0,low_engagement
5834,balanced,social,0.0,0,,0,0,cash_rich_noninvestor
5835,cautious,paid_search,0.0,0,,0,0,low_engagement
5838,cautious,paid_search,0.0,0,,0,0,low_engagement
5839,balanced,referral,0.0,0,,0,0,cash_rich_noninvestor
5840,balanced,paid_search,0.0,0,,0,0,cash_rich_noninvestor
5842,cautious,paid_search,0.0,0,,0,0,low_engagement
5844,balanced,social,0.0,0,,0,0,cash_rich_noninvestor
5845,cautious,referral,0.0,0,,0,0,low_engagement
5846,cautious,bank_partner,0.0,0,,0,0,low_engagement
5848,aggressive,bank_partner,0.0,0,,0,0,low_engagement
5849,aggressive,organic,0.0,0,,0,0,low_engagement
5850,balanced,paid_search,0.0,0,,0,0,low_engagement
5851,balanced,paid_search,0.0,0,,0,0,low_engagement
5852,balanced,organic,0.0,0,,0,0,low_engagement
5853,aggressive,referral,0.0,0,,0,0,cash_rich_noninvestor
5854,cautious,paid_search,0.0,0,,0,0,low_engagement
5855,balanced,paid_search,0.0,0,,0,0,low_engagement
5856,balanced,paid_search,0.0,0,,0,0,low_engagement
5857,balanced,paid_search,0.0,0,,0,0,low_engagement
5858,cautious,paid_search,0.0,0,,0,0,low_engagement
5859,cautious,social,0.0,0,,0,0,low_engagement
5860,balanced,social,0.0,0,,0,0,cash_rich_noninvestor
5861,aggressive,organic,0.0,0,,0,0,low_engagement
5862,cautious,organic,0.0,0,,0,0,cash_rich_noninvestor
5863,balanced,organic,0.0,0,,0,0,low_engagement
5864,cautious,organic,0.0,0,,0,0,cash_rich_noninvestor
5865,cautious,social,0.0,0,,0,0,cash_rich_noninvestor
5866,balanced,organic,0.0,0,,0,0,cash_rich_noninvestor
5868,cautious,paid_search,0.0,0,,0,0,low_engagement
5869,cautious,paid_search,0.0,0,,0,0,low_engagement
5870,balanced,referral,0.0,0,,0,0,cash_rich_noninvestor
5871,balanced,organic,0.0,0,,0,0,low_engagement
5872,balanced,bank_partner,0.0,0,,0,0,low_engagement
5873,balanced,organic,0.0,0,,0,0,low_engagement
5874,cautious,referral,0.0,0,,0,0,cash_rich_noninvestor
5875,cautious,social,0.0,0,,0,0,low_engagement
5876,cautious,social,0.0,0,,0,0,cash_rich_noninvestor
5877,balanced,bank_partner,0.0,0,,0,0,cash_rich_noninvestor
5878,balanced,organic,0.0,0,,0,0,low_engagement
5879,balanced,paid_search,0.0,0,,0,0,low_engagement
5880,balanced,social,0.0,0,,0,0,low_engagement
5881,aggressive,paid_search,0.0,0,,0,0,cash_rich_noninvestor
5882,aggressive,paid_search,0.0,0,,0,0,cash_rich_noninvestor
5883,aggressive,organic,0.0,0,,0,0,low_engagement
5884,cautious,social,0.0,0,,0,0,cash_rich_noninvestor
5885,cautious,paid_search,0.0,0,,0,0,low_engagement
5886,balanced,organic,0.0,0,,0,0,low_engagement
5887,cautious,organic,0.0,0,,0,0,low_engagement
5888,balanced,social,0.0,0,,0,0,low_engagement
5890,balanced,organic,0.0,0,,0,0,low_engagement
5891,cautious,referral,0.0,0,,0,0,cash_rich_noninvestor
5892,aggressive,referral,0.0,0,,0,0,low_engagement
5893,balanced,organic,0.0,0,,0,0,low_engagement
5894,cautious,referral,0.0,0,,0,0,low_engagement
5895,cautious,referral,0.0,0,,0,0,low_engagement
5896,balanced,social,0.0,0,,0,0,cash_rich_noninvestor
5897,cautious,organic,0.0,0,,0,0,low_engagement
5898,cautious,organic,0.0,0,,0,0,low_engagement
5899,cautious,referral,0.0,0,,0,0,cash_rich_noninvestor
5900,cautious,social,0.0,0,,0,0,low_engagement
5901,balanced,organic,0.0,0,,0,0,low_engagement
5902,cautious,social,0.0,0,,0,0,low_engagement
5903,aggressive,referral,0.0,0,,0,0,cash_rich_noninvestor
5904,cautious,referral,0.0,0,,0,0,low_engagement
5905,balanced,paid_search,0.0,0,,0,0,low_engagement
5906,cautious,paid_search,0.0,0,,0,0,low_engagement
5907,balanced,bank_partner,0.0,0,,0,0,low_engagement
5908,balanced,referral,0.0,0,,0,0,low_engagement
5909,aggressive,social,0.0,0,,0,0,cash_rich_noninvestor
5910,cautious,organic,0.0,0,,0,0,low_engagement
5911,cautious,organic,0.0,0,,0,0,low_engagement
5913,cautious,bank_partner,0.0,0,,0,0,low_engagement
5914,cautious,bank_partner,0.0,0,,0,0,low_engagement
5915,balanced,social,0.0,0,,0,0,low_engagement
5916,balanced,organic,0.0,0,,0,0,low_engagement
5917,cautious,referral,0.0,0,,0,0,low_engagement
5918,aggressive,bank_partner,0.0,0,,0,0,low_engagement
5919,aggressive,paid_search,0.0,0,,0,0,cash_rich_noninvestor
5920,cautious,organic,0.0,0,,0,0,cash_rich_noninvestor
5921,balanced,referral,0.0,0,,0,0,low_engagement
5922,aggressive,organic,0.0,0,,0,0,low_engagement
5923,balanced,social,0.0,0,,0,0,low_engagement
5924,balanced,referral,0.0,0,,0,0,low_engagement
5925,balanced,paid_search,0.0,0,,0,0,low_engagement
5926,balanced,social,0.0,0,,0,0,cash_rich_noninvestor
5927,balanced,bank_partner,0.0,0,,0,0,low_engagement
5928,balanced,social,0.0,0,,0,0,cash_rich_noninvestor
5929,cautious,paid_search,0.0,0,,0,0,low_engagement
5930,balanced,organic,0.0,0,,0,0,low_engagement
5931,cautious,paid_search,0.0,0,,0,0,low_engagement
5932,balanced,social,0.0,0,,0,0,low_engagement
5933,balanced,referral,0.0,0,,0,0,low_engagement
5934,aggressive,organic,0.0,0,,0,0,low_engagement
5935,cautious,paid_search,0.0,0,,0,0,low_engagement
5936,balanced,social,0.0,0,,0,0,low_engagement
5937,balanced,bank_partner,0.0,0,,0,0,low_engagement
5938,cautious,social,0.0,0,,0,0,cash_rich_noninvestor
5939,balanced,social,0.0,0,,0,0,low_engagement
5943,cautious,organic,0.0,0,,0,0,low_engagement
5946,balanced,paid_search,0.0,0,,0,0,low_engagement
5947,balanced,paid_search,0.0,0,,0,0,low_engagement
5948,balanced,paid_search,0.0,0,,0,0,low_engagement
5949,balanced,social,0.0,0,,0,0,cash_rich_noninvestor
5950,aggressive,organic,0.0,0,,0,0,cash_rich_noninvestor
5951,balanced,social,0.0,0,,0,0,low_engagement
5952,cautious,referral,0.0,0,,0,0,low_engagement
5953,aggressive,social,0.0,0,,0,0,low_engagement
5954,cautious,organic,0.0,0,,0,0,cash_rich_noninvestor
5955,aggressive,organic,0.0,0,,0,0,low_engagement
5956,aggressive,organic,0.0,0,,0,0,low_engagement
5957,cautious,organic,0.0,0,,0,0,cash_rich_noninvestor
5958,balanced,social,0.0,0,,0,0,low_engagement
5959,aggressive,paid_search,0.0,0,,0,0,cash_rich_noninvestor
5960,balanced,social,0.0,0,,0,0,low_engagement
5961,cautious,referral,0.0,0,,0,0,low_engagement
5962,balanced,social,0.0,0,,0,0,low_engagement
5964,balanced,social,0.0,0,,0,0,low_engagement
5965,aggressive,organic,0.0,0,,0,0,low_engagement
5966,balanced,bank_partner,0.0,0,,0,0,low_engagement
5967,cautious,paid_search,0.0,0,,0,0,low_engagement
5968,cautious,social,0.0,0,,0,0,low_engagement
5969,cautious,referral,0.0,0,,0,0,low_engagement
5970,balanced,paid_search,0.0,0,,0,0,low_engagement
5971,cautious,social,0.0,0,,0,0,low_engagement
5974,aggressive,social,0.0,0,,0,0,low_engagement
5975,aggressive,social,0.0,0,,0,0,low_engagement
5976,balanced,referral,0.0,0,,0,0,low_engagement
5977,aggressive,organic,0.0,0,,0,0,cash_rich_noninvestor
5978,aggressive,organic,0.0,0,,0,0,low_engagement
5979,cautious,social,0.0,0,,0,0,low_engagement
5980,balanced,referral,0.0,0,,0,0,low_engagement
5981,cautious,referral,0.0,0,,0,0,low_engagement
5982,cautious,social,0.0,0,,0,0,cash_rich_noninvestor
5983,balanced,paid_search,0.0,0,,0,0,low_engagement
5984,balanced,paid_search,0.0,0,,0,0,cash_rich_noninvestor
5985,cautious,social,0.0,0,,0,0,low_engagement
5986,balanced,organic,0.0,0,,0,0,low_engagement
5987,aggressive,paid_search,0.0,0,,0,0,low_engagement
5988,cautious,social,0.0,0,,0,0,low_engagement
5990,cautious,organic,0.0,0,,0,0,low_engagement
5991,cautious,paid_search,0.0,0,,0,0,low_engagement
5992,balanced,organic,0.0,0,,0,0,low_engagement
5993,balanced,social,0.0,0,,0,0,cash_rich_noninvestor
5994,balanced,paid_search,0.0,0,,0,0,low_engagement
5995,cautious,organic,0.0,0,,0,0,low_engagement
5996,aggressive,organic,0.0,0,,0,0,low_engagement
5997,balanced,paid_search,0.0,0,,0,0,cash_rich_noninvestor
5999,cautious,bank_partner,0.0,0,,0,0,low_engagement
6001,cautious,organic,0.0,0,,0,0,low_engagement
6002,aggressive,paid_search,0.0,0,,0,0,cash_rich_noninvestor
6003,aggressive,organic,0.0,0,,0,0,low_engagement
6004,aggressive,paid_search,0.0,0,,0,0,low_engagement
6005,balanced,paid_search,0.0,0,,0,0,low_engagement
6006,cautious,paid_search,0.0,0,,0,0,low_engagement
6007,balanced,paid_search,0.0,0,,0,0,cash_rich_noninvestor
6008,cautious,referral,0.0,0,,0,0,cash_rich_noninvestor
6009,balanced,social,0.0,0,,0,0,cash_rich_noninvestor
6010,cautious,bank_partner,0.0,0,,0,0,low_engagement
6012,cautious,paid_search,0.0,0,,0,0,low_engagement
6013,cautious,paid_search,0.0,0,,0,0,low_engagement
6014,cautious,social,0.0,0,,0,0,cash_rich_noninvestor
6015,aggressive,social,0.0,0,,0,0,low_engagement
6016,balanced,social,0.0,0,,0,0,cash_rich_noninvestor
6018,balanced,bank_partner,0.0,0,,0,0,low_engagement
6019,cautious,referral,0.0,0,,0,0,low_engagement
6020,balanced,organic,0.0,0,,0,0,cash_rich_noninvestor
6021,aggressive,paid_search,0.0,0,,0,0,low_engagement
6022,cautious,organic,0.0,0,,0,0,low_engagement
6023,balanced,paid_search,0.0,0,,0,0,low_engagement
6024,cautious,organic,0.0,0,,0,0,cash_rich_noninvestor
6025,balanced,bank_partner,0.0,0,,0,0,low_engagement
6026,cautious,paid_search,0.0,0,,0,0,low_engagement
6027,cautious,paid_search,0.0,0,,0,0,low_engagement
6028,balanced,organic,0.0,0,,0,0,low_engagement
6030,cautious,social,0.0,0,,0,0,low_engagement
6031,cautious,paid_search,0.0,0,,0,0,low_engagement
6032,cautious,organic,0.0,0,,0,0,low_engagement
6033,cautious,social,0.0,0,,0,0,cash_rich_noninvestor
6034,cautious,social,0.0,0,,0,0,low_engagement
6035,balanced,organic,0.0,0,,0,0,low_engagement
6036,cautious,referral,0.0,0,,0,0,cash_rich_noninvestor
6037,cautious,social,0.0,0,,0,0,low_engagement
6038,aggressive,paid_search,0.0,0,,0,0,low_engagement
6039,cautious,paid_search,0.0,0,,0,0,low_engagement
6040,balanced,bank_partner,0.0,0,,0,0,low_engagement
6041,aggressive,bank_partner,0.0,0,,0,0,low_engagement
6042,aggressive,paid_search,0.0,0,,0,0,cash_rich_noninvestor
6043,aggressive,social,0.0,0,,0,0,low_engagement
6044,cautious,paid_search,0.0,0,,0,0,low_engagement
6045,cautious,paid_search,0.0,0,,0,0,low_engagement
6046,balanced,organic,0.0,0,,0,0,low_engagement
6047,balanced,organic,0.0,0,,0,0,low_engagement
6049,balanced,organic,0.0,0,,0,0,low_engagement
6050,balanced,social,0.0,0,,0,0,low_engagement
6051,cautious,organic,0.0,0,,0,0,low_engagement
6052,aggressive,organic,0.0,0,,0,0,low_engagement
6053,aggressive,paid_search,0.0,0,,0,0,low_engagement
6054,cautious,bank_partner,0.0,0,,0,0,low_engagement
6055,cautious,organic,0.0,0,,0,0,low_engagement
6056,balanced,organic,0.0,0,,0,0,low_engagement
6057,cautious,referral,0.0,0,,0,0,low_engagement
6058,aggressive,organic,0.0,0,,0,0,cash_rich_noninvestor
6060,balanced,bank_partner,0.0,0,,0,0,low_engagement
6061,cautious,referral,0.0,0,,0,0,low_engagement
6062,balanced,bank_partner,0.0,0,,0,0,cash_rich_noninvestor
6063,balanced,social,0.0,0,,0,0,low_engagement
6064,cautious,social,0.0,0,,0,0,low_engagement
6065,balanced,organic,0.0,0,,0,0,low_engagement
6066,cautious,organic,0.0,0,,0,0,low_engagement
6067,cautious,social,0.0,0,,0,0,low_engagement
6068,balanced,social,0.0,0,,0,0,low_engagement
6069,balanced,organic,0.0,0,,0,0,cash_rich_noninvestor
6070,cautious,social,0.0,0,,0,0,low_engagement
6071,balanced,social,0.0,0,,0,0,low_engagement
6072,balanced,paid_search,0.0,0,,0,0,low_engagement
6073,cautious,organic,0.0,0,,0,0,cash_rich_noninvestor
6074,balanced,organic,0.0,0,,0,0,low_engagement
6075,balanced,paid_search,0.0,0,,0,0,low_engagement
6076,balanced,organic,0.0,0,,0,0,low_engagement
6077,cautious,referral,0.0,0,,0,0,low_engagement
6078,aggressive,paid_search,0.0,0,,0,0,cash_rich_noninvestor
6079,balanced,paid_search,0.0,0,,0,0,low_engagement
6080,balanced,paid_search,0.0,0,,0,0,low_engagement
6081,aggressive,bank_partner,0.0,0,,0,0,low_engagement
6082,balanced,organic,0.0,0,,0,0,cash_rich_noninvestor
6083,balanced,organic,0.0,0,,0,0,cash_rich_noninvestor
6084,aggressive,organic,0.0,0,,0,0,low_engagement
6085,balanced,referral,0.0,0,,0,0,cash_rich_noninvestor
6086,cautious,referral,0.0,0,,0,0,low_engagement
6088,balanced,paid_search,0.0,0,,0,0,cash_rich_noninvestor
6089,cautious,social,0.0,0,,0,0,cash_rich_noninvestor
6090,balanced,paid_search,0.0,0,,0,0,low_engagement
6091,aggressive,organic,0.0,0,,0,0,low_engagement
6092,cautious,paid_search,0.0,0,,0,0,cash_rich_noninvestor
6093,balanced,paid_search,0.0,0,,0,0,low_engagement
6094,balanced,paid_search,0.0,0,,0,0,cash_rich_noninvestor
6095,balanced,referral,0.0,0,,0,0,low_engagement
6096,cautious,referral,0.0,0,,0,0,cash_rich_noninvestor
6097,cautious,referral,0.0,0,,0,0,low_engagement
6098,balanced,organic,0.0,0,,0,0,low_engagement
6099,balanced,paid_search,0.0,0,,0,0,low_engagement
6100,aggressive,bank_partner,0.0,0,,0,0,cash_rich_noninvestor
6101,aggressive,organic,0.0,0,,0,0,cash_rich_noninvestor
6102,balanced,paid_search,0.0,0,,0,0,low_engagement
6103,cautious,referral,0.0,0,,0,0,low_engagement
6104,cautious,bank_partner,0.0,0,,0,0,cash_rich_noninvestor
6106,balanced,bank_partner,0.0,0,,0,0,low_engagement
6107,cautious,organic,0.0,0,,0,0,low_engagement
6108,cautious,organic,0.0,0,,0,0,low_engagement
6109,balanced,paid_search,0.0,0,,0,0,cash_rich_noninvestor
6110,cautious,social,0.0,0,,0,0,low_engagement
6111,aggressive,social,0.0,0,,0,0,low_engagement
6112,cautious,organic,0.0,0,,0,0,low_engagement
6113,aggressive,paid_search,0.0,0,,0,0,low_engagement
6114,balanced,social,0.0,0,,0,0,low_engagement
6115,balanced,paid_search,0.0,0,,0,0,low_engagement
6116,cautious,paid_search,0.0,0,,0,0,low_engagement
6117,cautious,paid_search,0.0,0,,0,0,low_engagement
6118,cautious,social,0.0,0,,0,0,low_engagement
6119,cautious,paid_search,0.0,0,,0,0,cash_rich_noninvestor
6120,cautious,social,0.0,0,,0,0,low_engagement
6122,cautious,referral,0.0,0,,0,0,cash_rich_noninvestor
6123,balanced,organic,0.0,0,,0,0,low_engagement
6124,cautious,social,0.0,0,,0,0,low_engagement
6125,aggressive,paid_search,0.0,0,,0,0,low_engagement
6126,cautious,bank_partner,0.0,0,,0,0,cash_rich_noninvestor
6127,cautious,social,0.0,0,,0,0,cash_rich_noninvestor
6129,balanced,social,0.0,0,,0,0,low_engagement
6130,balanced,paid_search,0.0,0,,0,0,low_engagement
6131,cautious,bank_partner,0.0,0,,0,0,low_engagement
6132,balanced,social,0.0,0,,0,0,low_engagement
6133,cautious,social,0.0,0,,0,0,low_engagement
6134,aggressive,social,0.0,0,,0,0,low_engagement
6135,balanced,organic,0.0,0,,0,0,cash_rich_noninvestor
6136,aggressive,organic,0.0,0,,0,0,low_engagement
6137,balanced,organic,0.0,0,,0,0,low_engagement
6138,balanced,paid_search,0.0,0,,0,0,low_engagement
6140,cautious,social,0.0,0,,0,0,low_engagement
6141,cautious,organic,0.0,0,,0,0,low_engagement
6142,aggressive,organic,0.0,0,,0,0,low_engagement
6143,balanced,referral,0.0,0,,0,0,low_engagement
6144,cautious,paid_search,0.0,0,,0,0,low_engagement
6145,cautious,bank_partner,0.0,0,,0,0,low_engagement
6148,balanced,bank_partner,0.0,0,,0,0,low_engagement
6149,balanced,bank_partner,0.0,0,,0,0,cash_rich_noninvestor
6150,balanced,paid_search,0.0,0,,0,0,cash_rich_noninvestor
6151,balanced,organic,0.0,0,,0,0,low_engagement
6152,balanced,bank_partner,0.0,0,,0,0,low_engagement
6153,balanced,social,0.0,0,,0,0,low_engagement
6155,balanced,social,0.0,0,,0,0,low_engagement
6156,balanced,referral,0.0,0,,0,0,low_engagement
6157,balanced,social,0.0,0,,0,0,low_engagement
6159,cautious,paid_search,0.0,0,,0,0,low_engagement
6160,cautious,referral,0.0,0,,0,0,low_engagement
6161,aggressive,social,0.0,0,,0,0,low_engagement
6162,balanced,organic,0.0,0,,0,0,cash_rich_noninvestor
6163,balanced,referral,0.0,0,,0,0,cash_rich_noninvestor
6164,balanced,bank_partner,0.0,0,,0,0,low_engagement
6165,aggressive,social,0.0,0,,0,0,low_engagement
6166,cautious,organic,0.0,0,,0,0,low_engagement
6167,cautious,bank_partner,0.0,0,,0,0,low_engagement
6168,aggressive,social,0.0,0,,0,0,cash_rich_noninvestor
6169,cautious,bank_partner,0.0,0,,0,0,low_engagement
6170,aggressive,paid_search,0.0,0,,0,0,low_engagement
6173,aggressive,paid_search,0.0,0,,0,0,cash_rich_noninvestor
6174,aggressive,paid_search,0.0,0,,0,0,low_engagement
6175,balanced,paid_search,0.0,0,,0,0,low_engagement
6177,balanced,social,0.0,0,,0,0,low_engagement
6179,aggressive,social,0.0,0,,0,0,low_engagement
6180,aggressive,organic,0.0,0,,0,0,cash_rich_noninvestor
6181,cautious,bank_partner,0.0,0,,0,0,low_engagement
6182,cautious,organic,0.0,0,,0,0,low_engagement
6183,aggressive,referral,0.0,0,,0,0,low_engagement
6187,aggressive,referral,0.0,0,,0,0,cash_rich_noninvestor
6188,cautious,organic,0.0,0,,0,0,low_engagement
6189,balanced,organic,0.0,0,,0,0,low_engagement
6190,balanced,social,0.0,0,,0,0,low_engagement
6192,balanced,paid_search,0.0,0,,0,0,cash_rich_noninvestor
6193,balanced,organic,0.0,0,,0,0,low_engagement
6194,aggressive,organic,0.0,0,,0,0,cash_rich_noninvestor
6196,cautious,referral,0.0,0,,0,0,low_engagement
6197,cautious,paid_search,0.0,0,,0,0,low_engagement
6198,cautious,organic,0.0,0,,0,0,low_engagement
6199,balanced,organic,0.0,0,,0,0,low_engagement
6200,balanced,referral,0.0,0,,0,0,low_engagement
6201,cautious,paid_search,0.0,0,,0,0,low_engagement
6203,balanced,social,0.0,0,,0,0,low_engagement
6204,aggressive,paid_search,0.0,0,,0,0,low_engagement
6205,cautious,organic,0.0,0,,0,0,low_engagement
6206,balanced,bank_partner,0.0,0,,0,0,cash_rich_noninvestor
6207,balanced,social,0.0,0,,0,0,low_engagement
6208,balanced,paid_search,0.0,0,,0,0,low_engagement
6210,balanced,referral,0.0,0,,0,0,low_engagement
6212,balanced,social,0.0,0,,0,0,low_engagement
6213,cautious,organic,0.0,0,,0,0,cash_rich_noninvestor
6214,balanced,organic,0.0,0,,0,0,low_engagement
6215,balanced,organic,0.0,0,,0,0,low_engagement
6216,balanced,organic,0.0,0,,0,0,low_engagement
6217,aggressive,paid_search,0.0,0,,0,0,low_engagement
6218,cautious,bank_partner,0.0,0,,0,0,low_engagement
6219,aggressive,organic,0.0,0,,0,0,low_engagement
6220,cautious,social,0.0,0,,0,0,low_engagement
6221,cautious,social,0.0,0,,0,0,cash_rich_noninvestor
6222,cautious,paid_search,0.0,0,,0,0,low_engagement
6223,balanced,paid_search,0.0,0,,0,0,low_engagement
6224,balanced,social,0.0,0,,0,0,cash_rich_noninvestor
6225,balanced,organic,0.0,0,,0,0,low_engagement
6226,balanced,referral,0.0,0,,0,0,low_engagement
6227,balanced,paid_search,0.0,0,,0,0,low_engagement
6228,cautious,social,0.0,0,,0,0,low_engagement
6229,aggressive,social,0.0,0,,0,0,low_engagement
6230,balanced,social,0.0,0,,0,0,low_engagement
6231,aggressive,social,0.0,0,,0,0,low_engagement
6232,balanced,social,0.0,0,,0,0,low_engagement
6234,cautious,paid_search,0.0,0,,0,0,low_engagement
6236,cautious,paid_search,0.0,0,,0,0,low_engagement
6237,balanced,organic,0.0,0,,0,0,low_engagement
6238,aggressive,referral,0.0,0,,0,0,cash_rich_noninvestor
6240,balanced,referral,0.0,0,,0,0,low_engagement
6241,balanced,organic,0.0,0,,0,0,low_engagement
6242,balanced,paid_search,0.0,0,,0,0,cash_rich_noninvestor
6243,balanced,social,0.0,0,,0,0,cash_rich_noninvestor
6244,balanced,paid_search,0.0,0,,0,0,low_engagement
6245,balanced,organic,0.0,0,,0,0,cash_rich_noninvestor
6246,aggressive,social,0.0,0,,0,0,cash_rich_noninvestor
6247,aggressive,paid_search,0.0,0,,0,0,low_engagement
6248,balanced,organic,0.0,0,,0,0,low_engagement
6249,aggressive,organic,0.0,0,,0,0,low_engagement
6250,balanced,referral,0.0,0,,0,0,low_engagement
6251,cautious,organic,0.0,0,,0,0,low_engagement
6253,aggressive,organic,0.0,0,,0,0,low_engagement
6254,balanced,organic,0.0,0,,0,0,low_engagement
6255,cautious,bank_partner,0.0,0,,0,0,low_engagement
6256,cautious,paid_search,0.0,0,,0,0,low_engagement
6257,cautious,referral,0.0,0,,0,0,low_engagement
6258,cautious,social,0.0,0,,0,0,low_engagement
6260,balanced,organic,0.0,0,,0,0,low_engagement
6261,balanced,referral,0.0,0,,0,0,low_engagement
6262,balanced,social,0.0,0,,0,0,low_engagement
6263,cautious,social,0.0,0,,0,0,low_engagement
6264,aggressive,paid_search,0.0,0,,0,0,low_engagement
6265,aggressive,social,0.0,0,,0,0,low_engagement
6266,aggressive,paid_search,0.0,0,,0,0,cash_rich_noninvestor
6267,aggressive,organic,0.0,0,,0,0,cash_rich_noninvestor
6268,balanced,paid_search,0.0,0,,0,0,low_engagement
6269,aggressive,organic,0.0,0,,0,0,cash_rich_noninvestor
6270,cautious,paid_search,0.0,0,,0,0,low_engagement
6271,aggressive,organic,0.0,0,,0,0,cash_rich_noninvestor
6272,balanced,organic,0.0,0,,0,0,low_engagement
6274,balanced,referral,0.0,0,,0,0,low_engagement
6275,cautious,organic,0.0,0,,0,0,low_engagement
6276,balanced,paid_search,0.0,0,,0,0,low_engagement
6277,cautious,bank_partner,0.0,0,,0,0,low_engagement
6279,balanced,organic,0.0,0,,0,0,low_engagement
6280,balanced,organic,0.0,0,,0,0,low_engagement
6281,balanced,paid_search,0.0,0,,0,0,low_engagement
6282,cautious,paid_search,0.0,0,,0,0,low_engagement
6284,cautious,social,0.0,0,,0,0,low_engagement
6285,aggressive,organic,0.0,0,,0,0,low_engagement
6286,aggressive,social,0.0,0,,0,0,cash_rich_noninvestor
6287,aggressive,organic,0.0,0,,0,0,low_engagement
6288,cautious,social,0.0,0,,0,0,low_engagement
6289,balanced,paid_search,0.0,0,,0,0,low_engagement
6290,balanced,organic,0.0,0,,0,0,low_engagement
6291,aggressive,referral,0.0,0,,0,0,low_engagement
6292,cautious,referral,0.0,0,,0,0,cash_rich_noninvestor
6293,balanced,organic,0.0,0,,0,0,low_engagement
6294,balanced,organic,0.0,0,,0,0,low_engagement
6295,cautious,referral,0.0,0,,0,0,low_engagement
6297,balanced,bank_partner,0.0,0,,0,0,low_engagement
6298,cautious,organic,0.0,0,,0,0,cash_rich_noninvestor
6299,balanced,referral,0.0,0,,0,0,cash_rich_noninvestor
6300,aggressive,organic,0.0,0,,0,0,low_engagement
6301,balanced,organic,0.0,0,,0,0,low_engagement
6302,cautious,paid_search,0.0,0,,0,0,low_engagement
6303,balanced,social,0.0,0,,0,0,low_engagement
6304,cautious,social,0.0,0,,0,0,low_engagement
6305,aggressive,organic,0.0,0,,0,0,low_engagement
6306,cautious,social,0.0,0,,0,0,low_engagement
6307,cautious,referral,0.0,0,,0,0,cash_rich_noninvestor
6308,cautious,paid_search,0.0,0,,0,0,cash_rich_noninvestor
6309,balanced,organic,0.0,0,,0,0,low_engagement
6310,cautious,organic,0.0,0,,0,0,low_engagement
6311,cautious,paid_search,0.0,0,,0,0,low_engagement
6312,aggressive,social,0.0,0,,0,0,low_engagement
6313,balanced,referral,0.0,0,,0,0,low_engagement
6314,balanced,social,0.0,0,,0,0,low_engagement
6315,balanced,paid_search,0.0,0,,0,0,low_engagement
6317,cautious,referral,0.0,0,,0,0,low_engagement
6318,balanced,organic,0.0,0,,0,0,low_engagement
6319,balanced,paid_search,0.0,0,,0,0,low_engagement
6320,aggressive,organic,0.0,0,,0,0,low_engagement
6321,cautious,social,0.0,0,,0,0,low_engagement
6323,cautious,organic,0.0,0,,0,0,low_engagement
6324,balanced,bank_partner,0.0,0,,0,0,low_engagement
6325,cautious,bank_partner,0.0,0,,0,0,low_engagement
6326,balanced,paid_search,0.0,0,,0,0,low_engagement
6327,cautious,social,0.0,0,,0,0,low_engagement
6329,balanced,social,0.0,0,,0,0,low_engagement
6330,balanced,social,0.0,0,,0,0,low_engagement
6331,aggressive,bank_partner,0.0,0,,0,0,cash_rich_noninvestor
6332,balanced,social,0.0,0,,0,0,low_engagement
6333,cautious,organic,0.0,0,,0,0,low_engagement
6334,cautious,social,0.0,0,,0,0,cash_rich_noninvestor
6335,cautious,paid_search,0.0,0,,0,0,cash_rich_noninvestor
6336,balanced,referral,0.0,0,,0,0,low_engagement
6337,cautious,referral,0.0,0,,0,0,low_engagement
6338,balanced,organic,0.0,0,,0,0,cash_rich_noninvestor
6339,balanced,organic,0.0,0,,0,0,low_engagement
6341,cautious,social,0.0,0,,0,0,cash_rich_noninvestor
6342,balanced,organic,0.0,0,,0,0,low_engagement
6343,balanced,paid_search,0.0,0,,0,0,low_engagement
6344,cautious,paid_search,0.0,0,,0,0,cash_rich_noninvestor
6345,cautious,social,0.0,0,,0,0,low_engagement
6346,balanced,paid_search,0.0,0,,0,0,low_engagement
6347,aggressive,organic,0.0,0,,0,0,low_engagement
6348,balanced,organic,0.0,0,,0,0,low_engagement
6350,balanced,social,0.0,0,,0,0,low_engagement
6351,aggressive,bank_partner,0.0,0,,0,0,cash_rich_noninvestor
6352,cautious,social,0.0,0,,0,0,cash_rich_noninvestor
6353,aggressive,referral,0.0,0,,0,0,low_engagement
6354,balanced,paid_search,0.0,0,,0,0,low_engagement
6356,balanced,referral,0.0,0,,0,0,low_engagement
6357,cautious,paid_search,0.0,0,,0,0,low_engagement
6358,balanced,organic,0.0,0,,0,0,low_engagement
6359,balanced,referral,0.0,0,,0,0,low_engagement
6360,cautious,organic,0.0,0,,0,0,low_engagement
6361,aggressive,paid_search,0.0,0,,0,0,cash_rich_noninvestor
6362,balanced,paid_search,0.0,0,,0,0,low_engagement
6364,cautious,bank_partner,0.0,0,,0,0,cash_rich_noninvestor
6365,balanced,bank_partner,0.0,0,,0,0,low_engagement
6366,balanced,social,0.0,0,,0,0,low_engagement
6367,balanced,organic,0.0,0,,0,0,cash_rich_noninvestor
6369,cautious,social,0.0,0,,0,0,cash_rich_noninvestor
6372,aggressive,referral,0.0,0,,0,0,low_engagement
6373,balanced,referral,0.0,0,,0,0,low_engagement
6374,balanced,organic,0.0,0,,0,0,low_engagement
6375,cautious,social,0.0,0,,0,0,low_engagement
6376,aggressive,organic,0.0,0,,0,0,low_engagement
6377,balanced,referral,0.0,0,,0,0,cash_rich_noninvestor
6378,aggressive,bank_partner,0.0,0,,0,0,low_engagement
6379,cautious,paid_search,0.0,0,,0,0,low_engagement
6380,aggressive,organic,0.0,0,,0,0,low_engagement
6383,cautious,social,0.0,0,,0,0,low_engagement
6384,balanced,paid_search,0.0,0,,0,0,low_engagement
6385,cautious,bank_partner,0.0,0,,0,0,low_engagement
6386,balanced,paid_search,0.0,0,,0,0,low_engagement
6387,aggressive,bank_partner,0.0,0,,0,0,low_engagement
6388,cautious,paid_search,0.0,0,,0,0,cash_rich_noninvestor
6389,balanced,bank_partner,0.0,0,,0,0,low_engagement
6390,cautious,organic,0.0,0,,0,0,low_engagement
6391,balanced,referral,0.0,0,,0,0,low_engagement
6392,balanced,organic,0.0,0,,0,0,cash_rich_noninvestor
6393,cautious,organic,0.0,0,,0,0,low_engagement
6395,balanced,organic,0.0,0,,0,0,low_engagement
6397,balanced,referral,0.0,0,,0,0,low_engagement
6398,balanced,referral,0.0,0,,0,0,low_engagement
6399,balanced,bank_partner,0.0,0,,0,0,low_engagement
6400,balanced,social,0.0,0,,0,0,low_engagement
6401,cautious,paid_search,0.0,0,,0,0,cash_rich_noninvestor
6402,balanced,organic,0.0,0,,0,0,low_engagement
6403,aggressive,referral,0.0,0,,0,0,cash_rich_noninvestor
6404,balanced,paid_search,0.0,0,,0,0,cash_rich_noninvestor
6405,aggressive,referral,0.0,0,,0,0,low_engagement
6406,aggressive,referral,0.0,0,,0,0,cash_rich_noninvestor
6409,balanced,organic,0.0,0,,0,0,cash_rich_noninvestor
6410,cautious,social,0.0,0,,0,0,cash_rich_noninvestor
6411,balanced,bank_partner,0.0,0,,0,0,low_engagement
6412,cautious,organic,0.0,0,,0,0,cash_rich_noninvestor
6413,cautious,organic,0.0,0,,0,0,low_engagement
6414,balanced,organic,0.0,0,,0,0,low_engagement
6415,cautious,organic,0.0,0,,0,0,low_engagement
6416,balanced,paid_search,0.0,0,,0,0,low_engagement
6418,cautious,paid_search,0.0,0,,0,0,cash_rich_noninvestor
6419,balanced,social,0.0,0,,0,0,low_engagement
6420,cautious,referral,0.0,0,,0,0,low_engagement
6421,aggressive,organic,0.0,0,,0,0,cash_rich_noninvestor
6422,aggressive,organic,0.0,0,,0,0,low_engagement
6423,aggressive,referral,0.0,0,,0,0,low_engagement
6424,balanced,social,0.0,0,,0,0,cash_rich_noninvestor
6425,aggressive,organic,0.0,0,,0,0,low_engagement
6426,cautious,organic,0.0,0,,0,0,low_engagement
6427,aggressive,organic,0.0,0,,0,0,cash_rich_noninvestor
6428,balanced,organic,0.0,0,,0,0,low_engagement
6429,aggressive,paid_search,0.0,0,,0,0,low_engagement
6430,cautious,paid_search,0.0,0,,0,0,low_engagement
6431,balanced,paid_search,0.0,0,,0,0,low_engagement
6432,balanced,organic,0.0,0,,0,0,low_engagement
6433,cautious,organic,0.0,0,,0,0,low_engagement
6434,cautious,paid_search,0.0,0,,0,0,low_engagement
6435,aggressive,organic,0.0,0,,0,0,low_engagement
6436,aggressive,paid_search,0.0,0,,0,0,low_engagement
6437,cautious,organic,0.0,0,,0,0,low_engagement
6438,balanced,organic,0.0,0,,0,0,low_engagement
6439,cautious,organic,0.0,0,,0,0,cash_rich_noninvestor
6440,cautious,paid_search,0.0,0,,0,0,low_engagement
6441,cautious,organic,0.0,0,,0,0,cash_rich_noninvestor
6443,aggressive,organic,0.0,0,,0,0,low_engagement
6444,balanced,bank_partner,0.0,0,,0,0,cash_rich_noninvestor
6445,balanced,organic,0.0,0,,0,0,cash_rich_noninvestor
6446,cautious,organic,0.0,0,,0,0,cash_rich_noninvestor
6447,balanced,social,0.0,0,,0,0,low_engagement
6448,aggressive,bank_partner,0.0,0,,0,0,cash_rich_noninvestor
6449,cautious,social,0.0,0,,0,0,low_engagement
6451,balanced,organic,0.0,0,,0,0,low_engagement
6452,cautious,social,0.0,0,,0,0,low_engagement
6453,cautious,paid_search,0.0,0,,0,0,low_engagement
6454,cautious,paid_search,0.0,0,,0,0,low_engagement
6455,cautious,paid_search,0.0,0,,0,0,low_engagement
6456,cautious,organic,0.0,0,,0,0,low_engagement
6457,cautious,referral,0.0,0,,0,0,low_engagement
6458,cautious,referral,0.0,0,,0,0,cash_rich_noninvestor
6459,aggressive,organic,0.0,0,,0,0,low_engagement
6460,aggressive,referral,0.0,0,,0,0,low_engagement
6461,aggressive,paid_search,0.0,0,,0,0,low_engagement
6463,cautious,social,0.0,0,,0,0,low_engagement
6464,balanced,paid_search,0.0,0,,0,0,low_engagement
6465,aggressive,social,0.0,0,,0,0,low_engagement
6466,cautious,paid_search,0.0,0,,0,0,low_engagement
6467,balanced,bank_partner,0.0,0,,0,0,low_engagement
6468,balanced,social,0.0,0,,0,0,low_engagement
6469,balanced,paid_search,0.0,0,,0,0,low_engagement
6470,balanced,referral,0.0,0,,0,0,low_engagement
6471,cautious,social,0.0,0,,0,0,low_engagement
6472,aggressive,bank_partner,0.0,0,,0,0,low_engagement
6473,cautious,referral,0.0,0,,0,0,low_engagement
6476,balanced,referral,0.0,0,,0,0,low_engagement
6477,balanced,paid_search,0.0,0,,0,0,low_engagement
6478,cautious,paid_search,0.0,0,,0,0,low_engagement
6479,balanced,social,0.0,0,,0,0,low_engagement
6480,balanced,paid_search,0.0,0,,0,0,cash_rich_noninvestor
6483,balanced,social,0.0,0,,0,0,low_engagement
6484,cautious,referral,0.0,0,,0,0,low_engagement
6485,balanced,social,0.0,0,,0,0,low_engagement
6486,balanced,paid_search,0.0,0,,0,0,low_engagement
6487,aggressive,referral,0.0,0,,0,0,low_engagement
6488,balanced,social,0.0,0,,0,0,low_engagement
6489,balanced,social,0.0,0,,0,0,low_engagement
6490,balanced,organic,0.0,0,,0,0,low_engagement
6492,aggressive,referral,0.0,0,,0,0,cash_rich_noninvestor
6493,balanced,organic,0.0,0,,0,0,cash_rich_noninvestor
6494,cautious,social,0.0,0,,0,0,low_engagement
6495,balanced,referral,0.0,0,,0,0,low_engagement
6496,cautious,social,0.0,0,,0,0,low_engagement
6497,cautious,social,0.0,0,,0,0,low_engagement
6498,aggressive,referral,0.0,0,,0,0,low_engagement
6500,balanced,referral,0.0,0,,0,0,low_engagement
6501,balanced,organic,0.0,0,,0,0,low_engagement
6502,cautious,bank_partner,0.0,0,,0,0,low_engagement
6503,cautious,organic,0.0,0,,0,0,low_engagement
6504,balanced,organic,0.0,0,,0,0,low_engagement
6505,cautious,paid_search,0.0,0,,0,0,low_engagement
6506,balanced,organic,0.0,0,,0,0,cash_rich_noninvestor
6507,balanced,bank_partner,0.0,0,,0,0,low_engagement
6508,balanced,paid_search,0.0,0,,0,0,low_engagement
6509,cautious,organic,0.0,0,,0,0,low_engagement
6510,cautious,social,0.0,0,,0,0,low_engagement
6511,balanced,social,0.0,0,,0,0,cash_rich_noninvestor
6512,balanced,referral,0.0,0,,0,0,low_engagement
6513,cautious,referral,0.0,0,,0,0,low_engagement
6514,balanced,referral,0.0,0,,0,0,low_engagement
6515,balanced,organic,0.0,0,,0,0,low_engagement
6516,aggressive,organic,0.0,0,,0,0,low_engagement
6517,aggressive,organic,0.0,0,,0,0,cash_rich_noninvestor
6518,cautious,organic,0.0,0,,0,0,low_engagement
6520,balanced,organic,0.0,0,,0,0,low_engagement
6521,balanced,organic,0.0,0,,0,0,low_engagement
6522,balanced,organic,0.0,0,,0,0,cash_rich_noninvestor
6523,balanced,social,0.0,0,,0,0,low_engagement
6525,cautious,social,0.0,0,,0,0,low_engagement
6527,balanced,referral,0.0,0,,0,0,cash_rich_noninvestor
6528,balanced,social,0.0,0,,0,0,cash_rich_noninvestor
6529,balanced,organic,0.0,0,,0,0,low_engagement
6530,balanced,referral,0.0,0,,0,0,cash_rich_noninvestor
6531,cautious,organic,0.0,0,,0,0,low_engagement
6532,cautious,social,0.0,0,,0,0,low_engagement
6533,aggressive,organic,0.0,0,,0,0,cash_rich_noninvestor
6534,balanced,organic,0.0,0,,0,0,low_engagement
6535,aggressive,referral,0.0,0,,0,0,low_engagement
6536,balanced,organic,0.0,0,,0,0,low_engagement
6537,aggressive,social,0.0,0,,0,0,cash_rich_noninvestor
6539,aggressive,organic,0.0,0,,0,0,low_engagement
6540,aggressive,paid_search,0.0,0,,0,0,low_engagement
6541,cautious,organic,0.0,0,,0,0,low_engagement
6542,balanced,organic,0.0,0,,0,0,low_engagement
6543,balanced,referral,0.0,0,,0,0,low_engagement
6544,aggressive,social,0.0,0,,0,0,cash_rich_noninvestor
6545,balanced,bank_partner,0.0,0,,0,0,low_engagement
6547,balanced,social,0.0,0,,0,0,low_engagement
6548,balanced,social,0.0,0,,0,0,low_engagement
6549,aggressive,paid_search,0.0,0,,0,0,low_engagement
6550,cautious,social,0.0,0,,0,0,cash_rich_noninvestor
6551,cautious,organic,0.0,0,,0,0,cash_rich_noninvestor
6552,balanced,social,0.0,0,,0,0,low_engagement
6553,cautious,bank_partner,0.0,0,,0,0,low_engagement
6554,cautious,social,0.0,0,,0,0,cash_rich_noninvestor
6555,balanced,paid_search,0.0,0,,0,0,low_engagement
6556,cautious,paid_search,0.0,0,,0,0,low_engagement
6558,aggressive,referral,0.0,0,,0,0,low_engagement
6559,balanced,bank_partner,0.0,0,,0,0,cash_rich_noninvestor
6560,aggressive,social,0.0,0,,0,0,cash_rich_noninvestor
6561,cautious,social,0.0,0,,0,0,cash_rich_noninvestor
6562,balanced,organic,0.0,0,,0,0,low_engagement
6563,balanced,bank_partner,0.0,0,,0,0,low_engagement
6564,cautious,social,0.0,0,,0,0,low_engagement
6565,balanced,bank_partner,0.0,0,,0,0,low_engagement
6566,cautious,organic,0.0,0,,0,0,cash_rich_noninvestor
6567,balanced,organic,0.0,0,,0,0,low_engagement
6568,balanced,bank_partner,0.0,0,,0,0,low_engagement
6569,cautious,referral,0.0,0,,0,0,low_engagement
6570,cautious,bank_partner,0.0,0,,0,0,cash_rich_noninvestor
6571,balanced,referral,0.0,0,,0,0,low_engagement
6573,aggressive,referral,0.0,0,,0,0,low_engagement
6574,cautious,paid_search,0.0,0,,0,0,low_engagement
6576,cautious,referral,0.0,0,,0,0,low_engagement
6577,cautious,referral,0.0,0,,0,0,cash_rich_noninvestor
6578,balanced,paid_search,0.0,0,,0,0,low_engagement
6579,aggressive,organic,0.0,0,,0,0,low_engagement
6580,aggressive,organic,0.0,0,,0,0,low_engagement
6582,balanced,social,0.0,0,,0,0,low_engagement
6583,balanced,paid_search,0.0,0,,0,0,low_engagement
6584,aggressive,social,0.0,0,,0,0,low_engagement
6585,balanced,bank_partner,0.0,0,,0,0,cash_rich_noninvestor
6586,aggressive,referral,0.0,0,,0,0,low_engagement
6587,aggressive,paid_search,0.0,0,,0,0,low_engagement
6589,balanced,bank_partner,0.0,0,,0,0,low_engagement
6591,balanced,social,0.0,0,,0,0,low_engagement
6592,balanced,social,0.0,0,,0,0,low_engagement
6593,balanced,organic,0.0,0,,0,0,low_engagement
6594,balanced,paid_search,0.0,0,,0,0,low_engagement
6595,cautious,paid_search,0.0,0,,0,0,low_engagement
6596,cautious,referral,0.0,0,,0,0,cash_rich_noninvestor
6598,balanced,social,0.0,0,,0,0,low_engagement
6599,aggressive,organic,0.0,0,,0,0,cash_rich_noninvestor
6600,balanced,paid_search,0.0,0,,0,0,low_engagement
6601,cautious,paid_search,0.0,0,,0,0,low_engagement
6603,balanced,referral,0.0,0,,0,0,low_engagement
6604,cautious,bank_partner,0.0,0,,0,0,low_engagement
6605,cautious,referral,0.0,0,,0,0,low_engagement
6606,aggressive,social,0.0,0,,0,0,low_engagement
6608,aggressive,social,0.0,0,,0,0,low_engagement
6609,balanced,organic,0.0,0,,0,0,low_engagement
6610,balanced,organic,0.0,0,,0,0,low_engagement
6611,cautious,bank_partner,0.0,0,,0,0,cash_rich_noninvestor
6612,aggressive,paid_search,0.0,0,,0,0,low_engagement
6613,cautious,paid_search,0.0,0,,0,0,low_engagement
6614,cautious,paid_search,0.0,0,,0,0,low_engagement
6615,cautious,social,0.0,0,,0,0,low_engagement
6616,cautious,referral,0.0,0,,0,0,cash_rich_noninvestor
6619,aggressive,social,0.0,0,,0,0,cash_rich_noninvestor
6620,cautious,organic,0.0,0,,0,0,cash_rich_noninvestor
6621,aggressive,social,0.0,0,,0,0,low_engagement
6622,cautious,bank_partner,0.0,0,,0,0,low_engagement
6623,cautious,organic,0.0,0,,0,0,cash_rich_noninvestor
6624,cautious,paid_search,0.0,0,,0,0,low_engagement
6625,balanced,organic,0.0,0,,0,0,low_engagement
6627,balanced,referral,0.0,0,,0,0,low_engagement
6628,aggressive,paid_search,0.0,0,,0,0,low_engagement
6629,balanced,paid_search,0.0,0,,0,0,cash_rich_noninvestor
6630,cautious,organic,0.0,0,,0,0,low_engagement
6631,aggressive,organic,0.0,0,,0,0,cash_rich_noninvestor
6632,balanced,organic,0.0,0,,0,0,low_engagement
6633,aggressive,organic,0.0,0,,0,0,low_engagement
6634,aggressive,organic,0.0,0,,0,0,low_engagement
6635,balanced,paid_search,0.0,0,,0,0,cash_rich_noninvestor
6637,aggressive,organic,0.0,0,,0,0,low_engagement
6638,balanced,social,0.0,0,,0,0,low_engagement
6639,balanced,social,0.0,0,,0,0,low_engagement
6640,cautious,bank_partner,0.0,0,,0,0,cash_rich_noninvestor
6641,balanced,paid_search,0.0,0,,0,0,cash_rich_noninvestor
6642,cautious,social,0.0,0,,0,0,cash_rich_noninvestor
6643,cautious,paid_search,0.0,0,,0,0,low_engagement
6644,cautious,social,0.0,0,,0,0,low_engagement
6646,balanced,organic,0.0,0,,0,0,cash_rich_noninvestor
6648,balanced,social,0.0,0,,0,0,low_engagement
6649,aggressive,paid_search,0.0,0,,0,0,low_engagement
6650,aggressive,social,0.0,0,,0,0,low_engagement
6651,cautious,social,0.0,0,,0,0,low_engagement
6652,balanced,paid_search,0.0,0,,0,0,low_engagement
6653,balanced,referral,0.0,0,,0,0,cash_rich_noninvestor
6654,balanced,organic,0.0,0,,0,0,low_engagement
6655,balanced,organic,0.0,0,,0,0,low_engagement
6656,balanced,paid_search,0.0,0,,0,0,low_engagement
6657,cautious,organic,0.0,0,,0,0,cash_rich_noninvestor
6658,cautious,social,0.0,0,,0,0,low_engagement
6659,balanced,social,0.0,0,,0,0,low_engagement
6660,cautious,paid_search,0.0,0,,0,0,low_engagement
6661,balanced,organic,0.0,0,,0,0,cash_rich_noninvestor
6662,aggressive,bank_partner,0.0,0,,0,0,low_engagement
6663,cautious,bank_partner,0.0,0,,0,0,low_engagement
6664,cautious,bank_partner,0.0,0,,0,0,low_engagement
6665,balanced,organic,0.0,0,,0,0,cash_rich_noninvestor
6666,balanced,referral,0.0,0,,0,0,low_engagement
6667,balanced,bank_partner,0.0,0,,0,0,low_engagement
6668,balanced,bank_partner,0.0,0,,0,0,cash_rich_noninvestor
6669,balanced,paid_search,0.0,0,,0,0,low_engagement
6670,balanced,bank_partner,0.0,0,,0,0,low_engagement
6671,cautious,bank_partner,0.0,0,,0,0,low_engagement
6672,balanced,bank_partner,0.0,0,,0,0,low_engagement
6673,cautious,organic,0.0,0,,0,0,low_engagement
6674,balanced,bank_partner,0.0,0,,0,0,low_engagement
6675,aggressive,organic,0.0,0,,0,0,low_engagement
6676,balanced,bank_partner,0.0,0,,0,0,low_engagement
6678,balanced,organic,0.0,0,,0,0,low_engagement
6680,cautious,organic,0.0,0,,0,0,low_engagement
6681,aggressive,referral,0.0,0,,0,0,cash_rich_noninvestor
6682,cautious,paid_search,0.0,0,,0,0,low_engagement
6684,aggressive,organic,0.0,0,,0,0,low_engagement
6685,balanced,social,0.0,0,,0,0,low_engagement
6686,balanced,organic,0.0,0,,0,0,low_engagement
6687,cautious,paid_search,0.0,0,,0,0,low_engagement
6690,balanced,organic,0.0,0,,0,0,low_engagement
6691,cautious,referral,0.0,0,,0,0,low_engagement
6692,balanced,paid_search,0.0,0,,0,0,low_engagement
6694,balanced,paid_search,0.0,0,,0,0,low_engagement
6695,balanced,organic,0.0,0,,0,0,cash_rich_noninvestor
6696,balanced,paid_search,0.0,0,,0,0,low_engagement
6697,cautious,referral,0.0,0,,0,0,low_engagement
6698,balanced,organic,0.0,0,,0,0,low_engagement
6699,balanced,organic,0.0,0,,0,0,low_engagement
6700,balanced,social,0.0,0,,0,0,low_engagement
6702,cautious,paid_search,0.0,0,,0,0,low_engagement
6703,cautious,paid_search,0.0,0,,0,0,low_engagement
6705,balanced,paid_search,0.0,0,,0,0,low_engagement
6706,cautious,social,0.0,0,,0,0,cash_rich_noninvestor
6707,aggressive,paid_search,0.0,0,,0,0,low_engagement
6709,cautious,organic,0.0,0,,0,0,low_engagement
6710,cautious,organic,0.0,0,,0,0,cash_rich_noninvestor
6711,balanced,organic,0.0,0,,0,0,low_engagement
6712,cautious,social,0.0,0,,0,0,low_engagement
6713,cautious,social,0.0,0,,0,0,low_engagement
6714,balanced,bank_partner,0.0,0,,0,0,low_engagement
6715,balanced,paid_search,0.0,0,,0,0,low_engagement
6716,cautious,organic,0.0,0,,0,0,low_engagement
6717,balanced,organic,0.0,0,,0,0,low_engagement
6718,balanced,social,0.0,0,,0,0,low_engagement
6720,aggressive,organic,0.0,0,,0,0,low_engagement
6722,balanced,referral,0.0,0,,0,0,cash_rich_noninvestor
6723,aggressive,organic,0.0,0,,0,0,low_engagement
6724,balanced,referral,0.0,0,,0,0,cash_rich_noninvestor
6725,balanced,referral,0.0,0,,0,0,low_engagement
6726,balanced,organic,0.0,0,,0,0,cash_rich_noninvestor
6727,cautious,organic,0.0,0,,0,0,low_engagement
6728,balanced,paid_search,0.0,0,,0,0,low_engagement
6729,cautious,organic,0.0,0,,0,0,low_engagement
6730,cautious,paid_search,0.0,0,,0,0,low_engagement
6731,balanced,organic,0.0,0,,0,0,low_engagement
6732,cautious,social,0.0,0,,0,0,low_engagement
6734,aggressive,bank_partner,0.0,0,,0,0,low_engagement
6735,balanced,referral,0.0,0,,0,0,cash_rich_noninvestor
6736,balanced,organic,0.0,0,,0,0,low_engagement
6737,balanced,paid_search,0.0,0,,0,0,low_engagement
6738,cautious,paid_search,0.0,0,,0,0,low_engagement
6739,cautious,organic,0.0,0,,0,0,low_engagement
6740,balanced,bank_partner,0.0,0,,0,0,cash_rich_noninvestor
6741,balanced,organic,0.0,0,,0,0,low_engagement
6742,cautious,bank_partner,0.0,0,,0,0,low_engagement
6743,aggressive,organic,0.0,0,,0,0,low_engagement
6744,cautious,social,0.0,0,,0,0,low_engagement
6745,balanced,paid_search,0.0,0,,0,0,low_engagement
6746,balanced,organic,0.0,0,,0,0,low_engagement
6747,balanced,organic,0.0,0,,0,0,low_engagement
6748,cautious,organic,0.0,0,,0,0,low_engagement
6749,cautious,social,0.0,0,,0,0,low_engagement
6751,aggressive,paid_search,0.0,0,,0,0,low_engagement
6752,cautious,social,0.0,0,,0,0,low_engagement
6753,balanced,bank_partner,0.0,0,,0,0,low_engagement
6754,balanced,bank_partner,0.0,0,,0,0,low_engagement
6755,cautious,bank_partner,0.0,0,,0,0,low_engagement
6756,balanced,bank_partner,0.0,0,,0,0,low_engagement
6757,cautious,organic,0.0,0,,0,0,cash_rich_noninvestor
6758,balanced,organic,0.0,0,,0,0,cash_rich_noninvestor
6759,balanced,organic,0.0,0,,0,0,low_engagement
6760,cautious,social,0.0,0,,0,0,cash_rich_noninvestor
6761,aggressive,organic,0.0,0,,0,0,low_engagement
6762,aggressive,referral,0.0,0,,0,0,low_engagement
6763,cautious,organic,0.0,0,,0,0,low_engagement
6764,cautious,paid_search,0.0,0,,0,0,low_engagement
6765,cautious,organic,0.0,0,,0,0,low_engagement
6766,balanced,organic,0.0,0,,0,0,low_engagement
6767,balanced,organic,0.0,0,,0,0,low_engagement
6768,aggressive,organic,0.0,0,,0,0,low_engagement
6769,cautious,social,0.0,0,,0,0,low_engagement
6771,balanced,organic,0.0,0,,0,0,low_engagement
6773,aggressive,social,0.0,0,,0,0,low_engagement
6774,balanced,organic,0.0,0,,0,0,cash_rich_noninvestor
6775,aggressive,paid_search,0.0,0,,0,0,low_engagement
6776,aggressive,referral,0.0,0,,0,0,low_engagement
6777,balanced,referral,0.0,0,,0,0,low_engagement
6778,balanced,paid_search,0.0,0,,0,0,low_engagement
6779,aggressive,referral,0.0,0,,0,0,low_engagement
6780,aggressive,referral,0.0,0,,0,0,cash_rich_noninvestor
6781,cautious,referral,0.0,0,,0,0,low_engagement
6782,balanced,social,0.0,0,,0,0,low_engagement
6783,cautious,social,0.0,0,,0,0,cash_rich_noninvestor
6784,balanced,referral,0.0,0,,0,0,low_engagement
6785,balanced,paid_search,0.0,0,,0,0,low_engagement
6786,cautious,paid_search,0.0,0,,0,0,low_engagement
6787,balanced,organic,0.0,0,,0,0,cash_rich_noninvestor
6788,balanced,organic,0.0,0,,0,0,low_engagement
6789,balanced,referral,0.0,0,,0,0,low_engagement
6790,balanced,organic,0.0,0,,0,0,low_engagement
6791,aggressive,organic,0.0,0,,0,0,cash_rich_noninvestor
6792,balanced,organic,0.0,0,,0,0,low_engagement
6793,balanced,paid_search,0.0,0,,0,0,low_engagement
6794,cautious,referral,0.0,0,,0,0,low_engagement
6795,balanced,social,0.0,0,,0,0,cash_rich_noninvestor
6796,cautious,organic,0.0,0,,0,0,low_engagement
6797,cautious,referral,0.0,0,,0,0,low_engagement
6798,balanced,bank_partner,0.0,0,,0,0,low_engagement
6799,cautious,bank_partner,0.0,0,,0,0,low_engagement
6800,balanced,paid_search,0.0,0,,0,0,low_engagement
6801,balanced,referral,0.0,0,,0,0,low_engagement
6802,balanced,organic,0.0,0,,0,0,low_engagement
6803,balanced,bank_partner,0.0,0,,0,0,low_engagement
6804,cautious,paid_search,0.0,0,,0,0,cash_rich_noninvestor
6805,balanced,organic,0.0,0,,0,0,low_engagement
6807,balanced,organic,0.0,0,,0,0,cash_rich_noninvestor
6808,cautious,organic,0.0,0,,0,0,cash_rich_noninvestor
6810,aggressive,organic,0.0,0,,0,0,cash_rich_noninvestor
6812,cautious,organic,0.0,0,,0,0,low_engagement
6813,cautious,social,0.0,0,,0,0,low_engagement
6814,cautious,organic,0.0,0,,0,0,low_engagement
6815,aggressive,referral,0.0,0,,0,0,low_engagement
6817,balanced,social,0.0,0,,0,0,cash_rich_noninvestor
6818,cautious,bank_partner,0.0,0,,0,0,low_engagement
6819,cautious,organic,0.0,0,,0,0,low_engagement
6820,balanced,organic,0.0,0,,0,0,low_engagement
6822,balanced,social,0.0,0,,0,0,cash_rich_noninvestor
6824,cautious,bank_partner,0.0,0,,0,0,low_engagement
6825,balanced,organic,0.0,0,,0,0,low_engagement
6826,aggressive,bank_partner,0.0,0,,0,0,low_engagement
6829,cautious,organic,0.0,0,,0,0,low_engagement
6830,balanced,paid_search,0.0,0,,0,0,low_engagement
6831,balanced,paid_search,0.0,0,,0,0,low_engagement
6832,cautious,bank_partner,0.0,0,,0,0,low_engagement
6833,balanced,social,0.0,0,,0,0,low_engagement
6834,cautious,social,0.0,0,,0,0,low_engagement
6835,aggressive,organic,0.0,0,,0,0,low_engagement
6836,balanced,organic,0.0,0,,0,0,low_engagement
6837,balanced,referral,0.0,0,,0,0,low_engagement
6838,cautious,referral,0.0,0,,0,0,low_engagement
6839,balanced,paid_search,0.0,0,,0,0,low_engagement
6840,cautious,paid_search,0.0,0,,0,0,low_engagement
6841,balanced,paid_search,0.0,0,,0,0,cash_rich_noninvestor
6842,balanced,organic,0.0,0,,0,0,low_engagement
6843,balanced,paid_search,0.0,0,,0,0,low_engagement
6844,balanced,paid_search,0.0,0,,0,0,cash_rich_noninvestor
6845,balanced,social,0.0,0,,0,0,low_engagement
6846,cautious,paid_search,0.0,0,,0,0,low_engagement
6847,balanced,paid_search,0.0,0,,0,0,low_engagement
6848,balanced,referral,0.0,0,,0,0,low_engagement
6849,balanced,organic,0.0,0,,0,0,low_engagement
6850,balanced,organic,0.0,0,,0,0,low_engagement
6851,aggressive,bank_partner,0.0,0,,0,0,cash_rich_noninvestor
6852,aggressive,paid_search,0.0,0,,0,0,low_engagement
6853,cautious,paid_search,0.0,0,,0,0,low_engagement
6854,cautious,bank_partner,0.0,0,,0,0,low_engagement
6856,balanced,referral,0.0,0,,0,0,low_engagement
6857,balanced,organic,0.0,0,,0,0,cash_rich_noninvestor
6858,aggressive,social,0.0,0,,0,0,low_engagement
6859,balanced,organic,0.0,0,,0,0,cash_rich_noninvestor
6863,balanced,organic,0.0,0,,0,0,low_engagement
6864,cautious,organic,0.0,0,,0,0,cash_rich_noninvestor
6865,balanced,referral,0.0,0,,0,0,cash_rich_noninvestor
6866,balanced,referral,0.0,0,,0,0,cash_rich_noninvestor
6867,balanced,bank_partner,0.0,0,,0,0,low_engagement
6868,balanced,bank_partner,0.0,0,,0,0,low_engagement
6869,balanced,organic,0.0,0,,0,0,low_engagement
6870,cautious,paid_search,0.0,0,,0,0,cash_rich_noninvestor
6871,cautious,organic,0.0,0,,0,0,low_engagement
6872,cautious,organic,0.0,0,,0,0,low_engagement
6873,balanced,social,0.0,0,,0,0,low_engagement
6874,aggressive,organic,0.0,0,,0,0,low_engagement
6876,cautious,paid_search,0.0,0,,0,0,low_engagement
6877,balanced,paid_search,0.0,0,,0,0,low_engagement
6878,balanced,paid_search,0.0,0,,0,0,low_engagement
6879,cautious,organic,0.0,0,,0,0,low_engagement
6880,aggressive,organic,0.0,0,,0,0,low_engagement
6881,balanced,paid_search,0.0,0,,0,0,low_engagement
6882,balanced,organic,0.0,0,,0,0,low_engagement
6883,cautious,bank_partner,0.0,0,,0,0,low_engagement
6885,balanced,organic,0.0,0,,0,0,low_engagement
6886,balanced,paid_search,0.0,0,,0,0,low_engagement
6887,cautious,social,0.0,0,,0,0,low_engagement
6888,cautious,organic,0.0,0,,0,0,low_engagement
6890,balanced,social,0.0,0,,0,0,cash_rich_noninvestor
6891,balanced,referral,0.0,0,,0,0,cash_rich_noninvestor
6892,aggressive,paid_search,0.0,0,,0,0,cash_rich_noninvestor
6893,aggressive,social,0.0,0,,0,0,cash_rich_noninvestor
6894,cautious,organic,0.0,0,,0,0,cash_rich_noninvestor
6895,aggressive,organic,0.0,0,,0,0,low_engagement
6896,balanced,social,0.0,0,,0,0,low_engagement
6899,aggressive,social,0.0,0,,0,0,cash_rich_noninvestor
6901,balanced,organic,0.0,0,,0,0,low_engagement
6902,balanced,bank_partner,0.0,0,,0,0,low_engagement
6903,balanced,paid_search,0.0,0,,0,0,low_engagement
6904,aggressive,paid_search,0.0,0,,0,0,low_engagement
6905,balanced,organic,0.0,0,,0,0,cash_rich_noninvestor
6906,cautious,bank_partner,0.0,0,,0,0,low_engagement
6907,balanced,organic,0.0,0,,0,0,cash_rich_noninvestor
6908,cautious,social,0.0,0,,0,0,low_engagement
6909,balanced,organic,0.0,0,,0,0,low_engagement
6910,cautious,organic,0.0,0,,0,0,low_engagement
6911,cautious,paid_search,0.0,0,,0,0,low_engagement
6912,cautious,social,0.0,0,,0,0,low_engagement
6913,balanced,organic,0.0,0,,0,0,low_engagement
6914,balanced,paid_search,0.0,0,,0,0,cash_rich_noninvestor
6915,balanced,organic,0.0,0,,0,0,cash_rich_noninvestor
6916,aggressive,organic,0.0,0,,0,0,low_engagement
6917,balanced,social,0.0,0,,0,0,low_engagement
6918,cautious,referral,0.0,0,,0,0,cash_rich_noninvestor
6920,aggressive,referral,0.0,0,,0,0,low_engagement
6922,cautious,organic,0.0,0,,0,0,low_engagement
6923,balanced,bank_partner,0.0,0,,0,0,low_engagement
6925,cautious,organic,0.0,0,,0,0,low_engagement
6926,cautious,organic,0.0,0,,0,0,cash_rich_noninvestor
6927,balanced,bank_partner,0.0,0,,0,0,low_engagement
6928,cautious,organic,0.0,0,,0,0,low_engagement
6929,balanced,referral,0.0,0,,0,0,low_engagement
6930,cautious,organic,0.0,0,,0,0,cash_rich_noninvestor
6932,aggressive,organic,0.0,0,,0,0,cash_rich_noninvestor
6933,balanced,referral,0.0,0,,0,0,low_engagement
6934,cautious,paid_search,0.0,0,,0,0,low_engagement
6935,balanced,organic,0.0,0,,0,0,cash_rich_noninvestor
6936,cautious,paid_search,0.0,0,,0,0,cash_rich_noninvestor
6937,cautious,referral,0.0,0,,0,0,low_engagement
6938,cautious,organic,0.0,0,,0,0,cash_rich_noninvestor
6941,balanced,organic,0.0,0,,0,0,low_engagement
6942,balanced,bank_partner,0.0,0,,0,0,low_engagement
6943,aggressive,social,0.0,0,,0,0,low_engagement
6944,balanced,referral,0.0,0,,0,0,low_engagement
6945,aggressive,social,0.0,0,,0,0,low_engagement
6946,aggressive,paid_search,0.0,0,,0,0,cash_rich_noninvestor
6947,aggressive,paid_search,0.0,0,,0,0,low_engagement
6948,balanced,bank_partner,0.0,0,,0,0,cash_rich_noninvestor
6949,aggressive,social,0.0,0,,0,0,low_engagement
6950,balanced,social,0.0,0,,0,0,low_engagement
6951,balanced,social,0.0,0,,0,0,cash_rich_noninvestor
6952,cautious,organic,0.0,0,,0,0,low_engagement
6953,cautious,organic,0.0,0,,0,0,cash_rich_noninvestor
6954,balanced,organic,0.0,0,,0,0,low_engagement
6955,cautious,paid_search,0.0,0,,0,0,low_engagement
6956,balanced,organic,0.0,0,,0,0,low_engagement
6957,cautious,social,0.0,0,,0,0,cash_rich_noninvestor
6958,balanced,organic,0.0,0,,0,0,low_engagement
6959,aggressive,bank_partner,0.0,0,,0,0,low_engagement
6960,balanced,bank_partner,0.0,0,,0,0,low_engagement
6961,aggressive,organic,0.0,0,,0,0,low_engagement
6962,aggressive,social,0.0,0,,0,0,low_engagement
6964,balanced,paid_search,0.0,0,,0,0,low_engagement
6965,balanced,organic,0.0,0,,0,0,low_engagement
6966,aggressive,organic,0.0,0,,0,0,cash_rich_noninvestor
6967,cautious,referral,0.0,0,,0,0,cash_rich_noninvestor
6968,balanced,referral,0.0,0,,0,0,low_engagement
6970,aggressive,social,0.0,0,,0,0,low_engagement
6971,cautious,organic,0.0,0,,0,0,low_engagement
6972,balanced,organic,0.0,0,,0,0,cash_rich_noninvestor
6973,balanced,social,0.0,0,,0,0,low_engagement
6974,aggressive,bank_partner,0.0,0,,0,0,low_engagement
6975,cautious,paid_search,0.0,0,,0,0,low_engagement
6977,balanced,paid_search,0.0,0,,0,0,low_engagement
6978,aggressive,paid_search,0.0,0,,0,0,low_engagement
6979,aggressive,bank_partner,0.0,0,,0,0,low_engagement
6980,cautious,paid_search,0.0,0,,0,0,low_engagement
6981,cautious,organic,0.0,0,,0,0,cash_rich_noninvestor
6984,cautious,organic,0.0,0,,0,0,low_engagement
6985,balanced,social,0.0,0,,0,0,low_engagement
6986,aggressive,social,0.0,0,,0,0,low_engagement
6987,balanced,bank_partner,0.0,0,,0,0,low_engagement
6988,balanced,organic,0.0,0,,0,0,low_engagement
6989,cautious,social,0.0,0,,0,0,low_engagement
6990,cautious,social,0.0,0,,0,0,low_engagement
6991,aggressive,social,0.0,0,,0,0,low_engagement
6992,balanced,social,0.0,0,,0,0,cash_rich_noninvestor
6993,balanced,organic,0.0,0,,0,0,low_engagement
6994,balanced,organic,0.0,0,,0,0,low_engagement
6995,aggressive,bank_partner,0.0,0,,0,0,low_engagement
6997,balanced,referral,0.0,0,,0,0,low_engagement
6998,balanced,social,0.0,0,,0,0,low_engagement
7000,balanced,paid_search,0.0,0,,0,0,low_engagement
7001,balanced,paid_search,0.0,0,,0,0,low_engagement
7002,balanced,social,0.0,0,,0,0,low_engagement
7003,aggressive,bank_partner,0.0,0,,0,0,low_engagement
7004,aggressive,referral,0.0,0,,0,0,low_engagement
7005,balanced,organic,0.0,0,,0,0,cash_rich_noninvestor
7006,balanced,paid_search,0.0,0,,0,0,low_engagement
7009,balanced,referral,0.0,0,,0,0,cash_rich_noninvestor
7010,cautious,organic,0.0,0,,0,0,cash_rich_noninvestor
7011,cautious,paid_search,0.0,0,,0,0,low_engagement
7012,cautious,referral,0.0,0,,0,0,low_engagement
7013,balanced,organic,0.0,0,,0,0,low_engagement
7014,cautious,paid_search,0.0,0,,0,0,low_engagement
7015,balanced,social,0.0,0,,0,0,low_engagement
7016,balanced,organic,0.0,0,,0,0,low_engagement
7017,balanced,social,0.0,0,,0,0,low_engagement
7018,balanced,social,0.0,0,,0,0,low_engagement
7019,cautious,referral,0.0,0,,0,0,cash_rich_noninvestor
7020,balanced,paid_search,0.0,0,,0,0,cash_rich_noninvestor
7022,cautious,bank_partner,0.0,0,,0,0,low_engagement
7023,cautious,paid_search,0.0,0,,0,0,cash_rich_noninvestor
7025,balanced,organic,0.0,0,,0,0,cash_rich_noninvestor
7026,balanced,bank_partner,0.0,0,,0,0,low_engagement
7027,cautious,organic,0.0,0,,0,0,low_engagement
7028,cautious,paid_search,0.0,0,,0,0,low_engagement
7029,cautious,social,0.0,0,,0,0,low_engagement
7030,cautious,organic,0.0,0,,0,0,low_engagement
7031,cautious,organic,0.0,0,,0,0,low_engagement
7032,balanced,bank_partner,0.0,0,,0,0,low_engagement
7033,cautious,referral,0.0,0,,0,0,cash_rich_noninvestor
7034,balanced,paid_search,0.0,0,,0,0,low_engagement
7036,aggressive,social,0.0,0,,0,0,low_engagement
7037,balanced,paid_search,0.0,0,,0,0,low_engagement
7038,cautious,social,0.0,0,,0,0,cash_rich_noninvestor
7039,balanced,social,0.0,0,,0,0,low_engagement
7040,cautious,organic,0.0,0,,0,0,low_engagement
7041,balanced,organic,0.0,0,,0,0,cash_rich_noninvestor
7042,cautious,social,0.0,0,,0,0,low_engagement
7043,cautious,social,0.0,0,,0,0,low_engagement
7044,cautious,paid_search,0.0,0,,0,0,low_engagement
7045,aggressive,paid_search,0.0,0,,0,0,low_engagement
7046,balanced,referral,0.0,0,,0,0,low_engagement
7048,cautious,social,0.0,0,,0,0,low_engagement
7049,cautious,organic,0.0,0,,0,0,low_engagement
7050,balanced,paid_search,0.0,0,,0,0,cash_rich_noninvestor
7051,cautious,organic,0.0,0,,0,0,low_engagement
7052,cautious,organic,0.0,0,,0,0,low_engagement
7053,balanced,organic,0.0,0,,0,0,low_engagement
7054,cautious,paid_search,0.0,0,,0,0,low_engagement
7057,balanced,paid_search,0.0,0,,0,0,low_engagement
7059,balanced,paid_search,0.0,0,,0,0,low_engagement
7060,cautious,social,0.0,0,,0,0,low_engagement
7061,balanced,organic,0.0,0,,0,0,low_engagement
7062,aggressive,paid_search,0.0,0,,0,0,cash_rich_noninvestor
7064,aggressive,social,0.0,0,,0,0,low_engagement
7066,balanced,social,0.0,0,,0,0,low_engagement
7067,cautious,social,0.0,0,,0,0,low_engagement
7068,balanced,referral,0.0,0,,0,0,low_engagement
7069,cautious,referral,0.0,0,,0,0,low_engagement
7070,balanced,organic,0.0,0,,0,0,low_engagement
7071,cautious,referral,0.0,0,,0,0,low_engagement
7072,aggressive,organic,0.0,0,,0,0,low_engagement
7073,aggressive,paid_search,0.0,0,,0,0,low_engagement
7074,aggressive,social,0.0,0,,0,0,low_engagement
7075,balanced,organic,0.0,0,,0,0,low_engagement
7076,cautious,referral,0.0,0,,0,0,cash_rich_noninvestor
7077,balanced,paid_search,0.0,0,,0,0,cash_rich_noninvestor
7079,balanced,referral,0.0,0,,0,0,low_engagement
7080,balanced,bank_partner,0.0,0,,0,0,low_engagement
7082,cautious,referral,0.0,0,,0,0,low_engagement
7083,balanced,social,0.0,0,,0,0,low_engagement
7084,cautious,organic,0.0,0,,0,0,low_engagement
7085,aggressive,organic,0.0,0,,0,0,low_engagement
7086,cautious,paid_search,0.0,0,,0,0,low_engagement
7087,aggressive,social,0.0,0,,0,0,cash_rich_noninvestor
7088,aggressive,organic,0.0,0,,0,0,low_engagement
7089,cautious,organic,0.0,0,,0,0,low_engagement
7090,aggressive,organic,0.0,0,,0,0,cash_rich_noninvestor
7092,aggressive,organic,0.0,0,,0,0,low_engagement
7095,aggressive,referral,0.0,0,,0,0,low_engagement
7096,cautious,organic,0.0,0,,0,0,low_engagement
7097,balanced,organic,0.0,0,,0,0,low_engagement
7098,aggressive,social,0.0,0,,0,0,cash_rich_noninvestor
7099,cautious,organic,0.0,0,,0,0,low_engagement
7100,cautious,organic,0.0,0,,0,0,low_engagement
7101,cautious,referral,0.0,0,,0,0,low_engagement
7103,balanced,organic,0.0,0,,0,0,low_engagement
7104,balanced,social,0.0,0,,0,0,low_engagement
7105,cautious,organic,0.0,0,,0,0,low_engagement
7107,balanced,social,0.0,0,,0,0,low_engagement
7108,balanced,organic,0.0,0,,0,0,low_engagement
7109,balanced,organic,0.0,0,,0,0,low_engagement
7110,cautious,organic,0.0,0,,0,0,low_engagement
7111,balanced,social,0.0,0,,0,0,cash_rich_noninvestor
7112,cautious,social,0.0,0,,0,0,low_engagement
7113,balanced,social,0.0,0,,0,0,low_engagement
7114,balanced,bank_partner,0.0,0,,0,0,low_engagement
7115,balanced,bank_partner,0.0,0,,0,0,low_engagement
7116,aggressive,referral,0.0,0,,0,0,low_engagement
7117,cautious,referral,0.0,0,,0,0,cash_rich_noninvestor
7118,balanced,organic,0.0,0,,0,0,low_engagement
7119,balanced,organic,0.0,0,,0,0,cash_rich_noninvestor
7120,balanced,referral,0.0,0,,0,0,low_engagement
7121,cautious,organic,0.0,0,,0,0,low_engagement
7123,balanced,paid_search,0.0,0,,0,0,low_engagement
7124,balanced,paid_search,0.0,0,,0,0,cash_rich_noninvestor
7125,balanced,organic,0.0,0,,0,0,low_engagement
7126,cautious,paid_search,0.0,0,,0,0,low_engagement
7127,cautious,paid_search,0.0,0,,0,0,low_engagement
7128,balanced,referral,0.0,0,,0,0,low_engagement
7129,balanced,paid_search,0.0,0,,0,0,low_engagement
7131,cautious,referral,0.0,0,,0,0,low_engagement
7132,balanced,organic,0.0,0,,0,0,cash_rich_noninvestor
7133,balanced,bank_partner,0.0,0,,0,0,low_engagement
7134,balanced,bank_partner,0.0,0,,0,0,cash_rich_noninvestor
7135,balanced,organic,0.0,0,,0,0,cash_rich_noninvestor
7137,balanced,social,0.0,0,,0,0,cash_rich_noninvestor
7138,cautious,organic,0.0,0,,0,0,low_engagement
7139,aggressive,organic,0.0,0,,0,0,low_engagement
7140,balanced,bank_partner,0.0,0,,0,0,low_engagement
7141,balanced,organic,0.0,0,,0,0,low_engagement
7142,cautious,social,0.0,0,,0,0,low_engagement
7144,cautious,referral,0.0,0,,0,0,low_engagement
7145,cautious,bank_partner,0.0,0,,0,0,low_engagement
7146,balanced,social,0.0,0,,0,0,low_engagement
7147,balanced,social,0.0,0,,0,0,low_engagement
7149,balanced,organic,0.0,0,,0,0,cash_rich_noninvestor
7150,cautious,referral,0.0,0,,0,0,low_engagement
7151,cautious,social,0.0,0,,0,0,low_engagement
7152,balanced,paid_search,0.0,0,,0,0,low_engagement
7153,cautious,social,0.0,0,,0,0,low_engagement
7154,balanced,paid_search,0.0,0,,0,0,low_engagement
7156,aggressive,paid_search,0.0,0,,0,0,low_engagement
7157,cautious,organic,0.0,0,,0,0,low_engagement
7158,balanced,bank_partner,0.0,0,,0,0,low_engagement
7159,cautious,social,0.0,0,,0,0,low_engagement
7160,aggressive,social,0.0,0,,0,0,low_engagement
7162,balanced,bank_partner,0.0,0,,0,0,low_engagement
7163,balanced,referral,0.0,0,,0,0,cash_rich_noninvestor
7164,balanced,social,0.0,0,,0,0,low_engagement
7165,balanced,paid_search,0.0,0,,0,0,cash_rich_noninvestor
7166,aggressive,organic,0.0,0,,0,0,low_engagement
7167,balanced,referral,0.0,0,,0,0,low_engagement
7168,cautious,organic,0.0,0,,0,0,low_engagement
7170,cautious,organic,0.0,0,,0,0,low_engagement
7171,aggressive,paid_search,0.0,0,,0,0,cash_rich_noninvestor
7172,balanced,social,0.0,0,,0,0,low_engagement
7173,balanced,bank_partner,0.0,0,,0,0,low_engagement
7175,aggressive,social,0.0,0,,0,0,cash_rich_noninvestor
7176,cautious,bank_partner,0.0,0,,0,0,low_engagement
7177,aggressive,organic,0.0,0,,0,0,low_engagement
7178,balanced,referral,0.0,0,,0,0,low_engagement
7179,balanced,paid_search,0.0,0,,0,0,low_engagement
7181,balanced,bank_partner,0.0,0,,0,0,low_engagement
7182,cautious,bank_partner,0.0,0,,0,0,low_engagement
7183,balanced,social,0.0,0,,0,0,low_engagement
7184,balanced,social,0.0,0,,0,0,low_engagement
7185,aggressive,social,0.0,0,,0,0,low_engagement
7186,cautious,social,0.0,0,,0,0,cash_rich_noninvestor
7187,cautious,referral,0.0,0,,0,0,low_engagement
7188,balanced,paid_search,0.0,0,,0,0,cash_rich_noninvestor
7189,balanced,organic,0.0,0,,0,0,low_engagement
7190,aggressive,paid_search,0.0,0,,0,0,low_engagement
7191,cautious,referral,0.0,0,,0,0,low_engagement
7192,balanced,bank_partner,0.0,0,,0,0,cash_rich_noninvestor
7194,balanced,bank_partner,0.0,0,,0,0,cash_rich_noninvestor
7195,balanced,paid_search,0.0,0,,0,0,cash_rich_noninvestor
7196,balanced,paid_search,0.0,0,,0,0,cash_rich_noninvestor
7197,balanced,paid_search,0.0,0,,0,0,cash_rich_noninvestor
7198,aggressive,organic,0.0,0,,0,0,low_engagement
7199,aggressive,organic,0.0,0,,0,0,cash_rich_noninvestor
7200,balanced,referral,0.0,0,,0,0,low_engagement
7201,balanced,bank_partner,0.0,0,,0,0,low_engagement
7203,cautious,organic,0.0,0,,0,0,cash_rich_noninvestor
7205,aggressive,bank_partner,0.0,0,,0,0,low_engagement
7206,balanced,organic,0.0,0,,0,0,low_engagement
7207,cautious,referral,0.0,0,,0,0,low_engagement
7209,cautious,organic,0.0,0,,0,0,low_engagement
7210,balanced,paid_search,0.0,0,,0,0,low_engagement
7211,cautious,paid_search,0.0,0,,0,0,low_engagement
7212,balanced,paid_search,0.0,0,,0,0,low_engagement
7213,cautious,paid_search,0.0,0,,0,0,cash_rich_noninvestor
7214,balanced,bank_partner,0.0,0,,0,0,cash_rich_noninvestor
7215,balanced,paid_search,0.0,0,,0,0,low_engagement
7216,cautious,organic,0.0,0,,0,0,low_engagement
7217,balanced,paid_search,0.0,0,,0,0,low_engagement
7218,balanced,bank_partner,0.0,0,,0,0,low_engagement
7219,cautious,paid_search,0.0,0,,0,0,low_engagement
7220,aggressive,organic,0.0,0,,0,0,low_engagement
7221,balanced,referral,0.0,0,,0,0,low_engagement
7222,balanced,social,0.0,0,,0,0,low_engagement
7223,aggressive,organic,0.0,0,,0,0,low_engagement
7224,cautious,organic,0.0,0,,0,0,low_engagement
7225,balanced,organic,0.0,0,,0,0,low_engagement
7227,balanced,social,0.0,0,,0,0,low_engagement
7228,aggressive,organic,0.0,0,,0,0,low_engagement
7229,balanced,referral,0.0,0,,0,0,cash_rich_noninvestor
7230,balanced,organic,0.0,0,,0,0,low_engagement
7231,balanced,referral,0.0,0,,0,0,low_engagement
7233,cautious,paid_search,0.0,0,,0,0,low_engagement
7234,balanced,referral,0.0,0,,0,0,low_engagement
7235,cautious,referral,0.0,0,,0,0,low_engagement
7236,aggressive,paid_search,0.0,0,,0,0,low_engagement
7239,cautious,bank_partner,0.0,0,,0,0,low_engagement
7240,balanced,referral,0.0,0,,0,0,cash_rich_noninvestor
7241,cautious,bank_partner,0.0,0,,0,0,low_engagement
7242,aggressive,bank_partner,0.0,0,,0,0,low_engagement
7243,aggressive,organic,0.0,0,,0,0,low_engagement
7245,balanced,social,0.0,0,,0,0,low_engagement
7246,balanced,paid_search,0.0,0,,0,0,low_engagement
7247,balanced,organic,0.0,0,,0,0,low_engagement
7248,aggressive,paid_search,0.0,0,,0,0,low_engagement
7249,balanced,paid_search,0.0,0,,0,0,low_engagement
7250,cautious,social,0.0,0,,0,0,low_engagement
7251,cautious,referral,0.0,0,,0,0,low_engagement
7253,balanced,social,0.0,0,,0,0,low_engagement
7254,balanced,organic,0.0,0,,0,0,low_engagement
7255,cautious,bank_partner,0.0,0,,0,0,low_engagement
7256,balanced,bank_partner,0.0,0,,0,0,cash_rich_noninvestor
7257,balanced,organic,0.0,0,,0,0,low_engagement
7258,balanced,social,0.0,0,,0,0,cash_rich_noninvestor
7259,balanced,organic,0.0,0,,0,0,low_engagement
7260,balanced,bank_partner,0.0,0,,0,0,low_engagement
7261,cautious,referral,0.0,0,,0,0,cash_rich_noninvestor
7262,cautious,organic,0.0,0,,0,0,cash_rich_noninvestor
7263,cautious,social,0.0,0,,0,0,low_engagement
7264,cautious,referral,0.0,0,,0,0,low_engagement
7265,cautious,paid_search,0.0,0,,0,0,low_engagement
7266,cautious,referral,0.0,0,,0,0,low_engagement
7267,balanced,organic,0.0,0,,0,0,low_engagement
7270,cautious,bank_partner,0.0,0,,0,0,low_engagement
7271,cautious,social,0.0,0,,0,0,low_engagement
7272,cautious,paid_search,0.0,0,,0,0,low_engagement
7273,aggressive,social,0.0,0,,0,0,low_engagement
7274,balanced,social,0.0,0,,0,0,low_engagement
7275,balanced,bank_partner,0.0,0,,0,0,low_engagement
7276,aggressive,paid_search,0.0,0,,0,0,low_engagement
7277,cautious,organic,0.0,0,,0,0,low_engagement
7278,balanced,paid_search,0.0,0,,0,0,low_engagement
7279,balanced,referral,0.0,0,,0,0,low_engagement
7280,balanced,paid_search,0.0,0,,0,0,low_engagement
7281,cautious,social,0.0,0,,0,0,low_engagement
7283,cautious,bank_partner,0.0,0,,0,0,low_engagement
7284,cautious,organic,0.0,0,,0,0,low_engagement
7285,balanced,organic,0.0,0,,0,0,cash_rich_noninvestor
7286,aggressive,referral,0.0,0,,0,0,low_engagement
7287,aggressive,organic,0.0,0,,0,0,cash_rich_noninvestor
7289,balanced,social,0.0,0,,0,0,low_engagement
7290,balanced,social,0.0,0,,0,0,low_engagement
7291,cautious,referral,0.0,0,,0,0,low_engagement
7292,balanced,social,0.0,0,,0,0,cash_rich_noninvestor
7293,aggressive,organic,0.0,0,,0,0,low_engagement
7295,aggressive,paid_search,0.0,0,,0,0,cash_rich_noninvestor
7296,cautious,paid_search,0.0,0,,0,0,cash_rich_noninvestor
7297,balanced,referral,0.0,0,,0,0,low_engagement
7299,cautious,referral,0.0,0,,0,0,low_engagement
7300,balanced,social,0.0,0,,0,0,low_engagement
7301,balanced,organic,0.0,0,,0,0,low_engagement
7302,balanced,referral,0.0,0,,0,0,low_engagement
7303,balanced,paid_search,0.0,0,,0,0,low_engagement
7305,cautious,social,0.0,0,,0,0,cash_rich_noninvestor
7306,aggressive,social,0.0,0,,0,0,low_engagement
7307,balanced,social,0.0,0,,0,0,low_engagement
7308,balanced,referral,0.0,0,,0,0,low_engagement
7309,balanced,paid_search,0.0,0,,0,0,low_engagement
7310,balanced,social,0.0,0,,0,0,low_engagement
7311,cautious,bank_partner,0.0,0,,0,0,low_engagement
7312,balanced,paid_search,0.0,0,,0,0,low_engagement
7313,balanced,organic,0.0,0,,0,0,low_engagement
7314,aggressive,bank_partner,0.0,0,,0,0,low_engagement
7315,aggressive,bank_partner,0.0,0,,0,0,low_engagement
7316,balanced,paid_search,0.0,0,,0,0,low_engagement
7317,aggressive,referral,0.0,0,,0,0,cash_rich_noninvestor
7318,cautious,paid_search,0.0,0,,0,0,low_engagement
7319,aggressive,paid_search,0.0,0,,0,0,low_engagement
7320,cautious,organic,0.0,0,,0,0,low_engagement
7321,cautious,paid_search,0.0,0,,0,0,low_engagement
7322,aggressive,referral,0.0,0,,0,0,low_engagement
7323,balanced,social,0.0,0,,0,0,low_engagement
7326,balanced,organic,0.0,0,,0,0,low_engagement
7327,balanced,paid_search,0.0,0,,0,0,cash_rich_noninvestor
7328,aggressive,organic,0.0,0,,0,0,low_engagement
7329,balanced,organic,0.0,0,,0,0,low_engagement
7330,cautious,social,0.0,0,,0,0,low_engagement
7331,aggressive,referral,0.0,0,,0,0,cash_rich_noninvestor
7332,cautious,referral,0.0,0,,0,0,low_engagement
7333,cautious,organic,0.0,0,,0,0,low_engagement
7334,cautious,referral,0.0,0,,0,0,low_engagement
7335,aggressive,organic,0.0,0,,0,0,low_engagement
7336,balanced,organic,0.0,0,,0,0,low_engagement
7338,balanced,referral,0.0,0,,0,0,low_engagement
7339,cautious,bank_partner,0.0,0,,0,0,low_engagement
7340,cautious,paid_search,0.0,0,,0,0,low_engagement
7341,cautious,social,0.0,0,,0,0,low_engagement
7342,balanced,social,0.0,0,,0,0,cash_rich_noninvestor
7343,cautious,referral,0.0,0,,0,0,low_engagement
7344,aggressive,paid_search,0.0,0,,0,0,low_engagement
7345,cautious,paid_search,0.0,0,,0,0,low_engagement
7347,balanced,organic,0.0,0,,0,0,low_engagement
7348,balanced,referral,0.0,0,,0,0,low_engagement
7349,cautious,social,0.0,0,,0,0,low_engagement
7351,aggressive,organic,0.0,0,,0,0,cash_rich_noninvestor
7353,balanced,referral,0.0,0,,0,0,cash_rich_noninvestor
7354,cautious,social,0.0,0,,0,0,low_engagement
7355,cautious,social,0.0,0,,0,0,low_engagement
7356,cautious,organic,0.0,0,,0,0,low_engagement
7357,balanced,organic,0.0,0,,0,0,low_engagement
7358,balanced,paid_search,0.0,0,,0,0,low_engagement
7360,aggressive,referral,0.0,0,,0,0,low_engagement
7361,aggressive,organic,0.0,0,,0,0,low_engagement
7362,cautious,paid_search,0.0,0,,0,0,low_engagement
7363,aggressive,referral,0.0,0,,0,0,low_engagement
7364,aggressive,organic,0.0,0,,0,0,low_engagement
7367,aggressive,organic,0.0,0,,0,0,low_engagement
7368,balanced,paid_search,0.0,0,,0,0,low_engagement
7369,balanced,paid_search,0.0,0,,0,0,low_engagement
7371,balanced,referral,0.0,0,,0,0,low_engagement
7372,cautious,referral,0.0,0,,0,0,cash_rich_noninvestor
7374,balanced,organic,0.0,0,,0,0,low_engagement
7375,balanced,social,0.0,0,,0,0,low_engagement
7376,cautious,organic,0.0,0,,0,0,cash_rich_noninvestor
7377,aggressive,bank_partner,0.0,0,,0,0,low_engagement
7378,aggressive,paid_search,0.0,0,,0,0,low_engagement
7379,cautious,organic,0.0,0,,0,0,low_engagement
7381,balanced,organic,0.0,0,,0,0,low_engagement
7382,balanced,social,0.0,0,,0,0,cash_rich_noninvestor
7383,cautious,organic,0.0,0,,0,0,cash_rich_noninvestor
7384,cautious,paid_search,0.0,0,,0,0,low_engagement
7385,aggressive,bank_partner,0.0,0,,0,0,low_engagement
7386,cautious,organic,0.0,0,,0,0,low_engagement
7388,balanced,referral,0.0,0,,0,0,cash_rich_noninvestor
7390,balanced,organic,0.0,0,,0,0,low_engagement
7391,cautious,social,0.0,0,,0,0,low_engagement
7392,balanced,paid_search,0.0,0,,0,0,low_engagement
7393,balanced,paid_search,0.0,0,,0,0,low_engagement
7395,aggressive,organic,0.0,0,,0,0,cash_rich_noninvestor
7396,balanced,paid_search,0.0,0,,0,0,cash_rich_noninvestor
7398,balanced,organic,0.0,0,,0,0,cash_rich_noninvestor
7399,balanced,social,0.0,0,,0,0,low_engagement
7400,balanced,social,0.0,0,,0,0,low_engagement
7402,aggressive,social,0.0,0,,0,0,low_engagement
7403,cautious,paid_search,0.0,0,,0,0,low_engagement
7404,aggressive,bank_partner,0.0,0,,0,0,low_engagement
7405,cautious,organic,0.0,0,,0,0,low_engagement
7406,cautious,referral,0.0,0,,0,0,low_engagement
7407,balanced,referral,0.0,0,,0,0,low_engagement
7408,balanced,organic,0.0,0,,0,0,low_engagement
7409,balanced,social,0.0,0,,0,0,low_engagement
7410,cautious,paid_search,0.0,0,,0,0,cash_rich_noninvestor
7411,aggressive,organic,0.0,0,,0,0,low_engagement
7412,balanced,bank_partner,0.0,0,,0,0,cash_rich_noninvestor
7413,balanced,organic,0.0,0,,0,0,low_engagement
7414,balanced,referral,0.0,0,,0,0,low_engagement
7416,balanced,social,0.0,0,,0,0,low_engagement
7417,balanced,organic,0.0,0,,0,0,low_engagement
7418,balanced,bank_partner,0.0,0,,0,0,low_engagement
7419,cautious,organic,0.0,0,,0,0,low_engagement
7420,cautious,referral,0.0,0,,0,0,low_engagement
7421,cautious,organic,0.0,0,,0,0,low_engagement
7422,cautious,paid_search,0.0,0,,0,0,low_engagement
7423,balanced,social,0.0,0,,0,0,cash_rich_noninvestor
7424,balanced,organic,0.0,0,,0,0,low_engagement
7425,cautious,referral,0.0,0,,0,0,low_engagement
7426,cautious,organic,0.0,0,,0,0,cash_rich_noninvestor
7427,balanced,referral,0.0,0,,0,0,low_engagement
7428,balanced,paid_search,0.0,0,,0,0,low_engagement
7429,aggressive,organic,0.0,0,,0,0,low_engagement
7430,aggressive,bank_partner,0.0,0,,0,0,low_engagement
7431,balanced,social,0.0,0,,0,0,low_engagement
7432,balanced,organic,0.0,0,,0,0,cash_rich_noninvestor
7433,aggressive,referral,0.0,0,,0,0,low_engagement
7434,balanced,bank_partner,0.0,0,,0,0,low_engagement
7435,cautious,organic,0.0,0,,0,0,low_engagement
7436,aggressive,paid_search,0.0,0,,0,0,cash_rich_noninvestor
7437,aggressive,referral,0.0,0,,0,0,low_engagement
7438,balanced,paid_search,0.0,0,,0,0,low_engagement
7439,balanced,paid_search,0.0,0,,0,0,cash_rich_noninvestor
7441,balanced,bank_partner,0.0,0,,0,0,low_engagement
7442,cautious,paid_search,0.0,0,,0,0,low_engagement
7443,cautious,organic,0.0,0,,0,0,low_engagement
7444,cautious,social,0.0,0,,0,0,low_engagement
7445,cautious,paid_search,0.0,0,,0,0,low_engagement
7446,aggressive,organic,0.0,0,,0,0,low_engagement
7447,balanced,bank_partner,0.0,0,,0,0,cash_rich_noninvestor
7448,aggressive,social,0.0,0,,0,0,low_engagement
7449,cautious,paid_search,0.0,0,,0,0,cash_rich_noninvestor
7451,balanced,paid_search,0.0,0,,0,0,low_engagement
7452,balanced,referral,0.0,0,,0,0,low_engagement
7453,cautious,organic,0.0,0,,0,0,low_engagement
7454,cautious,social,0.0,0,,0,0,low_engagement
7455,cautious,bank_partner,0.0,0,,0,0,cash_rich_noninvestor
7456,balanced,paid_search,0.0,0,,0,0,low_engagement
7457,balanced,paid_search,0.0,0,,0,0,low_engagement
7458,balanced,social,0.0,0,,0,0,low_engagement
7461,cautious,paid_search,0.0,0,,0,0,low_engagement
7463,aggressive,organic,0.0,0,,0,0,low_engagement
7464,aggressive,referral,0.0,0,,0,0,low_engagement
7465,cautious,organic,0.0,0,,0,0,low_engagement
7466,aggressive,paid_search,0.0,0,,0,0,cash_rich_noninvestor
7467,cautious,organic,0.0,0,,0,0,low_engagement
7468,cautious,social,0.0,0,,0,0,low_engagement
7469,aggressive,bank_partner,0.0,0,,0,0,low_engagement
7470,cautious,referral,0.0,0,,0,0,low_engagement
7471,cautious,paid_search,0.0,0,,0,0,low_engagement
7472,balanced,referral,0.0,0,,0,0,low_engagement
7473,balanced,referral,0.0,0,,0,0,cash_rich_noninvestor
7474,aggressive,referral,0.0,0,,0,0,low_engagement
7475,balanced,organic,0.0,0,,0,0,low_engagement
7476,balanced,social,0.0,0,,0,0,low_engagement
7477,aggressive,referral,0.0,0,,0,0,low_engagement
7478,balanced,organic,0.0,0,,0,0,low_engagement
7479,cautious,referral,0.0,0,,0,0,low_engagement
7480,cautious,social,0.0,0,,0,0,low_engagement
7481,aggressive,paid_search,0.0,0,,0,0,low_engagement
7482,balanced,organic,0.0,0,,0,0,low_engagement
7483,balanced,organic,0.0,0,,0,0,low_engagement
7484,cautious,social,0.0,0,,0,0,low_engagement
7485,cautious,paid_search,0.0,0,,0,0,low_engagement
7486,cautious,organic,0.0,0,,0,0,cash_rich_noninvestor
7487,aggressive,paid_search,0.0,0,,0,0,cash_rich_noninvestor
7488,aggressive,organic,0.0,0,,0,0,low_engagement
7489,cautious,organic,0.0,0,,0,0,low_engagement
7490,aggressive,organic,0.0,0,,0,0,low_engagement
7491,cautious,bank_partner,0.0,0,,0,0,low_engagement
7492,aggressive,bank_partner,0.0,0,,0,0,low_engagement
7493,balanced,organic,0.0,0,,0,0,low_engagement
7495,balanced,referral,0.0,0,,0,0,low_engagement
7496,cautious,bank_partner,0.0,0,,0,0,low_engagement
7497,cautious,social,0.0,0,,0,0,low_engagement
7498,balanced,organic,0.0,0,,0,0,low_engagement
7499,balanced,organic,0.0,0,,0,0,low_engagement
7500,cautious,bank_partner,0.0,0,,0,0,cash_rich_noninvestor
7501,cautious,organic,0.0,0,,0,0,low_engagement
7502,balanced,referral,0.0,0,,0,0,low_engagement
7504,cautious,social,0.0,0,,0,0,cash_rich_noninvestor
7505,aggressive,social,0.0,0,,0,0,cash_rich_noninvestor
7506,aggressive,organic,0.0,0,,0,0,low_engagement
7507,balanced,paid_search,0.0,0,,0,0,low_engagement
7508,aggressive,social,0.0,0,,0,0,low_engagement
7509,aggressive,organic,0.0,0,,0,0,low_engagement
7510,cautious,organic,0.0,0,,0,0,low_engagement
7512,cautious,organic,0.0,0,,0,0,low_engagement
7513,balanced,referral,0.0,0,,0,0,cash_rich_noninvestor
7514,aggressive,referral,0.0,0,,0,0,low_engagement
7515,balanced,social,0.0,0,,0,0,low_engagement
7516,balanced,paid_search,0.0,0,,0,0,low_engagement
7517,balanced,paid_search,0.0,0,,0,0,cash_rich_noninvestor
7518,balanced,paid_search,0.0,0,,0,0,low_engagement
7519,cautious,referral,0.0,0,,0,0,low_engagement
7520,balanced,paid_search,0.0,0,,0,0,low_engagement
7521,aggressive,paid_search,0.0,0,,0,0,low_engagement
7522,aggressive,organic,0.0,0,,0,0,low_engagement
7523,balanced,referral,0.0,0,,0,0,low_engagement
7524,balanced,organic,0.0,0,,0,0,low_engagement
7525,balanced,paid_search,0.0,0,,0,0,low_engagement
7526,balanced,paid_search,0.0,0,,0,0,low_engagement
7528,cautious,organic,0.0,0,,0,0,low_engagement
7529,cautious,paid_search,0.0,0,,0,0,low_engagement
7530,aggressive,social,0.0,0,,0,0,low_engagement
7531,cautious,paid_search,0.0,0,,0,0,low_engagement
7532,balanced,paid_search,0.0,0,,0,0,low_engagement
7533,cautious,social,0.0,0,,0,0,low_engagement
7535,cautious,referral,0.0,0,,0,0,low_engagement
7536,balanced,bank_partner,0.0,0,,0,0,cash_rich_noninvestor
7537,balanced,organic,0.0,0,,0,0,low_engagement
7538,aggressive,social,0.0,0,,0,0,cash_rich_noninvestor
7539,balanced,bank_partner,0.0,0,,0,0,low_engagement
7542,cautious,organic,0.0,0,,0,0,low_engagement
7543,cautious,organic,0.0,0,,0,0,low_engagement
7544,balanced,bank_partner,0.0,0,,0,0,low_engagement
7545,balanced,organic,0.0,0,,0,0,low_engagement
7546,balanced,organic,0.0,0,,0,0,cash_rich_noninvestor
7547,balanced,organic,0.0,0,,0,0,low_engagement
7548,balanced,organic,0.0,0,,0,0,low_engagement
7550,cautious,bank_partner,0.0,0,,0,0,low_engagement
7551,balanced,paid_search,0.0,0,,0,0,low_engagement
7552,cautious,organic,0.0,0,,0,0,low_engagement
7553,aggressive,paid_search,0.0,0,,0,0,low_engagement
7554,balanced,bank_partner,0.0,0,,0,0,cash_rich_noninvestor
7555,cautious,organic,0.0,0,,0,0,low_engagement
7556,balanced,organic,0.0,0,,0,0,low_engagement
7557,balanced,social,0.0,0,,0,0,low_engagement
7558,cautious,organic,0.0,0,,0,0,low_engagement
7559,balanced,social,0.0,0,,0,0,cash_rich_noninvestor
7560,aggressive,paid_search,0.0,0,,0,0,cash_rich_noninvestor
7561,balanced,referral,0.0,0,,0,0,low_engagement
7562,cautious,paid_search,0.0,0,,0,0,low_engagement
7563,balanced,paid_search,0.0,0,,0,0,cash_rich_noninvestor
7564,cautious,organic,0.0,0,,0,0,low_engagement
7565,cautious,organic,0.0,0,,0,0,low_engagement
7566,balanced,bank_partner,0.0,0,,0,0,low_engagement
7567,balanced,bank_partner,0.0,0,,0,0,low_engagement
7568,balanced,paid_search,0.0,0,,0,0,low_engagement
7569,balanced,organic,0.0,0,,0,0,low_engagement
7570,aggressive,organic,0.0,0,,0,0,low_engagement
7571,balanced,paid_search,0.0,0,,0,0,low_engagement
7572,cautious,bank_partner,0.0,0,,0,0,low_engagement
7573,cautious,social,0.0,0,,0,0,cash_rich_noninvestor
7574,balanced,paid_search,0.0,0,,0,0,low_engagement
7575,balanced,social,0.0,0,,0,0,low_engagement
7576,aggressive,referral,0.0,0,,0,0,low_engagement
7578,balanced,organic,0.0,0,,0,0,low_engagement
7580,balanced,social,0.0,0,,0,0,cash_rich_noninvestor
7581,aggressive,paid_search,0.0,0,,0,0,low_engagement
7582,balanced,paid_search,0.0,0,,0,0,low_engagement
7583,cautious,organic,0.0,0,,0,0,low_engagement
7584,cautious,referral,0.0,0,,0,0,low_engagement
7585,balanced,social,0.0,0,,0,0,low_engagement
7586,aggressive,bank_partner,0.0,0,,0,0,low_engagement
7587,balanced,referral,0.0,0,,0,0,low_engagement
7588,cautious,paid_search,0.0,0,,0,0,low_engagement
7589,cautious,organic,0.0,0,,0,0,cash_rich_noninvestor
7590,aggressive,organic,0.0,0,,0,0,low_engagement
7591,cautious,paid_search,0.0,0,,0,0,low_engagement
7592,balanced,referral,0.0,0,,0,0,low_engagement
7594,cautious,organic,0.0,0,,0,0,low_engagement
7595,cautious,organic,0.0,0,,0,0,cash_rich_noninvestor
7596,aggressive,social,0.0,0,,0,0,cash_rich_noninvestor
7597,balanced,paid_search,0.0,0,,0,0,low_engagement
7598,cautious,social,0.0,0,,0,0,low_engagement
7599,cautious,referral,0.0,0,,0,0,low_engagement
7600,cautious,organic,0.0,0,,0,0,low_engagement
7601,aggressive,organic,0.0,0,,0,0,cash_rich_noninvestor
7602,cautious,referral,0.0,0,,0,0,low_engagement
7603,balanced,organic,0.0,0,,0,0,low_engagement
7604,balanced,social,0.0,0,,0,0,low_engagement
7605,cautious,social,0.0,0,,0,0,low_engagement
7608,aggressive,social,0.0,0,,0,0,low_engagement
7609,balanced,social,0.0,0,,0,0,low_engagement
7610,balanced,paid_search,0.0,0,,0,0,cash_rich_noninvestor
7611,aggressive,social,0.0,0,,0,0,low_engagement
7612,cautious,social,0.0,0,,0,0,low_engagement
7613,cautious,social,0.0,0,,0,0,low_engagement
7614,cautious,organic,0.0,0,,0,0,low_engagement
7615,balanced,paid_search,0.0,0,,0,0,low_engagement
7616,aggressive,social,0.0,0,,0,0,low_engagement
7617,aggressive,organic,0.0,0,,0,0,cash_rich_noninvestor
7618,balanced,organic,0.0,0,,0,0,low_engagement
7619,cautious,bank_partner,0.0,0,,0,0,low_engagement
7620,balanced,bank_partner,0.0,0,,0,0,low_engagement
7621,cautious,organic,0.0,0,,0,0,low_engagement
7622,balanced,organic,0.0,0,,0,0,low_engagement
7623,balanced,organic,0.0,0,,0,0,low_engagement
7624,cautious,organic,0.0,0,,0,0,low_engagement
7625,balanced,organic,0.0,0,,0,0,low_engagement
7626,aggressive,organic,0.0,0,,0,0,low_engagement
7627,balanced,bank_partner,0.0,0,,0,0,low_engagement
7628,cautious,organic,0.0,0,,0,0,low_engagement
7629,balanced,referral,0.0,0,,0,0,cash_rich_noninvestor
7630,balanced,bank_partner,0.0,0,,0,0,low_engagement
7631,balanced,organic,0.0,0,,0,0,low_engagement
7632,aggressive,referral,0.0,0,,0,0,low_engagement
7633,balanced,referral,0.0,0,,0,0,cash_rich_noninvestor
7634,aggressive,social,0.0,0,,0,0,low_engagement
7635,aggressive,referral,0.0,0,,0,0,low_engagement
7636,cautious,referral,0.0,0,,0,0,cash_rich_noninvestor
7638,balanced,referral,0.0,0,,0,0,low_engagement
7640,aggressive,referral,0.0,0,,0,0,low_engagement
7641,cautious,referral,0.0,0,,0,0,cash_rich_noninvestor
7642,cautious,organic,0.0,0,,0,0,low_engagement
7643,cautious,social,0.0,0,,0,0,cash_rich_noninvestor
7644,cautious,paid_search,0.0,0,,0,0,cash_rich_noninvestor
7645,cautious,organic,0.0,0,,0,0,low_engagement
7646,cautious,paid_search,0.0,0,,0,0,low_engagement
7647,cautious,organic,0.0,0,,0,0,low_engagement
7648,cautious,organic,0.0,0,,0,0,cash_rich_noninvestor
7649,aggressive,organic,0.0,0,,0,0,low_engagement
7650,balanced,organic,0.0,0,,0,0,low_engagement
7651,cautious,paid_search,0.0,0,,0,0,low_engagement
7653,balanced,organic,0.0,0,,0,0,low_engagement
7654,balanced,bank_partner,0.0,0,,0,0,low_engagement
7655,cautious,referral,0.0,0,,0,0,low_engagement
7657,balanced,paid_search,0.0,0,,0,0,low_engagement
7658,cautious,paid_search,0.0,0,,0,0,low_engagement
7660,aggressive,referral,0.0,0,,0,0,low_engagement
7661,aggressive,bank_partner,0.0,0,,0,0,cash_rich_noninvestor
7662,balanced,organic,0.0,0,,0,0,low_engagement
7663,cautious,organic,0.0,0,,0,0,low_engagement
7664,cautious,paid_search,0.0,0,,0,0,low_engagement
7665,balanced,paid_search,0.0,0,,0,0,low_engagement
7666,aggressive,organic,0.0,0,,0,0,low_engagement
7667,cautious,bank_partner,0.0,0,,0,0,low_engagement
7669,cautious,bank_partner,0.0,0,,0,0,low_engagement
7670,balanced,organic,0.0,0,,0,0,low_engagement
7671,aggressive,bank_partner,0.0,0,,0,0,low_engagement
7672,cautious,bank_partner,0.0,0,,0,0,cash_rich_noninvestor
7673,aggressive,organic,0.0,0,,0,0,cash_rich_noninvestor
7675,balanced,organic,0.0,0,,0,0,cash_rich_noninvestor
7676,balanced,paid_search,0.0,0,,0,0,low_engagement
7677,balanced,organic,0.0,0,,0,0,low_engagement
7678,balanced,organic,0.0,0,,0,0,low_engagement
7679,aggressive,organic,0.0,0,,0,0,low_engagement
7680,balanced,paid_search,0.0,0,,0,0,cash_rich_noninvestor
7683,cautious,bank_partner,0.0,0,,0,0,low_engagement
7684,aggressive,paid_search,0.0,0,,0,0,low_engagement
7685,balanced,referral,0.0,0,,0,0,low_engagement
7686,aggressive,referral,0.0,0,,0,0,low_engagement
7687,balanced,bank_partner,0.0,0,,0,0,low_engagement
7688,cautious,referral,0.0,0,,0,0,low_engagement
7689,cautious,social,0.0,0,,0,0,low_engagement
7690,balanced,social,0.0,0,,0,0,low_engagement
7691,balanced,organic,0.0,0,,0,0,cash_rich_noninvestor
7692,cautious,paid_search,0.0,0,,0,0,low_engagement
7694,cautious,organic,0.0,0,,0,0,cash_rich_noninvestor
7695,balanced,bank_partner,0.0,0,,0,0,low_engagement
7696,balanced,organic,0.0,0,,0,0,low_engagement
7698,balanced,organic,0.0,0,,0,0,low_engagement
7701,balanced,organic,0.0,0,,0,0,low_engagement
7702,balanced,paid_search,0.0,0,,0,0,low_engagement
7703,aggressive,bank_partner,0.0,0,,0,0,cash_rich_noninvestor
7704,aggressive,organic,0.0,0,,0,0,low_engagement
7705,cautious,referral,0.0,0,,0,0,low_engagement
7707,aggressive,organic,0.0,0,,0,0,low_engagement
7708,balanced,organic,0.0,0,,0,0,low_engagement
7709,balanced,social,0.0,0,,0,0,low_engagement
7710,balanced,paid_search,0.0,0,,0,0,low_engagement
7712,balanced,referral,0.0,0,,0,0,low_engagement
7713,cautious,social,0.0,0,,0,0,low_engagement
7714,cautious,social,0.0,0,,0,0,low_engagement
7715,cautious,organic,0.0,0,,0,0,low_engagement
7716,cautious,social,0.0,0,,0,0,low_engagement
7717,balanced,organic,0.0,0,,0,0,cash_rich_noninvestor
7719,cautious,paid_search,0.0,0,,0,0,low_engagement
7721,cautious,paid_search,0.0,0,,0,0,cash_rich_noninvestor
7722,cautious,social,0.0,0,,0,0,low_engagement
7723,aggressive,bank_partner,0.0,0,,0,0,low_engagement
7724,balanced,referral,0.0,0,,0,0,low_engagement
7725,aggressive,organic,0.0,0,,0,0,low_engagement
7726,aggressive,organic,0.0,0,,0,0,low_engagement
7727,cautious,paid_search,0.0,0,,0,0,cash_rich_noninvestor
7728,balanced,paid_search,0.0,0,,0,0,cash_rich_noninvestor
7729,aggressive,bank_partner,0.0,0,,0,0,cash_rich_noninvestor
7730,balanced,referral,0.0,0,,0,0,cash_rich_noninvestor
7731,cautious,social,0.0,0,,0,0,low_engagement
7732,balanced,social,0.0,0,,0,0,low_engagement
7734,balanced,social,0.0,0,,0,0,low_engagement
7735,cautious,organic,0.0,0,,0,0,low_engagement
7736,cautious,organic,0.0,0,,0,0,low_engagement
7737,balanced,social,0.0,0,,0,0,low_engagement
7738,aggressive,bank_partner,0.0,0,,0,0,cash_rich_noninvestor
7739,aggressive,organic,0.0,0,,0,0,low_engagement
7740,cautious,referral,0.0,0,,0,0,low_engagement
7741,balanced,referral,0.0,0,,0,0,low_engagement
7742,aggressive,social,0.0,0,,0,0,cash_rich_noninvestor
7743,aggressive,social,0.0,0,,0,0,low_engagement
7744,aggressive,paid_search,0.0,0,,0,0,cash_rich_noninvestor
7745,cautious,organic,0.0,0,,0,0,low_engagement
7746,cautious,social,0.0,0,,0,0,cash_rich_noninvestor
7748,cautious,referral,0.0,0,,0,0,cash_rich_noninvestor
7749,balanced,organic,0.0,0,,0,0,cash_rich_noninvestor
7750,balanced,referral,0.0,0,,0,0,low_engagement
7751,cautious,organic,0.0,0,,0,0,low_engagement
7752,cautious,organic,0.0,0,,0,0,low_engagement
7753,cautious,paid_search,0.0,0,,0,0,cash_rich_noninvestor
7755,balanced,paid_search,0.0,0,,0,0,low_engagement
7756,aggressive,organic,0.0,0,,0,0,low_engagement
7757,balanced,social,0.0,0,,0,0,cash_rich_noninvestor
7758,balanced,organic,0.0,0,,0,0,low_engagement
7760,balanced,referral,0.0,0,,0,0,low_engagement
7761,cautious,referral,0.0,0,,0,0,low_engagement
7762,balanced,organic,0.0,0,,0,0,low_engagement
7764,balanced,paid_search,0.0,0,,0,0,low_engagement
7765,cautious,organic,0.0,0,,0,0,low_engagement
7766,cautious,organic,0.0,0,,0,0,low_engagement
7767,aggressive,referral,0.0,0,,0,0,low_engagement
7768,cautious,organic,0.0,0,,0,0,low_engagement
7769,aggressive,social,0.0,0,,0,0,low_engagement
7770,cautious,organic,0.0,0,,0,0,cash_rich_noninvestor
7771,balanced,bank_partner,0.0,0,,0,0,low_engagement
7772,aggressive,social,0.0,0,,0,0,low_engagement
7773,balanced,paid_search,0.0,0,,0,0,low_engagement
7775,cautious,paid_search,0.0,0,,0,0,cash_rich_noninvestor
7776,balanced,organic,0.0,0,,0,0,cash_rich_noninvestor
7777,cautious,referral,0.0,0,,0,0,cash_rich_noninvestor
7778,cautious,paid_search,0.0,0,,0,0,low_engagement
7779,cautious,paid_search,0.0,0,,0,0,low_engagement
7780,aggressive,organic,0.0,0,,0,0,low_engagement
7781,aggressive,paid_search,0.0,0,,0,0,low_engagement
7782,balanced,referral,0.0,0,,0,0,low_engagement
7783,balanced,referral,0.0,0,,0,0,cash_rich_noninvestor
7784,balanced,referral,0.0,0,,0,0,low_engagement
7785,cautious,organic,0.0,0,,0,0,low_engagement
7786,cautious,social,0.0,0,,0,0,cash_rich_noninvestor
7787,aggressive,paid_search,0.0,0,,0,0,low_engagement
7788,cautious,social,0.0,0,,0,0,low_engagement
7789,cautious,referral,0.0,0,,0,0,cash_rich_noninvestor
7790,cautious,paid_search,0.0,0,,0,0,low_engagement
7791,cautious,social,0.0,0,,0,0,cash_rich_noninvestor
7792,cautious,social,0.0,0,,0,0,low_engagement
7793,aggressive,paid_search,0.0,0,,0,0,cash_rich_noninvestor
7794,balanced,referral,0.0,0,,0,0,low_engagement
7795,balanced,organic,0.0,0,,0,0,low_engagement
7796,balanced,organic,0.0,0,,0,0,low_engagement
7798,aggressive,referral,0.0,0,,0,0,low_engagement
7799,balanced,organic,0.0,0,,0,0,cash_rich_noninvestor
7800,balanced,referral,0.0,0,,0,0,low_engagement
7802,aggressive,bank_partner,0.0,0,,0,0,low_engagement
7803,cautious,organic,0.0,0,,0,0,cash_rich_noninvestor
7805,cautious,organic,0.0,0,,0,0,low_engagement
7806,cautious,bank_partner,0.0,0,,0,0,low_engagement
7807,cautious,organic,0.0,0,,0,0,low_engagement
7808,cautious,referral,0.0,0,,0,0,low_engagement
7809,aggressive,paid_search,0.0,0,,0,0,cash_rich_noninvestor
7810,aggressive,bank_partner,0.0,0,,0,0,low_engagement
7811,cautious,bank_partner,0.0,0,,0,0,low_engagement
7812,cautious,referral,0.0,0,,0,0,cash_rich_noninvestor
7813,balanced,organic,0.0,0,,0,0,low_engagement
7814,balanced,bank_partner,0.0,0,,0,0,low_engagement
7815,balanced,social,0.0,0,,0,0,low_engagement
7816,aggressive,referral,0.0,0,,0,0,low_engagement
7817,cautious,organic,0.0,0,,0,0,cash_rich_noninvestor
7818,balanced,organic,0.0,0,,0,0,low_engagement
7819,cautious,bank_partner,0.0,0,,0,0,low_engagement
7820,balanced,organic,0.0,0,,0,0,low_engagement
7821,aggressive,organic,0.0,0,,0,0,cash_rich_noninvestor
7822,cautious,paid_search,0.0,0,,0,0,low_engagement
7823,cautious,bank_partner,0.0,0,,0,0,low_engagement
7824,balanced,social,0.0,0,,0,0,low_engagement
7825,balanced,referral,0.0,0,,0,0,low_engagement
7826,balanced,organic,0.0,0,,0,0,low_engagement
7827,aggressive,bank_partner,0.0,0,,0,0,low_engagement
7828,balanced,organic,0.0,0,,0,0,low_engagement
7830,aggressive,bank_partner,0.0,0,,0,0,low_engagement
7831,cautious,paid_search,0.0,0,,0,0,low_engagement
7833,cautious,paid_search,0.0,0,,0,0,low_engagement
7835,cautious,referral,0.0,0,,0,0,low_engagement
7836,balanced,paid_search,0.0,0,,0,0,low_engagement
7838,balanced,referral,0.0,0,,0,0,cash_rich_noninvestor
7839,balanced,paid_search,0.0,0,,0,0,low_engagement
7840,cautious,social,0.0,0,,0,0,low_engagement
7841,balanced,social,0.0,0,,0,0,low_engagement
7842,balanced,bank_partner,0.0,0,,0,0,cash_rich_noninvestor
7843,cautious,organic,0.0,0,,0,0,cash_rich_noninvestor
7845,aggressive,social,0.0,0,,0,0,low_engagement
7846,balanced,organic,0.0,0,,0,0,low_engagement
7847,aggressive,organic,0.0,0,,0,0,cash_rich_noninvestor
7848,cautious,social,0.0,0,,0,0,cash_rich_noninvestor
7849,cautious,bank_partner,0.0,0,,0,0,cash_rich_noninvestor
7850,balanced,organic,0.0,0,,0,0,low_engagement
7851,balanced,referral,0.0,0,,0,0,low_engagement
7852,balanced,referral,0.0,0,,0,0,cash_rich_noninvestor
7853,aggressive,paid_search,0.0,0,,0,0,low_engagement
7854,balanced,bank_partner,0.0,0,,0,0,low_engagement
7855,cautious,paid_search,0.0,0,,0,0,low_engagement
7857,balanced,social,0.0,0,,0,0,low_engagement
7858,cautious,social,0.0,0,,0,0,low_engagement
7859,aggressive,paid_search,0.0,0,,0,0,cash_rich_noninvestor
7860,balanced,organic,0.0,0,,0,0,low_engagement
7861,cautious,organic,0.0,0,,0,0,low_engagement
7862,cautious,bank_partner,0.0,0,,0,0,low_engagement
7863,aggressive,organic,0.0,0,,0,0,low_engagement
7865,balanced,paid_search,0.0,0,,0,0,low_engagement
7866,cautious,referral,0.0,0,,0,0,cash_rich_noninvestor
7867,cautious,organic,0.0,0,,0,0,low_engagement
7868,aggressive,referral,0.0,0,,0,0,cash_rich_noninvestor
7869,balanced,organic,0.0,0,,0,0,low_engagement
7870,aggressive,organic,0.0,0,,0,0,low_engagement
7871,cautious,referral,0.0,0,,0,0,low_engagement
7873,balanced,organic,0.0,0,,0,0,low_engagement
7874,balanced,organic,0.0,0,,0,0,low_engagement
7875,balanced,organic,0.0,0,,0,0,low_engagement
7876,cautious,paid_search,0.0,0,,0,0,low_engagement
7877,cautious,paid_search,0.0,0,,0,0,cash_rich_noninvestor
7878,cautious,paid_search,0.0,0,,0,0,low_engagement
7879,cautious,referral,0.0,0,,0,0,low_engagement
7880,balanced,organic,0.0,0,,0,0,low_engagement
7881,cautious,referral,0.0,0,,0,0,low_engagement
7882,balanced,organic,0.0,0,,0,0,low_engagement
7883,cautious,social,0.0,0,,0,0,low_engagement
7884,aggressive,bank_partner,0.0,0,,0,0,cash_rich_noninvestor
7885,cautious,bank_partner,0.0,0,,0,0,low_engagement
7886,balanced,social,0.0,0,,0,0,low_engagement
7887,aggressive,organic,0.0,0,,0,0,low_engagement
7888,balanced,paid_search,0.0,0,,0,0,low_engagement
7889,cautious,referral,0.0,0,,0,0,cash_rich_noninvestor
7890,aggressive,referral,0.0,0,,0,0,low_engagement
7891,cautious,bank_partner,0.0,0,,0,0,low_engagement
7892,balanced,paid_search,0.0,0,,0,0,low_engagement
7894,balanced,organic,0.0,0,,0,0,low_engagement
7895,cautious,organic,0.0,0,,0,0,low_engagement
7896,cautious,social,0.0,0,,0,0,low_engagement
7897,aggressive,social,0.0,0,,0,0,low_engagement
7898,aggressive,social,0.0,0,,0,0,low_engagement
7899,cautious,organic,0.0,0,,0,0,low_engagement
7900,balanced,bank_partner,0.0,0,,0,0,cash_rich_noninvestor
7901,cautious,paid_search,0.0,0,,0,0,low_engagement
7902,balanced,paid_search,0.0,0,,0,0,low_engagement
7903,cautious,social,0.0,0,,0,0,low_engagement
7905,cautious,paid_search,0.0,0,,0,0,low_engagement
7906,balanced,paid_search,0.0,0,,0,0,low_engagement
7907,balanced,paid_search,0.0,0,,0,0,low_engagement
7908,cautious,paid_search,0.0,0,,0,0,low_engagement
7910,balanced,organic,0.0,0,,0,0,low_engagement
7912,balanced,paid_search,0.0,0,,0,0,cash_rich_noninvestor
7913,aggressive,paid_search,0.0,0,,0,0,cash_rich_noninvestor
7914,balanced,paid_search,0.0,0,,0,0,low_engagement
7916,cautious,organic,0.0,0,,0,0,cash_rich_noninvestor
7917,cautious,organic,0.0,0,,0,0,cash_rich_noninvestor
7918,cautious,organic,0.0,0,,0,0,low_engagement
7919,balanced,organic,0.0,0,,0,0,low_engagement
7920,cautious,paid_search,0.0,0,,0,0,cash_rich_noninvestor
7921,cautious,organic,0.0,0,,0,0,cash_rich_noninvestor
7922,balanced,organic,0.0,0,,0,0,low_engagement
7923,cautious,paid_search,0.0,0,,0,0,low_engagement
7924,balanced,social,0.0,0,,0,0,low_engagement
7925,cautious,paid_search,0.0,0,,0,0,low_engagement
7926,balanced,paid_search,0.0,0,,0,0,low_engagement
7927,cautious,paid_search,0.0,0,,0,0,low_engagement
7928,cautious,social,0.0,0,,0,0,low_engagement
7929,aggressive,paid_search,0.0,0,,0,0,low_engagement
7930,cautious,referral,0.0,0,,0,0,low_engagement
7931,aggressive,organic,0.0,0,,0,0,low_engagement
7932,balanced,referral,0.0,0,,0,0,low_engagement
7933,balanced,social,0.0,0,,0,0,low_engagement
7934,aggressive,bank_partner,0.0,0,,0,0,low_engagement
7935,cautious,organic,0.0,0,,0,0,low_engagement
7936,aggressive,paid_search,0.0,0,,0,0,low_engagement
7938,aggressive,social,0.0,0,,0,0,low_engagement
7939,balanced,organic,0.0,0,,0,0,low_engagement
7940,balanced,organic,0.0,0,,0,0,low_engagement
7941,aggressive,organic,0.0,0,,0,0,low_engagement
7942,balanced,referral,0.0,0,,0,0,low_engagement
7943,balanced,paid_search,0.0,0,,0,0,low_engagement
7944,aggressive,bank_partner,0.0,0,,0,0,low_engagement
7945,balanced,social,0.0,0,,0,0,low_engagement
7946,balanced,bank_partner,0.0,0,,0,0,low_engagement
7947,balanced,paid_search,0.0,0,,0,0,low_engagement
7948,cautious,organic,0.0,0,,0,0,low_engagement
7949,balanced,social,0.0,0,,0,0,low_engagement
7950,balanced,referral,0.0,0,,0,0,low_engagement
7951,balanced,paid_search,0.0,0,,0,0,low_engagement
7952,cautious,social,0.0,0,,0,0,low_engagement
7954,balanced,paid_search,0.0,0,,0,0,low_engagement
7955,cautious,organic,0.0,0,,0,0,low_engagement
7956,aggressive,bank_partner,0.0,0,,0,0,low_engagement
7957,balanced,paid_search,0.0,0,,0,0,cash_rich_noninvestor
7958,aggressive,bank_partner,0.0,0,,0,0,low_engagement
7959,cautious,paid_search,0.0,0,,0,0,low_engagement
7960,balanced,organic,0.0,0,,0,0,cash_rich_noninvestor
7961,balanced,organic,0.0,0,,0,0,cash_rich_noninvestor
7962,cautious,social,0.0,0,,0,0,low_engagement
7963,cautious,social,0.0,0,,0,0,cash_rich_noninvestor
7965,cautious,organic,0.0,0,,0,0,low_engagement
7966,cautious,social,0.0,0,,0,0,low_engagement
7967,cautious,organic,0.0,0,,0,0,low_engagement
7968,aggressive,paid_search,0.0,0,,0,0,low_engagement
7969,cautious,referral,0.0,0,,0,0,low_engagement
7970,balanced,referral,0.0,0,,0,0,low_engagement
7971,cautious,organic,0.0,0,,0,0,low_engagement
7972,cautious,social,0.0,0,,0,0,low_engagement
7974,balanced,bank_partner,0.0,0,,0,0,low_engagement
7975,balanced,organic,0.0,0,,0,0,low_engagement
7976,aggressive,bank_partner,0.0,0,,0,0,low_engagement
7977,aggressive,bank_partner,0.0,0,,0,0,low_engagement
7978,balanced,organic,0.0,0,,0,0,low_engagement
7979,aggressive,bank_partner,0.0,0,,0,0,low_engagement
7980,balanced,paid_search,0.0,0,,0,0,low_engagement
7981,balanced,organic,0.0,0,,0,0,low_engagement
7983,cautious,social,0.0,0,,0,0,low_engagement
7984,aggressive,social,0.0,0,,0,0,low_engagement
7985,balanced,paid_search,0.0,0,,0,0,low_engagement
7986,balanced,social,0.0,0,,0,0,low_engagement
7987,cautious,referral,0.0,0,,0,0,low_engagement
7988,aggressive,social,0.0,0,,0,0,low_engagement
7989,aggressive,social,0.0,0,,0,0,low_engagement
7990,cautious,bank_partner,0.0,0,,0,0,cash_rich_noninvestor
7991,cautious,bank_partner,0.0,0,,0,0,low_engagement
7992,cautious,bank_partner,0.0,0,,0,0,low_engagement
7993,balanced,social,0.0,0,,0,0,low_engagement
7994,balanced,referral,0.0,0,,0,0,low_engagement
7995,balanced,social,0.0,0,,0,0,cash_rich_noninvestor
7996,balanced,paid_search,0.0,0,,0,0,low_engagement
7997,cautious,paid_search,0.0,0,,0,0,cash_rich_noninvestor
7998,cautious,paid_search,0.0,0,,0,0,low_engagement
7999,balanced,organic,0.0,0,,0,0,cash_rich_noninvestor
8000,balanced,organic,0.0,0,,0,0,low_engagement
8001,balanced,bank_partner,0.0,0,,0,0,low_engagement
8002,cautious,bank_partner,0.0,0,,0,0,cash_rich_noninvestor
8003,balanced,paid_search,0.0,0,,0,0,cash_rich_noninvestor
8004,cautious,organic,0.0,0,,0,0,low_engagement
8006,cautious,bank_partner,0.0,0,,0,0,cash_rich_noninvestor
8007,balanced,paid_search,0.0,0,,0,0,low_engagement
8008,cautious,referral,0.0,0,,0,0,low_engagement
8010,aggressive,referral,0.0,0,,0,0,low_engagement
8011,aggressive,paid_search,0.0,0,,0,0,low_engagement
8012,aggressive,organic,0.0,0,,0,0,low_engagement
8013,cautious,social,0.0,0,,0,0,cash_rich_noninvestor
8014,balanced,paid_search,0.0,0,,0,0,cash_rich_noninvestor
8015,aggressive,referral,0.0,0,,0,0,low_engagement
8016,aggressive,referral,0.0,0,,0,0,low_engagement
8017,balanced,social,0.0,0,,0,0,low_engagement
8018,balanced,organic,0.0,0,,0,0,low_engagement
8020,balanced,bank_partner,0.0,0,,0,0,low_engagement
8021,cautious,referral,0.0,0,,0,0,low_engagement
8022,aggressive,social,0.0,0,,0,0,cash_rich_noninvestor
8023,cautious,organic,0.0,0,,0,0,low_engagement
8024,balanced,bank_partner,0.0,0,,0,0,low_engagement
8026,balanced,bank_partner,0.0,0,,0,0,low_engagement
8027,balanced,referral,0.0,0,,0,0,low_engagement
8028,balanced,paid_search,0.0,0,,0,0,low_engagement
8029,cautious,social,0.0,0,,0,0,cash_rich_noninvestor
8030,cautious,organic,0.0,0,,0,0,cash_rich_noninvestor
8031,cautious,social,0.0,0,,0,0,low_engagement
8033,cautious,referral,0.0,0,,0,0,cash_rich_noninvestor
8034,balanced,social,0.0,0,,0,0,low_engagement
8035,cautious,referral,0.0,0,,0,0,cash_rich_noninvestor
8037,cautious,organic,0.0,0,,0,0,low_engagement
8038,balanced,referral,0.0,0,,0,0,low_engagement
8039,aggressive,paid_search,0.0,0,,0,0,low_engagement
8040,cautious,social,0.0,0,,0,0,cash_rich_noninvestor
8042,aggressive,social,0.0,0,,0,0,low_engagement
8043,aggressive,organic,0.0,0,,0,0,low_engagement
8044,cautious,paid_search,0.0,0,,0,0,cash_rich_noninvestor
8045,cautious,social,0.0,0,,0,0,low_engagement
8046,aggressive,organic,0.0,0,,0,0,low_engagement
8047,balanced,organic,0.0,0,,0,0,low_engagement
8048,aggressive,bank_partner,0.0,0,,0,0,low_engagement
8051,cautious,paid_search,0.0,0,,0,0,low_engagement
8054,aggressive,social,0.0,0,,0,0,low_engagement
8055,cautious,social,0.0,0,,0,0,low_engagement
8056,balanced,organic,0.0,0,,0,0,low_engagement
8057,balanced,referral,0.0,0,,0,0,cash_rich_noninvestor
8058,balanced,organic,0.0,0,,0,0,low_engagement
8059,cautious,social,0.0,0,,0,0,cash_rich_noninvestor
8060,cautious,referral,0.0,0,,0,0,cash_rich_noninvestor
8061,cautious,paid_search,0.0,0,,0,0,cash_rich_noninvestor
8062,cautious,bank_partner,0.0,0,,0,0,low_engagement
8063,balanced,organic,0.0,0,,0,0,low_engagement
8064,cautious,paid_search,0.0,0,,0,0,low_engagement
8065,aggressive,social,0.0,0,,0,0,low_engagement
8066,balanced,organic,0.0,0,,0,0,low_engagement
8067,cautious,referral,0.0,0,,0,0,low_engagement
8068,aggressive,paid_search,0.0,0,,0,0,low_engagement
8069,cautious,referral,0.0,0,,0,0,low_engagement
8070,cautious,social,0.0,0,,0,0,low_engagement
8071,cautious,organic,0.0,0,,0,0,low_engagement
8072,cautious,social,0.0,0,,0,0,low_engagement
8073,cautious,organic,0.0,0,,0,0,low_engagement
8074,cautious,social,0.0,0,,0,0,low_engagement
8075,cautious,bank_partner,0.0,0,,0,0,cash_rich_noninvestor
8076,cautious,referral,0.0,0,,0,0,low_engagement
8077,balanced,social,0.0,0,,0,0,low_engagement
8078,balanced,paid_search,0.0,0,,0,0,low_engagement
8079,balanced,social,0.0,0,,0,0,cash_rich_noninvestor
8080,cautious,referral,0.0,0,,0,0,cash_rich_noninvestor
8081,balanced,organic,0.0,0,,0,0,low_engagement
8082,balanced,social,0.0,0,,0,0,cash_rich_noninvestor
8084,cautious,referral,0.0,0,,0,0,low_engagement
8085,aggressive,organic,0.0,0,,0,0,low_engagement
8086,aggressive,paid_search,0.0,0,,0,0,cash_rich_noninvestor
8087,cautious,organic,0.0,0,,0,0,low_engagement
8088,balanced,social,0.0,0,,0,0,cash_rich_noninvestor
8090,cautious,organic,0.0,0,,0,0,low_engagement
8091,cautious,referral,0.0,0,,0,0,low_engagement
8092,aggressive,paid_search,0.0,0,,0,0,low_engagement
8093,balanced,organic,0.0,0,,0,0,low_engagement
8094,balanced,social,0.0,0,,0,0,low_engagement
8095,balanced,social,0.0,0,,0,0,cash_rich_noninvestor
8096,balanced,paid_search,0.0,0,,0,0,low_engagement
8098,cautious,social,0.0,0,,0,0,low_engagement
8099,aggressive,organic,0.0,0,,0,0,cash_rich_noninvestor
8100,balanced,organic,0.0,0,,0,0,low_engagement
8101,balanced,organic,0.0,0,,0,0,low_engagement
8102,balanced,organic,0.0,0,,0,0,low_engagement
8103,balanced,paid_search,0.0,0,,0,0,low_engagement
8105,balanced,bank_partner,0.0,0,,0,0,low_engagement
8106,balanced,bank_partner,0.0,0,,0,0,low_engagement
8107,cautious,referral,0.0,0,,0,0,low_engagement
8108,balanced,social,0.0,0,,0,0,low_engagement
8109,cautious,social,0.0,0,,0,0,low_engagement
8110,balanced,organic,0.0,0,,0,0,low_engagement
8111,balanced,referral,0.0,0,,0,0,cash_rich_noninvestor
8112,cautious,social,0.0,0,,0,0,cash_rich_noninvestor
8113,aggressive,referral,0.0,0,,0,0,low_engagement
8114,cautious,social,0.0,0,,0,0,cash_rich_noninvestor
8115,cautious,referral,0.0,0,,0,0,low_engagement
8116,balanced,organic,0.0,0,,0,0,cash_rich_noninvestor
8117,aggressive,paid_search,0.0,0,,0,0,low_engagement
8118,cautious,organic,0.0,0,,0,0,low_engagement
8119,cautious,organic,0.0,0,,0,0,low_engagement
8120,cautious,social,0.0,0,,0,0,low_engagement
8122,balanced,organic,0.0,0,,0,0,low_engagement
8123,aggressive,referral,0.0,0,,0,0,low_engagement
8124,cautious,social,0.0,0,,0,0,low_engagement
8125,balanced,organic,0.0,0,,0,0,low_engagement
8126,balanced,paid_search,0.0,0,,0,0,cash_rich_noninvestor
8127,cautious,paid_search,0.0,0,,0,0,low_engagement
8128,balanced,paid_search,0.0,0,,0,0,cash_rich_noninvestor
8129,cautious,bank_partner,0.0,0,,0,0,low_engagement
8130,cautious,organic,0.0,0,,0,0,low_engagement
8131,balanced,bank_partner,0.0,0,,0,0,low_engagement
8132,cautious,organic,0.0,0,,0,0,low_engagement
8134,aggressive,social,0.0,0,,0,0,low_engagement
8135,cautious,referral,0.0,0,,0,0,low_engagement
8136,balanced,organic,0.0,0,,0,0,cash_rich_noninvestor
8137,balanced,paid_search,0.0,0,,0,0,low_engagement
8138,balanced,referral,0.0,0,,0,0,low_engagement
8139,cautious,organic,0.0,0,,0,0,low_engagement
8140,cautious,referral,0.0,0,,0,0,cash_rich_noninvestor
8142,cautious,social,0.0,0,,0,0,low_engagement
8144,aggressive,social,0.0,0,,0,0,cash_rich_noninvestor
8145,cautious,organic,0.0,0,,0,0,cash_rich_noninvestor
8146,balanced,social,0.0,0,,0,0,low_engagement
8147,aggressive,bank_partner,0.0,0,,0,0,low_engagement
8148,aggressive,paid_search,0.0,0,,0,0,low_engagement
8149,balanced,paid_search,0.0,0,,0,0,low_engagement
8150,balanced,bank_partner,0.0,0,,0,0,low_engagement
8153,balanced,social,0.0,0,,0,0,low_engagement
8154,balanced,organic,0.0,0,,0,0,low_engagement
8155,balanced,social,0.0,0,,0,0,low_engagement
8156,balanced,paid_search,0.0,0,,0,0,low_engagement
8157,cautious,paid_search,0.0,0,,0,0,low_engagement
8158,balanced,referral,0.0,0,,0,0,low_engagement
8159,balanced,referral,0.0,0,,0,0,cash_rich_noninvestor
8160,balanced,referral,0.0,0,,0,0,low_engagement
8161,aggressive,organic,0.0,0,,0,0,low_engagement
8163,cautious,social,0.0,0,,0,0,low_engagement
8164,balanced,paid_search,0.0,0,,0,0,low_engagement
8165,balanced,paid_search,0.0,0,,0,0,low_engagement
8166,aggressive,organic,0.0,0,,0,0,cash_rich_noninvestor
8167,aggressive,organic,0.0,0,,0,0,low_engagement
8168,balanced,referral,0.0,0,,0,0,low_engagement
8169,aggressive,organic,0.0,0,,0,0,cash_rich_noninvestor
8170,balanced,social,0.0,0,,0,0,low_engagement
8172,cautious,referral,0.0,0,,0,0,low_engagement
8173,cautious,social,0.0,0,,0,0,low_engagement
8174,balanced,organic,0.0,0,,0,0,cash_rich_noninvestor
8175,aggressive,referral,0.0,0,,0,0,low_engagement
8176,cautious,referral,0.0,0,,0,0,cash_rich_noninvestor
8177,cautious,organic,0.0,0,,0,0,low_engagement
8178,cautious,organic,0.0,0,,0,0,low_engagement
8179,balanced,social,0.0,0,,0,0,low_engagement
8180,balanced,referral,0.0,0,,0,0,low_engagement
8181,balanced,bank_partner,0.0,0,,0,0,cash_rich_noninvestor
8182,balanced,organic,0.0,0,,0,0,low_engagement
8183,aggressive,paid_search,0.0,0,,0,0,low_engagement
8184,balanced,paid_search,0.0,0,,0,0,low_engagement
8185,balanced,organic,0.0,0,,0,0,cash_rich_noninvestor
8186,aggressive,referral,0.0,0,,0,0,low_engagement
8188,balanced,organic,0.0,0,,0,0,cash_rich_noninvestor
8189,cautious,bank_partner,0.0,0,,0,0,low_engagement
8190,cautious,bank_partner,0.0,0,,0,0,low_engagement
8191,balanced,organic,0.0,0,,0,0,low_engagement
8192,aggressive,social,0.0,0,,0,0,low_engagement
8193,aggressive,referral,0.0,0,,0,0,cash_rich_noninvestor
8195,aggressive,social,0.0,0,,0,0,cash_rich_noninvestor
8196,cautious,social,0.0,0,,0,0,low_engagement
8197,cautious,organic,0.0,0,,0,0,cash_rich_noninvestor
8198,balanced,social,0.0,0,,0,0,low_engagement
8199,balanced,referral,0.0,0,,0,0,low_engagement
8201,cautious,organic,0.0,0,,0,0,low_engagement
8202,balanced,social,0.0,0,,0,0,low_engagement
8203,balanced,bank_partner,0.0,0,,0,0,low_engagement
8204,cautious,social,0.0,0,,0,0,low_engagement
8205,cautious,organic,0.0,0,,0,0,low_engagement
8206,aggressive,organic,0.0,0,,0,0,low_engagement
8207,balanced,organic,0.0,0,,0,0,cash_rich_noninvestor
8208,balanced,organic,0.0,0,,0,0,low_engagement
8209,balanced,organic,0.0,0,,0,0,low_engagement
8210,cautious,social,0.0,0,,0,0,low_engagement
8211,balanced,social,0.0,0,,0,0,cash_rich_noninvestor
8212,balanced,bank_partner,0.0,0,,0,0,low_engagement
8213,balanced,organic,0.0,0,,0,0,low_engagement
8214,cautious,paid_search,0.0,0,,0,0,low_engagement
8215,aggressive,social,0.0,0,,0,0,low_engagement
8216,balanced,bank_partner,0.0,0,,0,0,low_engagement
8217,cautious,organic,0.0,0,,0,0,low_engagement
8218,aggressive,social,0.0,0,,0,0,low_engagement
8219,balanced,paid_search,0.0,0,,0,0,low_engagement
8220,balanced,social,0.0,0,,0,0,low_engagement
8221,aggressive,social,0.0,0,,0,0,low_engagement
8222,cautious,paid_search,0.0,0,,0,0,low_engagement
8223,aggressive,organic,0.0,0,,0,0,low_engagement
8224,balanced,organic,0.0,0,,0,0,low_engagement
8225,cautious,organic,0.0,0,,0,0,low_engagement
8226,cautious,referral,0.0,0,,0,0,low_engagement
8227,cautious,social,0.0,0,,0,0,low_engagement
8230,balanced,organic,0.0,0,,0,0,low_engagement
8231,cautious,referral,0.0,0,,0,0,low_engagement
8232,aggressive,bank_partner,0.0,0,,0,0,low_engagement
8233,balanced,paid_search,0.0,0,,0,0,cash_rich_noninvestor
8234,balanced,social,0.0,0,,0,0,low_engagement
8235,aggressive,social,0.0,0,,0,0,low_engagement
8236,balanced,bank_partner,0.0,0,,0,0,low_engagement
8237,balanced,referral,0.0,0,,0,0,low_engagement
8238,aggressive,organic,0.0,0,,0,0,cash_rich_noninvestor
8239,cautious,paid_search,0.0,0,,0,0,low_engagement
8240,aggressive,social,0.0,0,,0,0,cash_rich_noninvestor
8241,cautious,organic,0.0,0,,0,0,low_engagement
8242,balanced,referral,0.0,0,,0,0,cash_rich_noninvestor
8244,cautious,social,0.0,0,,0,0,cash_rich_noninvestor
8245,cautious,social,0.0,0,,0,0,low_engagement
8246,aggressive,paid_search,0.0,0,,0,0,low_engagement
8247,balanced,paid_search,0.0,0,,0,0,low_engagement
8248,cautious,paid_search,0.0,0,,0,0,low_engagement
8249,cautious,referral,0.0,0,,0,0,low_engagement
8250,balanced,social,0.0,0,,0,0,low_engagement
8252,cautious,bank_partner,0.0,0,,0,0,low_engagement
8253,balanced,social,0.0,0,,0,0,cash_rich_noninvestor
8254,balanced,social,0.0,0,,0,0,cash_rich_noninvestor
8255,balanced,referral,0.0,0,,0,0,low_engagement
8256,balanced,paid_search,0.0,0,,0,0,low_engagement
8257,cautious,organic,0.0,0,,0,0,low_engagement
8258,balanced,paid_search,0.0,0,,0,0,low_engagement
8259,cautious,bank_partner,0.0,0,,0,0,cash_rich_noninvestor
8260,aggressive,social,0.0,0,,0,0,cash_rich_noninvestor
8261,balanced,organic,0.0,0,,0,0,low_engagement
8262,balanced,referral,0.0,0,,0,0,low_engagement
8263,balanced,organic,0.0,0,,0,0,low_engagement
8264,cautious,social,0.0,0,,0,0,cash_rich_noninvestor
8265,balanced,paid_search,0.0,0,,0,0,low_engagement
8266,balanced,paid_search,0.0,0,,0,0,low_engagement
8267,balanced,organic,0.0,0,,0,0,low_engagement
8268,cautious,paid_search,0.0,0,,0,0,low_engagement
8269,aggressive,referral,0.0,0,,0,0,low_engagement
8270,cautious,social,0.0,0,,0,0,low_engagement
8271,cautious,social,0.0,0,,0,0,low_engagement
8273,aggressive,bank_partner,0.0,0,,0,0,cash_rich_noninvestor
8274,aggressive,organic,0.0,0,,0,0,cash_rich_noninvestor
8276,balanced,social,0.0,0,,0,0,low_engagement
8278,balanced,referral,0.0,0,,0,0,low_engagement
8279,balanced,organic,0.0,0,,0,0,cash_rich_noninvestor
8280,balanced,social,0.0,0,,0,0,low_engagement
8281,aggressive,social,0.0,0,,0,0,low_engagement
8282,cautious,paid_search,0.0,0,,0,0,low_engagement
8283,aggressive,social,0.0,0,,0,0,low_engagement
8284,aggressive,bank_partner,0.0,0,,0,0,low_engagement
8285,cautious,social,0.0,0,,0,0,low_engagement
8286,balanced,referral,0.0,0,,0,0,low_engagement
8287,cautious,bank_partner,0.0,0,,0,0,low_engagement
8288,cautious,organic,0.0,0,,0,0,cash_rich_noninvestor
8289,balanced,organic,0.0,0,,0,0,low_engagement
8290,cautious,organic,0.0,0,,0,0,cash_rich_noninvestor
8291,balanced,organic,0.0,0,,0,0,low_engagement
8292,balanced,paid_search,0.0,0,,0,0,cash_rich_noninvestor
8293,balanced,paid_search,0.0,0,,0,0,low_engagement
8294,aggressive,bank_partner,0.0,0,,0,0,low_engagement
8295,balanced,organic,0.0,0,,0,0,low_engagement
8296,aggressive,bank_partner,0.0,0,,0,0,low_engagement
8297,aggressive,referral,0.0,0,,0,0,cash_rich_noninvestor
8298,aggressive,referral,0.0,0,,0,0,low_engagement
8299,balanced,organic,0.0,0,,0,0,low_engagement
8300,aggressive,social,0.0,0,,0,0,low_engagement
8301,balanced,bank_partner,0.0,0,,0,0,low_engagement
8302,balanced,social,0.0,0,,0,0,low_engagement
8303,cautious,social,0.0,0,,0,0,cash_rich_noninvestor
8304,cautious,social,0.0,0,,0,0,cash_rich_noninvestor
8305,balanced,bank_partner,0.0,0,,0,0,low_engagement
8306,cautious,organic,0.0,0,,0,0,cash_rich_noninvestor
8307,balanced,bank_partner,0.0,0,,0,0,cash_rich_noninvestor
8308,balanced,organic,0.0,0,,0,0,low_engagement
8309,aggressive,organic,0.0,0,,0,0,low_engagement
8311,balanced,social,0.0,0,,0,0,low_engagement
8312,balanced,referral,0.0,0,,0,0,cash_rich_noninvestor
8313,cautious,bank_partner,0.0,0,,0,0,cash_rich_noninvestor
8314,balanced,social,0.0,0,,0,0,low_engagement
8315,balanced,organic,0.0,0,,0,0,low_engagement
8316,balanced,organic,0.0,0,,0,0,low_engagement
8317,cautious,paid_search,0.0,0,,0,0,low_engagement
8318,aggressive,organic,0.0,0,,0,0,low_engagement
8319,balanced,organic,0.0,0,,0,0,low_engagement
8320,balanced,social,0.0,0,,0,0,low_engagement
8321,cautious,social,0.0,0,,0,0,low_engagement
8322,aggressive,organic,0.0,0,,0,0,low_engagement
8324,balanced,organic,0.0,0,,0,0,low_engagement
8325,balanced,referral,0.0,0,,0,0,low_engagement
8326,cautious,organic,0.0,0,,0,0,low_engagement
8327,cautious,organic,0.0,0,,0,0,cash_rich_noninvestor
8328,cautious,paid_search,0.0,0,,0,0,low_engagement
8330,cautious,social,0.0,0,,0,0,low_engagement
8331,balanced,social,0.0,0,,0,0,cash_rich_noninvestor
8332,balanced,social,0.0,0,,0,0,low_engagement
8333,balanced,paid_search,0.0,0,,0,0,low_engagement
8334,aggressive,social,0.0,0,,0,0,low_engagement
8335,cautious,bank_partner,0.0,0,,0,0,low_engagement
8336,aggressive,organic,0.0,0,,0,0,low_engagement
8337,cautious,social,0.0,0,,0,0,low_engagement
8338,balanced,paid_search,0.0,0,,0,0,cash_rich_noninvestor
8339,balanced,referral,0.0,0,,0,0,low_engagement
8341,cautious,social,0.0,0,,0,0,low_engagement
8342,balanced,paid_search,0.0,0,,0,0,low_engagement
8343,cautious,referral,0.0,0,,0,0,low_engagement
8345,cautious,referral,0.0,0,,0,0,low_engagement
8346,cautious,referral,0.0,0,,0,0,low_engagement
8347,balanced,bank_partner,0.0,0,,0,0,low_engagement
8349,cautious,organic,0.0,0,,0,0,low_engagement
8350,cautious,social,0.0,0,,0,0,low_engagement
8351,cautious,organic,0.0,0,,0,0,low_engagement
8354,cautious,social,0.0,0,,0,0,low_engagement
8356,cautious,referral,0.0,0,,0,0,low_engagement
8357,cautious,paid_search,0.0,0,,0,0,low_engagement
8358,cautious,referral,0.0,0,,0,0,low_engagement
8359,cautious,bank_partner,0.0,0,,0,0,low_engagement
8360,balanced,organic,0.0,0,,0,0,low_engagement
8361,cautious,bank_partner,0.0,0,,0,0,low_engagement
8362,cautious,organic,0.0,0,,0,0,low_engagement
8363,balanced,paid_search,0.0,0,,0,0,low_engagement
8365,balanced,organic,0.0,0,,0,0,low_engagement
8366,balanced,organic,0.0,0,,0,0,low_engagement
8367,cautious,bank_partner,0.0,0,,0,0,low_engagement
8369,cautious,paid_search,0.0,0,,0,0,low_engagement
8370,cautious,referral,0.0,0,,0,0,low_engagement
8371,balanced,organic,0.0,0,,0,0,low_engagement
8372,balanced,social,0.0,0,,0,0,low_engagement
8373,aggressive,bank_partner,0.0,0,,0,0,cash_rich_noninvestor
8374,aggressive,paid_search,0.0,0,,0,0,cash_rich_noninvestor
8375,aggressive,bank_partner,0.0,0,,0,0,cash_rich_noninvestor
8376,balanced,social,0.0,0,,0,0,low_engagement
8377,balanced,paid_search,0.0,0,,0,0,low_engagement
8378,balanced,referral,0.0,0,,0,0,low_engagement
8379,aggressive,referral,0.0,0,,0,0,low_engagement
8380,cautious,paid_search,0.0,0,,0,0,low_engagement
8381,aggressive,referral,0.0,0,,0,0,cash_rich_noninvestor
8382,cautious,organic,0.0,0,,0,0,low_engagement
8383,balanced,organic,0.0,0,,0,0,low_engagement
8384,cautious,paid_search,0.0,0,,0,0,cash_rich_noninvestor
8385,cautious,bank_partner,0.0,0,,0,0,low_engagement
8386,cautious,organic,0.0,0,,0,0,low_engagement
8387,balanced,paid_search,0.0,0,,0,0,low_engagement
8388,balanced,bank_partner,0.0,0,,0,0,low_engagement
8389,balanced,organic,0.0,0,,0,0,low_engagement
8391,balanced,paid_search,0.0,0,,0,0,low_engagement
8392,balanced,paid_search,0.0,0,,0,0,low_engagement
8393,cautious,bank_partner,0.0,0,,0,0,low_engagement
8394,balanced,organic,0.0,0,,0,0,cash_rich_noninvestor
8395,balanced,bank_partner,0.0,0,,0,0,low_engagement
8396,cautious,paid_search,0.0,0,,0,0,cash_rich_noninvestor
8397,cautious,organic,0.0,0,,0,0,cash_rich_noninvestor
8398,balanced,paid_search,0.0,0,,0,0,low_engagement
8399,balanced,organic,0.0,0,,0,0,low_engagement
8400,balanced,paid_search,0.0,0,,0,0,low_engagement
8401,balanced,organic,0.0,0,,0,0,low_engagement
8402,cautious,referral,0.0,0,,0,0,cash_rich_noninvestor
8403,cautious,organic,0.0,0,,0,0,low_engagement
8404,balanced,referral,0.0,0,,0,0,low_engagement
8405,cautious,organic,0.0,0,,0,0,low_engagement
8406,cautious,paid_search,0.0,0,,0,0,low_engagement
8407,cautious,organic,0.0,0,,0,0,cash_rich_noninvestor
8408,balanced,social,0.0,0,,0,0,low_engagement
8409,aggressive,organic,0.0,0,,0,0,low_engagement
8410,cautious,organic,0.0,0,,0,0,low_engagement
8411,cautious,paid_search,0.0,0,,0,0,low_engagement
8412,aggressive,paid_search,0.0,0,,0,0,low_engagement
8413,cautious,organic,0.0,0,,0,0,cash_rich_noninvestor
8414,balanced,bank_partner,0.0,0,,0,0,low_engagement
8415,cautious,organic,0.0,0,,0,0,cash_rich_noninvestor
8416,aggressive,paid_search,0.0,0,,0,0,cash_rich_noninvestor
8417,balanced,paid_search,0.0,0,,0,0,low_engagement
8418,cautious,paid_search,0.0,0,,0,0,low_engagement
8420,balanced,organic,0.0,0,,0,0,low_engagement
8422,cautious,social,0.0,0,,0,0,low_engagement
8423,cautious,organic,0.0,0,,0,0,low_engagement
8425,aggressive,social,0.0,0,,0,0,cash_rich_noninvestor
8427,cautious,bank_partner,0.0,0,,0,0,cash_rich_noninvestor
8428,aggressive,paid_search,0.0,0,,0,0,low_engagement
8429,balanced,referral,0.0,0,,0,0,low_engagement
8430,aggressive,social,0.0,0,,0,0,low_engagement
8431,aggressive,paid_search,0.0,0,,0,0,cash_rich_noninvestor
8433,aggressive,referral,0.0,0,,0,0,low_engagement
8434,cautious,social,0.0,0,,0,0,low_engagement
8435,aggressive,social,0.0,0,,0,0,low_engagement
8436,cautious,organic,0.0,0,,0,0,low_engagement
8438,balanced,referral,0.0,0,,0,0,low_engagement
8439,balanced,paid_search,0.0,0,,0,0,cash_rich_noninvestor
8440,aggressive,paid_search,0.0,0,,0,0,cash_rich_noninvestor
8441,cautious,organic,0.0,0,,0,0,cash_rich_noninvestor
8443,cautious,organic,0.0,0,,0,0,low_engagement
8444,balanced,referral,0.0,0,,0,0,low_engagement
8445,balanced,social,0.0,0,,0,0,low_engagement
8446,cautious,paid_search,0.0,0,,0,0,low_engagement
8447,balanced,social,0.0,0,,0,0,low_engagement
8448,balanced,referral,0.0,0,,0,0,low_engagement
8449,aggressive,organic,0.0,0,,0,0,low_engagement
8450,balanced,bank_partner,0.0,0,,0,0,cash_rich_noninvestor
8451,cautious,paid_search,0.0,0,,0,0,cash_rich_noninvestor
8452,cautious,referral,0.0,0,,0,0,cash_rich_noninvestor
8453,cautious,organic,0.0,0,,0,0,cash_rich_noninvestor
8454,aggressive,social,0.0,0,,0,0,low_engagement
8455,balanced,referral,0.0,0,,0,0,cash_rich_noninvestor
8456,cautious,organic,0.0,0,,0,0,low_engagement
8457,cautious,paid_search,0.0,0,,0,0,low_engagement
8458,balanced,bank_partner,0.0,0,,0,0,low_engagement
8459,cautious,bank_partner,0.0,0,,0,0,low_engagement
8460,balanced,social,0.0,0,,0,0,low_engagement
8462,balanced,bank_partner,0.0,0,,0,0,low_engagement
8463,balanced,paid_search,0.0,0,,0,0,low_engagement
8464,balanced,organic,0.0,0,,0,0,low_engagement
8465,cautious,organic,0.0,0,,0,0,low_engagement
8466,balanced,organic,0.0,0,,0,0,low_engagement
8467,cautious,paid_search,0.0,0,,0,0,low_engagement
8468,cautious,social,0.0,0,,0,0,low_engagement
8469,cautious,referral,0.0,0,,0,0,low_engagement
8470,cautious,paid_search,0.0,0,,0,0,low_engagement
8471,balanced,organic,0.0,0,,0,0,cash_rich_noninvestor
8472,cautious,social,0.0,0,,0,0,low_engagement
8473,aggressive,organic,0.0,0,,0,0,low_engagement
8474,balanced,organic,0.0,0,,0,0,low_engagement
8475,cautious,paid_search,0.0,0,,0,0,cash_rich_noninvestor
8476,cautious,organic,0.0,0,,0,0,cash_rich_noninvestor
8477,balanced,referral,0.0,0,,0,0,low_engagement
8478,cautious,bank_partner,0.0,0,,0,0,low_engagement
8480,balanced,social,0.0,0,,0,0,low_engagement
8481,cautious,bank_partner,0.0,0,,0,0,cash_rich_noninvestor
8482,cautious,social,0.0,0,,0,0,low_engagement
8483,cautious,organic,0.0,0,,0,0,cash_rich_noninvestor
8484,balanced,organic,0.0,0,,0,0,low_engagement
8485,cautious,referral,0.0,0,,0,0,low_engagement
8486,balanced,referral,0.0,0,,0,0,cash_rich_noninvestor
8487,cautious,referral,0.0,0,,0,0,low_engagement
8488,balanced,social,0.0,0,,0,0,low_engagement
8489,aggressive,bank_partner,0.0,0,,0,0,low_engagement
8490,balanced,referral,0.0,0,,0,0,low_engagement
8491,cautious,paid_search,0.0,0,,0,0,cash_rich_noninvestor
8492,cautious,bank_partner,0.0,0,,0,0,low_engagement
8493,cautious,organic,0.0,0,,0,0,low_engagement
8494,cautious,social,0.0,0,,0,0,cash_rich_noninvestor
8495,balanced,organic,0.0,0,,0,0,low_engagement
8496,aggressive,organic,0.0,0,,0,0,low_engagement
8497,balanced,organic,0.0,0,,0,0,low_engagement
8498,balanced,social,0.0,0,,0,0,low_engagement
8500,balanced,bank_partner,0.0,0,,0,0,cash_rich_noninvestor
8501,cautious,referral,0.0,0,,0,0,low_engagement
8502,cautious,bank_partner,0.0,0,,0,0,low_engagement
8503,balanced,paid_search,0.0,0,,0,0,low_engagement
8504,aggressive,organic,0.0,0,,0,0,low_engagement
8505,cautious,paid_search,0.0,0,,0,0,cash_rich_noninvestor
8506,cautious,organic,0.0,0,,0,0,low_engagement
8507,balanced,paid_search,0.0,0,,0,0,low_engagement
8508,balanced,bank_partner,0.0,0,,0,0,low_engagement
8509,aggressive,referral,0.0,0,,0,0,cash_rich_noninvestor
8510,balanced,social,0.0,0,,0,0,cash_rich_noninvestor
8511,cautious,bank_partner,0.0,0,,0,0,low_engagement
8512,balanced,organic,0.0,0,,0,0,low_engagement
8513,cautious,referral,0.0,0,,0,0,low_engagement
8514,balanced,organic,0.0,0,,0,0,low_engagement
8515,cautious,paid_search,0.0,0,,0,0,cash_rich_noninvestor
8516,balanced,bank_partner,0.0,0,,0,0,low_engagement
8517,cautious,social,0.0,0,,0,0,low_engagement
8518,balanced,paid_search,0.0,0,,0,0,low_engagement
8519,aggressive,organic,0.0,0,,0,0,low_engagement
8520,balanced,organic,0.0,0,,0,0,low_engagement
8521,cautious,referral,0.0,0,,0,0,low_engagement
8522,balanced,social,0.0,0,,0,0,low_engagement
8523,balanced,organic,0.0,0,,0,0,low_engagement
8524,balanced,organic,0.0,0,,0,0,low_engagement
8525,aggressive,social,0.0,0,,0,0,cash_rich_noninvestor
8526,cautious,organic,0.0,0,,0,0,low_engagement
8527,cautious,bank_partner,0.0,0,,0,0,low_engagement
8528,aggressive,organic,0.0,0,,0,0,low_engagement
8529,cautious,organic,0.0,0,,0,0,low_engagement
8530,balanced,paid_search,0.0,0,,0,0,cash_rich_noninvestor
8531,balanced,paid_search,0.0,0,,0,0,low_engagement
8533,balanced,paid_search,0.0,0,,0,0,low_engagement
8534,balanced,paid_search,0.0,0,,0,0,low_engagement
8535,aggressive,social,0.0,0,,0,0,low_engagement
8536,cautious,bank_partner,0.0,0,,0,0,low_engagement
8537,aggressive,social,0.0,0,,0,0,low_engagement
8540,cautious,paid_search,0.0,0,,0,0,low_engagement
8541,cautious,referral,0.0,0,,0,0,low_engagement
8542,aggressive,bank_partner,0.0,0,,0,0,low_engagement
8543,cautious,bank_partner,0.0,0,,0,0,cash_rich_noninvestor
8544,cautious,paid_search,0.0,0,,0,0,low_engagement
8545,balanced,bank_partner,0.0,0,,0,0,cash_rich_noninvestor
8548,cautious,organic,0.0,0,,0,0,low_engagement
8549,cautious,social,0.0,0,,0,0,cash_rich_noninvestor
8550,aggressive,referral,0.0,0,,0,0,low_engagement
8551,balanced,paid_search,0.0,0,,0,0,low_engagement
8552,cautious,social,0.0,0,,0,0,low_engagement
8553,cautious,paid_search,0.0,0,,0,0,low_engagement
8554,cautious,referral,0.0,0,,0,0,low_engagement
8555,balanced,referral,0.0,0,,0,0,low_engagement
8556,cautious,organic,0.0,0,,0,0,low_engagement
8557,aggressive,social,0.0,0,,0,0,cash_rich_noninvestor
8558,balanced,paid_search,0.0,0,,0,0,low_engagement
8559,balanced,organic,0.0,0,,0,0,low_engagement
8561,balanced,social,0.0,0,,0,0,low_engagement
8562,cautious,organic,0.0,0,,0,0,low_engagement
8563,cautious,paid_search,0.0,0,,0,0,low_engagement
8564,cautious,organic,0.0,0,,0,0,low_engagement
8565,balanced,bank_partner,0.0,0,,0,0,low_engagement
8566,aggressive,bank_partner,0.0,0,,0,0,low_engagement
8567,balanced,referral,0.0,0,,0,0,low_engagement
8568,cautious,organic,0.0,0,,0,0,cash_rich_noninvestor
8569,cautious,paid_search,0.0,0,,0,0,low_engagement
8570,balanced,paid_search,0.0,0,,0,0,low_engagement
8571,balanced,paid_search,0.0,0,,0,0,low_engagement
8572,balanced,organic,0.0,0,,0,0,low_engagement
8573,balanced,referral,0.0,0,,0,0,low_engagement
8574,balanced,social,0.0,0,,0,0,low_engagement
8575,aggressive,bank_partner,0.0,0,,0,0,low_engagement
8576,balanced,referral,0.0,0,,0,0,low_engagement
8577,cautious,referral,0.0,0,,0,0,low_engagement
8578,aggressive,organic,0.0,0,,0,0,low_engagement
8580,aggressive,bank_partner,0.0,0,,0,0,low_engagement
8581,cautious,paid_search,0.0,0,,0,0,low_engagement
8582,balanced,paid_search,0.0,0,,0,0,low_engagement
8583,balanced,social,0.0,0,,0,0,low_engagement
8584,aggressive,paid_search,0.0,0,,0,0,cash_rich_noninvestor
8586,cautious,organic,0.0,0,,0,0,low_engagement
8587,cautious,bank_partner,0.0,0,,0,0,low_engagement
8588,cautious,referral,0.0,0,,0,0,cash_rich_noninvestor
8589,balanced,paid_search,0.0,0,,0,0,cash_rich_noninvestor
8590,aggressive,social,0.0,0,,0,0,cash_rich_noninvestor
8591,aggressive,social,0.0,0,,0,0,low_engagement
8593,balanced,organic,0.0,0,,0,0,low_engagement
8594,cautious,social,0.0,0,,0,0,low_engagement
8595,aggressive,referral,0.0,0,,0,0,low_engagement
8596,aggressive,organic,0.0,0,,0,0,low_engagement
8597,balanced,organic,0.0,0,,0,0,low_engagement
8598,balanced,paid_search,0.0,0,,0,0,low_engagement
8599,balanced,social,0.0,0,,0,0,low_engagement
8600,balanced,referral,0.0,0,,0,0,cash_rich_noninvestor
8602,balanced,paid_search,0.0,0,,0,0,low_engagement
8603,cautious,organic,0.0,0,,0,0,low_engagement
8604,cautious,organic,0.0,0,,0,0,low_engagement
8605,aggressive,paid_search,0.0,0,,0,0,low_engagement
8606,cautious,organic,0.0,0,,0,0,cash_rich_noninvestor
8607,cautious,social,0.0,0,,0,0,cash_rich_noninvestor
8609,balanced,paid_search,0.0,0,,0,0,low_engagement
8610,cautious,referral,0.0,0,,0,0,low_engagement
8612,balanced,paid_search,0.0,0,,0,0,low_engagement
8613,balanced,paid_search,0.0,0,,0,0,low_engagement
8614,cautious,paid_search,0.0,0,,0,0,low_engagement
8615,balanced,social,0.0,0,,0,0,cash_rich_noninvestor
8616,cautious,organic,0.0,0,,0,0,low_engagement
8617,cautious,bank_partner,0.0,0,,0,0,low_engagement
8618,cautious,organic,0.0,0,,0,0,low_engagement
8619,balanced,referral,0.0,0,,0,0,cash_rich_noninvestor
8620,balanced,referral,0.0,0,,0,0,cash_rich_noninvestor
8621,cautious,referral,0.0,0,,0,0,cash_rich_noninvestor
8622,balanced,organic,0.0,0,,0,0,low_engagement
8623,cautious,referral,0.0,0,,0,0,low_engagement
8624,balanced,bank_partner,0.0,0,,0,0,low_engagement
8626,aggressive,referral,0.0,0,,0,0,low_engagement
8627,cautious,organic,0.0,0,,0,0,cash_rich_noninvestor
8628,balanced,referral,0.0,0,,0,0,cash_rich_noninvestor
8629,balanced,bank_partner,0.0,0,,0,0,low_engagement
8630,aggressive,paid_search,0.0,0,,0,0,low_engagement
8631,cautious,organic,0.0,0,,0,0,cash_rich_noninvestor
8632,balanced,social,0.0,0,,0,0,low_engagement
8633,cautious,referral,0.0,0,,0,0,low_engagement
8634,balanced,social,0.0,0,,0,0,cash_rich_noninvestor
8635,cautious,social,0.0,0,,0,0,low_engagement
8636,cautious,organic,0.0,0,,0,0,low_engagement
8637,cautious,paid_search,0.0,0,,0,0,low_engagement
8638,balanced,referral,0.0,0,,0,0,cash_rich_noninvestor
8639,cautious,organic,0.0,0,,0,0,low_engagement
8640,cautious,paid_search,0.0,0,,0,0,cash_rich_noninvestor
8641,cautious,paid_search,0.0,0,,0,0,cash_rich_noninvestor
8642,balanced,paid_search,0.0,0,,0,0,low_engagement
8643,balanced,organic,0.0,0,,0,0,cash_rich_noninvestor
8644,balanced,social,0.0,0,,0,0,low_engagement
8645,balanced,organic,0.0,0,,0,0,cash_rich_noninvestor
8647,balanced,referral,0.0,0,,0,0,low_engagement
8648,balanced,organic,0.0,0,,0,0,cash_rich_noninvestor
8649,balanced,bank_partner,0.0,0,,0,0,cash_rich_noninvestor
8650,balanced,referral,0.0,0,,0,0,cash_rich_noninvestor
8651,balanced,social,0.0,0,,0,0,low_engagement
8652,cautious,organic,0.0,0,,0,0,cash_rich_noninvestor
8653,balanced,referral,0.0,0,,0,0,low_engagement
8655,balanced,social,0.0,0,,0,0,cash_rich_noninvestor
8656,cautious,paid_search,0.0,0,,0,0,low_engagement
8657,balanced,bank_partner,0.0,0,,0,0,low_engagement
8658,cautious,paid_search,0.0,0,,0,0,low_engagement
8659,balanced,organic,0.0,0,,0,0,low_engagement
8660,balanced,referral,0.0,0,,0,0,low_engagement
8662,cautious,paid_search,0.0,0,,0,0,low_engagement
8663,aggressive,referral,0.0,0,,0,0,low_engagement
8664,balanced,referral,0.0,0,,0,0,low_engagement
8665,aggressive,referral,0.0,0,,0,0,cash_rich_noninvestor
8666,balanced,organic,0.0,0,,0,0,cash_rich_noninvestor
8667,cautious,social,0.0,0,,0,0,cash_rich_noninvestor
8668,balanced,bank_partner,0.0,0,,0,0,low_engagement
8669,aggressive,social,0.0,0,,0,0,low_engagement
8670,aggressive,social,0.0,0,,0,0,low_engagement
8672,aggressive,social,0.0,0,,0,0,low_engagement
8673,cautious,social,0.0,0,,0,0,low_engagement
8674,cautious,social,0.0,0,,0,0,low_engagement
8675,cautious,referral,0.0,0,,0,0,cash_rich_noninvestor
8676,cautious,organic,0.0,0,,0,0,cash_rich_noninvestor
8677,balanced,referral,0.0,0,,0,0,low_engagement
8679,cautious,paid_search,0.0,0,,0,0,cash_rich_noninvestor
8680,cautious,referral,0.0,0,,0,0,low_engagement
8681,balanced,organic,0.0,0,,0,0,cash_rich_noninvestor
8682,cautious,organic,0.0,0,,0,0,low_engagement
8683,cautious,organic,0.0,0,,0,0,cash_rich_noninvestor
8685,balanced,bank_partner,0.0,0,,0,0,low_engagement
8686,aggressive,bank_partner,0.0,0,,0,0,low_engagement
8687,cautious,organic,0.0,0,,0,0,cash_rich_noninvestor
8688,cautious,organic,0.0,0,,0,0,low_engagement
8690,cautious,social,0.0,0,,0,0,low_engagement
8691,balanced,paid_search,0.0,0,,0,0,low_engagement
8692,cautious,social,0.0,0,,0,0,low_engagement
8693,aggressive,organic,0.0,0,,0,0,cash_rich_noninvestor
8694,cautious,referral,0.0,0,,0,0,low_engagement
8695,aggressive,bank_partner,0.0,0,,0,0,low_engagement
8696,balanced,bank_partner,0.0,0,,0,0,low_engagement
8697,cautious,organic,0.0,0,,0,0,low_engagement
8698,balanced,referral,0.0,0,,0,0,low_engagement
8699,cautious,paid_search,0.0,0,,0,0,cash_rich_noninvestor
8700,balanced,organic,0.0,0,,0,0,low_engagement
8702,cautious,paid_search,0.0,0,,0,0,low_engagement
8703,balanced,organic,0.0,0,,0,0,low_engagement
8704,cautious,organic,0.0,0,,0,0,low_engagement
8705,cautious,referral,0.0,0,,0,0,low_engagement
8707,cautious,organic,0.0,0,,0,0,low_engagement
8708,balanced,social,0.0,0,,0,0,low_engagement
8709,balanced,paid_search,0.0,0,,0,0,low_engagement
8711,balanced,paid_search,0.0,0,,0,0,low_engagement
8712,aggressive,paid_search,0.0,0,,0,0,low_engagement
8713,balanced,organic,0.0,0,,0,0,cash_rich_noninvestor
8714,aggressive,organic,0.0,0,,0,0,cash_rich_noninvestor
8716,aggressive,paid_search,0.0,0,,0,0,cash_rich_noninvestor
8717,cautious,paid_search,0.0,0,,0,0,cash_rich_noninvestor
8718,cautious,social,0.0,0,,0,0,low_engagement
8719,cautious,paid_search,0.0,0,,0,0,cash_rich_noninvestor
8720,balanced,social,0.0,0,,0,0,cash_rich_noninvestor
8721,aggressive,social,0.0,0,,0,0,low_engagement
8722,balanced,referral,0.0,0,,0,0,low_engagement
8723,cautious,bank_partner,0.0,0,,0,0,low_engagement
8726,cautious,social,0.0,0,,0,0,low_engagement
8728,cautious,organic,0.0,0,,0,0,cash_rich_noninvestor
8729,cautious,referral,0.0,0,,0,0,low_engagement
8731,balanced,referral,0.0,0,,0,0,low_engagement
8732,balanced,social,0.0,0,,0,0,cash_rich_noninvestor
8734,balanced,bank_partner,0.0,0,,0,0,low_engagement
8736,aggressive,referral,0.0,0,,0,0,low_engagement
8737,cautious,paid_search,0.0,0,,0,0,low_engagement
8740,cautious,paid_search,0.0,0,,0,0,low_engagement
8741,balanced,social,0.0,0,,0,0,low_engagement
8742,balanced,paid_search,0.0,0,,0,0,cash_rich_noninvestor
8743,balanced,social,0.0,0,,0,0,low_engagement
8744,balanced,paid_search,0.0,0,,0,0,low_engagement
8745,cautious,paid_search,0.0,0,,0,0,low_engagement
8746,cautious,referral,0.0,0,,0,0,low_engagement
8747,balanced,referral,0.0,0,,0,0,low_engagement
8748,cautious,organic,0.0,0,,0,0,low_engagement
8749,cautious,organic,0.0,0,,0,0,low_engagement
8751,aggressive,referral,0.0,0,,0,0,cash_rich_noninvestor
8752,cautious,social,0.0,0,,0,0,cash_rich_noninvestor
8753,cautious,organic,0.0,0,,0,0,low_engagement
8754,cautious,bank_partner,0.0,0,,0,0,low_engagement
8755,cautious,referral,0.0,0,,0,0,low_engagement
8756,aggressive,bank_partner,0.0,0,,0,0,cash_rich_noninvestor
8757,cautious,paid_search,0.0,0,,0,0,low_engagement
8758,cautious,paid_search,0.0,0,,0,0,low_engagement
8759,cautious,social,0.0,0,,0,0,low_engagement
8760,aggressive,social,0.0,0,,0,0,low_engagement
8761,cautious,social,0.0,0,,0,0,low_engagement
8762,cautious,social,0.0,0,,0,0,low_engagement
8763,balanced,paid_search,0.0,0,,0,0,low_engagement
8764,cautious,bank_partner,0.0,0,,0,0,cash_rich_noninvestor
8766,cautious,social,0.0,0,,0,0,cash_rich_noninvestor
8768,cautious,organic,0.0,0,,0,0,low_engagement
8769,balanced,referral,0.0,0,,0,0,cash_rich_noninvestor
8770,balanced,organic,0.0,0,,0,0,cash_rich_noninvestor
8771,cautious,social,0.0,0,,0,0,low_engagement
8772,balanced,paid_search,0.0,0,,0,0,low_engagement
8773,cautious,bank_partner,0.0,0,,0,0,low_engagement
8774,cautious,paid_search,0.0,0,,0,0,cash_rich_noninvestor
8775,aggressive,social,0.0,0,,0,0,low_engagement
8776,cautious,organic,0.0,0,,0,0,low_engagement
8777,aggressive,referral,0.0,0,,0,0,cash_rich_noninvestor
8778,cautious,referral,0.0,0,,0,0,low_engagement
8779,cautious,referral,0.0,0,,0,0,low_engagement
8780,aggressive,paid_search,0.0,0,,0,0,low_engagement
8781,cautious,referral,0.0,0,,0,0,low_engagement
8782,balanced,paid_search,0.0,0,,0,0,low_engagement
8783,balanced,bank_partner,0.0,0,,0,0,low_engagement
8784,balanced,organic,0.0,0,,0,0,low_engagement
8785,aggressive,social,0.0,0,,0,0,cash_rich_noninvestor
8786,balanced,organic,0.0,0,,0,0,low_engagement
8787,balanced,paid_search,0.0,0,,0,0,cash_rich_noninvestor
8788,balanced,paid_search,0.0,0,,0,0,cash_rich_noninvestor
8789,aggressive,referral,0.0,0,,0,0,cash_rich_noninvestor
8790,cautious,bank_partner,0.0,0,,0,0,cash_rich_noninvestor
8791,aggressive,referral,0.0,0,,0,0,low_engagement
8792,cautious,organic,0.0,0,,0,0,low_engagement
8793,aggressive,social,0.0,0,,0,0,low_engagement
8794,balanced,paid_search,0.0,0,,0,0,low_engagement
8795,aggressive,paid_search,0.0,0,,0,0,low_engagement
8796,cautious,paid_search,0.0,0,,0,0,low_engagement
8797,balanced,referral,0.0,0,,0,0,low_engagement
8798,cautious,paid_search,0.0,0,,0,0,cash_rich_noninvestor
8799,cautious,referral,0.0,0,,0,0,low_engagement
8800,balanced,organic,0.0,0,,0,0,low_engagement
8801,cautious,referral,0.0,0,,0,0,low_engagement
8802,balanced,social,0.0,0,,0,0,low_engagement
8803,cautious,social,0.0,0,,0,0,cash_rich_noninvestor
8804,cautious,social,0.0,0,,0,0,low_engagement
8805,aggressive,referral,0.0,0,,0,0,low_engagement
8806,balanced,paid_search,0.0,0,,0,0,low_engagement
8807,cautious,bank_partner,0.0,0,,0,0,cash_rich_noninvestor
8808,balanced,organic,0.0,0,,0,0,cash_rich_noninvestor
8809,cautious,organic,0.0,0,,0,0,low_engagement
8811,balanced,organic,0.0,0,,0,0,cash_rich_noninvestor
8812,cautious,paid_search,0.0,0,,0,0,low_engagement
8813,balanced,paid_search,0.0,0,,0,0,low_engagement
8814,balanced,social,0.0,0,,0,0,low_engagement
8815,balanced,organic,0.0,0,,0,0,low_engagement
8816,cautious,paid_search,0.0,0,,0,0,low_engagement
8817,balanced,social,0.0,0,,0,0,low_engagement
8819,aggressive,bank_partner,0.0,0,,0,0,low_engagement
8820,balanced,organic,0.0,0,,0,0,cash_rich_noninvestor
8821,cautious,organic,0.0,0,,0,0,cash_rich_noninvestor
8822,cautious,paid_search,0.0,0,,0,0,low_engagement
8823,aggressive,organic,0.0,0,,0,0,low_engagement
8825,aggressive,referral,0.0,0,,0,0,low_engagement
8826,balanced,organic,0.0,0,,0,0,low_engagement
8827,balanced,organic,0.0,0,,0,0,low_engagement
8828,balanced,bank_partner,0.0,0,,0,0,low_engagement
8829,cautious,paid_search,0.0,0,,0,0,low_engagement
8830,cautious,bank_partner,0.0,0,,0,0,low_engagement
8831,aggressive,paid_search,0.0,0,,0,0,low_engagement
8832,balanced,bank_partner,0.0,0,,0,0,low_engagement
8834,cautious,organic,0.0,0,,0,0,low_engagement
8835,balanced,organic,0.0,0,,0,0,low_engagement
8836,aggressive,organic,0.0,0,,0,0,low_engagement
8837,cautious,bank_partner,0.0,0,,0,0,low_engagement
8838,cautious,organic,0.0,0,,0,0,cash_rich_noninvestor
8839,balanced,bank_partner,0.0,0,,0,0,low_engagement
8840,aggressive,referral,0.0,0,,0,0,low_engagement
8841,cautious,referral,0.0,0,,0,0,low_engagement
8842,aggressive,paid_search,0.0,0,,0,0,low_engagement
8843,cautious,referral,0.0,0,,0,0,cash_rich_noninvestor
8845,balanced,social,0.0,0,,0,0,low_engagement
8846,balanced,social,0.0,0,,0,0,low_engagement
8847,cautious,organic,0.0,0,,0,0,low_engagement
8848,balanced,paid_search,0.0,0,,0,0,low_engagement
8849,cautious,referral,0.0,0,,0,0,low_engagement
8850,cautious,social,0.0,0,,0,0,cash_rich_noninvestor
8851,balanced,organic,0.0,0,,0,0,low_engagement
8852,balanced,bank_partner,0.0,0,,0,0,low_engagement
8853,aggressive,referral,0.0,0,,0,0,low_engagement
8854,aggressive,social,0.0,0,,0,0,low_engagement
8855,balanced,paid_search,0.0,0,,0,0,low_engagement
8856,cautious,bank_partner,0.0,0,,0,0,cash_rich_noninvestor
8857,cautious,organic,0.0,0,,0,0,low_engagement
8858,balanced,referral,0.0,0,,0,0,low_engagement
8859,cautious,social,0.0,0,,0,0,cash_rich_noninvestor
8860,cautious,paid_search,0.0,0,,0,0,low_engagement
8861,cautious,social,0.0,0,,0,0,cash_rich_noninvestor
8862,cautious,social,0.0,0,,0,0,low_engagement
8863,cautious,referral,0.0,0,,0,0,cash_rich_noninvestor
8864,cautious,referral,0.0,0,,0,0,low_engagement
8866,balanced,social,0.0,0,,0,0,low_engagement
8867,cautious,paid_search,0.0,0,,0,0,low_engagement
8868,balanced,referral,0.0,0,,0,0,low_engagement
8869,balanced,referral,0.0,0,,0,0,cash_rich_noninvestor
8870,cautious,referral,0.0,0,,0,0,low_engagement
8871,cautious,paid_search,0.0,0,,0,0,low_engagement
8872,cautious,bank_partner,0.0,0,,0,0,low_engagement
8873,cautious,organic,0.0,0,,0,0,low_engagement
8874,aggressive,social,0.0,0,,0,0,low_engagement
8875,balanced,paid_search,0.0,0,,0,0,low_engagement
8876,cautious,organic,0.0,0,,0,0,low_engagement
8877,aggressive,organic,0.0,0,,0,0,cash_rich_noninvestor
8878,balanced,paid_search,0.0,0,,0,0,low_engagement
8880,balanced,paid_search,0.0,0,,0,0,low_engagement
8881,balanced,paid_search,0.0,0,,0,0,low_engagement
8882,balanced,referral,0.0,0,,0,0,low_engagement
8884,aggressive,organic,0.0,0,,0,0,low_engagement
8885,balanced,organic,0.0,0,,0,0,cash_rich_noninvestor
8886,balanced,paid_search,0.0,0,,0,0,low_engagement
8887,cautious,referral,0.0,0,,0,0,low_engagement
8889,cautious,organic,0.0,0,,0,0,low_engagement
8890,cautious,bank_partner,0.0,0,,0,0,low_engagement
8891,cautious,paid_search,0.0,0,,0,0,low_engagement
8892,cautious,social,0.0,0,,0,0,low_engagement
8893,aggressive,social,0.0,0,,0,0,cash_rich_noninvestor
8894,cautious,referral,0.0,0,,0,0,cash_rich_noninvestor
8895,cautious,organic,0.0,0,,0,0,low_engagement
8896,cautious,organic,0.0,0,,0,0,low_engagement
8897,balanced,referral,0.0,0,,0,0,cash_rich_noninvestor
8898,balanced,paid_search,0.0,0,,0,0,low_engagement
8899,aggressive,paid_search,0.0,0,,0,0,low_engagement
8900,aggressive,organic,0.0,0,,0,0,low_engagement
8901,balanced,organic,0.0,0,,0,0,low_engagement
8904,balanced,social,0.0,0,,0,0,low_engagement
8905,balanced,organic,0.0,0,,0,0,cash_rich_noninvestor
8906,balanced,paid_search,0.0,0,,0,0,cash_rich_noninvestor
8907,cautious,bank_partner,0.0,0,,0,0,low_engagement
8908,cautious,referral,0.0,0,,0,0,low_engagement
8909,cautious,bank_partner,0.0,0,,0,0,low_engagement
8910,cautious,referral,0.0,0,,0,0,low_engagement
8911,aggressive,paid_search,0.0,0,,0,0,low_engagement
8912,balanced,social,0.0,0,,0,0,low_engagement
8914,cautious,organic,0.0,0,,0,0,low_engagement
8917,aggressive,bank_partner,0.0,0,,0,0,cash_rich_noninvestor
8918,balanced,paid_search,0.0,0,,0,0,low_engagement
8919,cautious,social,0.0,0,,0,0,low_engagement
8920,cautious,bank_partner,0.0,0,,0,0,low_engagement
8921,aggressive,paid_search,0.0,0,,0,0,cash_rich_noninvestor
8922,cautious,bank_partner,0.0,0,,0,0,cash_rich_noninvestor
8923,cautious,bank_partner,0.0,0,,0,0,low_engagement
8924,balanced,referral,0.0,0,,0,0,low_engagement
8925,cautious,social,0.0,0,,0,0,low_engagement
8926,cautious,organic,0.0,0,,0,0,low_engagement
8927,cautious,social,0.0,0,,0,0,cash_rich_noninvestor
8928,balanced,referral,0.0,0,,0,0,cash_rich_noninvestor
8929,aggressive,bank_partner,0.0,0,,0,0,low_engagement
8930,balanced,paid_search,0.0,0,,0,0,cash_rich_noninvestor
8931,aggressive,referral,0.0,0,,0,0,low_engagement
8932,balanced,bank_partner,0.0,0,,0,0,low_engagement
8933,balanced,referral,0.0,0,,0,0,low_engagement
8934,balanced,organic,0.0,0,,0,0,low_engagement
8935,balanced,organic,0.0,0,,0,0,low_engagement
8936,cautious,social,0.0,0,,0,0,low_engagement
8937,cautious,organic,0.0,0,,0,0,low_engagement
8938,aggressive,paid_search,0.0,0,,0,0,cash_rich_noninvestor
8939,balanced,social,0.0,0,,0,0,low_engagement
8940,balanced,organic,0.0,0,,0,0,low_engagement
8941,aggressive,organic,0.0,0,,0,0,low_engagement
8942,balanced,organic,0.0,0,,0,0,cash_rich_noninvestor
8943,balanced,organic,0.0,0,,0,0,low_engagement
8944,cautious,organic,0.0,0,,0,0,low_engagement
8945,cautious,referral,0.0,0,,0,0,cash_rich_noninvestor
8946,aggressive,organic,0.0,0,,0,0,low_engagement
8947,cautious,social,0.0,0,,0,0,low_engagement
8948,balanced,social,0.0,0,,0,0,cash_rich_noninvestor
8949,balanced,organic,0.0,0,,0,0,low_engagement
8951,cautious,organic,0.0,0,,0,0,low_engagement
8952,cautious,paid_search,0.0,0,,0,0,low_engagement
8953,balanced,paid_search,0.0,0,,0,0,low_engagement
8954,aggressive,social,0.0,0,,0,0,low_engagement
8955,balanced,social,0.0,0,,0,0,low_engagement
8956,balanced,paid_search,0.0,0,,0,0,cash_rich_noninvestor
8957,balanced,bank_partner,0.0,0,,0,0,low_engagement
8958,cautious,organic,0.0,0,,0,0,low_engagement
8959,cautious,social,0.0,0,,0,0,low_engagement
8960,balanced,referral,0.0,0,,0,0,cash_rich_noninvestor
8961,cautious,bank_partner,0.0,0,,0,0,low_engagement
8962,balanced,referral,0.0,0,,0,0,low_engagement
8963,balanced,organic,0.0,0,,0,0,low_engagement
8964,balanced,social,0.0,0,,0,0,low_engagement
8965,balanced,social,0.0,0,,0,0,low_engagement
8966,balanced,bank_partner,0.0,0,,0,0,low_engagement
8967,balanced,organic,0.0,0,,0,0,low_engagement
8968,aggressive,organic,0.0,0,,0,0,low_engagement
8969,aggressive,organic,0.0,0,,0,0,cash_rich_noninvestor
8970,cautious,referral,0.0,0,,0,0,low_engagement
8972,balanced,organic,0.0,0,,0,0,cash_rich_noninvestor
8973,cautious,paid_search,0.0,0,,0,0,low_engagement
8974,balanced,social,0.0,0,,0,0,low_engagement
8975,aggressive,social,0.0,0,,0,0,low_engagement
8976,balanced,paid_search,0.0,0,,0,0,low_engagement
8977,cautious,bank_partner,0.0,0,,0,0,cash_rich_noninvestor
8978,balanced,referral,0.0,0,,0,0,low_engagement
8979,balanced,referral,0.0,0,,0,0,low_engagement
8980,cautious,organic,0.0,0,,0,0,cash_rich_noninvestor
8981,cautious,social,0.0,0,,0,0,low_engagement
8982,balanced,organic,0.0,0,,0,0,low_engagement
8983,cautious,social,0.0,0,,0,0,cash_rich_noninvestor
8984,balanced,organic,0.0,0,,0,0,low_engagement
8985,cautious,referral,0.0,0,,0,0,cash_rich_noninvestor
8986,balanced,paid_search,0.0,0,,0,0,cash_rich_noninvestor
8987,balanced,bank_partner,0.0,0,,0,0,low_engagement
8988,cautious,paid_search,0.0,0,,0,0,low_engagement
8991,aggressive,referral,0.0,0,,0,0,low_engagement
8992,aggressive,organic,0.0,0,,0,0,cash_rich_noninvestor
8993,aggressive,organic,0.0,0,,0,0,low_engagement
8994,cautious,bank_partner,0.0,0,,0,0,low_engagement
8995,aggressive,referral,0.0,0,,0,0,low_engagement
8996,balanced,organic,0.0,0,,0,0,low_engagement
8997,balanced,social,0.0,0,,0,0,low_engagement
8998,aggressive,referral,0.0,0,,0,0,cash_rich_noninvestor
8999,balanced,paid_search,0.0,0,,0,0,cash_rich_noninvestor
9000,cautious,organic,0.0,0,,0,0,low_engagement
9002,balanced,organic,0.0,0,,0,0,cash_rich_noninvestor
9004,balanced,paid_search,0.0,0,,0,0,low_engagement
9005,balanced,organic,0.0,0,,0,0,low_engagement
9007,aggressive,organic,0.0,0,,0,0,low_engagement
9008,cautious,paid_search,0.0,0,,0,0,low_engagement
9009,cautious,organic,0.0,0,,0,0,low_engagement
9010,balanced,social,0.0,0,,0,0,low_engagement
9011,cautious,referral,0.0,0,,0,0,low_engagement
9012,aggressive,social,0.0,0,,0,0,low_engagement
9013,cautious,organic,0.0,0,,0,0,low_engagement
9014,balanced,organic,0.0,0,,0,0,low_engagement
9015,balanced,organic,0.0,0,,0,0,cash_rich_noninvestor
9016,cautious,social,0.0,0,,0,0,cash_rich_noninvestor
9017,cautious,social,0.0,0,,0,0,low_engagement
9018,balanced,organic,0.0,0,,0,0,low_engagement
9019,aggressive,paid_search,0.0,0,,0,0,low_engagement
9021,aggressive,organic,0.0,0,,0,0,low_engagement
9022,aggressive,referral,0.0,0,,0,0,low_engagement
9023,aggressive,organic,0.0,0,,0,0,low_engagement
9024,balanced,social,0.0,0,,0,0,low_engagement
9025,cautious,paid_search,0.0,0,,0,0,low_engagement
9026,balanced,paid_search,0.0,0,,0,0,low_engagement
9027,cautious,paid_search,0.0,0,,0,0,low_engagement
9028,cautious,paid_search,0.0,0,,0,0,low_engagement
9029,balanced,organic,0.0,0,,0,0,low_engagement
9030,cautious,paid_search,0.0,0,,0,0,low_engagement
9031,balanced,organic,0.0,0,,0,0,cash_rich_noninvestor
9032,balanced,social,0.0,0,,0,0,cash_rich_noninvestor
9033,balanced,bank_partner,0.0,0,,0,0,cash_rich_noninvestor
9034,cautious,paid_search,0.0,0,,0,0,low_engagement
9036,cautious,organic,0.0,0,,0,0,low_engagement
9037,balanced,social,0.0,0,,0,0,low_engagement
9038,balanced,organic,0.0,0,,0,0,low_engagement
9039,balanced,paid_search,0.0,0,,0,0,low_engagement
9040,cautious,social,0.0,0,,0,0,low_engagement
9041,cautious,organic,0.0,0,,0,0,low_engagement
9042,aggressive,social,0.0,0,,0,0,cash_rich_noninvestor
9043,balanced,bank_partner,0.0,0,,0,0,low_engagement
9045,cautious,referral,0.0,0,,0,0,cash_rich_noninvestor
9046,balanced,organic,0.0,0,,0,0,low_engagement
9047,cautious,organic,0.0,0,,0,0,low_engagement
9048,balanced,bank_partner,0.0,0,,0,0,low_engagement
9049,cautious,paid_search,0.0,0,,0,0,cash_rich_noninvestor
9050,cautious,referral,0.0,0,,0,0,low_engagement
9051,balanced,social,0.0,0,,0,0,cash_rich_noninvestor
9054,balanced,organic,0.0,0,,0,0,low_engagement
9055,cautious,social,0.0,0,,0,0,cash_rich_noninvestor
9056,balanced,paid_search,0.0,0,,0,0,low_engagement
9057,balanced,referral,0.0,0,,0,0,low_engagement
9058,balanced,paid_search,0.0,0,,0,0,low_engagement
9059,balanced,bank_partner,0.0,0,,0,0,low_engagement
9060,aggressive,bank_partner,0.0,0,,0,0,low_engagement
9061,cautious,referral,0.0,0,,0,0,cash_rich_noninvestor
9062,balanced,paid_search,0.0,0,,0,0,low_engagement
9063,balanced,organic,0.0,0,,0,0,low_engagement
9064,balanced,bank_partner,0.0,0,,0,0,low_engagement
9065,aggressive,referral,0.0,0,,0,0,low_engagement
9066,cautious,referral,0.0,0,,0,0,low_engagement
9067,balanced,bank_partner,0.0,0,,0,0,cash_rich_noninvestor
9071,balanced,paid_search,0.0,0,,0,0,low_engagement
9072,aggressive,paid_search,0.0,0,,0,0,cash_rich_noninvestor
9073,cautious,organic,0.0,0,,0,0,low_engagement
9075,cautious,bank_partner,0.0,0,,0,0,low_engagement
9076,balanced,paid_search,0.0,0,,0,0,low_engagement
9077,balanced,organic,0.0,0,,0,0,low_engagement
9080,balanced,social,0.0,0,,0,0,low_engagement
9081,cautious,organic,0.0,0,,0,0,cash_rich_noninvestor
9082,balanced,organic,0.0,0,,0,0,low_engagement
9083,cautious,organic,0.0,0,,0,0,low_engagement
9084,balanced,organic,0.0,0,,0,0,low_engagement
9086,cautious,paid_search,0.0,0,,0,0,low_engagement
9087,cautious,paid_search,0.0,0,,0,0,low_engagement
9088,cautious,paid_search,0.0,0,,0,0,low_engagement
9090,aggressive,social,0.0,0,,0,0,low_engagement
9091,aggressive,referral,0.0,0,,0,0,low_engagement
9093,cautious,referral,0.0,0,,0,0,low_engagement
9094,cautious,paid_search,0.0,0,,0,0,low_engagement
9096,balanced,organic,0.0,0,,0,0,cash_rich_noninvestor
9097,aggressive,organic,0.0,0,,0,0,low_engagement
9098,cautious,bank_partner,0.0,0,,0,0,low_engagement
9099,aggressive,paid_search,0.0,0,,0,0,low_engagement
9100,cautious,bank_partner,0.0,0,,0,0,low_engagement
9101,cautious,organic,0.0,0,,0,0,low_engagement
9102,balanced,organic,0.0,0,,0,0,cash_rich_noninvestor
9103,aggressive,bank_partner,0.0,0,,0,0,low_engagement
9104,cautious,organic,0.0,0,,0,0,low_engagement
9105,aggressive,referral,0.0,0,,0,0,cash_rich_noninvestor
9106,cautious,social,0.0,0,,0,0,low_engagement
9107,balanced,social,0.0,0,,0,0,low_engagement
9108,balanced,paid_search,0.0,0,,0,0,low_engagement
9109,cautious,social,0.0,0,,0,0,low_engagement
9110,balanced,referral,0.0,0,,0,0,low_engagement
9111,balanced,social,0.0,0,,0,0,low_engagement
9112,cautious,social,0.0,0,,0,0,low_engagement
9113,balanced,paid_search,0.0,0,,0,0,low_engagement
9115,cautious,referral,0.0,0,,0,0,low_engagement
9116,balanced,paid_search,0.0,0,,0,0,low_engagement
9117,cautious,paid_search,0.0,0,,0,0,low_engagement
9118,balanced,referral,0.0,0,,0,0,low_engagement
9120,cautious,organic,0.0,0,,0,0,low_engagement
9121,aggressive,social,0.0,0,,0,0,low_engagement
9122,cautious,organic,0.0,0,,0,0,low_engagement
9123,balanced,social,0.0,0,,0,0,low_engagement
9124,balanced,organic,0.0,0,,0,0,low_engagement
9125,aggressive,social,0.0,0,,0,0,low_engagement
9126,aggressive,organic,0.0,0,,0,0,low_engagement
9127,balanced,referral,0.0,0,,0,0,cash_rich_noninvestor
9128,balanced,social,0.0,0,,0,0,low_engagement
9129,aggressive,paid_search,0.0,0,,0,0,cash_rich_noninvestor
9130,cautious,paid_search,0.0,0,,0,0,low_engagement
9131,cautious,paid_search,0.0,0,,0,0,low_engagement
9132,balanced,paid_search,0.0,0,,0,0,low_engagement
9133,balanced,referral,0.0,0,,0,0,low_engagement
9135,balanced,paid_search,0.0,0,,0,0,cash_rich_noninvestor
9136,cautious,social,0.0,0,,0,0,low_engagement
9138,balanced,referral,0.0,0,,0,0,low_engagement
9140,aggressive,social,0.0,0,,0,0,cash_rich_noninvestor
9141,aggressive,organic,0.0,0,,0,0,low_engagement
9142,cautious,organic,0.0,0,,0,0,low_engagement
9143,aggressive,social,0.0,0,,0,0,cash_rich_noninvestor
9144,cautious,bank_partner,0.0,0,,0,0,low_engagement
9145,cautious,paid_search,0.0,0,,0,0,low_engagement
9146,cautious,organic,0.0,0,,0,0,low_engagement
9147,cautious,organic,0.0,0,,0,0,low_engagement
9148,cautious,bank_partner,0.0,0,,0,0,low_engagement
9149,balanced,paid_search,0.0,0,,0,0,low_engagement
9150,balanced,paid_search,0.0,0,,0,0,low_engagement
9151,balanced,organic,0.0,0,,0,0,low_engagement
9153,cautious,organic,0.0,0,,0,0,low_engagement
9154,balanced,organic,0.0,0,,0,0,low_engagement
9155,balanced,paid_search,0.0,0,,0,0,low_engagement
9156,balanced,paid_search,0.0,0,,0,0,low_engagement
9157,balanced,organic,0.0,0,,0,0,cash_rich_noninvestor
9158,cautious,referral,0.0,0,,0,0,low_engagement
9159,aggressive,social,0.0,0,,0,0,low_engagement
9160,cautious,organic,0.0,0,,0,0,cash_rich_noninvestor
9161,balanced,referral,0.0,0,,0,0,low_engagement
9162,balanced,social,0.0,0,,0,0,low_engagement
9163,balanced,paid_search,0.0,0,,0,0,low_engagement
9164,aggressive,paid_search,0.0,0,,0,0,low_engagement
9165,cautious,social,0.0,0,,0,0,low_engagement
9166,balanced,referral,0.0,0,,0,0,low_engagement
9167,cautious,paid_search,0.0,0,,0,0,low_engagement
9168,aggressive,organic,0.0,0,,0,0,low_engagement
9169,cautious,organic,0.0,0,,0,0,low_engagement
9170,balanced,social,0.0,0,,0,0,low_engagement
9171,cautious,bank_partner,0.0,0,,0,0,low_engagement
9172,cautious,organic,0.0,0,,0,0,low_engagement
9173,aggressive,social,0.0,0,,0,0,low_engagement
9174,cautious,bank_partner,0.0,0,,0,0,cash_rich_noninvestor
9176,balanced,referral,0.0,0,,0,0,low_engagement
9177,cautious,paid_search,0.0,0,,0,0,low_engagement
9178,cautious,paid_search,0.0,0,,0,0,low_engagement
9181,aggressive,paid_search,0.0,0,,0,0,low_engagement
9182,aggressive,social,0.0,0,,0,0,low_engagement
9183,aggressive,paid_search,0.0,0,,0,0,cash_rich_noninvestor
9184,balanced,referral,0.0,0,,0,0,cash_rich_noninvestor
9185,cautious,paid_search,0.0,0,,0,0,low_engagement
9186,cautious,referral,0.0,0,,0,0,low_engagement
9188,balanced,organic,0.0,0,,0,0,low_engagement
9189,cautious,social,0.0,0,,0,0,low_engagement
9191,balanced,paid_search,0.0,0,,0,0,low_engagement
9192,cautious,organic,0.0,0,,0,0,low_engagement
9193,balanced,referral,0.0,0,,0,0,low_engagement
9194,cautious,organic,0.0,0,,0,0,low_engagement
9195,balanced,social,0.0,0,,0,0,low_engagement
9196,cautious,paid_search,0.0,0,,0,0,low_engagement
9197,cautious,bank_partner,0.0,0,,0,0,low_engagement
9198,aggressive,organic,0.0,0,,0,0,low_engagement
9199,aggressive,social,0.0,0,,0,0,low_engagement
9200,cautious,paid_search,0.0,0,,0,0,cash_rich_noninvestor
9201,cautious,organic,0.0,0,,0,0,low_engagement
9202,cautious,referral,0.0,0,,0,0,low_engagement
9203,cautious,bank_partner,0.0,0,,0,0,cash_rich_noninvestor
9204,balanced,paid_search,0.0,0,,0,0,low_engagement
9205,aggressive,social,0.0,0,,0,0,cash_rich_noninvestor
9206,cautious,referral,0.0,0,,0,0,cash_rich_noninvestor
9207,balanced,organic,0.0,0,,0,0,low_engagement
9208,balanced,paid_search,0.0,0,,0,0,cash_rich_noninvestor
9209,balanced,organic,0.0,0,,0,0,low_engagement
9210,cautious,social,0.0,0,,0,0,low_engagement
9211,cautious,referral,0.0,0,,0,0,low_engagement
9213,cautious,social,0.0,0,,0,0,cash_rich_noninvestor
9214,aggressive,organic,0.0,0,,0,0,low_engagement
9215,balanced,social,0.0,0,,0,0,low_engagement
9216,cautious,bank_partner,0.0,0,,0,0,low_engagement
9217,cautious,organic,0.0,0,,0,0,low_engagement
9218,aggressive,organic,0.0,0,,0,0,cash_rich_noninvestor
9219,cautious,organic,0.0,0,,0,0,low_engagement
9220,cautious,paid_search,0.0,0,,0,0,low_engagement
9222,balanced,social,0.0,0,,0,0,low_engagement
9223,cautious,social,0.0,0,,0,0,cash_rich_noninvestor
9226,balanced,paid_search,0.0,0,,0,0,low_engagement
9227,balanced,paid_search,0.0,0,,0,0,low_engagement
9228,balanced,bank_partner,0.0,0,,0,0,low_engagement
9229,cautious,organic,0.0,0,,0,0,low_engagement
9230,cautious,organic,0.0,0,,0,0,low_engagement
9231,cautious,organic,0.0,0,,0,0,low_engagement
9232,balanced,paid_search,0.0,0,,0,0,low_engagement
9233,balanced,paid_search,0.0,0,,0,0,low_engagement
9234,balanced,referral,0.0,0,,0,0,low_engagement
9235,balanced,social,0.0,0,,0,0,low_engagement
9236,cautious,organic,0.0,0,,0,0,low_engagement
9237,aggressive,organic,0.0,0,,0,0,low_engagement
9238,balanced,social,0.0,0,,0,0,cash_rich_noninvestor
9239,cautious,paid_search,0.0,0,,0,0,low_engagement
9240,cautious,referral,0.0,0,,0,0,low_engagement
9241,balanced,paid_search,0.0,0,,0,0,low_engagement
9242,balanced,social,0.0,0,,0,0,low_engagement
9243,balanced,paid_search,0.0,0,,0,0,cash_rich_noninvestor
9245,cautious,organic,0.0,0,,0,0,low_engagement
9246,aggressive,referral,0.0,0,,0,0,low_engagement
9247,balanced,bank_partner,0.0,0,,0,0,low_engagement
9248,cautious,organic,0.0,0,,0,0,low_engagement
9250,balanced,organic,0.0,0,,0,0,low_engagement
9253,aggressive,social,0.0,0,,0,0,low_engagement
9254,cautious,paid_search,0.0,0,,0,0,low_engagement
9255,cautious,paid_search,0.0,0,,0,0,low_engagement
9257,aggressive,social,0.0,0,,0,0,low_engagement
9258,cautious,paid_search,0.0,0,,0,0,low_engagement
9259,cautious,referral,0.0,0,,0,0,low_engagement
9260,aggressive,bank_partner,0.0,0,,0,0,low_engagement
9261,cautious,organic,0.0,0,,0,0,low_engagement
9262,balanced,organic,0.0,0,,0,0,low_engagement
9263,cautious,organic,0.0,0,,0,0,low_engagement
9264,balanced,paid_search,0.0,0,,0,0,cash_rich_noninvestor
9265,aggressive,referral,0.0,0,,0,0,low_engagement
9266,cautious,paid_search,0.0,0,,0,0,low_engagement
9267,balanced,paid_search,0.0,0,,0,0,low_engagement
9268,cautious,paid_search,0.0,0,,0,0,low_engagement
9269,cautious,organic,0.0,0,,0,0,low_engagement
9270,aggressive,paid_search,0.0,0,,0,0,low_engagement
9272,aggressive,social,0.0,0,,0,0,low_engagement
9274,balanced,organic,0.0,0,,0,0,low_engagement
9275,cautious,paid_search,0.0,0,,0,0,cash_rich_noninvestor
9276,balanced,referral,0.0,0,,0,0,low_engagement
9277,balanced,bank_partner,0.0,0,,0,0,low_engagement
9278,balanced,social,0.0,0,,0,0,cash_rich_noninvestor
9279,cautious,organic,0.0,0,,0,0,low_engagement
9280,cautious,organic,0.0,0,,0,0,low_engagement
9281,cautious,bank_partner,0.0,0,,0,0,low_engagement
9282,cautious,bank_partner,0.0,0,,0,0,cash_rich_noninvestor
9283,balanced,referral,0.0,0,,0,0,low_engagement
9284,balanced,referral,0.0,0,,0,0,low_engagement
9285,cautious,organic,0.0,0,,0,0,low_engagement
9286,aggressive,social,0.0,0,,0,0,low_engagement
9287,cautious,organic,0.0,0,,0,0,low_engagement
9288,cautious,organic,0.0,0,,0,0,low_engagement
9289,cautious,social,0.0,0,,0,0,cash_rich_noninvestor
9290,cautious,organic,0.0,0,,0,0,low_engagement
9291,cautious,organic,0.0,0,,0,0,cash_rich_noninvestor
9292,aggressive,social,0.0,0,,0,0,low_engagement
9293,cautious,social,0.0,0,,0,0,low_engagement
9294,balanced,social,0.0,0,,0,0,low_engagement
9295,cautious,bank_partner,0.0,0,,0,0,low_engagement
9296,balanced,paid_search,0.0,0,,0,0,cash_rich_noninvestor
9298,balanced,organic,0.0,0,,0,0,low_engagement
9299,aggressive,paid_search,0.0,0,,0,0,cash_rich_noninvestor
9300,balanced,organic,0.0,0,,0,0,low_engagement
9301,balanced,paid_search,0.0,0,,0,0,low_engagement
9302,balanced,bank_partner,0.0,0,,0,0,low_engagement
9303,cautious,referral,0.0,0,,0,0,low_engagement
9304,balanced,referral,0.0,0,,0,0,low_engagement
9305,balanced,paid_search,0.0,0,,0,0,low_engagement
9306,balanced,paid_search,0.0,0,,0,0,low_engagement
9307,balanced,organic,0.0,0,,0,0,low_engagement
9308,cautious,bank_partner,0.0,0,,0,0,low_engagement
9309,cautious,paid_search,0.0,0,,0,0,low_engagement
9310,balanced,organic,0.0,0,,0,0,low_engagement
9312,aggressive,paid_search,0.0,0,,0,0,low_engagement
9313,aggressive,organic,0.0,0,,0,0,low_engagement
9314,cautious,organic,0.0,0,,0,0,cash_rich_noninvestor
9315,balanced,paid_search,0.0,0,,0,0,low_engagement
9316,cautious,referral,0.0,0,,0,0,cash_rich_noninvestor
9318,cautious,organic,0.0,0,,0,0,low_engagement
9319,cautious,social,0.0,0,,0,0,low_engagement
9320,balanced,bank_partner,0.0,0,,0,0,low_engagement
9321,balanced,social,0.0,0,,0,0,low_engagement
9322,balanced,organic,0.0,0,,0,0,cash_rich_noninvestor
9323,cautious,social,0.0,0,,0,0,low_engagement
9324,aggressive,referral,0.0,0,,0,0,low_engagement
9325,cautious,paid_search,0.0,0,,0,0,cash_rich_noninvestor
9326,cautious,bank_partner,0.0,0,,0,0,low_engagement
9327,aggressive,bank_partner,0.0,0,,0,0,low_engagement
9328,cautious,bank_partner,0.0,0,,0,0,low_engagement
9330,cautious,paid_search,0.0,0,,0,0,low_engagement
9332,balanced,bank_partner,0.0,0,,0,0,low_engagement
9333,aggressive,bank_partner,0.0,0,,0,0,low_engagement
9334,aggressive,referral,0.0,0,,0,0,cash_rich_noninvestor
9335,aggressive,referral,0.0,0,,0,0,low_engagement
9336,aggressive,bank_partner,0.0,0,,0,0,low_engagement
9337,cautious,organic,0.0,0,,0,0,low_engagement
9338,cautious,bank_partner,0.0,0,,0,0,low_engagement
9339,balanced,bank_partner,0.0,0,,0,0,low_engagement
9340,cautious,referral,0.0,0,,0,0,low_engagement
9341,balanced,referral,0.0,0,,0,0,low_engagement
9342,cautious,organic,0.0,0,,0,0,low_engagement
9343,balanced,social,0.0,0,,0,0,low_engagement
9345,balanced,organic,0.0,0,,0,0,low_engagement
9346,balanced,organic,0.0,0,,0,0,low_engagement
9347,cautious,organic,0.0,0,,0,0,low_engagement
9348,cautious,social,0.0,0,,0,0,low_engagement
9349,balanced,organic,0.0,0,,0,0,low_engagement
9350,aggressive,referral,0.0,0,,0,0,low_engagement
9351,cautious,referral,0.0,0,,0,0,low_engagement
9352,balanced,referral,0.0,0,,0,0,low_engagement
9353,balanced,bank_partner,0.0,0,,0,0,low_engagement
9354,cautious,organic,0.0,0,,0,0,low_engagement
9355,balanced,paid_search,0.0,0,,0,0,low_engagement
9356,balanced,organic,0.0,0,,0,0,low_engagement
9358,cautious,paid_search,0.0,0,,0,0,low_engagement
9360,aggressive,social,0.0,0,,0,0,cash_rich_noninvestor
9361,cautious,organic,0.0,0,,0,0,low_engagement
9362,balanced,social,0.0,0,,0,0,low_engagement
9363,balanced,paid_search,0.0,0,,0,0,cash_rich_noninvestor
9364,aggressive,paid_search,0.0,0,,0,0,low_engagement
9365,cautious,organic,0.0,0,,0,0,low_engagement
9366,balanced,referral,0.0,0,,0,0,low_engagement
9367,balanced,paid_search,0.0,0,,0,0,low_engagement
9368,cautious,social,0.0,0,,0,0,low_engagement
9369,cautious,paid_search,0.0,0,,0,0,low_engagement
9371,cautious,social,0.0,0,,0,0,low_engagement
9372,cautious,organic,0.0,0,,0,0,low_engagement
9373,balanced,social,0.0,0,,0,0,low_engagement
9374,cautious,paid_search,0.0,0,,0,0,cash_rich_noninvestor
9375,cautious,organic,0.0,0,,0,0,low_engagement
9376,cautious,social,0.0,0,,0,0,low_engagement
9377,cautious,social,0.0,0,,0,0,low_engagement
9379,cautious,referral,0.0,0,,0,0,cash_rich_noninvestor
9380,aggressive,organic,0.0,0,,0,0,low_engagement
9381,aggressive,paid_search,0.0,0,,0,0,cash_rich_noninvestor
9383,balanced,referral,0.0,0,,0,0,low_engagement
9384,cautious,referral,0.0,0,,0,0,cash_rich_noninvestor
9386,cautious,social,0.0,0,,0,0,low_engagement
9388,balanced,organic,0.0,0,,0,0,low_engagement
9389,aggressive,paid_search,0.0,0,,0,0,low_engagement
9390,aggressive,paid_search,0.0,0,,0,0,low_engagement
9391,balanced,social,0.0,0,,0,0,cash_rich_noninvestor
9392,cautious,referral,0.0,0,,0,0,low_engagement
9393,balanced,referral,0.0,0,,0,0,low_engagement
9394,balanced,social,0.0,0,,0,0,low_engagement
9395,cautious,social,0.0,0,,0,0,low_engagement
9396,balanced,organic,0.0,0,,0,0,low_engagement
9397,cautious,referral,0.0,0,,0,0,cash_rich_noninvestor
9398,cautious,bank_partner,0.0,0,,0,0,low_engagement
9399,cautious,referral,0.0,0,,0,0,cash_rich_noninvestor
9400,cautious,bank_partner,0.0,0,,0,0,low_engagement
9401,balanced,organic,0.0,0,,0,0,low_engagement
9402,cautious,organic,0.0,0,,0,0,low_engagement
9403,balanced,paid_search,0.0,0,,0,0,low_engagement
9404,aggressive,paid_search,0.0,0,,0,0,low_engagement
9406,balanced,paid_search,0.0,0,,0,0,low_engagement
9407,cautious,social,0.0,0,,0,0,cash_rich_noninvestor
9408,balanced,referral,0.0,0,,0,0,low_engagement
9409,aggressive,social,0.0,0,,0,0,low_engagement
9410,cautious,referral,0.0,0,,0,0,low_engagement
9413,cautious,paid_search,0.0,0,,0,0,low_engagement
9414,balanced,referral,0.0,0,,0,0,low_engagement
9415,balanced,paid_search,0.0,0,,0,0,low_engagement
9416,balanced,referral,0.0,0,,0,0,low_engagement
9417,aggressive,paid_search,0.0,0,,0,0,low_engagement
9418,cautious,referral,0.0,0,,0,0,low_engagement
9419,balanced,paid_search,0.0,0,,0,0,cash_rich_noninvestor
9420,cautious,social,0.0,0,,0,0,low_engagement
9421,balanced,social,0.0,0,,0,0,low_engagement
9423,cautious,paid_search,0.0,0,,0,0,low_engagement
9424,balanced,bank_partner,0.0,0,,0,0,low_engagement
9425,aggressive,paid_search,0.0,0,,0,0,low_engagement
9426,cautious,paid_search,0.0,0,,0,0,low_engagement
9427,aggressive,social,0.0,0,,0,0,low_engagement
9429,balanced,organic,0.0,0,,0,0,low_engagement
9430,cautious,organic,0.0,0,,0,0,low_engagement
9431,cautious,paid_search,0.0,0,,0,0,low_engagement
9432,balanced,referral,0.0,0,,0,0,low_engagement
9433,balanced,paid_search,0.0,0,,0,0,low_engagement
9434,balanced,social,0.0,0,,0,0,cash_rich_noninvestor
9435,cautious,social,0.0,0,,0,0,low_engagement
9436,aggressive,organic,0.0,0,,0,0,cash_rich_noninvestor
9438,aggressive,bank_partner,0.0,0,,0,0,low_engagement
9439,balanced,organic,0.0,0,,0,0,cash_rich_noninvestor
9440,aggressive,social,0.0,0,,0,0,low_engagement
9441,cautious,social,0.0,0,,0,0,low_engagement
9443,aggressive,social,0.0,0,,0,0,low_engagement
9444,cautious,referral,0.0,0,,0,0,low_engagement
9445,balanced,referral,0.0,0,,0,0,low_engagement
9446,balanced,paid_search,0.0,0,,0,0,low_engagement
9447,balanced,paid_search,0.0,0,,0,0,cash_rich_noninvestor
9448,aggressive,paid_search,0.0,0,,0,0,low_engagement
9449,balanced,organic,0.0,0,,0,0,low_engagement
9450,balanced,social,0.0,0,,0,0,cash_rich_noninvestor
9451,aggressive,paid_search,0.0,0,,0,0,low_engagement
9452,balanced,paid_search,0.0,0,,0,0,low_engagement
9453,balanced,bank_partner,0.0,0,,0,0,low_engagement
9454,cautious,paid_search,0.0,0,,0,0,low_engagement
9455,balanced,social,0.0,0,,0,0,cash_rich_noninvestor
9457,cautious,paid_search,0.0,0,,0,0,low_engagement
9460,balanced,social,0.0,0,,0,0,cash_rich_noninvestor
9461,balanced,referral,0.0,0,,0,0,low_engagement
9462,cautious,referral,0.0,0,,0,0,low_engagement
9463,balanced,organic,0.0,0,,0,0,cash_rich_noninvestor
9464,balanced,organic,0.0,0,,0,0,cash_rich_noninvestor
9465,balanced,organic,0.0,0,,0,0,low_engagement
9466,balanced,referral,0.0,0,,0,0,low_engagement
9467,cautious,referral,0.0,0,,0,0,low_engagement
9468,cautious,organic,0.0,0,,0,0,low_engagement
9469,balanced,referral,0.0,0,,0,0,low_engagement
9470,balanced,organic,0.0,0,,0,0,cash_rich_noninvestor
9474,aggressive,social,0.0,0,,0,0,low_engagement
9475,balanced,referral,0.0,0,,0,0,low_engagement
9476,aggressive,social,0.0,0,,0,0,low_engagement
9477,balanced,social,0.0,0,,0,0,low_engagement
9478,balanced,paid_search,0.0,0,,0,0,low_engagement
9479,cautious,organic,0.0,0,,0,0,low_engagement
9481,balanced,referral,0.0,0,,0,0,low_engagement
9482,balanced,paid_search,0.0,0,,0,0,low_engagement
9483,balanced,paid_search,0.0,0,,0,0,low_engagement
9484,balanced,organic,0.0,0,,0,0,low_engagement
9485,balanced,organic,0.0,0,,0,0,low_engagement
9486,balanced,organic,0.0,0,,0,0,low_engagement
9487,aggressive,organic,0.0,0,,0,0,low_engagement
9488,cautious,organic,0.0,0,,0,0,cash_rich_noninvestor
9489,cautious,social,0.0,0,,0,0,low_engagement
9490,aggressive,paid_search,0.0,0,,0,0,low_engagement
9491,cautious,organic,0.0,0,,0,0,low_engagement
9492,cautious,paid_search,0.0,0,,0,0,low_engagement
9493,balanced,referral,0.0,0,,0,0,cash_rich_noninvestor
9494,cautious,social,0.0,0,,0,0,cash_rich_noninvestor
9495,aggressive,referral,0.0,0,,0,0,low_engagement
9496,balanced,organic,0.0,0,,0,0,low_engagement
9497,cautious,paid_search,0.0,0,,0,0,low_engagement
9498,aggressive,organic,0.0,0,,0,0,low_engagement
9499,balanced,bank_partner,0.0,0,,0,0,low_engagement
9500,cautious,bank_partner,0.0,0,,0,0,low_engagement
9501,balanced,organic,0.0,0,,0,0,low_engagement
9502,cautious,referral,0.0,0,,0,0,low_engagement
9503,cautious,social,0.0,0,,0,0,low_engagement
9504,aggressive,organic,0.0,0,,0,0,cash_rich_noninvestor
9505,balanced,organic,0.0,0,,0,0,cash_rich_noninvestor
9506,cautious,organic,0.0,0,,0,0,low_engagement
9507,cautious,paid_search,0.0,0,,0,0,low_engagement
9508,cautious,organic,0.0,0,,0,0,low_engagement
9509,balanced,organic,0.0,0,,0,0,cash_rich_noninvestor
9510,cautious,social,0.0,0,,0,0,cash_rich_noninvestor
9511,balanced,social,0.0,0,,0,0,low_engagement
9512,balanced,social,0.0,0,,0,0,low_engagement
9513,cautious,paid_search,0.0,0,,0,0,cash_rich_noninvestor
9514,balanced,paid_search,0.0,0,,0,0,low_engagement
9516,balanced,bank_partner,0.0,0,,0,0,low_engagement
9517,balanced,paid_search,0.0,0,,0,0,low_engagement
9518,balanced,organic,0.0,0,,0,0,cash_rich_noninvestor
9519,cautious,organic,0.0,0,,0,0,low_engagement
9520,balanced,organic,0.0,0,,0,0,low_engagement
9521,cautious,organic,0.0,0,,0,0,cash_rich_noninvestor
9522,cautious,bank_partner,0.0,0,,0,0,low_engagement
9524,cautious,referral,0.0,0,,0,0,low_engagement
9525,cautious,social,0.0,0,,0,0,low_engagement
9526,cautious,paid_search,0.0,0,,0,0,low_engagement
9527,cautious,referral,0.0,0,,0,0,low_engagement
9528,balanced,organic,0.0,0,,0,0,cash_rich_noninvestor
9529,cautious,bank_partner,0.0,0,,0,0,cash_rich_noninvestor
9530,aggressive,organic,0.0,0,,0,0,low_engagement
9531,cautious,paid_search,0.0,0,,0,0,low_engagement
9532,cautious,referral,0.0,0,,0,0,cash_rich_noninvestor
9533,aggressive,social,0.0,0,,0,0,low_engagement
9534,balanced,organic,0.0,0,,0,0,low_engagement
9536,balanced,social,0.0,0,,0,0,low_engagement
9537,balanced,social,0.0,0,,0,0,low_engagement
9538,cautious,bank_partner,0.0,0,,0,0,cash_rich_noninvestor
9539,cautious,referral,0.0,0,,0,0,cash_rich_noninvestor
9540,cautious,referral,0.0,0,,0,0,low_engagement
9541,aggressive,organic,0.0,0,,0,0,low_engagement
9542,balanced,paid_search,0.0,0,,0,0,low_engagement
9543,cautious,organic,0.0,0,,0,0,low_engagement
9544,aggressive,organic,0.0,0,,0,0,cash_rich_noninvestor
9546,balanced,organic,0.0,0,,0,0,low_engagement
9547,cautious,paid_search,0.0,0,,0,0,low_engagement
9548,cautious,referral,0.0,0,,0,0,cash_rich_noninvestor
9549,cautious,organic,0.0,0,,0,0,low_engagement
9550,balanced,organic,0.0,0,,0,0,low_engagement
9551,aggressive,organic,0.0,0,,0,0,low_engagement
9552,balanced,referral,0.0,0,,0,0,low_engagement
9554,cautious,paid_search,0.0,0,,0,0,cash_rich_noninvestor
9555,cautious,social,0.0,0,,0,0,low_engagement
9556,aggressive,organic,0.0,0,,0,0,low_engagement
9557,cautious,organic,0.0,0,,0,0,low_engagement
9558,cautious,organic,0.0,0,,0,0,low_engagement
9559,cautious,organic,0.0,0,,0,0,low_engagement
9560,balanced,organic,0.0,0,,0,0,low_engagement
9561,balanced,referral,0.0,0,,0,0,low_engagement
9562,balanced,referral,0.0,0,,0,0,cash_rich_noninvestor
9563,balanced,organic,0.0,0,,0,0,low_engagement
9564,cautious,social,0.0,0,,0,0,low_engagement
9565,cautious,paid_search,0.0,0,,0,0,low_engagement
9566,cautious,paid_search,0.0,0,,0,0,cash_rich_noninvestor
9567,balanced,referral,0.0,0,,0,0,cash_rich_noninvestor
9569,balanced,organic,0.0,0,,0,0,low_engagement
9570,balanced,referral,0.0,0,,0,0,cash_rich_noninvestor
9571,balanced,social,0.0,0,,0,0,low_engagement
9572,balanced,social,0.0,0,,0,0,low_engagement
9573,cautious,referral,0.0,0,,0,0,low_engagement
9574,cautious,referral,0.0,0,,0,0,low_engagement
9575,cautious,organic,0.0,0,,0,0,low_engagement
9576,aggressive,paid_search,0.0,0,,0,0,low_engagement
9577,cautious,social,0.0,0,,0,0,cash_rich_noninvestor
9578,cautious,paid_search,0.0,0,,0,0,low_engagement
9579,balanced,organic,0.0,0,,0,0,cash_rich_noninvestor
9580,cautious,bank_partner,0.0,0,,0,0,low_engagement
9581,cautious,organic,0.0,0,,0,0,cash_rich_noninvestor
9582,balanced,paid_search,0.0,0,,0,0,low_engagement
9583,cautious,organic,0.0,0,,0,0,cash_rich_noninvestor
9584,balanced,paid_search,0.0,0,,0,0,low_engagement
9585,balanced,paid_search,0.0,0,,0,0,low_engagement
9586,cautious,organic,0.0,0,,0,0,cash_rich_noninvestor
9587,cautious,organic,0.0,0,,0,0,cash_rich_noninvestor
9588,balanced,referral,0.0,0,,0,0,low_engagement
9589,balanced,organic,0.0,0,,0,0,cash_rich_noninvestor
9590,cautious,referral,0.0,0,,0,0,low_engagement
9591,cautious,social,0.0,0,,0,0,low_engagement
9593,aggressive,social,0.0,0,,0,0,low_engagement
9594,cautious,paid_search,0.0,0,,0,0,low_engagement
9595,balanced,organic,0.0,0,,0,0,low_engagement
9596,cautious,referral,0.0,0,,0,0,low_engagement
9598,balanced,paid_search,0.0,0,,0,0,cash_rich_noninvestor
9599,balanced,organic,0.0,0,,0,0,cash_rich_noninvestor
9600,balanced,paid_search,0.0,0,,0,0,low_engagement
9601,cautious,paid_search,0.0,0,,0,0,low_engagement
9602,cautious,organic,0.0,0,,0,0,cash_rich_noninvestor
9603,balanced,social,0.0,0,,0,0,cash_rich_noninvestor
9604,balanced,social,0.0,0,,0,0,cash_rich_noninvestor
9605,balanced,organic,0.0,0,,0,0,low_engagement
9606,cautious,paid_search,0.0,0,,0,0,cash_rich_noninvestor
9607,balanced,organic,0.0,0,,0,0,low_engagement
9608,aggressive,paid_search,0.0,0,,0,0,low_engagement
9609,balanced,social,0.0,0,,0,0,low_engagement
9610,balanced,social,0.0,0,,0,0,low_engagement
9611,cautious,bank_partner,0.0,0,,0,0,low_engagement
9612,aggressive,social,0.0,0,,0,0,low_engagement
9613,cautious,social,0.0,0,,0,0,cash_rich_noninvestor
9614,balanced,referral,0.0,0,,0,0,low_engagement
9615,balanced,bank_partner,0.0,0,,0,0,low_engagement
9616,cautious,social,0.0,0,,0,0,low_engagement
9617,balanced,social,0.0,0,,0,0,low_engagement
9618,balanced,organic,0.0,0,,0,0,low_engagement
9619,balanced,bank_partner,0.0,0,,0,0,low_engagement
9621,cautious,organic,0.0,0,,0,0,low_engagement
9622,aggressive,social,0.0,0,,0,0,low_engagement
9623,aggressive,paid_search,0.0,0,,0,0,low_engagement
9624,balanced,social,0.0,0,,0,0,low_engagement
9625,cautious,organic,0.0,0,,0,0,low_engagement
9626,balanced,paid_search,0.0,0,,0,0,low_engagement
9627,balanced,referral,0.0,0,,0,0,low_engagement
9628,aggressive,social,0.0,0,,0,0,low_engagement
9630,cautious,paid_search,0.0,0,,0,0,low_engagement
9632,balanced,referral,0.0,0,,0,0,cash_rich_noninvestor
9633,balanced,paid_search,0.0,0,,0,0,low_engagement
9634,cautious,organic,0.0,0,,0,0,low_engagement
9635,balanced,organic,0.0,0,,0,0,low_engagement
9636,balanced,paid_search,0.0,0,,0,0,cash_rich_noninvestor
9638,cautious,social,0.0,0,,0,0,low_engagement
9639,balanced,social,0.0,0,,0,0,low_engagement
9641,balanced,organic,0.0,0,,0,0,cash_rich_noninvestor
9642,balanced,bank_partner,0.0,0,,0,0,low_engagement
9643,cautious,organic,0.0,0,,0,0,low_engagement
9644,balanced,paid_search,0.0,0,,0,0,low_engagement
9645,cautious,organic,0.0,0,,0,0,low_engagement
9646,cautious,organic,0.0,0,,0,0,cash_rich_noninvestor
9647,balanced,organic,0.0,0,,0,0,low_engagement
9648,balanced,bank_partner,0.0,0,,0,0,low_engagement
9649,cautious,organic,0.0,0,,0,0,cash_rich_noninvestor
9650,cautious,organic,0.0,0,,0,0,low_engagement
9651,balanced,social,0.0,0,,0,0,cash_rich_noninvestor
9652,balanced,referral,0.0,0,,0,0,low_engagement
9653,balanced,organic,0.0,0,,0,0,low_engagement
9654,cautious,bank_partner,0.0,0,,0,0,low_engagement
9655,balanced,organic,0.0,0,,0,0,low_engagement
9656,balanced,organic,0.0,0,,0,0,low_engagement
9657,cautious,organic,0.0,0,,0,0,low_engagement
9658,cautious,social,0.0,0,,0,0,low_engagement
9659,cautious,social,0.0,0,,0,0,low_engagement
9661,balanced,paid_search,0.0,0,,0,0,cash_rich_noninvestor
9662,aggressive,organic,0.0,0,,0,0,cash_rich_noninvestor
9663,cautious,bank_partner,0.0,0,,0,0,cash_rich_noninvestor
9664,cautious,social,0.0,0,,0,0,low_engagement
9665,cautious,paid_search,0.0,0,,0,0,cash_rich_noninvestor
9666,cautious,bank_partner,0.0,0,,0,0,low_engagement
9667,aggressive,paid_search,0.0,0,,0,0,low_engagement
9669,aggressive,paid_search,0.0,0,,0,0,cash_rich_noninvestor
9670,balanced,social,0.0,0,,0,0,cash_rich_noninvestor
9671,aggressive,paid_search,0.0,0,,0,0,low_engagement
9672,balanced,bank_partner,0.0,0,,0,0,low_engagement
9673,balanced,social,0.0,0,,0,0,low_engagement
9674,balanced,paid_search,0.0,0,,0,0,low_engagement
9675,balanced,paid_search,0.0,0,,0,0,low_engagement
9676,cautious,paid_search,0.0,0,,0,0,low_engagement
9677,aggressive,social,0.0,0,,0,0,low_engagement
9678,aggressive,social,0.0,0,,0,0,cash_rich_noninvestor
9681,cautious,referral,0.0,0,,0,0,low_engagement
9682,balanced,social,0.0,0,,0,0,cash_rich_noninvestor
9683,aggressive,referral,0.0,0,,0,0,low_engagement
9684,cautious,organic,0.0,0,,0,0,low_engagement
9685,balanced,paid_search,0.0,0,,0,0,low_engagement
9686,balanced,organic,0.0,0,,0,0,low_engagement
9687,aggressive,paid_search,0.0,0,,0,0,low_engagement
9689,cautious,bank_partner,0.0,0,,0,0,cash_rich_noninvestor
9690,balanced,organic,0.0,0,,0,0,cash_rich_noninvestor
9691,balanced,bank_partner,0.0,0,,0,0,low_engagement
9692,cautious,paid_search,0.0,0,,0,0,low_engagement
9693,cautious,paid_search,0.0,0,,0,0,low_engagement
9694,balanced,paid_search,0.0,0,,0,0,low_engagement
9695,balanced,social,0.0,0,,0,0,low_engagement
9696,cautious,organic,0.0,0,,0,0,cash_rich_noninvestor
9698,cautious,organic,0.0,0,,0,0,low_engagement
9699,aggressive,bank_partner,0.0,0,,0,0,low_engagement
9700,aggressive,social,0.0,0,,0,0,low_engagement
9701,cautious,bank_partner,0.0,0,,0,0,low_engagement
9702,cautious,bank_partner,0.0,0,,0,0,low_engagement
9703,balanced,organic,0.0,0,,0,0,low_engagement
9704,cautious,organic,0.0,0,,0,0,low_engagement
9705,balanced,organic,0.0,0,,0,0,cash_rich_noninvestor
9706,aggressive,bank_partner,0.0,0,,0,0,low_engagement
9707,aggressive,paid_search,0.0,0,,0,0,cash_rich_noninvestor
9708,cautious,organic,0.0,0,,0,0,cash_rich_noninvestor
9709,cautious,organic,0.0,0,,0,0,low_engagement
9710,balanced,referral,0.0,0,,0,0,low_engagement
9711,cautious,social,0.0,0,,0,0,cash_rich_noninvestor
9712,cautious,organic,0.0,0,,0,0,low_engagement
9714,balanced,referral,0.0,0,,0,0,cash_rich_noninvestor
9715,cautious,social,0.0,0,,0,0,low_engagement
9716,cautious,social,0.0,0,,0,0,low_engagement
9717,cautious,organic,0.0,0,,0,0,low_engagement
9718,cautious,organic,0.0,0,,0,0,low_engagement
9719,balanced,organic,0.0,0,,0,0,low_engagement
9720,cautious,organic,0.0,0,,0,0,low_engagement
9721,aggressive,paid_search,0.0,0,,0,0,low_engagement
9722,cautious,bank_partner,0.0,0,,0,0,low_engagement
9723,balanced,paid_search,0.0,0,,0,0,low_engagement
9724,balanced,social,0.0,0,,0,0,low_engagement
9725,cautious,referral,0.0,0,,0,0,cash_rich_noninvestor
9726,balanced,paid_search,0.0,0,,0,0,cash_rich_noninvestor
9727,aggressive,social,0.0,0,,0,0,cash_rich_noninvestor
9728,cautious,social,0.0,0,,0,0,low_engagement
9729,balanced,bank_partner,0.0,0,,0,0,low_engagement
9730,cautious,paid_search,0.0,0,,0,0,cash_rich_noninvestor
9731,balanced,organic,0.0,0,,0,0,cash_rich_noninvestor
9732,balanced,referral,0.0,0,,0,0,low_engagement
9733,balanced,referral,0.0,0,,0,0,low_engagement
9734,cautious,paid_search,0.0,0,,0,0,low_engagement
9736,balanced,referral,0.0,0,,0,0,low_engagement
9737,cautious,social,0.0,0,,0,0,low_engagement
9738,aggressive,organic,0.0,0,,0,0,low_engagement
9739,balanced,organic,0.0,0,,0,0,low_engagement
9740,cautious,organic,0.0,0,,0,0,low_engagement
9742,balanced,referral,0.0,0,,0,0,low_engagement
9743,cautious,paid_search,0.0,0,,0,0,low_engagement
9744,aggressive,bank_partner,0.0,0,,0,0,low_engagement
9745,cautious,paid_search,0.0,0,,0,0,low_engagement
9746,balanced,referral,0.0,0,,0,0,low_engagement
9748,cautious,social,0.0,0,,0,0,low_engagement
9749,balanced,organic,0.0,0,,0,0,low_engagement
9750,balanced,bank_partner,0.0,0,,0,0,low_engagement
9751,cautious,organic,0.0,0,,0,0,cash_rich_noninvestor
9752,balanced,organic,0.0,0,,0,0,cash_rich_noninvestor
9753,cautious,paid_search,0.0,0,,0,0,cash_rich_noninvestor
9754,cautious,bank_partner,0.0,0,,0,0,cash_rich_noninvestor
9756,cautious,referral,0.0,0,,0,0,low_engagement
9757,cautious,paid_search,0.0,0,,0,0,cash_rich_noninvestor
9758,aggressive,paid_search,0.0,0,,0,0,low_engagement
9759,balanced,referral,0.0,0,,0,0,low_engagement
9760,cautious,organic,0.0,0,,0,0,low_engagement
9761,aggressive,paid_search,0.0,0,,0,0,low_engagement
9762,balanced,organic,0.0,0,,0,0,low_engagement
9763,balanced,paid_search,0.0,0,,0,0,low_engagement
9764,balanced,referral,0.0,0,,0,0,low_engagement
9765,cautious,organic,0.0,0,,0,0,cash_rich_noninvestor
9766,cautious,bank_partner,0.0,0,,0,0,low_engagement
9767,aggressive,organic,0.0,0,,0,0,low_engagement
9768,balanced,paid_search,0.0,0,,0,0,low_engagement
9770,balanced,bank_partner,0.0,0,,0,0,low_engagement
9771,aggressive,organic,0.0,0,,0,0,low_engagement
9772,balanced,organic,0.0,0,,0,0,cash_rich_noninvestor
9773,aggressive,bank_partner,0.0,0,,0,0,low_engagement
9775,cautious,organic,0.0,0,,0,0,low_engagement
9777,balanced,organic,0.0,0,,0,0,cash_rich_noninvestor
9778,cautious,paid_search,0.0,0,,0,0,low_engagement
9779,cautious,organic,0.0,0,,0,0,low_engagement
9781,balanced,bank_partner,0.0,0,,0,0,cash_rich_noninvestor
9783,cautious,paid_search,0.0,0,,0,0,cash_rich_noninvestor
9784,balanced,paid_search,0.0,0,,0,0,low_engagement
9785,cautious,paid_search,0.0,0,,0,0,cash_rich_noninvestor
9786,balanced,paid_search,0.0,0,,0,0,cash_rich_noninvestor
9787,balanced,organic,0.0,0,,0,0,cash_rich_noninvestor
9788,balanced,paid_search,0.0,0,,0,0,low_engagement
9789,balanced,organic,0.0,0,,0,0,low_engagement
9790,cautious,organic,0.0,0,,0,0,cash_rich_noninvestor
9791,cautious,paid_search,0.0,0,,0,0,low_engagement
9792,balanced,organic,0.0,0,,0,0,low_engagement
9794,aggressive,bank_partner,0.0,0,,0,0,low_engagement
9795,aggressive,paid_search,0.0,0,,0,0,low_engagement
9796,balanced,paid_search,0.0,0,,0,0,low_engagement
9797,balanced,paid_search,0.0,0,,0,0,low_engagement
9799,balanced,referral,0.0,0,,0,0,cash_rich_noninvestor
9800,balanced,referral,0.0,0,,0,0,low_engagement
9801,cautious,paid_search,0.0,0,,0,0,cash_rich_noninvestor
9802,cautious,organic,0.0,0,,0,0,low_engagement
9804,balanced,social,0.0,0,,0,0,low_engagement
9805,balanced,social,0.0,0,,0,0,low_engagement
9806,balanced,organic,0.0,0,,0,0,low_engagement
9807,balanced,social,0.0,0,,0,0,low_engagement
9808,cautious,paid_search,0.0,0,,0,0,cash_rich_noninvestor
9809,cautious,referral,0.0,0,,0,0,low_engagement
9810,balanced,organic,0.0,0,,0,0,low_engagement
9811,aggressive,bank_partner,0.0,0,,0,0,low_engagement
9812,aggressive,paid_search,0.0,0,,0,0,low_engagement
9814,cautious,bank_partner,0.0,0,,0,0,low_engagement
9815,balanced,organic,0.0,0,,0,0,low_engagement
9816,cautious,paid_search,0.0,0,,0,0,cash_rich_noninvestor
9817,cautious,organic,0.0,0,,0,0,cash_rich_noninvestor
9818,cautious,social,0.0,0,,0,0,low_engagement
9819,cautious,referral,0.0,0,,0,0,low_engagement
9820,aggressive,social,0.0,0,,0,0,low_engagement
9821,aggressive,paid_search,0.0,0,,0,0,low_engagement
9822,aggressive,paid_search,0.0,0,,0,0,low_engagement
9823,balanced,organic,0.0,0,,0,0,cash_rich_noninvestor
9824,cautious,organic,0.0,0,,0,0,low_engagement
9826,cautious,social,0.0,0,,0,0,low_engagement
9827,cautious,social,0.0,0,,0,0,low_engagement
9828,balanced,social,0.0,0,,0,0,low_engagement
9829,aggressive,paid_search,0.0,0,,0,0,low_engagement
9830,balanced,social,0.0,0,,0,0,low_engagement
9831,cautious,social,0.0,0,,0,0,cash_rich_noninvestor
9832,balanced,bank_partner,0.0,0,,0,0,low_engagement
9834,balanced,organic,0.0,0,,0,0,cash_rich_noninvestor
9835,cautious,organic,0.0,0,,0,0,cash_rich_noninvestor
9837,balanced,referral,0.0,0,,0,0,cash_rich_noninvestor
9838,aggressive,organic,0.0,0,,0,0,low_engagement
9839,balanced,referral,0.0,0,,0,0,low_engagement
9840,cautious,paid_search,0.0,0,,0,0,low_engagement
9841,cautious,social,0.0,0,,0,0,low_engagement
9842,cautious,bank_partner,0.0,0,,0,0,cash_rich_noninvestor
9843,balanced,social,0.0,0,,0,0,low_engagement
9844,aggressive,paid_search,0.0,0,,0,0,low_engagement
9845,balanced,organic,0.0,0,,0,0,low_engagement
9846,balanced,organic,0.0,0,,0,0,cash_rich_noninvestor
9847,cautious,paid_search,0.0,0,,0,0,low_engagement
9848,cautious,organic,0.0,0,,0,0,low_engagement
9849,balanced,social,0.0,0,,0,0,low_engagement
9851,cautious,organic,0.0,0,,0,0,low_engagement
9852,aggressive,organic,0.0,0,,0,0,cash_rich_noninvestor
9853,balanced,referral,0.0,0,,0,0,low_engagement
9855,cautious,social,0.0,0,,0,0,low_engagement
9856,cautious,paid_search,0.0,0,,0,0,cash_rich_noninvestor
9857,cautious,organic,0.0,0,,0,0,low_engagement
9858,cautious,paid_search,0.0,0,,0,0,low_engagement
9860,balanced,paid_search,0.0,0,,0,0,cash_rich_noninvestor
9861,cautious,organic,0.0,0,,0,0,low_engagement
9862,balanced,bank_partner,0.0,0,,0,0,low_engagement
9863,cautious,social,0.0,0,,0,0,cash_rich_noninvestor
9865,balanced,organic,0.0,0,,0,0,low_engagement
9866,cautious,paid_search,0.0,0,,0,0,cash_rich_noninvestor
9867,cautious,referral,0.0,0,,0,0,low_engagement
9869,cautious,referral,0.0,0,,0,0,low_engagement
9870,balanced,social,0.0,0,,0,0,low_engagement
9871,aggressive,bank_partner,0.0,0,,0,0,low_engagement
9872,cautious,bank_partner,0.0,0,,0,0,low_engagement
9873,balanced,referral,0.0,0,,0,0,cash_rich_noninvestor
9874,cautious,bank_partner,0.0,0,,0,0,cash_rich_noninvestor
9875,balanced,social,0.0,0,,0,0,cash_rich_noninvestor
9876,cautious,organic,0.0,0,,0,0,low_engagement
9877,cautious,organic,0.0,0,,0,0,low_engagement
9878,aggressive,referral,0.0,0,,0,0,low_engagement
9879,aggressive,organic,0.0,0,,0,0,low_engagement
9880,cautious,bank_partner,0.0,0,,0,0,cash_rich_noninvestor
9881,cautious,paid_search,0.0,0,,0,0,low_engagement
9882,balanced,paid_search,0.0,0,,0,0,low_engagement
9883,aggressive,organic,0.0,0,,0,0,low_engagement
9884,cautious,referral,0.0,0,,0,0,low_engagement
9885,balanced,organic,0.0,0,,0,0,cash_rich_noninvestor
9886,balanced,paid_search,0.0,0,,0,0,low_engagement
9887,cautious,referral,0.0,0,,0,0,low_engagement
9888,aggressive,organic,0.0,0,,0,0,low_engagement
9889,balanced,social,0.0,0,,0,0,low_engagement
9890,cautious,social,0.0,0,,0,0,low_engagement
9891,cautious,paid_search,0.0,0,,0,0,low_engagement
9892,balanced,organic,0.0,0,,0,0,low_engagement
9893,balanced,paid_search,0.0,0,,0,0,low_engagement
9895,aggressive,paid_search,0.0,0,,0,0,cash_rich_noninvestor
9896,cautious,organic,0.0,0,,0,0,cash_rich_noninvestor
9897,balanced,organic,0.0,0,,0,0,low_engagement
9898,aggressive,social,0.0,0,,0,0,low_engagement
9899,balanced,bank_partner,0.0,0,,0,0,cash_rich_noninvestor
9900,cautious,organic,0.0,0,,0,0,low_engagement
9901,cautious,organic,0.0,0,,0,0,low_engagement
9903,aggressive,bank_partner,0.0,0,,0,0,cash_rich_noninvestor
9904,aggressive,organic,0.0,0,,0,0,low_engagement
9905,balanced,referral,0.0,0,,0,0,low_engagement
9906,aggressive,social,0.0,0,,0,0,low_engagement
9907,cautious,organic,0.0,0,,0,0,low_engagement
9908,cautious,referral,0.0,0,,0,0,cash_rich_noninvestor
9909,cautious,paid_search,0.0,0,,0,0,low_engagement
9911,aggressive,organic,0.0,0,,0,0,low_engagement
9912,balanced,paid_search,0.0,0,,0,0,low_engagement
9913,balanced,paid_search,0.0,0,,0,0,low_engagement
9914,balanced,paid_search,0.0,0,,0,0,low_engagement
9916,balanced,referral,0.0,0,,0,0,low_engagement
9917,cautious,paid_search,0.0,0,,0,0,low_engagement
9918,cautious,social,0.0,0,,0,0,low_engagement
9920,cautious,referral,0.0,0,,0,0,low_engagement
9921,balanced,bank_partner,0.0,0,,0,0,cash_rich_noninvestor
9922,aggressive,paid_search,0.0,0,,0,0,cash_rich_noninvestor
9923,aggressive,bank_partner,0.0,0,,0,0,low_engagement
9924,balanced,organic,0.0,0,,0,0,low_engagement
9925,cautious,paid_search,0.0,0,,0,0,low_engagement
9927,cautious,referral,0.0,0,,0,0,cash_rich_noninvestor
9928,balanced,referral,0.0,0,,0,0,low_engagement
9929,cautious,paid_search,0.0,0,,0,0,low_engagement
9930,balanced,bank_partner,0.0,0,,0,0,cash_rich_noninvestor
9931,balanced,paid_search,0.0,0,,0,0,cash_rich_noninvestor
9932,balanced,bank_partner,0.0,0,,0,0,low_engagement
9933,cautious,referral,0.0,0,,0,0,cash_rich_noninvestor
9934,balanced,organic,0.0,0,,0,0,cash_rich_noninvestor
9935,balanced,organic,0.0,0,,0,0,low_engagement
9936,cautious,paid_search,0.0,0,,0,0,low_engagement
9937,cautious,social,0.0,0,,0,0,low_engagement
9939,cautious,organic,0.0,0,,0,0,cash_rich_noninvestor
9940,cautious,paid_search,0.0,0,,0,0,low_engagement
9941,balanced,organic,0.0,0,,0,0,low_engagement
9942,cautious,social,0.0,0,,0,0,cash_rich_noninvestor
9943,aggressive,paid_search,0.0,0,,0,0,low_engagement
9944,cautious,social,0.0,0,,0,0,low_engagement
9945,cautious,organic,0.0,0,,0,0,low_engagement
9946,balanced,organic,0.0,0,,0,0,low_engagement
9947,cautious,referral,0.0,0,,0,0,cash_rich_noninvestor
9948,balanced,referral,0.0,0,,0,0,low_engagement
9949,balanced,organic,0.0,0,,0,0,low_engagement
9951,balanced,paid_search,0.0,0,,0,0,cash_rich_noninvestor
9952,balanced,referral,0.0,0,,0,0,low_engagement
9953,aggressive,bank_partner,0.0,0,,0,0,low_engagement
9954,cautious,referral,0.0,0,,0,0,low_engagement
9955,aggressive,social,0.0,0,,0,0,low_engagement
9956,balanced,paid_search,0.0,0,,0,0,low_engagement
9957,aggressive,paid_search,0.0,0,,0,0,low_engagement
9958,cautious,organic,0.0,0,,0,0,low_engagement
9959,balanced,organic,0.0,0,,0,0,cash_rich_noninvestor
9961,cautious,social,0.0,0,,0,0,low_engagement
9962,balanced,referral,0.0,0,,0,0,low_engagement
9963,balanced,referral,0.0,0,,0,0,low_engagement
9964,cautious,referral,0.0,0,,0,0,low_engagement
9965,cautious,social,0.0,0,,0,0,low_engagement
9966,balanced,organic,0.0,0,,0,0,low_engagement
9968,cautious,social,0.0,0,,0,0,low_engagement
9969,aggressive,referral,0.0,0,,0,0,low_engagement
9971,balanced,bank_partner,0.0,0,,0,0,low_engagement
9972,balanced,organic,0.0,0,,0,0,low_engagement
9975,aggressive,referral,0.0,0,,0,0,low_engagement
9976,aggressive,organic,0.0,0,,0,0,low_engagement
9977,cautious,referral,0.0,0,,0,0,low_engagement
9979,cautious,bank_partner,0.0,0,,0,0,low_engagement
9980,cautious,organic,0.0,0,,0,0,low_engagement
9981,cautious,organic,0.0,0,,0,0,cash_rich_noninvestor
9982,balanced,bank_partner,0.0,0,,0,0,low_engagement
9983,balanced,social,0.0,0,,0,0,cash_rich_noninvestor
9984,balanced,organic,0.0,0,,0,0,low_engagement
9985,balanced,organic,0.0,0,,0,0,low_engagement
9986,balanced,paid_search,0.0,0,,0,0,low_engagement
9987,balanced,organic,0.0,0,,0,0,low_engagement
9988,balanced,organic,0.0,0,,0,0,low_engagement
9989,cautious,organic,0.0,0,,0,0,cash_rich_noninvestor
9990,cautious,social,0.0,0,,0,0,low_engagement
9991,cautious,social,0.0,0,,0,0,low_engagement
9992,balanced,referral,0.0,0,,0,0,low_engagement
9993,aggressive,bank_partner,0.0,0,,0,0,low_engagement
9994,balanced,referral,0.0,0,,0,0,low_engagement
9995,aggressive,social,0.0,0,,0,0,cash_rich_noninvestor
9996,aggressive,referral,0.0,0,,0,0,low_engagement
9998,aggressive,organic,0.0,0,,0,0,cash_rich_noninvestor
9999,aggressive,paid_search,0.0,0,,0,0,cash_rich_noninvestor
10000,balanced,paid_search,0.0,0,,0,0,cash_rich_noninvestor
10001,cautious,paid_search,0.0,0,,0,0,low_engagement
10002,balanced,organic,0.0,0,,0,0,low_engagement
10003,balanced,referral,0.0,0,,0,0,low_engagement
10004,aggressive,organic,0.0,0,,0,0,low_engagement
10005,balanced,bank_partner,0.0,0,,0,0,low_engagement
10006,aggressive,organic,0.0,0,,0,0,low_engagement
10007,cautious,social,0.0,0,,0,0,low_engagement
10008,aggressive,social,0.0,0,,0,0,cash_rich_noninvestor
10009,aggressive,referral,0.0,0,,0,0,low_engagement
10010,balanced,organic,0.0,0,,0,0,low_engagement
10011,cautious,referral,0.0,0,,0,0,low_engagement
10012,balanced,referral,0.0,0,,0,0,low_engagement
10013,aggressive,paid_search,0.0,0,,0,0,cash_rich_noninvestor
10015,aggressive,social,0.0,0,,0,0,low_engagement
10016,balanced,referral,0.0,0,,0,0,low_engagement
10017,balanced,paid_search,0.0,0,,0,0,low_engagement
10018,balanced,organic,0.0,0,,0,0,low_engagement
10019,cautious,organic,0.0,0,,0,0,low_engagement
10020,cautious,organic,0.0,0,,0,0,low_engagement
10021,aggressive,organic,0.0,0,,0,0,low_engagement
10022,cautious,organic,0.0,0,,0,0,low_engagement
10023,balanced,organic,0.0,0,,0,0,low_engagement
10024,balanced,organic,0.0,0,,0,0,low_engagement
10025,balanced,paid_search,0.0,0,,0,0,low_engagement
10027,aggressive,social,0.0,0,,0,0,low_engagement
10028,aggressive,organic,0.0,0,,0,0,low_engagement
10029,cautious,organic,0.0,0,,0,0,low_engagement
10030,cautious,organic,0.0,0,,0,0,low_engagement
10031,balanced,paid_search,0.0,0,,0,0,cash_rich_noninvestor
10032,balanced,paid_search,0.0,0,,0,0,cash_rich_noninvestor
10033,balanced,referral,0.0,0,,0,0,low_engagement
10034,balanced,social,0.0,0,,0,0,low_engagement
10035,cautious,paid_search,0.0,0,,0,0,low_engagement
10036,aggressive,social,0.0,0,,0,0,low_engagement
10037,cautious,organic,0.0,0,,0,0,low_engagement
10038,aggressive,bank_partner,0.0,0,,0,0,cash_rich_noninvestor
10039,cautious,bank_partner,0.0,0,,0,0,low_engagement
10041,balanced,paid_search,0.0,0,,0,0,low_engagement
10044,balanced,bank_partner,0.0,0,,0,0,low_engagement
10045,aggressive,referral,0.0,0,,0,0,low_engagement
10046,balanced,organic,0.0,0,,0,0,low_engagement
10048,balanced,social,0.0,0,,0,0,low_engagement
10049,balanced,paid_search,0.0,0,,0,0,low_engagement
10051,balanced,referral,0.0,0,,0,0,low_engagement
10052,cautious,organic,0.0,0,,0,0,low_engagement
10053,aggressive,organic,0.0,0,,0,0,low_engagement
10055,aggressive,social,0.0,0,,0,0,low_engagement
10056,cautious,social,0.0,0,,0,0,low_engagement
10057,balanced,social,0.0,0,,0,0,low_engagement
10058,cautious,bank_partner,0.0,0,,0,0,cash_rich_noninvestor
10059,balanced,paid_search,0.0,0,,0,0,low_engagement
10060,balanced,social,0.0,0,,0,0,low_engagement
10061,aggressive,social,0.0,0,,0,0,low_engagement
10062,aggressive,bank_partner,0.0,0,,0,0,cash_rich_noninvestor
10063,cautious,paid_search,0.0,0,,0,0,low_engagement
10064,balanced,referral,0.0,0,,0,0,low_engagement
10065,balanced,social,0.0,0,,0,0,low_engagement
10066,cautious,paid_search,0.0,0,,0,0,low_engagement
10067,cautious,referral,0.0,0,,0,0,low_engagement
10068,cautious,referral,0.0,0,,0,0,low_engagement
10070,cautious,organic,0.0,0,,0,0,low_engagement
10071,cautious,social,0.0,0,,0,0,low_engagement
10072,cautious,referral,0.0,0,,0,0,cash_rich_noninvestor
10073,balanced,social,0.0,0,,0,0,cash_rich_noninvestor
10074,cautious,referral,0.0,0,,0,0,low_engagement
10075,cautious,paid_search,0.0,0,,0,0,cash_rich_noninvestor
10076,cautious,paid_search,0.0,0,,0,0,low_engagement
10077,balanced,social,0.0,0,,0,0,cash_rich_noninvestor
10079,balanced,social,0.0,0,,0,0,cash_rich_noninvestor
10080,aggressive,paid_search,0.0,0,,0,0,low_engagement
10081,cautious,organic,0.0,0,,0,0,cash_rich_noninvestor
10082,aggressive,bank_partner,0.0,0,,0,0,low_engagement
10083,aggressive,bank_partner,0.0,0,,0,0,cash_rich_noninvestor
10084,aggressive,paid_search,0.0,0,,0,0,low_engagement
10085,aggressive,organic,0.0,0,,0,0,low_engagement
10087,aggressive,social,0.0,0,,0,0,low_engagement
10089,cautious,social,0.0,0,,0,0,low_engagement
10090,aggressive,paid_search,0.0,0,,0,0,low_engagement
10091,balanced,paid_search,0.0,0,,0,0,low_engagement
10092,aggressive,paid_search,0.0,0,,0,0,cash_rich_noninvestor
10093,cautious,organic,0.0,0,,0,0,low_engagement
10094,aggressive,paid_search,0.0,0,,0,0,cash_rich_noninvestor
10095,balanced,social,0.0,0,,0,0,low_engagement
10096,cautious,referral,0.0,0,,0,0,cash_rich_noninvestor
10097,balanced,paid_search,0.0,0,,0,0,low_engagement
10098,balanced,social,0.0,0,,0,0,low_engagement
10099,balanced,organic,0.0,0,,0,0,low_engagement
10101,cautious,paid_search,0.0,0,,0,0,low_engagement
10102,cautious,bank_partner,0.0,0,,0,0,low_engagement
10103,balanced,organic,0.0,0,,0,0,low_engagement
10105,cautious,bank_partner,0.0,0,,0,0,low_engagement
10106,balanced,bank_partner,0.0,0,,0,0,low_engagement
10107,aggressive,bank_partner,0.0,0,,0,0,low_engagement
10109,balanced,paid_search,0.0,0,,0,0,low_engagement
10110,balanced,organic,0.0,0,,0,0,low_engagement
10111,cautious,organic,0.0,0,,0,0,low_engagement
10112,cautious,social,0.0,0,,0,0,low_engagement
10113,balanced,social,0.0,0,,0,0,cash_rich_noninvestor
10115,cautious,organic,0.0,0,,0,0,low_engagement
10116,aggressive,social,0.0,0,,0,0,low_engagement
10117,cautious,referral,0.0,0,,0,0,low_engagement
10118,aggressive,organic,0.0,0,,0,0,cash_rich_noninvestor
10119,balanced,bank_partner,0.0,0,,0,0,low_engagement
10120,cautious,paid_search,0.0,0,,0,0,low_engagement
10121,balanced,organic,0.0,0,,0,0,low_engagement
10122,cautious,organic,0.0,0,,0,0,low_engagement
10123,balanced,social,0.0,0,,0,0,low_engagement
10124,cautious,paid_search,0.0,0,,0,0,low_engagement
10125,balanced,organic,0.0,0,,0,0,low_engagement
10126,balanced,paid_search,0.0,0,,0,0,low_engagement
10127,balanced,organic,0.0,0,,0,0,cash_rich_noninvestor
10129,balanced,social,0.0,0,,0,0,low_engagement
10130,cautious,social,0.0,0,,0,0,cash_rich_noninvestor
10131,cautious,social,0.0,0,,0,0,cash_rich_noninvestor
10132,balanced,social,0.0,0,,0,0,low_engagement
10133,balanced,paid_search,0.0,0,,0,0,low_engagement
10134,cautious,organic,0.0,0,,0,0,low_engagement
10136,balanced,paid_search,0.0,0,,0,0,cash_rich_noninvestor
10137,balanced,referral,0.0,0,,0,0,low_engagement
10138,cautious,paid_search,0.0,0,,0,0,low_engagement
10139,balanced,organic,0.0,0,,0,0,low_engagement
10140,cautious,organic,0.0,0,,0,0,low_engagement
10141,aggressive,bank_partner,0.0,0,,0,0,low_engagement
10142,cautious,organic,0.0,0,,0,0,cash_rich_noninvestor
10143,balanced,paid_search,0.0,0,,0,0,low_engagement
10144,cautious,bank_partner,0.0,0,,0,0,low_engagement
10145,balanced,organic,0.0,0,,0,0,low_engagement
10146,aggressive,social,0.0,0,,0,0,low_engagement
10147,balanced,bank_partner,0.0,0,,0,0,low_engagement
10148,aggressive,organic,0.0,0,,0,0,low_engagement
10149,balanced,bank_partner,0.0,0,,0,0,low_engagement
10150,balanced,bank_partner,0.0,0,,0,0,low_engagement
10151,balanced,organic,0.0,0,,0,0,low_engagement
10152,aggressive,organic,0.0,0,,0,0,cash_rich_noninvestor
10153,balanced,bank_partner,0.0,0,,0,0,cash_rich_noninvestor
10154,balanced,paid_search,0.0,0,,0,0,low_engagement
10155,balanced,paid_search,0.0,0,,0,0,low_engagement
10156,balanced,social,0.0,0,,0,0,low_engagement
10157,balanced,social,0.0,0,,0,0,low_engagement
10158,aggressive,referral,0.0,0,,0,0,low_engagement
10159,balanced,referral,0.0,0,,0,0,low_engagement
10160,balanced,paid_search,0.0,0,,0,0,low_engagement
10161,cautious,paid_search,0.0,0,,0,0,cash_rich_noninvestor
10162,cautious,organic,0.0,0,,0,0,low_engagement
10163,balanced,social,0.0,0,,0,0,low_engagement
10164,cautious,bank_partner,0.0,0,,0,0,low_engagement
10165,cautious,referral,0.0,0,,0,0,low_engagement
10166,cautious,paid_search,0.0,0,,0,0,low_engagement
10167,balanced,paid_search,0.0,0,,0,0,low_engagement
10168,aggressive,social,0.0,0,,0,0,low_engagement
10169,cautious,organic,0.0,0,,0,0,low_engagement
10170,balanced,paid_search,0.0,0,,0,0,low_engagement
10171,balanced,organic,0.0,0,,0,0,low_engagement
10172,aggressive,paid_search,0.0,0,,0,0,cash_rich_noninvestor
10173,balanced,organic,0.0,0,,0,0,cash_rich_noninvestor
10174,cautious,organic,0.0,0,,0,0,cash_rich_noninvestor
10175,aggressive,organic,0.0,0,,0,0,low_engagement
10176,cautious,paid_search,0.0,0,,0,0,low_engagement
10177,cautious,paid_search,0.0,0,,0,0,low_engagement
10178,aggressive,bank_partner,0.0,0,,0,0,low_engagement
10179,cautious,organic,0.0,0,,0,0,low_engagement
10181,cautious,organic,0.0,0,,0,0,low_engagement
10182,balanced,social,0.0,0,,0,0,low_engagement
10183,balanced,social,0.0,0,,0,0,low_engagement
10184,cautious,paid_search,0.0,0,,0,0,low_engagement
10185,aggressive,social,0.0,0,,0,0,cash_rich_noninvestor
10186,cautious,organic,0.0,0,,0,0,cash_rich_noninvestor
10187,cautious,social,0.0,0,,0,0,cash_rich_noninvestor
10188,balanced,bank_partner,0.0,0,,0,0,low_engagement
10189,cautious,referral,0.0,0,,0,0,low_engagement
10190,cautious,organic,0.0,0,,0,0,low_engagement
10191,balanced,referral,0.0,0,,0,0,low_engagement
10192,balanced,paid_search,0.0,0,,0,0,low_engagement
10193,balanced,organic,0.0,0,,0,0,low_engagement
10194,balanced,organic,0.0,0,,0,0,low_engagement
10195,aggressive,bank_partner,0.0,0,,0,0,low_engagement
10196,cautious,organic,0.0,0,,0,0,low_engagement
10198,balanced,organic,0.0,0,,0,0,low_engagement
10199,cautious,paid_search,0.0,0,,0,0,low_engagement
10200,cautious,social,0.0,0,,0,0,cash_rich_noninvestor
10201,aggressive,organic,0.0,0,,0,0,low_engagement
10203,balanced,organic,0.0,0,,0,0,low_engagement
10204,balanced,referral,0.0,0,,0,0,low_engagement
10205,balanced,organic,0.0,0,,0,0,low_engagement
10206,balanced,referral,0.0,0,,0,0,low_engagement
10207,aggressive,bank_partner,0.0,0,,0,0,low_engagement
10208,aggressive,paid_search,0.0,0,,0,0,low_engagement
10209,aggressive,social,0.0,0,,0,0,cash_rich_noninvestor
10210,aggressive,referral,0.0,0,,0,0,cash_rich_noninvestor
10211,balanced,social,0.0,0,,0,0,cash_rich_noninvestor
10213,balanced,bank_partner,0.0,0,,0,0,low_engagement
10214,aggressive,social,0.0,0,,0,0,low_engagement
10215,balanced,social,0.0,0,,0,0,low_engagement
10217,aggressive,organic,0.0,0,,0,0,low_engagement
10218,balanced,bank_partner,0.0,0,,0,0,low_engagement
10219,cautious,referral,0.0,0,,0,0,low_engagement
10220,aggressive,bank_partner,0.0,0,,0,0,low_engagement
10221,aggressive,organic,0.0,0,,0,0,low_engagement
10222,cautious,referral,0.0,0,,0,0,cash_rich_noninvestor
10224,cautious,organic,0.0,0,,0,0,low_engagement
10225,balanced,paid_search,0.0,0,,0,0,low_engagement
10226,cautious,bank_partner,0.0,0,,0,0,cash_rich_noninvestor
10227,balanced,social,0.0,0,,0,0,low_engagement
10228,balanced,referral,0.0,0,,0,0,low_engagement
10229,cautious,organic,0.0,0,,0,0,low_engagement
10230,balanced,paid_search,0.0,0,,0,0,low_engagement
10231,cautious,social,0.0,0,,0,0,low_engagement
10233,cautious,social,0.0,0,,0,0,low_engagement
10234,cautious,referral,0.0,0,,0,0,low_engagement
10235,cautious,referral,0.0,0,,0,0,low_engagement
10236,balanced,referral,0.0,0,,0,0,low_engagement
10237,cautious,paid_search,0.0,0,,0,0,low_engagement
10238,cautious,organic,0.0,0,,0,0,low_engagement
10239,balanced,organic,0.0,0,,0,0,cash_rich_noninvestor
10240,balanced,social,0.0,0,,0,0,low_engagement
10241,balanced,social,0.0,0,,0,0,low_engagement
10242,cautious,paid_search,0.0,0,,0,0,low_engagement
10243,balanced,bank_partner,0.0,0,,0,0,low_engagement
10244,aggressive,referral,0.0,0,,0,0,cash_rich_noninvestor
10245,cautious,referral,0.0,0,,0,0,cash_rich_noninvestor
10246,cautious,social,0.0,0,,0,0,low_engagement
10247,balanced,referral,0.0,0,,0,0,low_engagement
10249,cautious,bank_partner,0.0,0,,0,0,low_engagement
10250,balanced,paid_search,0.0,0,,0,0,low_engagement
10251,balanced,organic,0.0,0,,0,0,cash_rich_noninvestor
10252,balanced,organic,0.0,0,,0,0,cash_rich_noninvestor
10253,aggressive,social,0.0,0,,0,0,cash_rich_noninvestor
10254,cautious,bank_partner,0.0,0,,0,0,low_engagement
10255,balanced,paid_search,0.0,0,,0,0,low_engagement
10256,cautious,organic,0.0,0,,0,0,cash_rich_noninvestor
10257,aggressive,referral,0.0,0,,0,0,low_engagement
10258,aggressive,social,0.0,0,,0,0,low_engagement
10259,aggressive,organic,0.0,0,,0,0,low_engagement
10260,cautious,bank_partner,0.0,0,,0,0,cash_rich_noninvestor
10262,aggressive,social,0.0,0,,0,0,low_engagement
10263,aggressive,paid_search,0.0,0,,0,0,low_engagement
10264,balanced,paid_search,0.0,0,,0,0,low_engagement
10265,balanced,social,0.0,0,,0,0,low_engagement
10266,balanced,organic,0.0,0,,0,0,low_engagement
10267,aggressive,paid_search,0.0,0,,0,0,low_engagement
10268,aggressive,paid_search,0.0,0,,0,0,low_engagement
10269,cautious,paid_search,0.0,0,,0,0,low_engagement
10271,cautious,organic,0.0,0,,0,0,low_engagement
10272,balanced,bank_partner,0.0,0,,0,0,low_engagement
10273,cautious,referral,0.0,0,,0,0,low_engagement
10275,cautious,paid_search,0.0,0,,0,0,cash_rich_noninvestor
10277,cautious,organic,0.0,0,,0,0,low_engagement
10278,balanced,social,0.0,0,,0,0,low_engagement
10279,aggressive,social,0.0,0,,0,0,cash_rich_noninvestor
10280,cautious,organic,0.0,0,,0,0,low_engagement
10281,balanced,paid_search,0.0,0,,0,0,low_engagement
10282,balanced,organic,0.0,0,,0,0,low_engagement
10283,aggressive,bank_partner,0.0,0,,0,0,low_engagement
10284,balanced,social,0.0,0,,0,0,low_engagement
10285,balanced,bank_partner,0.0,0,,0,0,low_engagement
10286,balanced,paid_search,0.0,0,,0,0,low_engagement
10287,balanced,paid_search,0.0,0,,0,0,cash_rich_noninvestor
10288,balanced,bank_partner,0.0,0,,0,0,cash_rich_noninvestor
10289,cautious,organic,0.0,0,,0,0,low_engagement
10290,cautious,paid_search,0.0,0,,0,0,low_engagement
10291,balanced,social,0.0,0,,0,0,low_engagement
10292,balanced,organic,0.0,0,,0,0,low_engagement
10293,cautious,bank_partner,0.0,0,,0,0,cash_rich_noninvestor
10294,balanced,bank_partner,0.0,0,,0,0,low_engagement
10295,cautious,referral,0.0,0,,0,0,cash_rich_noninvestor
10296,cautious,referral,0.0,0,,0,0,low_engagement
10298,balanced,paid_search,0.0,0,,0,0,low_engagement
10299,balanced,organic,0.0,0,,0,0,low_engagement
10300,cautious,organic,0.0,0,,0,0,low_engagement
10301,cautious,organic,0.0,0,,0,0,low_engagement
10302,cautious,organic,0.0,0,,0,0,cash_rich_noninvestor
10303,cautious,social,0.0,0,,0,0,low_engagement
10304,aggressive,paid_search,0.0,0,,0,0,low_engagement
10306,cautious,organic,0.0,0,,0,0,low_engagement
10307,cautious,paid_search,0.0,0,,0,0,low_engagement
10308,cautious,organic,0.0,0,,0,0,low_engagement
10309,aggressive,social,0.0,0,,0,0,low_engagement
10310,cautious,bank_partner,0.0,0,,0,0,cash_rich_noninvestor
10311,cautious,social,0.0,0,,0,0,low_engagement
10312,balanced,paid_search,0.0,0,,0,0,cash_rich_noninvestor
10313,cautious,referral,0.0,0,,0,0,low_engagement
10316,aggressive,paid_search,0.0,0,,0,0,low_engagement
10317,cautious,social,0.0,0,,0,0,low_engagement
10318,balanced,paid_search,0.0,0,,0,0,low_engagement
10319,cautious,bank_partner,0.0,0,,0,0,low_engagement
10320,aggressive,organic,0.0,0,,0,0,low_engagement
10321,cautious,social,0.0,0,,0,0,cash_rich_noninvestor
10323,cautious,organic,0.0,0,,0,0,cash_rich_noninvestor
10325,cautious,paid_search,0.0,0,,0,0,low_engagement
10326,balanced,bank_partner,0.0,0,,0,0,low_engagement
10327,balanced,paid_search,0.0,0,,0,0,cash_rich_noninvestor
10328,balanced,bank_partner,0.0,0,,0,0,cash_rich_noninvestor
10329,aggressive,referral,0.0,0,,0,0,low_engagement
10330,cautious,social,0.0,0,,0,0,low_engagement
10331,cautious,paid_search,0.0,0,,0,0,low_engagement
10332,aggressive,social,0.0,0,,0,0,cash_rich_noninvestor
10333,balanced,paid_search,0.0,0,,0,0,low_engagement
10334,cautious,organic,0.0,0,,0,0,low_engagement
10336,balanced,paid_search,0.0,0,,0,0,low_engagement
10337,balanced,organic,0.0,0,,0,0,low_engagement
10338,cautious,social,0.0,0,,0,0,cash_rich_noninvestor
10339,balanced,organic,0.0,0,,0,0,low_engagement
10340,balanced,paid_search,0.0,0,,0,0,low_engagement
10341,aggressive,paid_search,0.0,0,,0,0,cash_rich_noninvestor
10342,cautious,organic,0.0,0,,0,0,low_engagement
10343,cautious,paid_search,0.0,0,,0,0,low_engagement
10344,balanced,referral,0.0,0,,0,0,cash_rich_noninvestor
10345,cautious,referral,0.0,0,,0,0,low_engagement
10346,balanced,bank_partner,0.0,0,,0,0,cash_rich_noninvestor
10347,cautious,social,0.0,0,,0,0,cash_rich_noninvestor
10348,aggressive,paid_search,0.0,0,,0,0,cash_rich_noninvestor
10349,aggressive,bank_partner,0.0,0,,0,0,cash_rich_noninvestor
10351,balanced,organic,0.0,0,,0,0,low_engagement
10352,balanced,referral,0.0,0,,0,0,cash_rich_noninvestor
10353,aggressive,organic,0.0,0,,0,0,low_engagement
10354,balanced,organic,0.0,0,,0,0,low_engagement
10355,cautious,referral,0.0,0,,0,0,cash_rich_noninvestor
10356,cautious,paid_search,0.0,0,,0,0,low_engagement
10357,cautious,referral,0.0,0,,0,0,low_engagement
10358,cautious,organic,0.0,0,,0,0,low_engagement
10359,balanced,organic,0.0,0,,0,0,low_engagement
10360,cautious,paid_search,0.0,0,,0,0,low_engagement
10362,aggressive,paid_search,0.0,0,,0,0,low_engagement
10363,balanced,organic,0.0,0,,0,0,low_engagement
10364,cautious,paid_search,0.0,0,,0,0,low_engagement
10365,balanced,paid_search,0.0,0,,0,0,low_engagement
10366,balanced,bank_partner,0.0,0,,0,0,cash_rich_noninvestor
10367,cautious,paid_search,0.0,0,,0,0,cash_rich_noninvestor
10368,balanced,social,0.0,0,,0,0,cash_rich_noninvestor
10369,cautious,organic,0.0,0,,0,0,low_engagement
10370,balanced,referral,0.0,0,,0,0,low_engagement
10371,balanced,paid_search,0.0,0,,0,0,low_engagement
10373,aggressive,organic,0.0,0,,0,0,low_engagement
10374,balanced,bank_partner,0.0,0,,0,0,low_engagement
10375,balanced,referral,0.0,0,,0,0,low_engagement
10376,balanced,organic,0.0,0,,0,0,low_engagement
10377,aggressive,organic,0.0,0,,0,0,cash_rich_noninvestor
10378,cautious,referral,0.0,0,,0,0,low_engagement
10379,balanced,paid_search,0.0,0,,0,0,low_engagement
10380,balanced,paid_search,0.0,0,,0,0,low_engagement
10381,balanced,organic,0.0,0,,0,0,cash_rich_noninvestor
10382,balanced,bank_partner,0.0,0,,0,0,cash_rich_noninvestor
10383,cautious,paid_search,0.0,0,,0,0,low_engagement
10384,balanced,organic,0.0,0,,0,0,low_engagement
10386,cautious,organic,0.0,0,,0,0,low_engagement
10387,aggressive,organic,0.0,0,,0,0,low_engagement
10388,cautious,bank_partner,0.0,0,,0,0,cash_rich_noninvestor
10389,cautious,paid_search,0.0,0,,0,0,low_engagement
10390,cautious,organic,0.0,0,,0,0,low_engagement
10391,aggressive,paid_search,0.0,0,,0,0,cash_rich_noninvestor
10392,balanced,paid_search,0.0,0,,0,0,cash_rich_noninvestor
10393,balanced,referral,0.0,0,,0,0,low_engagement
10394,cautious,organic,0.0,0,,0,0,low_engagement
10395,cautious,referral,0.0,0,,0,0,low_engagement
10396,aggressive,organic,0.0,0,,0,0,low_engagement
10398,cautious,social,0.0,0,,0,0,low_engagement
10399,balanced,referral,0.0,0,,0,0,cash_rich_noninvestor
10400,aggressive,referral,0.0,0,,0,0,low_engagement
10401,balanced,paid_search,0.0,0,,0,0,low_engagement
10402,cautious,referral,0.0,0,,0,0,cash_rich_noninvestor
10404,balanced,social,0.0,0,,0,0,low_engagement
10405,cautious,social,0.0,0,,0,0,cash_rich_noninvestor
10406,aggressive,organic,0.0,0,,0,0,low_engagement
10407,aggressive,bank_partner,0.0,0,,0,0,low_engagement
10408,cautious,referral,0.0,0,,0,0,low_engagement
10410,cautious,referral,0.0,0,,0,0,low_engagement
10411,balanced,referral,0.0,0,,0,0,cash_rich_noninvestor
10412,cautious,paid_search,0.0,0,,0,0,low_engagement
10413,cautious,organic,0.0,0,,0,0,low_engagement
10414,balanced,paid_search,0.0,0,,0,0,cash_rich_noninvestor
10415,cautious,social,0.0,0,,0,0,low_engagement
10416,balanced,bank_partner,0.0,0,,0,0,low_engagement
10417,aggressive,paid_search,0.0,0,,0,0,low_engagement
10418,balanced,organic,0.0,0,,0,0,low_engagement
10419,balanced,social,0.0,0,,0,0,low_engagement
10420,cautious,bank_partner,0.0,0,,0,0,low_engagement
10421,balanced,referral,0.0,0,,0,0,low_engagement
10422,balanced,social,0.0,0,,0,0,cash_rich_noninvestor
10423,balanced,organic,0.0,0,,0,0,low_engagement
10424,cautious,paid_search,0.0,0,,0,0,low_engagement
10425,balanced,paid_search,0.0,0,,0,0,low_engagement
10426,balanced,organic,0.0,0,,0,0,low_engagement
10427,balanced,bank_partner,0.0,0,,0,0,low_engagement
10428,cautious,social,0.0,0,,0,0,low_engagement
10429,balanced,paid_search,0.0,0,,0,0,low_engagement
10430,balanced,referral,0.0,0,,0,0,low_engagement
10431,cautious,organic,0.0,0,,0,0,low_engagement
10432,cautious,social,0.0,0,,0,0,cash_rich_noninvestor
10433,cautious,social,0.0,0,,0,0,low_engagement
10434,balanced,organic,0.0,0,,0,0,low_engagement
10435,balanced,organic,0.0,0,,0,0,low_engagement
10436,cautious,social,0.0,0,,0,0,low_engagement
10437,cautious,social,0.0,0,,0,0,low_engagement
10438,balanced,paid_search,0.0,0,,0,0,low_engagement
10439,balanced,referral,0.0,0,,0,0,low_engagement
10440,cautious,paid_search,0.0,0,,0,0,low_engagement
10442,balanced,organic,0.0,0,,0,0,low_engagement
10443,balanced,organic,0.0,0,,0,0,cash_rich_noninvestor
10444,cautious,paid_search,0.0,0,,0,0,low_engagement
10445,balanced,social,0.0,0,,0,0,cash_rich_noninvestor
10446,balanced,organic,0.0,0,,0,0,low_engagement
10447,cautious,organic,0.0,0,,0,0,low_engagement
10448,balanced,bank_partner,0.0,0,,0,0,low_engagement
10449,balanced,bank_partner,0.0,0,,0,0,low_engagement
10450,balanced,paid_search,0.0,0,,0,0,low_engagement
10451,balanced,organic,0.0,0,,0,0,low_engagement
10452,balanced,social,0.0,0,,0,0,cash_rich_noninvestor
10453,cautious,organic,0.0,0,,0,0,low_engagement
10454,cautious,social,0.0,0,,0,0,cash_rich_noninvestor
10455,cautious,paid_search,0.0,0,,0,0,low_engagement
10456,cautious,social,0.0,0,,0,0,low_engagement
10457,cautious,organic,0.0,0,,0,0,cash_rich_noninvestor
10458,aggressive,bank_partner,0.0,0,,0,0,cash_rich_noninvestor
10460,balanced,paid_search,0.0,0,,0,0,low_engagement
10461,cautious,referral,0.0,0,,0,0,low_engagement
10462,cautious,bank_partner,0.0,0,,0,0,low_engagement
10463,cautious,paid_search,0.0,0,,0,0,cash_rich_noninvestor
10464,balanced,organic,0.0,0,,0,0,low_engagement
10465,aggressive,social,0.0,0,,0,0,low_engagement
10467,aggressive,paid_search,0.0,0,,0,0,low_engagement
10468,cautious,organic,0.0,0,,0,0,low_engagement
10469,balanced,organic,0.0,0,,0,0,low_engagement
10470,balanced,social,0.0,0,,0,0,low_engagement
10471,balanced,paid_search,0.0,0,,0,0,low_engagement
10472,balanced,organic,0.0,0,,0,0,low_engagement
10474,balanced,referral,0.0,0,,0,0,low_engagement
10475,cautious,paid_search,0.0,0,,0,0,low_engagement
10476,balanced,paid_search,0.0,0,,0,0,low_engagement
10478,cautious,organic,0.0,0,,0,0,cash_rich_noninvestor
10479,cautious,referral,0.0,0,,0,0,low_engagement
10480,balanced,social,0.0,0,,0,0,cash_rich_noninvestor
10481,cautious,organic,0.0,0,,0,0,low_engagement
10483,balanced,referral,0.0,0,,0,0,low_engagement
10485,balanced,organic,0.0,0,,0,0,cash_rich_noninvestor
10486,balanced,organic,0.0,0,,0,0,low_engagement
10487,cautious,organic,0.0,0,,0,0,low_engagement
10488,balanced,organic,0.0,0,,0,0,low_engagement
10489,aggressive,bank_partner,0.0,0,,0,0,low_engagement
10490,cautious,paid_search,0.0,0,,0,0,low_engagement
10491,balanced,paid_search,0.0,0,,0,0,cash_rich_noninvestor
10492,cautious,paid_search,0.0,0,,0,0,low_engagement
10493,cautious,paid_search,0.0,0,,0,0,low_engagement
10494,balanced,paid_search,0.0,0,,0,0,low_engagement
10495,balanced,organic,0.0,0,,0,0,low_engagement
10496,cautious,organic,0.0,0,,0,0,low_engagement
10498,cautious,social,0.0,0,,0,0,cash_rich_noninvestor
10499,cautious,organic,0.0,0,,0,0,cash_rich_noninvestor
10500,aggressive,bank_partner,0.0,0,,0,0,low_engagement
10502,cautious,bank_partner,0.0,0,,0,0,low_engagement
10503,aggressive,paid_search,0.0,0,,0,0,low_engagement
10504,cautious,paid_search,0.0,0,,0,0,low_engagement
10505,cautious,social,0.0,0,,0,0,cash_rich_noninvestor
10506,balanced,paid_search,0.0,0,,0,0,low_engagement
10507,balanced,organic,0.0,0,,0,0,low_engagement
10508,cautious,bank_partner,0.0,0,,0,0,low_engagement
10510,cautious,referral,0.0,0,,0,0,low_engagement
10511,balanced,organic,0.0,0,,0,0,low_engagement
10512,balanced,organic,0.0,0,,0,0,low_engagement
10513,aggressive,social,0.0,0,,0,0,cash_rich_noninvestor
10514,cautious,social,0.0,0,,0,0,low_engagement
10516,balanced,bank_partner,0.0,0,,0,0,low_engagement
10517,balanced,referral,0.0,0,,0,0,cash_rich_noninvestor
10518,cautious,paid_search,0.0,0,,0,0,low_engagement
10519,cautious,paid_search,0.0,0,,0,0,cash_rich_noninvestor
10520,balanced,organic,0.0,0,,0,0,low_engagement
10521,balanced,organic,0.0,0,,0,0,low_engagement
10522,cautious,paid_search,0.0,0,,0,0,low_engagement
10524,cautious,paid_search,0.0,0,,0,0,cash_rich_noninvestor
10525,cautious,bank_partner,0.0,0,,0,0,low_engagement
10526,aggressive,paid_search,0.0,0,,0,0,low_engagement
10527,cautious,referral,0.0,0,,0,0,low_engagement
10528,aggressive,organic,0.0,0,,0,0,low_engagement
10529,cautious,social,0.0,0,,0,0,cash_rich_noninvestor
10530,balanced,paid_search,0.0,0,,0,0,low_engagement
10531,balanced,referral,0.0,0,,0,0,low_engagement
10532,balanced,paid_search,0.0,0,,0,0,low_engagement
10533,aggressive,paid_search,0.0,0,,0,0,low_engagement
10534,balanced,bank_partner,0.0,0,,0,0,low_engagement
10535,balanced,social,0.0,0,,0,0,low_engagement
10536,balanced,organic,0.0,0,,0,0,low_engagement
10537,aggressive,organic,0.0,0,,0,0,low_engagement
10538,balanced,paid_search,0.0,0,,0,0,cash_rich_noninvestor
10539,cautious,organic,0.0,0,,0,0,low_engagement
10540,balanced,paid_search,0.0,0,,0,0,cash_rich_noninvestor
10541,balanced,paid_search,0.0,0,,0,0,low_engagement
10542,balanced,referral,0.0,0,,0,0,low_engagement
10543,cautious,bank_partner,0.0,0,,0,0,low_engagement
10544,balanced,referral,0.0,0,,0,0,cash_rich_noninvestor
10545,balanced,organic,0.0,0,,0,0,low_engagement
10546,cautious,referral,0.0,0,,0,0,low_engagement
10547,cautious,bank_partner,0.0,0,,0,0,low_engagement
10548,aggressive,bank_partner,0.0,0,,0,0,cash_rich_noninvestor
10549,balanced,bank_partner,0.0,0,,0,0,low_engagement
10550,balanced,bank_partner,0.0,0,,0,0,low_engagement
10551,cautious,bank_partner,0.0,0,,0,0,low_engagement
10552,cautious,social,0.0,0,,0,0,low_engagement
10553,balanced,bank_partner,0.0,0,,0,0,low_engagement
10554,cautious,social,0.0,0,,0,0,low_engagement
10555,balanced,social,0.0,0,,0,0,low_engagement
10556,cautious,organic,0.0,0,,0,0,low_engagement
10557,balanced,referral,0.0,0,,0,0,low_engagement
10558,balanced,bank_partner,0.0,0,,0,0,low_engagement
10559,cautious,referral,0.0,0,,0,0,low_engagement
10560,balanced,social,0.0,0,,0,0,low_engagement
10561,cautious,organic,0.0,0,,0,0,cash_rich_noninvestor
10562,cautious,bank_partner,0.0,0,,0,0,low_engagement
10563,balanced,referral,0.0,0,,0,0,low_engagement
10564,cautious,referral,0.0,0,,0,0,low_engagement
10565,aggressive,referral,0.0,0,,0,0,low_engagement
10566,cautious,organic,0.0,0,,0,0,low_engagement
10567,cautious,bank_partner,0.0,0,,0,0,low_engagement
10568,cautious,organic,0.0,0,,0,0,cash_rich_noninvestor
10569,balanced,social,0.0,0,,0,0,low_engagement
10570,cautious,paid_search,0.0,0,,0,0,low_engagement
10571,cautious,organic,0.0,0,,0,0,low_engagement
10573,cautious,organic,0.0,0,,0,0,low_engagement
10574,cautious,referral,0.0,0,,0,0,low_engagement
10575,balanced,referral,0.0,0,,0,0,low_engagement
10576,cautious,paid_search,0.0,0,,0,0,low_engagement
10577,balanced,social,0.0,0,,0,0,low_engagement
10579,balanced,bank_partner,0.0,0,,0,0,cash_rich_noninvestor
10580,aggressive,social,0.0,0,,0,0,low_engagement
10581,cautious,bank_partner,0.0,0,,0,0,low_engagement
10582,cautious,social,0.0,0,,0,0,low_engagement
10583,balanced,social,0.0,0,,0,0,low_engagement
10584,cautious,organic,0.0,0,,0,0,low_engagement
10585,cautious,organic,0.0,0,,0,0,low_engagement
10586,balanced,referral,0.0,0,,0,0,low_engagement
10588,aggressive,social,0.0,0,,0,0,cash_rich_noninvestor
10589,balanced,bank_partner,0.0,0,,0,0,low_engagement
10592,balanced,organic,0.0,0,,0,0,cash_rich_noninvestor
10594,aggressive,social,0.0,0,,0,0,cash_rich_noninvestor
10595,balanced,paid_search,0.0,0,,0,0,cash_rich_noninvestor
10596,balanced,bank_partner,0.0,0,,0,0,low_engagement
10597,aggressive,organic,0.0,0,,0,0,low_engagement
10598,cautious,referral,0.0,0,,0,0,low_engagement
10599,balanced,paid_search,0.0,0,,0,0,cash_rich_noninvestor
10600,balanced,organic,0.0,0,,0,0,low_engagement
10601,balanced,social,0.0,0,,0,0,low_engagement
10603,aggressive,paid_search,0.0,0,,0,0,low_engagement
10604,aggressive,social,0.0,0,,0,0,low_engagement
10606,cautious,organic,0.0,0,,0,0,low_engagement
10607,cautious,referral,0.0,0,,0,0,low_engagement
10608,cautious,social,0.0,0,,0,0,cash_rich_noninvestor
10610,cautious,paid_search,0.0,0,,0,0,low_engagement
10611,cautious,referral,0.0,0,,0,0,low_engagement
10612,balanced,referral,0.0,0,,0,0,low_engagement
10613,balanced,social,0.0,0,,0,0,low_engagement
10614,cautious,organic,0.0,0,,0,0,low_engagement
10615,cautious,referral,0.0,0,,0,0,cash_rich_noninvestor
10616,aggressive,social,0.0,0,,0,0,low_engagement
10617,aggressive,organic,0.0,0,,0,0,low_engagement
10619,balanced,bank_partner,0.0,0,,0,0,low_engagement
10620,balanced,organic,0.0,0,,0,0,low_engagement
10621,balanced,bank_partner,0.0,0,,0,0,low_engagement
10622,aggressive,organic,0.0,0,,0,0,low_engagement
10623,balanced,social,0.0,0,,0,0,low_engagement
10624,balanced,paid_search,0.0,0,,0,0,cash_rich_noninvestor
10625,balanced,paid_search,0.0,0,,0,0,low_engagement
10626,cautious,social,0.0,0,,0,0,low_engagement
10627,cautious,organic,0.0,0,,0,0,cash_rich_noninvestor
10628,cautious,social,0.0,0,,0,0,low_engagement
10629,cautious,bank_partner,0.0,0,,0,0,cash_rich_noninvestor
10630,cautious,referral,0.0,0,,0,0,low_engagement
10631,balanced,referral,0.0,0,,0,0,low_engagement
10632,balanced,paid_search,0.0,0,,0,0,low_engagement
10633,cautious,paid_search,0.0,0,,0,0,low_engagement
10634,balanced,social,0.0,0,,0,0,low_engagement
10635,balanced,organic,0.0,0,,0,0,cash_rich_noninvestor
10636,aggressive,organic,0.0,0,,0,0,low_engagement
10637,aggressive,social,0.0,0,,0,0,cash_rich_noninvestor
10640,balanced,organic,0.0,0,,0,0,low_engagement
10641,balanced,paid_search,0.0,0,,0,0,low_engagement
10642,balanced,paid_search,0.0,0,,0,0,low_engagement
10645,aggressive,social,0.0,0,,0,0,low_engagement
10646,aggressive,bank_partner,0.0,0,,0,0,low_engagement
10647,cautious,social,0.0,0,,0,0,low_engagement
10648,aggressive,paid_search,0.0,0,,0,0,cash_rich_noninvestor
10649,balanced,paid_search,0.0,0,,0,0,low_engagement
10650,cautious,paid_search,0.0,0,,0,0,low_engagement
10651,cautious,bank_partner,0.0,0,,0,0,low_engagement
10653,cautious,paid_search,0.0,0,,0,0,low_engagement
10654,balanced,referral,0.0,0,,0,0,low_engagement
10655,balanced,organic,0.0,0,,0,0,cash_rich_noninvestor
10656,cautious,paid_search,0.0,0,,0,0,cash_rich_noninvestor
10657,cautious,paid_search,0.0,0,,0,0,cash_rich_noninvestor
10659,balanced,paid_search,0.0,0,,0,0,low_engagement
10660,balanced,social,0.0,0,,0,0,low_engagement
10661,cautious,bank_partner,0.0,0,,0,0,low_engagement
10663,balanced,paid_search,0.0,0,,0,0,cash_rich_noninvestor
10665,cautious,social,0.0,0,,0,0,low_engagement
10666,balanced,organic,0.0,0,,0,0,low_engagement
10667,balanced,paid_search,0.0,0,,0,0,low_engagement
10668,aggressive,social,0.0,0,,0,0,low_engagement
10669,balanced,social,0.0,0,,0,0,cash_rich_noninvestor
10671,cautious,paid_search,0.0,0,,0,0,cash_rich_noninvestor
10672,balanced,social,0.0,0,,0,0,low_engagement
10673,aggressive,paid_search,0.0,0,,0,0,low_engagement
10674,cautious,bank_partner,0.0,0,,0,0,low_engagement
10675,cautious,social,0.0,0,,0,0,cash_rich_noninvestor
10676,cautious,social,0.0,0,,0,0,low_engagement
10677,balanced,organic,0.0,0,,0,0,cash_rich_noninvestor
10678,balanced,referral,0.0,0,,0,0,cash_rich_noninvestor
10679,aggressive,social,0.0,0,,0,0,cash_rich_noninvestor
10680,cautious,organic,0.0,0,,0,0,low_engagement
10681,balanced,organic,0.0,0,,0,0,low_engagement
10682,balanced,referral,0.0,0,,0,0,cash_rich_noninvestor
10683,balanced,organic,0.0,0,,0,0,low_engagement
10684,balanced,organic,0.0,0,,0,0,cash_rich_noninvestor
10685,aggressive,organic,0.0,0,,0,0,low_engagement
10686,balanced,referral,0.0,0,,0,0,low_engagement
10687,aggressive,social,0.0,0,,0,0,low_engagement
10688,balanced,organic,0.0,0,,0,0,cash_rich_noninvestor
10691,balanced,referral,0.0,0,,0,0,low_engagement
10693,balanced,social,0.0,0,,0,0,cash_rich_noninvestor
10694,aggressive,paid_search,0.0,0,,0,0,cash_rich_noninvestor
10695,cautious,referral,0.0,0,,0,0,cash_rich_noninvestor
10696,cautious,paid_search,0.0,0,,0,0,low_engagement
10697,balanced,organic,0.0,0,,0,0,low_engagement
10698,balanced,bank_partner,0.0,0,,0,0,low_engagement
10699,balanced,bank_partner,0.0,0,,0,0,low_engagement
10701,cautious,paid_search,0.0,0,,0,0,low_engagement
10702,cautious,social,0.0,0,,0,0,low_engagement
10703,aggressive,social,0.0,0,,0,0,low_engagement
10704,cautious,social,0.0,0,,0,0,cash_rich_noninvestor
10705,cautious,organic,0.0,0,,0,0,cash_rich_noninvestor
10706,cautious,referral,0.0,0,,0,0,cash_rich_noninvestor
10707,balanced,paid_search,0.0,0,,0,0,low_engagement
10708,balanced,paid_search,0.0,0,,0,0,cash_rich_noninvestor
10709,balanced,paid_search,0.0,0,,0,0,cash_rich_noninvestor
10710,cautious,organic,0.0,0,,0,0,low_engagement
10712,cautious,organic,0.0,0,,0,0,cash_rich_noninvestor
10713,cautious,social,0.0,0,,0,0,low_engagement
10715,balanced,paid_search,0.0,0,,0,0,cash_rich_noninvestor
10716,cautious,organic,0.0,0,,0,0,low_engagement
10717,balanced,referral,0.0,0,,0,0,low_engagement
10718,cautious,organic,0.0,0,,0,0,low_engagement
10719,cautious,organic,0.0,0,,0,0,cash_rich_noninvestor
10721,cautious,social,0.0,0,,0,0,low_engagement
10722,balanced,organic,0.0,0,,0,0,low_engagement
10724,aggressive,referral,0.0,0,,0,0,low_engagement
10725,balanced,social,0.0,0,,0,0,low_engagement
10727,aggressive,organic,0.0,0,,0,0,low_engagement
10728,cautious,organic,0.0,0,,0,0,low_engagement
10729,cautious,referral,0.0,0,,0,0,low_engagement
10730,cautious,organic,0.0,0,,0,0,cash_rich_noninvestor
10731,cautious,organic,0.0,0,,0,0,low_engagement
10732,cautious,social,0.0,0,,0,0,low_engagement
10734,balanced,organic,0.0,0,,0,0,low_engagement
10736,balanced,social,0.0,0,,0,0,low_engagement
10737,cautious,organic,0.0,0,,0,0,low_engagement
10738,balanced,paid_search,0.0,0,,0,0,low_engagement
10739,cautious,organic,0.0,0,,0,0,low_engagement
10742,cautious,paid_search,0.0,0,,0,0,low_engagement
10743,aggressive,referral,0.0,0,,0,0,low_engagement
10744,balanced,paid_search,0.0,0,,0,0,low_engagement
10745,balanced,paid_search,0.0,0,,0,0,low_engagement
10746,cautious,social,0.0,0,,0,0,low_engagement
10747,aggressive,organic,0.0,0,,0,0,low_engagement
10748,cautious,organic,0.0,0,,0,0,low_engagement
10749,aggressive,paid_search,0.0,0,,0,0,cash_rich_noninvestor
10750,aggressive,referral,0.0,0,,0,0,cash_rich_noninvestor
10752,balanced,bank_partner,0.0,0,,0,0,low_engagement
10753,cautious,paid_search,0.0,0,,0,0,low_engagement
10754,aggressive,bank_partner,0.0,0,,0,0,low_engagement
10755,aggressive,paid_search,0.0,0,,0,0,low_engagement
10756,aggressive,paid_search,0.0,0,,0,0,low_engagement
10757,aggressive,bank_partner,0.0,0,,0,0,low_engagement
10759,balanced,social,0.0,0,,0,0,low_engagement
10760,cautious,paid_search,0.0,0,,0,0,low_engagement
10761,balanced,bank_partner,0.0,0,,0,0,low_engagement
10762,balanced,referral,0.0,0,,0,0,low_engagement
10763,cautious,organic,0.0,0,,0,0,low_engagement
10764,cautious,paid_search,0.0,0,,0,0,low_engagement
10765,balanced,organic,0.0,0,,0,0,low_engagement
10766,aggressive,social,0.0,0,,0,0,low_engagement
10767,cautious,organic,0.0,0,,0,0,low_engagement
10768,balanced,bank_partner,0.0,0,,0,0,low_engagement
10769,cautious,referral,0.0,0,,0,0,low_engagement
10770,cautious,paid_search,0.0,0,,0,0,cash_rich_noninvestor
10771,balanced,social,0.0,0,,0,0,low_engagement
10772,balanced,paid_search,0.0,0,,0,0,low_engagement
10774,cautious,referral,0.0,0,,0,0,cash_rich_noninvestor
10775,cautious,organic,0.0,0,,0,0,cash_rich_noninvestor
10776,balanced,referral,0.0,0,,0,0,low_engagement
10777,balanced,organic,0.0,0,,0,0,low_engagement
10778,aggressive,social,0.0,0,,0,0,low_engagement
10779,balanced,social,0.0,0,,0,0,low_engagement
10780,aggressive,paid_search,0.0,0,,0,0,cash_rich_noninvestor
10781,balanced,organic,0.0,0,,0,0,low_engagement
10782,cautious,paid_search,0.0,0,,0,0,low_engagement
10783,balanced,paid_search,0.0,0,,0,0,cash_rich_noninvestor
10785,aggressive,social,0.0,0,,0,0,low_engagement
10786,aggressive,social,0.0,0,,0,0,low_engagement
10787,cautious,organic,0.0,0,,0,0,low_engagement
10788,aggressive,bank_partner,0.0,0,,0,0,low_engagement
10789,aggressive,paid_search,0.0,0,,0,0,low_engagement
10790,balanced,organic,0.0,0,,0,0,low_engagement
10791,aggressive,referral,0.0,0,,0,0,cash_rich_noninvestor
10792,balanced,social,0.0,0,,0,0,low_engagement
10793,cautious,paid_search,0.0,0,,0,0,low_engagement
10795,aggressive,referral,0.0,0,,0,0,cash_rich_noninvestor
10797,balanced,organic,0.0,0,,0,0,cash_rich_noninvestor
10798,balanced,paid_search,0.0,0,,0,0,low_engagement
10799,cautious,organic,0.0,0,,0,0,low_engagement
10800,cautious,bank_partner,0.0,0,,0,0,low_engagement
10801,balanced,bank_partner,0.0,0,,0,0,low_engagement
10803,balanced,social,0.0,0,,0,0,low_engagement
10804,cautious,social,0.0,0,,0,0,low_engagement
10805,balanced,organic,0.0,0,,0,0,low_engagement
10806,aggressive,social,0.0,0,,0,0,low_engagement
10807,balanced,organic,0.0,0,,0,0,low_engagement
10808,balanced,social,0.0,0,,0,0,low_engagement
10809,aggressive,organic,0.0,0,,0,0,low_engagement
10810,cautious,organic,0.0,0,,0,0,low_engagement
10811,cautious,social,0.0,0,,0,0,low_engagement
10812,balanced,organic,0.0,0,,0,0,cash_rich_noninvestor
10813,balanced,organic,0.0,0,,0,0,low_engagement
10814,cautious,bank_partner,0.0,0,,0,0,low_engagement
10815,balanced,organic,0.0,0,,0,0,cash_rich_noninvestor
10816,cautious,organic,0.0,0,,0,0,low_engagement
10817,balanced,paid_search,0.0,0,,0,0,cash_rich_noninvestor
10818,balanced,referral,0.0,0,,0,0,cash_rich_noninvestor
10819,balanced,referral,0.0,0,,0,0,low_engagement
10820,aggressive,social,0.0,0,,0,0,low_engagement
10821,aggressive,social,0.0,0,,0,0,cash_rich_noninvestor
10822,aggressive,paid_search,0.0,0,,0,0,low_engagement
10823,cautious,organic,0.0,0,,0,0,low_engagement
10824,balanced,organic,0.0,0,,0,0,low_engagement
10825,balanced,paid_search,0.0,0,,0,0,low_engagement
10826,balanced,organic,0.0,0,,0,0,cash_rich_noninvestor
10827,aggressive,organic,0.0,0,,0,0,cash_rich_noninvestor
10828,balanced,organic,0.0,0,,0,0,low_engagement
10830,balanced,paid_search,0.0,0,,0,0,low_engagement
10831,cautious,bank_partner,0.0,0,,0,0,cash_rich_noninvestor
10832,cautious,paid_search,0.0,0,,0,0,cash_rich_noninvestor
10833,balanced,organic,0.0,0,,0,0,low_engagement
10834,cautious,organic,0.0,0,,0,0,low_engagement
10835,balanced,bank_partner,0.0,0,,0,0,low_engagement
10836,cautious,paid_search,0.0,0,,0,0,low_engagement
10837,balanced,paid_search,0.0,0,,0,0,low_engagement
10838,balanced,organic,0.0,0,,0,0,cash_rich_noninvestor
10839,cautious,organic,0.0,0,,0,0,low_engagement
10840,cautious,social,0.0,0,,0,0,low_engagement
10841,cautious,paid_search,0.0,0,,0,0,low_engagement
10842,cautious,social,0.0,0,,0,0,low_engagement
10843,cautious,social,0.0,0,,0,0,low_engagement
10844,cautious,organic,0.0,0,,0,0,low_engagement
10846,balanced,organic,0.0,0,,0,0,low_engagement
10847,cautious,organic,0.0,0,,0,0,low_engagement
10848,cautious,paid_search,0.0,0,,0,0,low_engagement
10849,cautious,paid_search,0.0,0,,0,0,low_engagement
10851,cautious,social,0.0,0,,0,0,cash_rich_noninvestor
10852,aggressive,paid_search,0.0,0,,0,0,cash_rich_noninvestor
10853,balanced,social,0.0,0,,0,0,cash_rich_noninvestor
10854,balanced,organic,0.0,0,,0,0,low_engagement
10855,balanced,referral,0.0,0,,0,0,cash_rich_noninvestor
10856,cautious,paid_search,0.0,0,,0,0,cash_rich_noninvestor
10857,aggressive,paid_search,0.0,0,,0,0,low_engagement
10858,balanced,bank_partner,0.0,0,,0,0,cash_rich_noninvestor
10859,balanced,organic,0.0,0,,0,0,low_engagement
10860,cautious,organic,0.0,0,,0,0,low_engagement
10861,aggressive,referral,0.0,0,,0,0,low_engagement
10862,balanced,referral,0.0,0,,0,0,cash_rich_noninvestor
10863,balanced,social,0.0,0,,0,0,low_engagement
10864,cautious,bank_partner,0.0,0,,0,0,low_engagement
10865,balanced,organic,0.0,0,,0,0,low_engagement
10866,balanced,organic,0.0,0,,0,0,low_engagement
10867,cautious,organic,0.0,0,,0,0,low_engagement
10868,balanced,organic,0.0,0,,0,0,low_engagement
10869,cautious,organic,0.0,0,,0,0,low_engagement
10871,balanced,social,0.0,0,,0,0,low_engagement
10872,cautious,referral,0.0,0,,0,0,low_engagement
10873,cautious,social,0.0,0,,0,0,low_engagement
10874,aggressive,referral,0.0,0,,0,0,low_engagement
10875,balanced,bank_partner,0.0,0,,0,0,low_engagement
10876,balanced,organic,0.0,0,,0,0,low_engagement
10877,balanced,organic,0.0,0,,0,0,cash_rich_noninvestor
10879,balanced,paid_search,0.0,0,,0,0,low_engagement
10880,cautious,organic,0.0,0,,0,0,low_engagement
10883,balanced,social,0.0,0,,0,0,low_engagement
10884,balanced,social,0.0,0,,0,0,low_engagement
10886,cautious,paid_search,0.0,0,,0,0,low_engagement
10887,balanced,paid_search,0.0,0,,0,0,low_engagement
10888,cautious,referral,0.0,0,,0,0,low_engagement
10889,aggressive,paid_search,0.0,0,,0,0,low_engagement
10890,aggressive,social,0.0,0,,0,0,low_engagement
10892,balanced,bank_partner,0.0,0,,0,0,low_engagement
10894,cautious,organic,0.0,0,,0,0,low_engagement
10895,balanced,organic,0.0,0,,0,0,low_engagement
10896,cautious,social,0.0,0,,0,0,low_engagement
10898,balanced,social,0.0,0,,0,0,low_engagement
10899,aggressive,referral,0.0,0,,0,0,low_engagement
10900,balanced,social,0.0,0,,0,0,low_engagement
10901,aggressive,paid_search,0.0,0,,0,0,cash_rich_noninvestor
10902,cautious,organic,0.0,0,,0,0,low_engagement
10903,cautious,social,0.0,0,,0,0,low_engagement
10904,balanced,organic,0.0,0,,0,0,low_engagement
10906,balanced,referral,0.0,0,,0,0,low_engagement
10907,cautious,referral,0.0,0,,0,0,cash_rich_noninvestor
10908,balanced,organic,0.0,0,,0,0,cash_rich_noninvestor
10909,cautious,social,0.0,0,,0,0,low_engagement
10910,aggressive,organic,0.0,0,,0,0,low_engagement
10911,cautious,social,0.0,0,,0,0,low_engagement
10912,aggressive,organic,0.0,0,,0,0,low_engagement
10913,balanced,paid_search,0.0,0,,0,0,low_engagement
10914,balanced,organic,0.0,0,,0,0,low_engagement
10915,balanced,paid_search,0.0,0,,0,0,cash_rich_noninvestor
10916,balanced,referral,0.0,0,,0,0,low_engagement
10918,balanced,paid_search,0.0,0,,0,0,low_engagement
10919,balanced,social,0.0,0,,0,0,low_engagement
10920,balanced,referral,0.0,0,,0,0,low_engagement
10921,balanced,paid_search,0.0,0,,0,0,cash_rich_noninvestor
10922,aggressive,bank_partner,0.0,0,,0,0,low_engagement
10923,aggressive,referral,0.0,0,,0,0,low_engagement
10924,balanced,organic,0.0,0,,0,0,low_engagement
10925,balanced,paid_search,0.0,0,,0,0,low_engagement
10926,balanced,organic,0.0,0,,0,0,low_engagement
10928,cautious,organic,0.0,0,,0,0,low_engagement
10929,cautious,social,0.0,0,,0,0,low_engagement
10931,aggressive,referral,0.0,0,,0,0,low_engagement
10935,cautious,paid_search,0.0,0,,0,0,low_engagement
10936,aggressive,organic,0.0,0,,0,0,low_engagement
10938,aggressive,social,0.0,0,,0,0,low_engagement
10940,aggressive,social,0.0,0,,0,0,low_engagement
10941,balanced,bank_partner,0.0,0,,0,0,low_engagement
10942,balanced,social,0.0,0,,0,0,low_engagement
10944,balanced,paid_search,0.0,0,,0,0,low_engagement
10945,balanced,paid_search,0.0,0,,0,0,low_engagement
10946,balanced,organic,0.0,0,,0,0,low_engagement
10947,cautious,organic,0.0,0,,0,0,cash_rich_noninvestor
10948,cautious,paid_search,0.0,0,,0,0,low_engagement
10949,cautious,paid_search,0.0,0,,0,0,low_engagement
10950,cautious,bank_partner,0.0,0,,0,0,low_engagement
10951,balanced,organic,0.0,0,,0,0,low_engagement
10952,balanced,organic,0.0,0,,0,0,low_engagement
10954,balanced,referral,0.0,0,,0,0,low_engagement
10955,cautious,referral,0.0,0,,0,0,low_engagement
10956,balanced,referral,0.0,0,,0,0,low_engagement
10957,aggressive,paid_search,0.0,0,,0,0,low_engagement
10958,cautious,bank_partner,0.0,0,,0,0,low_engagement
10959,cautious,paid_search,0.0,0,,0,0,low_engagement
10960,cautious,social,0.0,0,,0,0,low_engagement
10962,aggressive,referral,0.0,0,,0,0,cash_rich_noninvestor
10963,aggressive,organic,0.0,0,,0,0,low_engagement
10964,aggressive,bank_partner,0.0,0,,0,0,low_engagement
10965,cautious,organic,0.0,0,,0,0,low_engagement
10966,balanced,paid_search,0.0,0,,0,0,low_engagement
10967,cautious,organic,0.0,0,,0,0,cash_rich_noninvestor
10968,aggressive,social,0.0,0,,0,0,low_engagement
10969,balanced,bank_partner,0.0,0,,0,0,cash_rich_noninvestor
10970,cautious,organic,0.0,0,,0,0,low_engagement
10971,balanced,paid_search,0.0,0,,0,0,low_engagement
10972,balanced,organic,0.0,0,,0,0,cash_rich_noninvestor
10973,aggressive,social,0.0,0,,0,0,low_engagement
10975,balanced,social,0.0,0,,0,0,cash_rich_noninvestor
10976,aggressive,social,0.0,0,,0,0,cash_rich_noninvestor
10977,cautious,paid_search,0.0,0,,0,0,low_engagement
10978,aggressive,paid_search,0.0,0,,0,0,cash_rich_noninvestor
10980,balanced,referral,0.0,0,,0,0,low_engagement
10981,cautious,paid_search,0.0,0,,0,0,low_engagement
10982,aggressive,referral,0.0,0,,0,0,low_engagement
10983,cautious,paid_search,0.0,0,,0,0,cash_rich_noninvestor
10984,aggressive,paid_search,0.0,0,,0,0,low_engagement
10986,cautious,organic,0.0,0,,0,0,low_engagement
10987,cautious,organic,0.0,0,,0,0,low_engagement
10988,balanced,referral,0.0,0,,0,0,low_engagement
10989,balanced,organic,0.0,0,,0,0,cash_rich_noninvestor
10990,cautious,organic,0.0,0,,0,0,cash_rich_noninvestor
10991,aggressive,social,0.0,0,,0,0,low_engagement
10992,balanced,referral,0.0,0,,0,0,low_engagement
10993,balanced,organic,0.0,0,,0,0,low_engagement
10994,balanced,bank_partner,0.0,0,,0,0,low_engagement
10995,cautious,organic,0.0,0,,0,0,low_engagement
10996,balanced,bank_partner,0.0,0,,0,0,cash_rich_noninvestor
10998,cautious,social,0.0,0,,0,0,low_engagement
10999,balanced,paid_search,0.0,0,,0,0,low_engagement
11000,cautious,bank_partner,0.0,0,,0,0,low_engagement
11002,cautious,referral,0.0,0,,0,0,low_engagement
11003,cautious,organic,0.0,0,,0,0,low_engagement
11004,balanced,paid_search,0.0,0,,0,0,low_engagement
11005,aggressive,referral,0.0,0,,0,0,cash_rich_noninvestor
11006,cautious,social,0.0,0,,0,0,cash_rich_noninvestor
11007,balanced,paid_search,0.0,0,,0,0,low_engagement
11008,balanced,social,0.0,0,,0,0,low_engagement
11009,cautious,paid_search,0.0,0,,0,0,cash_rich_noninvestor
11010,cautious,social,0.0,0,,0,0,low_engagement
11011,cautious,organic,0.0,0,,0,0,cash_rich_noninvestor
11012,cautious,referral,0.0,0,,0,0,low_engagement
11013,cautious,organic,0.0,0,,0,0,cash_rich_noninvestor
11014,balanced,bank_partner,0.0,0,,0,0,low_engagement
11015,balanced,referral,0.0,0,,0,0,low_engagement
11017,balanced,referral,0.0,0,,0,0,low_engagement
11018,balanced,social,0.0,0,,0,0,low_engagement
11019,cautious,paid_search,0.0,0,,0,0,low_engagement
11020,balanced,social,0.0,0,,0,0,low_engagement
11021,cautious,referral,0.0,0,,0,0,low_engagement
11022,balanced,social,0.0,0,,0,0,low_engagement
11023,balanced,social,0.0,0,,0,0,low_engagement
11024,balanced,paid_search,0.0,0,,0,0,low_engagement
11025,balanced,bank_partner,0.0,0,,0,0,low_engagement
11027,balanced,social,0.0,0,,0,0,low_engagement
11028,balanced,organic,0.0,0,,0,0,low_engagement
11029,balanced,paid_search,0.0,0,,0,0,cash_rich_noninvestor
11030,balanced,social,0.0,0,,0,0,low_engagement
11031,cautious,paid_search,0.0,0,,0,0,cash_rich_noninvestor
11032,aggressive,organic,0.0,0,,0,0,low_engagement
11036,balanced,paid_search,0.0,0,,0,0,cash_rich_noninvestor
11037,cautious,referral,0.0,0,,0,0,cash_rich_noninvestor
11038,aggressive,paid_search,0.0,0,,0,0,low_engagement
11039,balanced,social,0.0,0,,0,0,low_engagement
11040,cautious,paid_search,0.0,0,,0,0,low_engagement
11041,cautious,paid_search,0.0,0,,0,0,low_engagement
11042,aggressive,paid_search,0.0,0,,0,0,cash_rich_noninvestor
11043,aggressive,organic,0.0,0,,0,0,low_engagement
11044,cautious,social,0.0,0,,0,0,low_engagement
11045,cautious,paid_search,0.0,0,,0,0,low_engagement
11047,balanced,social,0.0,0,,0,0,low_engagement
11049,aggressive,referral,0.0,0,,0,0,low_engagement
11050,cautious,paid_search,0.0,0,,0,0,cash_rich_noninvestor
11051,cautious,organic,0.0,0,,0,0,cash_rich_noninvestor
11052,aggressive,paid_search,0.0,0,,0,0,low_engagement
11053,cautious,organic,0.0,0,,0,0,low_engagement
11055,cautious,organic,0.0,0,,0,0,low_engagement
11056,cautious,paid_search,0.0,0,,0,0,low_engagement
11058,aggressive,bank_partner,0.0,0,,0,0,cash_rich_noninvestor
11059,balanced,bank_partner,0.0,0,,0,0,low_engagement
11060,cautious,paid_search,0.0,0,,0,0,low_engagement
11061,cautious,referral,0.0,0,,0,0,low_engagement
11062,balanced,social,0.0,0,,0,0,low_engagement
11063,balanced,referral,0.0,0,,0,0,low_engagement
11064,cautious,social,0.0,0,,0,0,low_engagement
11065,aggressive,social,0.0,0,,0,0,cash_rich_noninvestor
11066,cautious,organic,0.0,0,,0,0,cash_rich_noninvestor
11068,aggressive,referral,0.0,0,,0,0,cash_rich_noninvestor
11069,balanced,organic,0.0,0,,0,0,low_engagement
11070,cautious,social,0.0,0,,0,0,low_engagement
11071,balanced,organic,0.0,0,,0,0,low_engagement
11072,cautious,paid_search,0.0,0,,0,0,low_engagement
11073,balanced,referral,0.0,0,,0,0,cash_rich_noninvestor
11074,balanced,organic,0.0,0,,0,0,low_engagement
11075,aggressive,social,0.0,0,,0,0,cash_rich_noninvestor
11076,balanced,bank_partner,0.0,0,,0,0,low_engagement
11078,cautious,referral,0.0,0,,0,0,low_engagement
11079,balanced,referral,0.0,0,,0,0,low_engagement
11080,balanced,referral,0.0,0,,0,0,cash_rich_noninvestor
11081,aggressive,social,0.0,0,,0,0,low_engagement
11082,aggressive,bank_partner,0.0,0,,0,0,low_engagement
11083,cautious,referral,0.0,0,,0,0,low_engagement
11084,aggressive,paid_search,0.0,0,,0,0,low_engagement
11085,balanced,organic,0.0,0,,0,0,cash_rich_noninvestor
11087,aggressive,social,0.0,0,,0,0,low_engagement
11088,cautious,bank_partner,0.0,0,,0,0,cash_rich_noninvestor
11089,cautious,social,0.0,0,,0,0,low_engagement
11090,balanced,organic,0.0,0,,0,0,low_engagement
11091,cautious,social,0.0,0,,0,0,low_engagement
11092,cautious,social,0.0,0,,0,0,cash_rich_noninvestor
11093,balanced,organic,0.0,0,,0,0,low_engagement
11094,cautious,paid_search,0.0,0,,0,0,low_engagement
11095,cautious,bank_partner,0.0,0,,0,0,cash_rich_noninvestor
11096,balanced,paid_search,0.0,0,,0,0,low_engagement
11097,cautious,referral,0.0,0,,0,0,cash_rich_noninvestor
11098,aggressive,social,0.0,0,,0,0,low_engagement
11099,cautious,social,0.0,0,,0,0,low_engagement
11100,balanced,referral,0.0,0,,0,0,low_engagement
11102,balanced,social,0.0,0,,0,0,low_engagement
11103,cautious,organic,0.0,0,,0,0,low_engagement
11105,balanced,referral,0.0,0,,0,0,low_engagement
11106,balanced,referral,0.0,0,,0,0,cash_rich_noninvestor
11107,balanced,social,0.0,0,,0,0,low_engagement
11108,cautious,paid_search,0.0,0,,0,0,low_engagement
11110,balanced,paid_search,0.0,0,,0,0,low_engagement
11111,balanced,referral,0.0,0,,0,0,low_engagement
11112,balanced,social,0.0,0,,0,0,cash_rich_noninvestor
11113,balanced,organic,0.0,0,,0,0,low_engagement
11114,balanced,organic,0.0,0,,0,0,low_engagement
11116,balanced,paid_search,0.0,0,,0,0,low_engagement
11117,cautious,social,0.0,0,,0,0,low_engagement
11118,aggressive,social,0.0,0,,0,0,low_engagement
11119,balanced,paid_search,0.0,0,,0,0,cash_rich_noninvestor
11120,cautious,bank_partner,0.0,0,,0,0,low_engagement
11121,aggressive,social,0.0,0,,0,0,low_engagement
11122,aggressive,referral,0.0,0,,0,0,low_engagement
11123,cautious,social,0.0,0,,0,0,cash_rich_noninvestor
11124,cautious,organic,0.0,0,,0,0,low_engagement
11126,cautious,referral,0.0,0,,0,0,low_engagement
11127,cautious,social,0.0,0,,0,0,low_engagement
11128,balanced,paid_search,0.0,0,,0,0,low_engagement
11129,cautious,social,0.0,0,,0,0,low_engagement
11130,balanced,organic,0.0,0,,0,0,low_engagement
11131,aggressive,bank_partner,0.0,0,,0,0,low_engagement
11133,aggressive,referral,0.0,0,,0,0,low_engagement
11134,balanced,social,0.0,0,,0,0,low_engagement
11135,aggressive,paid_search,0.0,0,,0,0,cash_rich_noninvestor
11136,balanced,organic,0.0,0,,0,0,low_engagement
11137,balanced,social,0.0,0,,0,0,cash_rich_noninvestor
11139,balanced,organic,0.0,0,,0,0,low_engagement
11140,cautious,social,0.0,0,,0,0,cash_rich_noninvestor
11141,balanced,paid_search,0.0,0,,0,0,low_engagement
11142,cautious,referral,0.0,0,,0,0,low_engagement
11143,balanced,paid_search,0.0,0,,0,0,low_engagement
11144,balanced,organic,0.0,0,,0,0,low_engagement
11145,balanced,organic,0.0,0,,0,0,low_engagement
11148,cautious,social,0.0,0,,0,0,cash_rich_noninvestor
11149,balanced,referral,0.0,0,,0,0,cash_rich_noninvestor
11150,cautious,bank_partner,0.0,0,,0,0,low_engagement
11151,aggressive,organic,0.0,0,,0,0,low_engagement
11152,aggressive,bank_partner,0.0,0,,0,0,cash_rich_noninvestor
11154,balanced,organic,0.0,0,,0,0,low_engagement
11155,balanced,paid_search,0.0,0,,0,0,low_engagement
11156,aggressive,bank_partner,0.0,0,,0,0,low_engagement
11157,aggressive,paid_search,0.0,0,,0,0,low_engagement
11158,balanced,social,0.0,0,,0,0,cash_rich_noninvestor
11159,balanced,paid_search,0.0,0,,0,0,low_engagement
11161,balanced,paid_search,0.0,0,,0,0,low_engagement
11162,balanced,social,0.0,0,,0,0,low_engagement
11163,cautious,organic,0.0,0,,0,0,cash_rich_noninvestor
11165,balanced,paid_search,0.0,0,,0,0,cash_rich_noninvestor
11166,balanced,social,0.0,0,,0,0,low_engagement
11167,balanced,paid_search,0.0,0,,0,0,cash_rich_noninvestor
11168,balanced,paid_search,0.0,0,,0,0,low_engagement
11169,cautious,referral,0.0,0,,0,0,low_engagement
11170,balanced,referral,0.0,0,,0,0,cash_rich_noninvestor
11171,balanced,organic,0.0,0,,0,0,low_engagement
11172,aggressive,organic,0.0,0,,0,0,low_engagement
11173,cautious,organic,0.0,0,,0,0,low_engagement
11174,balanced,organic,0.0,0,,0,0,low_engagement
11175,aggressive,social,0.0,0,,0,0,low_engagement
11176,cautious,organic,0.0,0,,0,0,low_engagement
11177,balanced,paid_search,0.0,0,,0,0,low_engagement
11178,balanced,organic,0.0,0,,0,0,low_engagement
11179,balanced,social,0.0,0,,0,0,low_engagement
11180,cautious,organic,0.0,0,,0,0,cash_rich_noninvestor
11181,balanced,social,0.0,0,,0,0,cash_rich_noninvestor
11182,balanced,social,0.0,0,,0,0,low_engagement
11183,balanced,referral,0.0,0,,0,0,low_engagement
11184,balanced,organic,0.0,0,,0,0,low_engagement
11186,balanced,paid_search,0.0,0,,0,0,low_engagement
11188,balanced,bank_partner,0.0,0,,0,0,cash_rich_noninvestor
11189,balanced,referral,0.0,0,,0,0,cash_rich_noninvestor
11190,balanced,social,0.0,0,,0,0,low_engagement
11193,aggressive,organic,0.0,0,,0,0,low_engagement
11194,balanced,referral,0.0,0,,0,0,low_engagement
11195,balanced,organic,0.0,0,,0,0,low_engagement
11196,balanced,social,0.0,0,,0,0,low_engagement
11197,aggressive,bank_partner,0.0,0,,0,0,low_engagement
11198,cautious,referral,0.0,0,,0,0,cash_rich_noninvestor
11199,cautious,organic,0.0,0,,0,0,low_engagement
11200,balanced,social,0.0,0,,0,0,low_engagement
11201,balanced,paid_search,0.0,0,,0,0,low_engagement
11202,balanced,paid_search,0.0,0,,0,0,low_engagement
11203,aggressive,organic,0.0,0,,0,0,low_engagement
11204,balanced,organic,0.0,0,,0,0,low_engagement
11205,cautious,bank_partner,0.0,0,,0,0,low_engagement
11206,cautious,paid_search,0.0,0,,0,0,low_engagement
11207,balanced,paid_search,0.0,0,,0,0,low_engagement
11208,balanced,organic,0.0,0,,0,0,low_engagement
11209,balanced,paid_search,0.0,0,,0,0,low_engagement
11210,cautious,organic,0.0,0,,0,0,low_engagement
11211,balanced,social,0.0,0,,0,0,cash_rich_noninvestor
11212,balanced,social,0.0,0,,0,0,low_engagement
11213,balanced,bank_partner,0.0,0,,0,0,low_engagement
11214,cautious,referral,0.0,0,,0,0,low_engagement
11215,cautious,social,0.0,0,,0,0,low_engagement
11216,aggressive,referral,0.0,0,,0,0,low_engagement
11218,cautious,organic,0.0,0,,0,0,low_engagement
11219,cautious,paid_search,0.0,0,,0,0,low_engagement
11220,cautious,referral,0.0,0,,0,0,cash_rich_noninvestor
11221,balanced,organic,0.0,0,,0,0,cash_rich_noninvestor
11222,balanced,paid_search,0.0,0,,0,0,low_engagement
11223,aggressive,referral,0.0,0,,0,0,low_engagement
11224,balanced,referral,0.0,0,,0,0,low_engagement
11226,cautious,organic,0.0,0,,0,0,low_engagement
11227,cautious,organic,0.0,0,,0,0,low_engagement
11228,cautious,social,0.0,0,,0,0,low_engagement
11229,aggressive,organic,0.0,0,,0,0,cash_rich_noninvestor
11230,aggressive,social,0.0,0,,0,0,low_engagement
11231,cautious,referral,0.0,0,,0,0,low_engagement
11232,aggressive,organic,0.0,0,,0,0,low_engagement
11233,balanced,organic,0.0,0,,0,0,cash_rich_noninvestor
11234,cautious,referral,0.0,0,,0,0,low_engagement
11235,balanced,referral,0.0,0,,0,0,low_engagement
11237,cautious,social,0.0,0,,0,0,low_engagement
11238,balanced,organic,0.0,0,,0,0,low_engagement
11239,cautious,social,0.0,0,,0,0,low_engagement
11240,cautious,paid_search,0.0,0,,0,0,low_engagement
11241,aggressive,organic,0.0,0,,0,0,low_engagement
11242,cautious,bank_partner,0.0,0,,0,0,cash_rich_noninvestor
11243,cautious,referral,0.0,0,,0,0,low_engagement
11244,aggressive,referral,0.0,0,,0,0,low_engagement
11245,cautious,organic,0.0,0,,0,0,low_engagement
11246,cautious,organic,0.0,0,,0,0,low_engagement
11247,balanced,social,0.0,0,,0,0,low_engagement
11248,cautious,paid_search,0.0,0,,0,0,low_engagement
11249,aggressive,bank_partner,0.0,0,,0,0,low_engagement
11250,balanced,paid_search,0.0,0,,0,0,cash_rich_noninvestor
11251,aggressive,organic,0.0,0,,0,0,low_engagement
11252,balanced,social,0.0,0,,0,0,low_engagement
11253,balanced,organic,0.0,0,,0,0,low_engagement
11254,cautious,organic,0.0,0,,0,0,low_engagement
11255,balanced,referral,0.0,0,,0,0,low_engagement
11257,balanced,paid_search,0.0,0,,0,0,low_engagement
11259,cautious,referral,0.0,0,,0,0,low_engagement
11260,cautious,organic,0.0,0,,0,0,cash_rich_noninvestor
11261,cautious,organic,0.0,0,,0,0,low_engagement
11262,cautious,social,0.0,0,,0,0,low_engagement
11263,aggressive,social,0.0,0,,0,0,low_engagement
11264,cautious,referral,0.0,0,,0,0,low_engagement
11265,balanced,paid_search,0.0,0,,0,0,low_engagement
11266,cautious,paid_search,0.0,0,,0,0,low_engagement
11267,aggressive,paid_search,0.0,0,,0,0,low_engagement
11268,balanced,bank_partner,0.0,0,,0,0,low_engagement
11269,aggressive,paid_search,0.0,0,,0,0,cash_rich_noninvestor
11270,cautious,referral,0.0,0,,0,0,low_engagement
11271,balanced,paid_search,0.0,0,,0,0,low_engagement
11272,balanced,paid_search,0.0,0,,0,0,low_engagement
11273,cautious,social,0.0,0,,0,0,cash_rich_noninvestor
11274,aggressive,referral,0.0,0,,0,0,cash_rich_noninvestor
11275,balanced,organic,0.0,0,,0,0,low_engagement
11276,balanced,paid_search,0.0,0,,0,0,low_engagement
11277,aggressive,organic,0.0,0,,0,0,low_engagement
11278,balanced,social,0.0,0,,0,0,low_engagement
11279,aggressive,referral,0.0,0,,0,0,low_engagement
11280,cautious,social,0.0,0,,0,0,cash_rich_noninvestor
11281,aggressive,paid_search,0.0,0,,0,0,low_engagement
11282,balanced,bank_partner,0.0,0,,0,0,low_engagement
11284,balanced,bank_partner,0.0,0,,0,0,low_engagement
11285,cautious,referral,0.0,0,,0,0,low_engagement
11286,cautious,organic,0.0,0,,0,0,low_engagement
11287,balanced,paid_search,0.0,0,,0,0,cash_rich_noninvestor
11288,cautious,social,0.0,0,,0,0,low_engagement
11289,cautious,social,0.0,0,,0,0,cash_rich_noninvestor
11290,aggressive,paid_search,0.0,0,,0,0,low_engagement
11291,balanced,social,0.0,0,,0,0,low_engagement
11293,aggressive,paid_search,0.0,0,,0,0,low_engagement
11294,cautious,referral,0.0,0,,0,0,low_engagement
11295,cautious,social,0.0,0,,0,0,low_engagement
11296,cautious,social,0.0,0,,0,0,low_engagement
11297,cautious,organic,0.0,0,,0,0,cash_rich_noninvestor
11298,cautious,organic,0.0,0,,0,0,cash_rich_noninvestor
11299,balanced,organic,0.0,0,,0,0,cash_rich_noninvestor
11300,aggressive,referral,0.0,0,,0,0,low_engagement
11301,aggressive,organic,0.0,0,,0,0,low_engagement
11302,balanced,social,0.0,0,,0,0,low_engagement
11305,balanced,bank_partner,0.0,0,,0,0,low_engagement
11306,balanced,organic,0.0,0,,0,0,low_engagement
11307,balanced,organic,0.0,0,,0,0,cash_rich_noninvestor
11308,balanced,bank_partner,0.0,0,,0,0,low_engagement
11310,balanced,organic,0.0,0,,0,0,low_engagement
11311,cautious,social,0.0,0,,0,0,low_engagement
11312,aggressive,bank_partner,0.0,0,,0,0,low_engagement
11313,cautious,social,0.0,0,,0,0,low_engagement
11314,cautious,social,0.0,0,,0,0,low_engagement
11315,balanced,organic,0.0,0,,0,0,low_engagement
11316,balanced,bank_partner,0.0,0,,0,0,low_engagement
11317,cautious,organic,0.0,0,,0,0,low_engagement
11318,cautious,referral,0.0,0,,0,0,low_engagement
11319,cautious,organic,0.0,0,,0,0,cash_rich_noninvestor
11320,cautious,organic,0.0,0,,0,0,low_engagement
11321,aggressive,bank_partner,0.0,0,,0,0,low_engagement
11322,balanced,organic,0.0,0,,0,0,cash_rich_noninvestor
11323,cautious,bank_partner,0.0,0,,0,0,cash_rich_noninvestor
11324,aggressive,social,0.0,0,,0,0,cash_rich_noninvestor
11325,cautious,organic,0.0,0,,0,0,low_engagement
11326,balanced,organic,0.0,0,,0,0,low_engagement
11327,aggressive,referral,0.0,0,,0,0,low_engagement
11328,balanced,paid_search,0.0,0,,0,0,low_engagement
11329,cautious,paid_search,0.0,0,,0,0,low_engagement
11330,aggressive,social,0.0,0,,0,0,cash_rich_noninvestor
11331,balanced,organic,0.0,0,,0,0,low_engagement
11332,cautious,paid_search,0.0,0,,0,0,low_engagement
11333,cautious,referral,0.0,0,,0,0,low_engagement
11334,cautious,referral,0.0,0,,0,0,low_engagement
11335,balanced,organic,0.0,0,,0,0,low_engagement
11336,balanced,referral,0.0,0,,0,0,low_engagement
11337,balanced,social,0.0,0,,0,0,low_engagement
11338,balanced,paid_search,0.0,0,,0,0,low_engagement
11341,cautious,social,0.0,0,,0,0,cash_rich_noninvestor
11342,balanced,social,0.0,0,,0,0,low_engagement
11343,cautious,organic,0.0,0,,0,0,low_engagement
11344,balanced,social,0.0,0,,0,0,low_engagement
11345,aggressive,social,0.0,0,,0,0,low_engagement
11346,balanced,organic,0.0,0,,0,0,low_engagement
11347,aggressive,social,0.0,0,,0,0,low_engagement
11348,cautious,bank_partner,0.0,0,,0,0,cash_rich_noninvestor
11350,cautious,organic,0.0,0,,0,0,low_engagement
11351,cautious,organic,0.0,0,,0,0,low_engagement
11352,balanced,bank_partner,0.0,0,,0,0,low_engagement
11353,balanced,social,0.0,0,,0,0,cash_rich_noninvestor
11354,balanced,organic,0.0,0,,0,0,low_engagement
11355,cautious,organic,0.0,0,,0,0,low_engagement
11356,aggressive,referral,0.0,0,,0,0,low_engagement
11357,cautious,social,0.0,0,,0,0,low_engagement
11358,balanced,social,0.0,0,,0,0,low_engagement
11360,balanced,paid_search,0.0,0,,0,0,low_engagement
11362,aggressive,organic,0.0,0,,0,0,cash_rich_noninvestor
11363,balanced,paid_search,0.0,0,,0,0,low_engagement
11364,cautious,referral,0.0,0,,0,0,low_engagement
11365,cautious,bank_partner,0.0,0,,0,0,low_engagement
11366,cautious,social,0.0,0,,0,0,low_engagement
11367,balanced,organic,0.0,0,,0,0,low_engagement
11368,cautious,paid_search,0.0,0,,0,0,cash_rich_noninvestor
11369,cautious,referral,0.0,0,,0,0,cash_rich_noninvestor
11370,aggressive,bank_partner,0.0,0,,0,0,low_engagement
11371,cautious,referral,0.0,0,,0,0,low_engagement
11372,cautious,paid_search,0.0,0,,0,0,low_engagement
11373,aggressive,bank_partner,0.0,0,,0,0,low_engagement
11375,aggressive,bank_partner,0.0,0,,0,0,low_engagement
11376,cautious,social,0.0,0,,0,0,low_engagement
11377,cautious,referral,0.0,0,,0,0,low_engagement
11378,cautious,bank_partner,0.0,0,,0,0,low_engagement
11379,balanced,organic,0.0,0,,0,0,low_engagement
11380,balanced,paid_search,0.0,0,,0,0,low_engagement
11381,balanced,paid_search,0.0,0,,0,0,cash_rich_noninvestor
11382,aggressive,organic,0.0,0,,0,0,low_engagement
11384,balanced,social,0.0,0,,0,0,low_engagement
11385,cautious,bank_partner,0.0,0,,0,0,low_engagement
11386,cautious,organic,0.0,0,,0,0,cash_rich_noninvestor
11387,cautious,paid_search,0.0,0,,0,0,low_engagement
11388,cautious,organic,0.0,0,,0,0,low_engagement
11389,aggressive,bank_partner,0.0,0,,0,0,low_engagement
11390,cautious,referral,0.0,0,,0,0,cash_rich_noninvestor
11391,balanced,paid_search,0.0,0,,0,0,low_engagement
11392,cautious,referral,0.0,0,,0,0,low_engagement
11393,cautious,organic,0.0,0,,0,0,low_engagement
11394,aggressive,bank_partner,0.0,0,,0,0,low_engagement
11395,cautious,paid_search,0.0,0,,0,0,low_engagement
11396,aggressive,bank_partner,0.0,0,,0,0,cash_rich_noninvestor
11397,balanced,social,0.0,0,,0,0,cash_rich_noninvestor
11398,balanced,bank_partner,0.0,0,,0,0,low_engagement
11400,cautious,referral,0.0,0,,0,0,low_engagement
11401,balanced,social,0.0,0,,0,0,low_engagement
11402,balanced,organic,0.0,0,,0,0,low_engagement
11403,aggressive,referral,0.0,0,,0,0,low_engagement
11404,cautious,organic,0.0,0,,0,0,low_engagement
11405,cautious,social,0.0,0,,0,0,low_engagement
11407,balanced,paid_search,0.0,0,,0,0,low_engagement
11408,balanced,organic,0.0,0,,0,0,low_engagement
11409,aggressive,bank_partner,0.0,0,,0,0,low_engagement
11410,cautious,referral,0.0,0,,0,0,low_engagement
11412,aggressive,social,0.0,0,,0,0,low_engagement
11413,balanced,organic,0.0,0,,0,0,low_engagement
11414,aggressive,organic,0.0,0,,0,0,cash_rich_noninvestor
11415,balanced,referral,0.0,0,,0,0,low_engagement
11416,aggressive,organic,0.0,0,,0,0,low_engagement
11417,aggressive,organic,0.0,0,,0,0,cash_rich_noninvestor
11418,balanced,bank_partner,0.0,0,,0,0,low_engagement
11419,balanced,referral,0.0,0,,0,0,low_engagement
11420,balanced,bank_partner,0.0,0,,0,0,low_engagement
11421,cautious,social,0.0,0,,0,0,cash_rich_noninvestor
11423,balanced,social,0.0,0,,0,0,low_engagement
11424,cautious,organic,0.0,0,,0,0,low_engagement
11426,cautious,referral,0.0,0,,0,0,low_engagement
11427,balanced,paid_search,0.0,0,,0,0,cash_rich_noninvestor
11428,cautious,organic,0.0,0,,0,0,low_engagement
11429,balanced,paid_search,0.0,0,,0,0,low_engagement
11430,cautious,social,0.0,0,,0,0,low_engagement
11431,balanced,organic,0.0,0,,0,0,low_engagement
11432,balanced,organic,0.0,0,,0,0,low_engagement
11433,balanced,referral,0.0,0,,0,0,cash_rich_noninvestor
11434,cautious,paid_search,0.0,0,,0,0,low_engagement
11435,balanced,organic,0.0,0,,0,0,low_engagement
11436,balanced,organic,0.0,0,,0,0,low_engagement
11438,balanced,bank_partner,0.0,0,,0,0,low_engagement
11439,cautious,organic,0.0,0,,0,0,low_engagement
11440,balanced,bank_partner,0.0,0,,0,0,low_engagement
11441,balanced,bank_partner,0.0,0,,0,0,low_engagement
11442,cautious,bank_partner,0.0,0,,0,0,low_engagement
11443,aggressive,paid_search,0.0,0,,0,0,low_engagement
11445,aggressive,organic,0.0,0,,0,0,cash_rich_noninvestor
11446,balanced,social,0.0,0,,0,0,cash_rich_noninvestor
11447,balanced,paid_search,0.0,0,,0,0,low_engagement
11448,balanced,organic,0.0,0,,0,0,low_engagement
11449,balanced,social,0.0,0,,0,0,low_engagement
11450,cautious,organic,0.0,0,,0,0,low_engagement
11451,balanced,social,0.0,0,,0,0,low_engagement
11452,cautious,referral,0.0,0,,0,0,low_engagement
11453,balanced,referral,0.0,0,,0,0,low_engagement
11454,aggressive,bank_partner,0.0,0,,0,0,low_engagement
11455,balanced,bank_partner,0.0,0,,0,0,low_engagement
11456,aggressive,referral,0.0,0,,0,0,low_engagement
11458,cautious,organic,0.0,0,,0,0,low_engagement
11461,cautious,bank_partner,0.0,0,,0,0,low_engagement
11462,cautious,social,0.0,0,,0,0,low_engagement
11463,cautious,organic,0.0,0,,0,0,low_engagement
11464,cautious,organic,0.0,0,,0,0,low_engagement
11465,balanced,paid_search,0.0,0,,0,0,low_engagement
11466,aggressive,social,0.0,0,,0,0,low_engagement
11467,cautious,referral,0.0,0,,0,0,cash_rich_noninvestor
11468,aggressive,referral,0.0,0,,0,0,low_engagement
11469,balanced,referral,0.0,0,,0,0,cash_rich_noninvestor
11470,aggressive,social,0.0,0,,0,0,low_engagement
11471,cautious,social,0.0,0,,0,0,low_engagement
11472,balanced,organic,0.0,0,,0,0,low_engagement
11473,cautious,social,0.0,0,,0,0,cash_rich_noninvestor
11474,balanced,bank_partner,0.0,0,,0,0,low_engagement
11475,cautious,organic,0.0,0,,0,0,low_engagement
11476,balanced,referral,0.0,0,,0,0,low_engagement
11477,aggressive,organic,0.0,0,,0,0,low_engagement
11478,balanced,organic,0.0,0,,0,0,cash_rich_noninvestor
11479,aggressive,organic,0.0,0,,0,0,low_engagement
11480,cautious,bank_partner,0.0,0,,0,0,cash_rich_noninvestor
11481,cautious,paid_search,0.0,0,,0,0,low_engagement
11483,aggressive,social,0.0,0,,0,0,low_engagement
11484,aggressive,referral,0.0,0,,0,0,low_engagement
11485,aggressive,organic,0.0,0,,0,0,low_engagement
11486,aggressive,referral,0.0,0,,0,0,cash_rich_noninvestor
11487,cautious,social,0.0,0,,0,0,low_engagement
11488,cautious,organic,0.0,0,,0,0,low_engagement
11489,cautious,paid_search,0.0,0,,0,0,low_engagement
11490,aggressive,social,0.0,0,,0,0,low_engagement
11492,cautious,organic,0.0,0,,0,0,low_engagement
11494,cautious,bank_partner,0.0,0,,0,0,low_engagement
11495,cautious,organic,0.0,0,,0,0,low_engagement
11496,aggressive,referral,0.0,0,,0,0,low_engagement
11497,cautious,bank_partner,0.0,0,,0,0,low_engagement
11498,balanced,referral,0.0,0,,0,0,low_engagement
11499,aggressive,social,0.0,0,,0,0,cash_rich_noninvestor
11500,cautious,social,0.0,0,,0,0,low_engagement
11501,balanced,bank_partner,0.0,0,,0,0,cash_rich_noninvestor
11502,balanced,social,0.0,0,,0,0,low_engagement
11503,balanced,organic,0.0,0,,0,0,low_engagement
11504,balanced,bank_partner,0.0,0,,0,0,low_engagement
11505,balanced,bank_partner,0.0,0,,0,0,low_engagement
11506,cautious,paid_search,0.0,0,,0,0,cash_rich_noninvestor
11507,cautious,referral,0.0,0,,0,0,cash_rich_noninvestor
11508,cautious,organic,0.0,0,,0,0,low_engagement
11509,balanced,bank_partner,0.0,0,,0,0,low_engagement
11510,cautious,referral,0.0,0,,0,0,low_engagement
11511,cautious,bank_partner,0.0,0,,0,0,low_engagement
11512,aggressive,bank_partner,0.0,0,,0,0,low_engagement
11513,cautious,organic,0.0,0,,0,0,low_engagement
11514,balanced,referral,0.0,0,,0,0,cash_rich_noninvestor
11515,aggressive,bank_partner,0.0,0,,0,0,low_engagement
11516,balanced,paid_search,0.0,0,,0,0,cash_rich_noninvestor
11517,balanced,social,0.0,0,,0,0,low_engagement
11518,cautious,organic,0.0,0,,0,0,low_engagement
11519,cautious,paid_search,0.0,0,,0,0,low_engagement
11521,balanced,bank_partner,0.0,0,,0,0,cash_rich_noninvestor
11522,cautious,social,0.0,0,,0,0,cash_rich_noninvestor
11523,cautious,paid_search,0.0,0,,0,0,low_engagement
11524,balanced,organic,0.0,0,,0,0,low_engagement
11526,balanced,organic,0.0,0,,0,0,low_engagement
11527,balanced,organic,0.0,0,,0,0,low_engagement
11528,aggressive,organic,0.0,0,,0,0,low_engagement
11529,cautious,social,0.0,0,,0,0,cash_rich_noninvestor
11531,cautious,organic,0.0,0,,0,0,low_engagement
11532,balanced,organic,0.0,0,,0,0,low_engagement
11533,balanced,paid_search,0.0,0,,0,0,cash_rich_noninvestor
11534,aggressive,organic,0.0,0,,0,0,low_engagement
11535,aggressive,social,0.0,0,,0,0,low_engagement
11536,balanced,referral,0.0,0,,0,0,low_engagement
11537,balanced,social,0.0,0,,0,0,low_engagement
11539,balanced,organic,0.0,0,,0,0,cash_rich_noninvestor
11540,aggressive,organic,0.0,0,,0,0,low_engagement
11541,cautious,bank_partner,0.0,0,,0,0,low_engagement
11542,balanced,paid_search,0.0,0,,0,0,low_engagement
11543,aggressive,organic,0.0,0,,0,0,low_engagement
11544,balanced,referral,0.0,0,,0,0,low_engagement
11545,balanced,organic,0.0,0,,0,0,cash_rich_noninvestor
11548,cautious,organic,0.0,0,,0,0,low_engagement
11549,cautious,paid_search,0.0,0,,0,0,low_engagement
11550,cautious,bank_partner,0.0,0,,0,0,cash_rich_noninvestor
11551,aggressive,social,0.0,0,,0,0,low_engagement
11552,balanced,paid_search,0.0,0,,0,0,low_engagement
11553,aggressive,organic,0.0,0,,0,0,cash_rich_noninvestor
11554,cautious,referral,0.0,0,,0,0,low_engagement
11555,aggressive,organic,0.0,0,,0,0,low_engagement
11556,balanced,referral,0.0,0,,0,0,low_engagement
11557,aggressive,paid_search,0.0,0,,0,0,low_engagement
11558,aggressive,social,0.0,0,,0,0,low_engagement
11559,balanced,organic,0.0,0,,0,0,cash_rich_noninvestor
11560,aggressive,referral,0.0,0,,0,0,low_engagement
11561,balanced,organic,0.0,0,,0,0,low_engagement
11562,balanced,social,0.0,0,,0,0,low_engagement
11563,cautious,organic,0.0,0,,0,0,low_engagement
11564,balanced,organic,0.0,0,,0,0,cash_rich_noninvestor
11565,aggressive,organic,0.0,0,,0,0,cash_rich_noninvestor
11566,cautious,referral,0.0,0,,0,0,cash_rich_noninvestor
11567,balanced,paid_search,0.0,0,,0,0,cash_rich_noninvestor
11568,balanced,paid_search,0.0,0,,0,0,cash_rich_noninvestor
11569,cautious,bank_partner,0.0,0,,0,0,low_engagement
11570,balanced,social,0.0,0,,0,0,low_engagement
11571,cautious,paid_search,0.0,0,,0,0,low_engagement
11572,balanced,paid_search,0.0,0,,0,0,low_engagement
11573,balanced,referral,0.0,0,,0,0,cash_rich_noninvestor
11574,balanced,bank_partner,0.0,0,,0,0,low_engagement
11575,cautious,paid_search,0.0,0,,0,0,low_engagement
11577,balanced,bank_partner,0.0,0,,0,0,low_engagement
11578,aggressive,referral,0.0,0,,0,0,cash_rich_noninvestor
11581,balanced,social,0.0,0,,0,0,low_engagement
11582,cautious,social,0.0,0,,0,0,low_engagement
11583,aggressive,organic,0.0,0,,0,0,cash_rich_noninvestor
11584,balanced,paid_search,0.0,0,,0,0,low_engagement
11585,aggressive,organic,0.0,0,,0,0,low_engagement
11586,balanced,social,0.0,0,,0,0,low_engagement
11587,cautious,bank_partner,0.0,0,,0,0,low_engagement
11589,balanced,organic,0.0,0,,0,0,cash_rich_noninvestor
11590,balanced,organic,0.0,0,,0,0,low_engagement
11591,balanced,paid_search,0.0,0,,0,0,low_engagement
11592,aggressive,referral,0.0,0,,0,0,low_engagement
11594,balanced,social,0.0,0,,0,0,low_engagement
11595,balanced,organic,0.0,0,,0,0,low_engagement
11596,cautious,social,0.0,0,,0,0,cash_rich_noninvestor
11598,cautious,social,0.0,0,,0,0,cash_rich_noninvestor
11600,balanced,social,0.0,0,,0,0,low_engagement
11601,aggressive,paid_search,0.0,0,,0,0,low_engagement
11602,cautious,organic,0.0,0,,0,0,cash_rich_noninvestor
11603,balanced,paid_search,0.0,0,,0,0,cash_rich_noninvestor
11604,balanced,social,0.0,0,,0,0,low_engagement
11605,balanced,referral,0.0,0,,0,0,low_engagement
11606,cautious,organic,0.0,0,,0,0,low_engagement
11607,aggressive,referral,0.0,0,,0,0,low_engagement
11608,balanced,organic,0.0,0,,0,0,low_engagement
11609,cautious,paid_search,0.0,0,,0,0,low_engagement
11610,balanced,organic,0.0,0,,0,0,low_engagement
11611,cautious,paid_search,0.0,0,,0,0,low_engagement
11612,cautious,organic,0.0,0,,0,0,low_engagement
11613,cautious,referral,0.0,0,,0,0,low_engagement
11614,balanced,organic,0.0,0,,0,0,low_engagement
11615,cautious,organic,0.0,0,,0,0,low_engagement
11616,balanced,organic,0.0,0,,0,0,low_engagement
11617,balanced,social,0.0,0,,0,0,cash_rich_noninvestor
11618,balanced,organic,0.0,0,,0,0,low_engagement
11620,aggressive,bank_partner,0.0,0,,0,0,low_engagement
11621,balanced,bank_partner,0.0,0,,0,0,low_engagement
11622,aggressive,organic,0.0,0,,0,0,cash_rich_noninvestor
11623,balanced,bank_partner,0.0,0,,0,0,cash_rich_noninvestor
11624,cautious,social,0.0,0,,0,0,low_engagement
11625,cautious,paid_search,0.0,0,,0,0,low_engagement
11626,balanced,paid_search,0.0,0,,0,0,low_engagement
11627,balanced,organic,0.0,0,,0,0,low_engagement
11628,aggressive,paid_search,0.0,0,,0,0,cash_rich_noninvestor
11629,cautious,social,0.0,0,,0,0,low_engagement
11630,balanced,social,0.0,0,,0,0,low_engagement
11631,aggressive,organic,0.0,0,,0,0,low_engagement
11632,balanced,bank_partner,0.0,0,,0,0,low_engagement
11633,aggressive,organic,0.0,0,,0,0,low_engagement
11634,balanced,referral,0.0,0,,0,0,low_engagement
11635,balanced,paid_search,0.0,0,,0,0,low_engagement
11636,balanced,paid_search,0.0,0,,0,0,low_engagement
11637,balanced,paid_search,0.0,0,,0,0,low_engagement
11638,balanced,organic,0.0,0,,0,0,low_engagement
11639,aggressive,social,0.0,0,,0,0,cash_rich_noninvestor
11641,cautious,organic,0.0,0,,0,0,low_engagement
11642,balanced,organic,0.0,0,,0,0,low_engagement
11643,aggressive,referral,0.0,0,,0,0,low_engagement
11644,cautious,organic,0.0,0,,0,0,low_engagement
11645,aggressive,referral,0.0,0,,0,0,low_engagement
11646,aggressive,social,0.0,0,,0,0,low_engagement
11647,cautious,paid_search,0.0,0,,0,0,cash_rich_noninvestor
11648,balanced,referral,0.0,0,,0,0,low_engagement
11649,balanced,organic,0.0,0,,0,0,low_engagement
11650,balanced,bank_partner,0.0,0,,0,0,low_engagement
11651,cautious,bank_partner,0.0,0,,0,0,low_engagement
11652,cautious,referral,0.0,0,,0,0,cash_rich_noninvestor
11653,cautious,paid_search,0.0,0,,0,0,low_engagement
11654,cautious,organic,0.0,0,,0,0,low_engagement
11655,aggressive,paid_search,0.0,0,,0,0,low_engagement
11656,cautious,social,0.0,0,,0,0,low_engagement
11657,aggressive,bank_partner,0.0,0,,0,0,cash_rich_noninvestor
11658,cautious,paid_search,0.0,0,,0,0,low_engagement
11659,cautious,referral,0.0,0,,0,0,low_engagement
11660,cautious,organic,0.0,0,,0,0,cash_rich_noninvestor
11661,aggressive,social,0.0,0,,0,0,low_engagement
11662,cautious,organic,0.0,0,,0,0,low_engagement
11663,balanced,organic,0.0,0,,0,0,low_engagement
11664,balanced,organic,0.0,0,,0,0,low_engagement
11665,cautious,organic,0.0,0,,0,0,low_engagement
11666,cautious,bank_partner,0.0,0,,0,0,low_engagement
11667,balanced,organic,0.0,0,,0,0,cash_rich_noninvestor
11668,balanced,bank_partner,0.0,0,,0,0,cash_rich_noninvestor
11669,balanced,paid_search,0.0,0,,0,0,low_engagement
11671,balanced,organic,0.0,0,,0,0,low_engagement
11672,aggressive,bank_partner,0.0,0,,0,0,low_engagement
11673,balanced,social,0.0,0,,0,0,cash_rich_noninvestor
11674,balanced,paid_search,0.0,0,,0,0,low_engagement
11675,balanced,bank_partner,0.0,0,,0,0,low_engagement
11676,cautious,social,0.0,0,,0,0,low_engagement
11677,balanced,referral,0.0,0,,0,0,low_engagement
11678,balanced,organic,0.0,0,,0,0,low_engagement
11679,balanced,social,0.0,0,,0,0,low_engagement
11680,cautious,social,0.0,0,,0,0,low_engagement
11681,balanced,referral,0.0,0,,0,0,low_engagement
11682,balanced,organic,0.0,0,,0,0,low_engagement
11683,cautious,paid_search,0.0,0,,0,0,low_engagement
11685,cautious,organic,0.0,0,,0,0,low_engagement
11686,aggressive,organic,0.0,0,,0,0,low_engagement
11687,balanced,paid_search,0.0,0,,0,0,low_engagement
11688,cautious,social,0.0,0,,0,0,low_engagement
11689,cautious,social,0.0,0,,0,0,cash_rich_noninvestor
11691,balanced,social,0.0,0,,0,0,low_engagement
11693,aggressive,organic,0.0,0,,0,0,low_engagement
11694,balanced,organic,0.0,0,,0,0,cash_rich_noninvestor
11695,balanced,organic,0.0,0,,0,0,low_engagement
11696,balanced,social,0.0,0,,0,0,low_engagement
11698,cautious,social,0.0,0,,0,0,cash_rich_noninvestor
11699,cautious,paid_search,0.0,0,,0,0,low_engagement
11700,balanced,social,0.0,0,,0,0,low_engagement
11701,cautious,referral,0.0,0,,0,0,low_engagement
11702,balanced,organic,0.0,0,,0,0,low_engagement
11703,balanced,referral,0.0,0,,0,0,cash_rich_noninvestor
11704,cautious,social,0.0,0,,0,0,cash_rich_noninvestor
11705,cautious,referral,0.0,0,,0,0,low_engagement
11706,balanced,organic,0.0,0,,0,0,low_engagement
11707,balanced,organic,0.0,0,,0,0,low_engagement
11708,cautious,paid_search,0.0,0,,0,0,low_engagement
11709,cautious,paid_search,0.0,0,,0,0,low_engagement
11710,aggressive,organic,0.0,0,,0,0,low_engagement
11711,cautious,organic,0.0,0,,0,0,cash_rich_noninvestor
11712,balanced,paid_search,0.0,0,,0,0,cash_rich_noninvestor
11713,cautious,social,0.0,0,,0,0,low_engagement
11714,cautious,referral,0.0,0,,0,0,low_engagement
11715,cautious,organic,0.0,0,,0,0,low_engagement
11716,balanced,organic,0.0,0,,0,0,cash_rich_noninvestor
11717,cautious,paid_search,0.0,0,,0,0,low_engagement
11718,aggressive,paid_search,0.0,0,,0,0,low_engagement
11720,cautious,social,0.0,0,,0,0,low_engagement
11721,balanced,paid_search,0.0,0,,0,0,cash_rich_noninvestor
11722,cautious,organic,0.0,0,,0,0,cash_rich_noninvestor
11723,balanced,paid_search,0.0,0,,0,0,low_engagement
11725,cautious,paid_search,0.0,0,,0,0,cash_rich_noninvestor
11727,cautious,referral,0.0,0,,0,0,low_engagement
11728,balanced,referral,0.0,0,,0,0,low_engagement
11729,balanced,bank_partner,0.0,0,,0,0,low_engagement
11730,balanced,paid_search,0.0,0,,0,0,cash_rich_noninvestor
11731,balanced,social,0.0,0,,0,0,low_engagement
11732,cautious,bank_partner,0.0,0,,0,0,low_engagement
11733,balanced,social,0.0,0,,0,0,low_engagement
11734,cautious,organic,0.0,0,,0,0,low_engagement
11735,aggressive,organic,0.0,0,,0,0,low_engagement
11738,balanced,social,0.0,0,,0,0,low_engagement
11739,balanced,bank_partner,0.0,0,,0,0,low_engagement
11740,aggressive,organic,0.0,0,,0,0,low_engagement
11741,balanced,referral,0.0,0,,0,0,low_engagement
11742,balanced,social,0.0,0,,0,0,low_engagement
11743,cautious,referral,0.0,0,,0,0,low_engagement
11745,balanced,social,0.0,0,,0,0,low_engagement
11746,balanced,bank_partner,0.0,0,,0,0,cash_rich_noninvestor
11749,aggressive,bank_partner,0.0,0,,0,0,low_engagement
11751,aggressive,organic,0.0,0,,0,0,low_engagement
11752,aggressive,paid_search,0.0,0,,0,0,cash_rich_noninvestor
11753,balanced,organic,0.0,0,,0,0,low_engagement
11754,cautious,bank_partner,0.0,0,,0,0,low_engagement
11756,aggressive,organic,0.0,0,,0,0,low_engagement
11757,cautious,referral,0.0,0,,0,0,low_engagement
11758,aggressive,referral,0.0,0,,0,0,low_engagement
11760,cautious,organic,0.0,0,,0,0,low_engagement
11762,balanced,organic,0.0,0,,0,0,low_engagement
11763,aggressive,social,0.0,0,,0,0,low_engagement
11765,balanced,bank_partner,0.0,0,,0,0,low_engagement
11766,balanced,referral,0.0,0,,0,0,low_engagement
11767,cautious,referral,0.0,0,,0,0,low_engagement
11769,balanced,paid_search,0.0,0,,0,0,low_engagement
11770,balanced,referral,0.0,0,,0,0,low_engagement
11771,balanced,paid_search,0.0,0,,0,0,low_engagement
11772,aggressive,paid_search,0.0,0,,0,0,cash_rich_noninvestor
11773,cautious,paid_search,0.0,0,,0,0,low_engagement
11774,balanced,paid_search,0.0,0,,0,0,low_engagement
11775,balanced,bank_partner,0.0,0,,0,0,low_engagement
11776,cautious,organic,0.0,0,,0,0,low_engagement
11777,balanced,social,0.0,0,,0,0,low_engagement
11778,cautious,bank_partner,0.0,0,,0,0,low_engagement
11779,balanced,paid_search,0.0,0,,0,0,low_engagement
11780,cautious,social,0.0,0,,0,0,low_engagement
11781,aggressive,referral,0.0,0,,0,0,low_engagement
11782,aggressive,organic,0.0,0,,0,0,low_engagement
11783,balanced,organic,0.0,0,,0,0,cash_rich_noninvestor
11784,cautious,paid_search,0.0,0,,0,0,low_engagement
11785,cautious,organic,0.0,0,,0,0,low_engagement
11786,balanced,organic,0.0,0,,0,0,cash_rich_noninvestor
11787,balanced,bank_partner,0.0,0,,0,0,low_engagement
11788,balanced,organic,0.0,0,,0,0,low_engagement
11789,aggressive,paid_search,0.0,0,,0,0,low_engagement
11790,aggressive,organic,0.0,0,,0,0,low_engagement
11791,balanced,social,0.0,0,,0,0,low_engagement
11792,balanced,organic,0.0,0,,0,0,cash_rich_noninvestor
11793,balanced,paid_search,0.0,0,,0,0,cash_rich_noninvestor
11794,cautious,referral,0.0,0,,0,0,low_engagement
11795,balanced,referral,0.0,0,,0,0,cash_rich_noninvestor
11796,balanced,bank_partner,0.0,0,,0,0,cash_rich_noninvestor
11797,cautious,social,0.0,0,,0,0,cash_rich_noninvestor
11798,aggressive,organic,0.0,0,,0,0,low_engagement
11799,cautious,social,0.0,0,,0,0,low_engagement
11800,cautious,organic,0.0,0,,0,0,low_engagement
11801,balanced,bank_partner,0.0,0,,0,0,low_engagement
11802,balanced,bank_partner,0.0,0,,0,0,low_engagement
11804,cautious,paid_search,0.0,0,,0,0,low_engagement
11805,cautious,organic,0.0,0,,0,0,cash_rich_noninvestor
11806,cautious,bank_partner,0.0,0,,0,0,low_engagement
11807,cautious,referral,0.0,0,,0,0,low_engagement
11808,aggressive,social,0.0,0,,0,0,cash_rich_noninvestor
11809,cautious,social,0.0,0,,0,0,low_engagement
11810,cautious,paid_search,0.0,0,,0,0,low_engagement
11811,balanced,referral,0.0,0,,0,0,low_engagement
11812,cautious,social,0.0,0,,0,0,low_engagement
11814,cautious,referral,0.0,0,,0,0,low_engagement
11815,cautious,social,0.0,0,,0,0,cash_rich_noninvestor
11816,balanced,social,0.0,0,,0,0,low_engagement
11817,balanced,organic,0.0,0,,0,0,low_engagement
11818,balanced,paid_search,0.0,0,,0,0,low_engagement
11819,cautious,organic,0.0,0,,0,0,low_engagement
11821,balanced,bank_partner,0.0,0,,0,0,low_engagement
11822,cautious,referral,0.0,0,,0,0,low_engagement
11823,balanced,organic,0.0,0,,0,0,low_engagement
11825,balanced,referral,0.0,0,,0,0,cash_rich_noninvestor
11826,cautious,referral,0.0,0,,0,0,low_engagement
11828,balanced,organic,0.0,0,,0,0,low_engagement
11830,aggressive,organic,0.0,0,,0,0,low_engagement
11831,balanced,paid_search,0.0,0,,0,0,low_engagement
11832,balanced,organic,0.0,0,,0,0,low_engagement
11833,cautious,paid_search,0.0,0,,0,0,low_engagement
11834,cautious,referral,0.0,0,,0,0,low_engagement
11835,balanced,paid_search,0.0,0,,0,0,cash_rich_noninvestor
11836,cautious,referral,0.0,0,,0,0,cash_rich_noninvestor
11837,aggressive,referral,0.0,0,,0,0,low_engagement
11838,balanced,organic,0.0,0,,0,0,low_engagement
11840,cautious,organic,0.0,0,,0,0,low_engagement
11841,balanced,paid_search,0.0,0,,0,0,low_engagement
11842,balanced,referral,0.0,0,,0,0,low_engagement
11843,cautious,organic,0.0,0,,0,0,low_engagement
11844,aggressive,organic,0.0,0,,0,0,low_engagement
11845,balanced,paid_search,0.0,0,,0,0,low_engagement
11846,balanced,social,0.0,0,,0,0,low_engagement
11847,cautious,referral,0.0,0,,0,0,low_engagement
11848,cautious,organic,0.0,0,,0,0,low_engagement
11849,balanced,paid_search,0.0,0,,0,0,low_engagement
11850,aggressive,organic,0.0,0,,0,0,cash_rich_noninvestor
11851,cautious,organic,0.0,0,,0,0,low_engagement
11852,aggressive,organic,0.0,0,,0,0,low_engagement
11853,cautious,organic,0.0,0,,0,0,low_engagement
11854,cautious,bank_partner,0.0,0,,0,0,low_engagement
11855,cautious,paid_search,0.0,0,,0,0,low_engagement
11856,aggressive,social,0.0,0,,0,0,low_engagement
11857,cautious,social,0.0,0,,0,0,low_engagement
11859,balanced,referral,0.0,0,,0,0,low_engagement
11860,balanced,social,0.0,0,,0,0,low_engagement
11861,balanced,referral,0.0,0,,0,0,low_engagement
11862,balanced,organic,0.0,0,,0,0,cash_rich_noninvestor
11863,aggressive,social,0.0,0,,0,0,low_engagement
11864,cautious,organic,0.0,0,,0,0,low_engagement
11865,cautious,bank_partner,0.0,0,,0,0,cash_rich_noninvestor
11866,cautious,organic,0.0,0,,0,0,low_engagement
11867,balanced,organic,0.0,0,,0,0,low_engagement
11868,balanced,referral,0.0,0,,0,0,low_engagement
11869,balanced,referral,0.0,0,,0,0,low_engagement
11870,cautious,social,0.0,0,,0,0,low_engagement
11871,cautious,referral,0.0,0,,0,0,cash_rich_noninvestor
11872,balanced,referral,0.0,0,,0,0,low_engagement
11873,cautious,organic,0.0,0,,0,0,low_engagement
11874,cautious,bank_partner,0.0,0,,0,0,cash_rich_noninvestor
11875,aggressive,social,0.0,0,,0,0,low_engagement
11876,cautious,paid_search,0.0,0,,0,0,low_engagement
11877,aggressive,paid_search,0.0,0,,0,0,low_engagement
11878,cautious,organic,0.0,0,,0,0,low_engagement
11879,aggressive,paid_search,0.0,0,,0,0,low_engagement
11880,balanced,paid_search,0.0,0,,0,0,low_engagement
11881,cautious,social,0.0,0,,0,0,low_engagement
11882,cautious,organic,0.0,0,,0,0,low_engagement
11883,balanced,organic,0.0,0,,0,0,low_engagement
11884,cautious,organic,0.0,0,,0,0,low_engagement
11885,balanced,organic,0.0,0,,0,0,low_engagement
11886,balanced,referral,0.0,0,,0,0,low_engagement
11887,cautious,paid_search,0.0,0,,0,0,low_engagement
11888,balanced,social,0.0,0,,0,0,low_engagement
11889,aggressive,social,0.0,0,,0,0,low_engagement
11890,balanced,bank_partner,0.0,0,,0,0,low_engagement
11893,cautious,referral,0.0,0,,0,0,low_engagement
11894,balanced,paid_search,0.0,0,,0,0,low_engagement
11896,cautious,organic,0.0,0,,0,0,low_engagement
11897,cautious,organic,0.0,0,,0,0,cash_rich_noninvestor
11898,balanced,paid_search,0.0,0,,0,0,cash_rich_noninvestor
11899,cautious,referral,0.0,0,,0,0,low_engagement
11901,balanced,paid_search,0.0,0,,0,0,cash_rich_noninvestor
11902,balanced,referral,0.0,0,,0,0,low_engagement
11903,cautious,paid_search,0.0,0,,0,0,low_engagement
11904,cautious,organic,0.0,0,,0,0,cash_rich_noninvestor
11906,aggressive,referral,0.0,0,,0,0,low_engagement
11907,aggressive,bank_partner,0.0,0,,0,0,low_engagement
11908,balanced,paid_search,0.0,0,,0,0,low_engagement
11909,aggressive,paid_search,0.0,0,,0,0,low_engagement
11910,cautious,bank_partner,0.0,0,,0,0,low_engagement
11911,balanced,bank_partner,0.0,0,,0,0,low_engagement
11912,cautious,organic,0.0,0,,0,0,cash_rich_noninvestor
11913,balanced,paid_search,0.0,0,,0,0,low_engagement
11914,aggressive,bank_partner,0.0,0,,0,0,cash_rich_noninvestor
11915,cautious,referral,0.0,0,,0,0,low_engagement
11916,balanced,bank_partner,0.0,0,,0,0,low_engagement
11917,cautious,social,0.0,0,,0,0,low_engagement
11918,aggressive,paid_search,0.0,0,,0,0,low_engagement
11920,cautious,organic,0.0,0,,0,0,low_engagement
11922,cautious,social,0.0,0,,0,0,low_engagement
11923,balanced,paid_search,0.0,0,,0,0,cash_rich_noninvestor
11924,balanced,paid_search,0.0,0,,0,0,cash_rich_noninvestor
11925,balanced,bank_partner,0.0,0,,0,0,low_engagement
11926,aggressive,social,0.0,0,,0,0,low_engagement
11927,balanced,paid_search,0.0,0,,0,0,low_engagement
11928,cautious,organic,0.0,0,,0,0,low_engagement
11929,cautious,paid_search,0.0,0,,0,0,low_engagement
11930,aggressive,organic,0.0,0,,0,0,low_engagement
11932,aggressive,organic,0.0,0,,0,0,low_engagement
11933,cautious,paid_search,0.0,0,,0,0,low_engagement
11935,balanced,bank_partner,0.0,0,,0,0,low_engagement
11936,cautious,organic,0.0,0,,0,0,cash_rich_noninvestor
11937,cautious,social,0.0,0,,0,0,low_engagement
11939,balanced,organic,0.0,0,,0,0,low_engagement
11940,aggressive,paid_search,0.0,0,,0,0,low_engagement
11942,cautious,social,0.0,0,,0,0,low_engagement
11943,aggressive,paid_search,0.0,0,,0,0,cash_rich_noninvestor
11944,balanced,referral,0.0,0,,0,0,low_engagement
11945,balanced,social,0.0,0,,0,0,low_engagement
11946,balanced,referral,0.0,0,,0,0,low_engagement
11947,balanced,organic,0.0,0,,0,0,cash_rich_noninvestor
11948,cautious,organic,0.0,0,,0,0,low_engagement
11949,cautious,referral,0.0,0,,0,0,low_engagement
11951,cautious,organic,0.0,0,,0,0,low_engagement
11952,cautious,social,0.0,0,,0,0,low_engagement
11953,balanced,organic,0.0,0,,0,0,low_engagement
11954,aggressive,organic,0.0,0,,0,0,low_engagement
11955,balanced,social,0.0,0,,0,0,low_engagement
11957,aggressive,referral,0.0,0,,0,0,low_engagement
11958,balanced,organic,0.0,0,,0,0,low_engagement
11959,cautious,social,0.0,0,,0,0,low_engagement
11960,cautious,paid_search,0.0,0,,0,0,cash_rich_noninvestor
11961,balanced,referral,0.0,0,,0,0,low_engagement
11962,aggressive,social,0.0,0,,0,0,low_engagement
11963,balanced,organic,0.0,0,,0,0,low_engagement
11964,aggressive,organic,0.0,0,,0,0,low_engagement
11965,balanced,paid_search,0.0,0,,0,0,cash_rich_noninvestor
11966,cautious,social,0.0,0,,0,0,low_engagement
11968,cautious,organic,0.0,0,,0,0,cash_rich_noninvestor
11969,balanced,paid_search,0.0,0,,0,0,low_engagement
11970,balanced,referral,0.0,0,,0,0,low_engagement
11971,cautious,bank_partner,0.0,0,,0,0,cash_rich_noninvestor
11972,aggressive,paid_search,0.0,0,,0,0,cash_rich_noninvestor
11973,cautious,social,0.0,0,,0,0,low_engagement
11974,aggressive,referral,0.0,0,,0,0,cash_rich_noninvestor
11975,balanced,paid_search,0.0,0,,0,0,low_engagement
11976,balanced,paid_search,0.0,0,,0,0,cash_rich_noninvestor
11977,balanced,social,0.0,0,,0,0,low_engagement
11978,aggressive,bank_partner,0.0,0,,0,0,low_engagement
11979,aggressive,bank_partner,0.0,0,,0,0,cash_rich_noninvestor
11980,cautious,bank_partner,0.0,0,,0,0,low_engagement
11981,balanced,organic,0.0,0,,0,0,low_engagement
11982,balanced,referral,0.0,0,,0,0,cash_rich_noninvestor
11983,balanced,social,0.0,0,,0,0,cash_rich_noninvestor
11985,cautious,referral,0.0,0,,0,0,low_engagement
11986,cautious,paid_search,0.0,0,,0,0,low_engagement
11987,balanced,social,0.0,0,,0,0,low_engagement
11988,balanced,referral,0.0,0,,0,0,low_engagement
11989,aggressive,referral,0.0,0,,0,0,low_engagement
11990,cautious,paid_search,0.0,0,,0,0,low_engagement
11991,balanced,organic,0.0,0,,0,0,cash_rich_noninvestor
11993,balanced,referral,0.0,0,,0,0,low_engagement
11994,balanced,organic,0.0,0,,0,0,low_engagement
11995,balanced,organic,0.0,0,,0,0,low_engagement
11996,cautious,social,0.0,0,,0,0,low_engagement
11997,cautious,paid_search,0.0,0,,0,0,cash_rich_noninvestor
11998,cautious,paid_search,0.0,0,,0,0,low_engagement
11999,balanced,paid_search,0.0,0,,0,0,low_engagement
12000,cautious,referral,0.0,0,,0,0,low_engagement
