user_id,experiment_name,assigned_at,experiment_group,delivered,clicked_7d,purchased_30d,purchase_amount_30d,retained_30d,pre_90d_visits,pre_90d_trades,days_since_last_visit
1,dormant_user_reactivation_v1,2025-01-15 00:00:00,education_content,1,0,0,0.0,0,0,0,105
4,dormant_user_reactivation_v1,2025-01-15 00:00:00,education_content,1,0,0,0.0,1,0,0,123
5,dormant_user_reactivation_v1,2025-01-15 00:00:00,product_recommendation,1,0,1,8573.08,0,0,0,163
7,dormant_user_reactivation_v1,2025-01-15 00:00:00,control,1,0,0,0.0,0,1,0,88
9,dormant_user_reactivation_v1,2025-01-15 00:00:00,education_content,1,0,0,0.0,0,0,0,210
10,dormant_user_reactivation_v1,2025-01-15 00:00:00,control,1,0,0,0.0,0,0,0,189
13,dormant_user_reactivation_v1,2025-01-15 00:00:00,control,1,0,0,0.0,0,0,0,92
15,dormant_user_reactivation_v1,2025-01-15 00:00:00,education_content,1,0,0,0.0,0,0,0,310
17,dormant_user_reactivation_v1,2025-01-15 00:00:00,education_content,1,0,0,0.0,0,0,0,178
18,dormant_user_reactivation_v1,2025-01-15 00:00:00,control,1,0,0,0.0,0,0,0,184
19,dormant_user_reactivation_v1,2025-01-15 00:00:00,control,1,0,0,0.0,0,0,0,201
21,dormant_user_reactivation_v1,2025-01-15 00:00:00,control,1,0,0,0.0,0,0,0,110
25,dormant_user_reactivation_v1,2025-01-15 00:00:00,control,1,0,0,0.0,0,2,0,66
26,dormant_user_reactivation_v1,2025-01-15 00:00:00,product_recommendation,1,0,0,0.0,0,4,0,67
27,dormant_user_reactivation_v1,2025-01-15 00:00:00,control,1,0,0,0.0,0,0,0,168
28,dormant_user_reactivation_v1,2025-01-15 00:00:00,control,1,0,0,0.0,0,0,0,127
31,dormant_user_reactivation_v1,2025-01-15 00:00:00,education_content,1,0,0,0.0,0,0,0,100
35,dormant_user_reactivation_v1,2025-01-15 00:00:00,education_content,1,0,0,0.0,0,0,0,151
38,dormant_user_reactivation_v1,2025-01-15 00:00:00,education_content,1,0,0,0.0,0,6,1,46
40,dormant_user_reactivation_v1,2025-01-15 00:00:00,product_recommendation,1,0,0,0.0,0,0,0,295
41,dormant_user_reactivation_v1,2025-01-15 00:00:00,product_recommendation,1,0,0,0.0,1,0,0,98
42,dormant_user_reactivation_v1,2025-01-15 00:00:00,product_recommendation,1,0,0,0.0,1,0,0,186
44,dormant_user_reactivation_v1,2025-01-15 00:00:00,education_content,1,1,0,0.0,0,1,0,60
46,dormant_user_reactivation_v1,2025-01-15 00:00:00,control,1,0,0,0.0,0,1,0,68
48,dormant_user_reactivation_v1,2025-01-15 00:00:00,product_recommendation,0,0,0,0.0,0,0,0,311
49,dormant_user_reactivation_v1,2025-01-15 00:00:00,product_recommendation,0,0,0,0.0,0,0,0,306
50,dormant_user_reactivation_v1,2025-01-15 00:00:00,education_content,1,0,0,0.0,0,0,0,188
52,dormant_user_reactivation_v1,2025-01-15 00:00:00,education_content,1,0,0,0.0,1,0,0,94
53,dormant_user_reactivation_v1,2025-01-15 00:00:00,education_content,1,0,0,0.0,0,0,0,195
54,dormant_user_reactivation_v1,2025-01-15 00:00:00,control,1,1,0,0.0,0,0,0,189
55,dormant_user_reactivation_v1,2025-01-15 00:00:00,product_recommendation,1,0,1,11841.87,1,0,0,228
56,dormant_user_reactivation_v1,2025-01-15 00:00:00,education_content,1,1,0,0.0,0,0,0,158
58,dormant_user_reactivation_v1,2025-01-15 00:00:00,education_content,1,0,0,0.0,0,1,0,83
59,dormant_user_reactivation_v1,2025-01-15 00:00:00,control,1,0,0,0.0,0,0,0,100
63,dormant_user_reactivation_v1,2025-01-15 00:00:00,product_recommendation,1,0,0,0.0,0,0,0,152
64,dormant_user_reactivation_v1,2025-01-15 00:00:00,education_content,1,0,0,0.0,0,0,0,106
69,dormant_user_reactivation_v1,2025-01-15 00:00:00,education_content,1,0,0,0.0,0,0,0,288
74,dormant_user_reactivation_v1,2025-01-15 00:00:00,education_content,1,0,0,0.0,1,1,0,73
76,dormant_user_reactivation_v1,2025-01-15 00:00:00,control,1,0,0,0.0,0,1,0,58
81,dormant_user_reactivation_v1,2025-01-15 00:00:00,education_content,1,0,0,0.0,0,0,0,325
84,dormant_user_reactivation_v1,2025-01-15 00:00:00,control,1,0,0,0.0,0,0,0,116
86,dormant_user_reactivation_v1,2025-01-15 00:00:00,product_recommendation,0,0,0,0.0,0,0,0,155
87,dormant_user_reactivation_v1,2025-01-15 00:00:00,control,1,0,1,4663.31,0,0,0,317
92,dormant_user_reactivation_v1,2025-01-15 00:00:00,education_content,1,0,0,0.0,1,0,0,113
94,dormant_user_reactivation_v1,2025-01-15 00:00:00,education_content,1,0,0,0.0,0,1,0,49
96,dormant_user_reactivation_v1,2025-01-15 00:00:00,product_recommendation,1,0,0,0.0,0,1,0,63
97,dormant_user_reactivation_v1,2025-01-15 00:00:00,control,1,0,0,0.0,1,0,0,169
101,dormant_user_reactivation_v1,2025-01-15 00:00:00,control,1,0,0,0.0,0,1,0,81
102,dormant_user_reactivation_v1,2025-01-15 00:00:00,product_recommendation,1,0,0,0.0,0,0,0,164
104,dormant_user_reactivation_v1,2025-01-15 00:00:00,education_content,1,1,0,0.0,0,1,0,50
105,dormant_user_reactivation_v1,2025-01-15 00:00:00,education_content,1,0,0,0.0,0,0,0,305
107,dormant_user_reactivation_v1,2025-01-15 00:00:00,education_content,1,0,1,2081.35,1,0,0,158
108,dormant_user_reactivation_v1,2025-01-15 00:00:00,control,1,0,0,0.0,1,0,0,96
110,dormant_user_reactivation_v1,2025-01-15 00:00:00,education_content,1,1,0,0.0,0,1,0,68
111,dormant_user_reactivation_v1,2025-01-15 00:00:00,education_content,0,0,0,0.0,0,0,0,136
112,dormant_user_reactivation_v1,2025-01-15 00:00:00,product_recommendation,1,1,0,0.0,1,0,0,100
115,dormant_user_reactivation_v1,2025-01-15 00:00:00,education_content,1,1,0,0.0,0,0,0,342
118,dormant_user_reactivation_v1,2025-01-15 00:00:00,control,1,0,0,0.0,0,1,0,68
119,dormant_user_reactivation_v1,2025-01-15 00:00:00,education_content,1,0,0,0.0,1,2,0,46
120,dormant_user_reactivation_v1,2025-01-15 00:00:00,product_recommendation,1,0,0,0.0,0,0,0,123
122,dormant_user_reactivation_v1,2025-01-15 00:00:00,product_recommendation,1,0,0,0.0,0,0,0,224
124,dormant_user_reactivation_v1,2025-01-15 00:00:00,product_recommendation,1,0,0,0.0,0,1,0,70
125,dormant_user_reactivation_v1,2025-01-15 00:00:00,education_content,1,0,0,0.0,0,1,0,49
126,dormant_user_reactivation_v1,2025-01-15 00:00:00,product_recommendation,1,0,0,0.0,0,0,0,145
127,dormant_user_reactivation_v1,2025-01-15 00:00:00,control,1,0,0,0.0,1,0,0,177
133,dormant_user_reactivation_v1,2025-01-15 00:00:00,product_recommendation,1,0,0,0.0,0,0,0,192
134,dormant_user_reactivation_v1,2025-01-15 00:00:00,control,1,0,0,0.0,0,1,0,64
135,dormant_user_reactivation_v1,2025-01-15 00:00:00,control,1,0,0,0.0,0,0,0,250
137,dormant_user_reactivation_v1,2025-01-15 00:00:00,product_recommendation,1,0,0,0.0,0,0,0,120
142,dormant_user_reactivation_v1,2025-01-15 00:00:00,education_content,1,0,0,0.0,0,0,0,219
145,dormant_user_reactivation_v1,2025-01-15 00:00:00,product_recommendation,1,0,0,0.0,0,1,0,78
146,dormant_user_reactivation_v1,2025-01-15 00:00:00,product_recommendation,1,0,0,0.0,1,0,0,154
147,dormant_user_reactivation_v1,2025-01-15 00:00:00,product_recommendation,1,0,0,0.0,0,0,0,118
149,dormant_user_reactivation_v1,2025-01-15 00:00:00,control,1,0,0,0.0,0,0,0,235
154,dormant_user_reactivation_v1,2025-01-15 00:00:00,control,1,0,0,0.0,0,0,0,245
155,dormant_user_reactivation_v1,2025-01-15 00:00:00,control,1,0,0,0.0,0,0,0,73
156,dormant_user_reactivation_v1,2025-01-15 00:00:00,product_recommendation,1,0,0,0.0,0,0,0,249
157,dormant_user_reactivation_v1,2025-01-15 00:00:00,product_recommendation,1,1,0,0.0,1,0,0,140
159,dormant_user_reactivation_v1,2025-01-15 00:00:00,education_content,1,0,0,0.0,0,0,0,178
160,dormant_user_reactivation_v1,2025-01-15 00:00:00,education_content,1,0,0,0.0,1,0,0,184
162,dormant_user_reactivation_v1,2025-01-15 00:00:00,product_recommendation,1,0,1,13974.65,0,0,0,325
167,dormant_user_reactivation_v1,2025-01-15 00:00:00,control,1,0,0,0.0,0,0,0,115
170,dormant_user_reactivation_v1,2025-01-15 00:00:00,product_recommendation,1,0,0,0.0,0,1,2,89
176,dormant_user_reactivation_v1,2025-01-15 00:00:00,education_content,1,0,0,0.0,1,0,0,104
178,dormant_user_reactivation_v1,2025-01-15 00:00:00,education_content,1,0,0,0.0,0,2,0,81
180,dormant_user_reactivation_v1,2025-01-15 00:00:00,product_recommendation,1,1,1,5582.19,0,0,0,91
182,dormant_user_reactivation_v1,2025-01-15 00:00:00,control,1,0,0,0.0,1,0,0,165
184,dormant_user_reactivation_v1,2025-01-15 00:00:00,product_recommendation,1,0,1,3370.67,0,0,0,157
192,dormant_user_reactivation_v1,2025-01-15 00:00:00,control,0,0,0,0.0,1,0,0,94
193,dormant_user_reactivation_v1,2025-01-15 00:00:00,education_content,1,1,0,0.0,0,0,0,234
194,dormant_user_reactivation_v1,2025-01-15 00:00:00,control,0,0,0,0.0,1,0,0,140
197,dormant_user_reactivation_v1,2025-01-15 00:00:00,control,1,0,0,0.0,0,0,0,185
205,dormant_user_reactivation_v1,2025-01-15 00:00:00,education_content,1,0,0,0.0,0,0,2,184
206,dormant_user_reactivation_v1,2025-01-15 00:00:00,education_content,0,0,0,0.0,0,1,0,64
207,dormant_user_reactivation_v1,2025-01-15 00:00:00,control,1,0,0,0.0,1,0,0,288
209,dormant_user_reactivation_v1,2025-01-15 00:00:00,education_content,1,0,0,0.0,0,0,0,230
210,dormant_user_reactivation_v1,2025-01-15 00:00:00,product_recommendation,1,0,0,0.0,1,0,0,249
211,dormant_user_reactivation_v1,2025-01-15 00:00:00,control,1,0,0,0.0,0,0,0,105
215,dormant_user_reactivation_v1,2025-01-15 00:00:00,education_content,1,1,0,0.0,0,0,0,123
217,dormant_user_reactivation_v1,2025-01-15 00:00:00,control,1,0,0,0.0,0,1,0,78
219,dormant_user_reactivation_v1,2025-01-15 00:00:00,education_content,1,0,0,0.0,0,0,0,250
220,dormant_user_reactivation_v1,2025-01-15 00:00:00,education_content,1,1,0,0.0,0,0,0,170
224,dormant_user_reactivation_v1,2025-01-15 00:00:00,education_content,1,0,0,0.0,1,0,0,97
225,dormant_user_reactivation_v1,2025-01-15 00:00:00,education_content,1,0,0,0.0,0,0,0,109
226,dormant_user_reactivation_v1,2025-01-15 00:00:00,control,1,0,0,0.0,0,0,0,235
227,dormant_user_reactivation_v1,2025-01-15 00:00:00,education_content,1,0,0,0.0,0,0,0,124
228,dormant_user_reactivation_v1,2025-01-15 00:00:00,product_recommendation,1,1,0,0.0,1,0,0,169
230,dormant_user_reactivation_v1,2025-01-15 00:00:00,control,1,0,0,0.0,0,0,0,148
231,dormant_user_reactivation_v1,2025-01-15 00:00:00,education_content,1,0,0,0.0,0,1,0,63
233,dormant_user_reactivation_v1,2025-01-15 00:00:00,education_content,1,0,0,0.0,0,0,0,143
234,dormant_user_reactivation_v1,2025-01-15 00:00:00,product_recommendation,1,0,0,0.0,0,0,0,273
237,dormant_user_reactivation_v1,2025-01-15 00:00:00,product_recommendation,1,0,0,0.0,0,0,0,202
239,dormant_user_reactivation_v1,2025-01-15 00:00:00,control,1,1,0,0.0,0,0,0,153
240,dormant_user_reactivation_v1,2025-01-15 00:00:00,product_recommendation,1,0,0,0.0,0,0,0,140
241,dormant_user_reactivation_v1,2025-01-15 00:00:00,control,1,0,0,0.0,0,2,1,67
242,dormant_user_reactivation_v1,2025-01-15 00:00:00,control,1,0,0,0.0,0,0,0,112
244,dormant_user_reactivation_v1,2025-01-15 00:00:00,control,1,0,0,0.0,0,1,0,88
247,dormant_user_reactivation_v1,2025-01-15 00:00:00,education_content,1,0,0,0.0,0,0,0,189
249,dormant_user_reactivation_v1,2025-01-15 00:00:00,education_content,1,0,0,0.0,0,2,0,62
250,dormant_user_reactivation_v1,2025-01-15 00:00:00,education_content,1,0,0,0.0,0,0,0,262
251,dormant_user_reactivation_v1,2025-01-15 00:00:00,education_content,1,0,1,5962.87,1,0,0,130
253,dormant_user_reactivation_v1,2025-01-15 00:00:00,product_recommendation,1,0,0,0.0,0,0,0,103
256,dormant_user_reactivation_v1,2025-01-15 00:00:00,education_content,1,0,0,0.0,0,2,0,56
257,dormant_user_reactivation_v1,2025-01-15 00:00:00,education_content,1,0,0,0.0,1,0,0,276
259,dormant_user_reactivation_v1,2025-01-15 00:00:00,control,1,0,0,0.0,0,2,0,66
262,dormant_user_reactivation_v1,2025-01-15 00:00:00,education_content,1,0,0,0.0,0,1,0,79
263,dormant_user_reactivation_v1,2025-01-15 00:00:00,education_content,1,1,0,0.0,0,0,0,91
264,dormant_user_reactivation_v1,2025-01-15 00:00:00,education_content,1,1,0,0.0,0,1,0,71
265,dormant_user_reactivation_v1,2025-01-15 00:00:00,product_recommendation,1,1,0,0.0,0,0,0,275
267,dormant_user_reactivation_v1,2025-01-15 00:00:00,education_content,1,0,0,0.0,1,0,0,243
268,dormant_user_reactivation_v1,2025-01-15 00:00:00,product_recommendation,1,0,1,1277.02,0,0,0,138
270,dormant_user_reactivation_v1,2025-01-15 00:00:00,education_content,1,0,0,0.0,0,0,0,121
272,dormant_user_reactivation_v1,2025-01-15 00:00:00,product_recommendation,1,0,0,0.0,0,1,0,77
276,dormant_user_reactivation_v1,2025-01-15 00:00:00,education_content,1,1,0,0.0,0,0,0,130
277,dormant_user_reactivation_v1,2025-01-15 00:00:00,education_content,1,0,0,0.0,0,1,0,77
278,dormant_user_reactivation_v1,2025-01-15 00:00:00,control,1,0,0,0.0,0,0,0,252
280,dormant_user_reactivation_v1,2025-01-15 00:00:00,education_content,1,0,0,0.0,1,0,0,96
282,dormant_user_reactivation_v1,2025-01-15 00:00:00,education_content,1,0,1,4256.32,1,2,0,63
283,dormant_user_reactivation_v1,2025-01-15 00:00:00,product_recommendation,0,0,0,0.0,0,0,0,179
286,dormant_user_reactivation_v1,2025-01-15 00:00:00,control,1,0,0,0.0,0,1,0,61
287,dormant_user_reactivation_v1,2025-01-15 00:00:00,product_recommendation,1,0,0,0.0,0,0,0,220
288,dormant_user_reactivation_v1,2025-01-15 00:00:00,education_content,0,0,0,0.0,0,0,0,120
289,dormant_user_reactivation_v1,2025-01-15 00:00:00,education_content,1,0,0,0.0,1,0,0,174
291,dormant_user_reactivation_v1,2025-01-15 00:00:00,control,1,0,0,0.0,0,0,0,105
292,dormant_user_reactivation_v1,2025-01-15 00:00:00,education_content,1,0,0,0.0,0,0,0,182
298,dormant_user_reactivation_v1,2025-01-15 00:00:00,control,1,0,0,0.0,0,0,0,192
299,dormant_user_reactivation_v1,2025-01-15 00:00:00,control,1,0,0,0.0,0,0,0,131
300,dormant_user_reactivation_v1,2025-01-15 00:00:00,control,1,1,0,0.0,0,0,0,242
303,dormant_user_reactivation_v1,2025-01-15 00:00:00,education_content,1,0,0,0.0,0,0,0,165
305,dormant_user_reactivation_v1,2025-01-15 00:00:00,product_recommendation,1,0,0,0.0,0,0,0,207
306,dormant_user_reactivation_v1,2025-01-15 00:00:00,education_content,1,0,0,0.0,0,0,0,119
307,dormant_user_reactivation_v1,2025-01-15 00:00:00,product_recommendation,1,0,0,0.0,0,0,0,105
309,dormant_user_reactivation_v1,2025-01-15 00:00:00,control,1,0,0,0.0,0,0,0,98
310,dormant_user_reactivation_v1,2025-01-15 00:00:00,control,1,0,0,0.0,0,0,0,120
311,dormant_user_reactivation_v1,2025-01-15 00:00:00,control,1,0,0,0.0,0,0,0,158
313,dormant_user_reactivation_v1,2025-01-15 00:00:00,control,1,0,0,0.0,0,1,0,80
314,dormant_user_reactivation_v1,2025-01-15 00:00:00,control,1,0,0,0.0,1,2,0,68
315,dormant_user_reactivation_v1,2025-01-15 00:00:00,control,1,0,0,0.0,0,0,0,93
320,dormant_user_reactivation_v1,2025-01-15 00:00:00,education_content,1,0,0,0.0,0,1,0,65
322,dormant_user_reactivation_v1,2025-01-15 00:00:00,product_recommendation,1,0,0,0.0,0,0,0,316
323,dormant_user_reactivation_v1,2025-01-15 00:00:00,control,0,0,0,0.0,0,1,0,61
324,dormant_user_reactivation_v1,2025-01-15 00:00:00,control,1,0,0,0.0,0,0,0,134
326,dormant_user_reactivation_v1,2025-01-15 00:00:00,education_content,1,0,1,33848.57,0,0,0,271
327,dormant_user_reactivation_v1,2025-01-15 00:00:00,education_content,0,0,0,0.0,0,2,0,81
329,dormant_user_reactivation_v1,2025-01-15 00:00:00,education_content,1,1,0,0.0,0,4,1,46
330,dormant_user_reactivation_v1,2025-01-15 00:00:00,product_recommendation,1,0,0,0.0,0,0,0,111
341,dormant_user_reactivation_v1,2025-01-15 00:00:00,education_content,1,0,0,0.0,0,0,0,191
347,dormant_user_reactivation_v1,2025-01-15 00:00:00,education_content,1,0,0,0.0,0,1,0,80
348,dormant_user_reactivation_v1,2025-01-15 00:00:00,control,1,0,0,0.0,0,0,0,308
350,dormant_user_reactivation_v1,2025-01-15 00:00:00,control,1,0,0,0.0,0,1,0,78
354,dormant_user_reactivation_v1,2025-01-15 00:00:00,product_recommendation,0,0,0,0.0,0,0,0,165
355,dormant_user_reactivation_v1,2025-01-15 00:00:00,control,1,0,0,0.0,1,0,0,91
356,dormant_user_reactivation_v1,2025-01-15 00:00:00,control,1,0,0,0.0,1,0,0,149
357,dormant_user_reactivation_v1,2025-01-15 00:00:00,product_recommendation,1,0,0,0.0,0,0,0,340
358,dormant_user_reactivation_v1,2025-01-15 00:00:00,education_content,1,0,0,0.0,0,0,0,222
360,dormant_user_reactivation_v1,2025-01-15 00:00:00,education_content,1,0,0,0.0,0,0,0,121
361,dormant_user_reactivation_v1,2025-01-15 00:00:00,product_recommendation,1,0,0,0.0,0,1,0,79
362,dormant_user_reactivation_v1,2025-01-15 00:00:00,education_content,1,0,0,0.0,0,0,0,127
369,dormant_user_reactivation_v1,2025-01-15 00:00:00,education_content,1,0,0,0.0,0,0,0,130
373,dormant_user_reactivation_v1,2025-01-15 00:00:00,product_recommendation,1,0,0,0.0,1,0,0,103
374,dormant_user_reactivation_v1,2025-01-15 00:00:00,education_content,1,0,0,0.0,0,0,0,94
378,dormant_user_reactivation_v1,2025-01-15 00:00:00,education_content,1,1,0,0.0,0,0,0,223
380,dormant_user_reactivation_v1,2025-01-15 00:00:00,education_content,1,0,0,0.0,0,3,1,57
381,dormant_user_reactivation_v1,2025-01-15 00:00:00,control,1,0,0,0.0,0,0,0,255
383,dormant_user_reactivation_v1,2025-01-15 00:00:00,control,1,0,0,0.0,0,0,0,72
384,dormant_user_reactivation_v1,2025-01-15 00:00:00,control,1,0,0,0.0,0,0,0,154
385,dormant_user_reactivation_v1,2025-01-15 00:00:00,control,1,0,0,0.0,0,0,0,157
386,dormant_user_reactivation_v1,2025-01-15 00:00:00,education_content,1,0,0,0.0,0,0,0,176
389,dormant_user_reactivation_v1,2025-01-15 00:00:00,product_recommendation,1,0,0,0.0,0,0,0,108
391,dormant_user_reactivation_v1,2025-01-15 00:00:00,product_recommendation,0,0,0,0.0,0,1,0,57
392,dormant_user_reactivation_v1,2025-01-15 00:00:00,education_content,1,0,0,0.0,0,0,0,109
397,dormant_user_reactivation_v1,2025-01-15 00:00:00,education_content,1,0,0,0.0,1,0,0,259
398,dormant_user_reactivation_v1,2025-01-15 00:00:00,product_recommendation,1,0,0,0.0,0,0,0,151
400,dormant_user_reactivation_v1,2025-01-15 00:00:00,control,1,0,0,0.0,0,0,0,169
401,dormant_user_reactivation_v1,2025-01-15 00:00:00,education_content,1,0,1,10386.49,0,2,0,61
402,dormant_user_reactivation_v1,2025-01-15 00:00:00,product_recommendation,1,0,0,0.0,0,0,0,302
403,dormant_user_reactivation_v1,2025-01-15 00:00:00,product_recommendation,1,1,0,0.0,1,1,0,75
404,dormant_user_reactivation_v1,2025-01-15 00:00:00,product_recommendation,1,1,0,0.0,1,0,0,315
405,dormant_user_reactivation_v1,2025-01-15 00:00:00,education_content,1,1,0,0.0,0,0,0,126
407,dormant_user_reactivation_v1,2025-01-15 00:00:00,education_content,1,0,0,0.0,0,1,0,46
416,dormant_user_reactivation_v1,2025-01-15 00:00:00,education_content,1,0,0,0.0,0,0,0,206
417,dormant_user_reactivation_v1,2025-01-15 00:00:00,control,1,0,0,0.0,1,0,0,198
422,dormant_user_reactivation_v1,2025-01-15 00:00:00,control,0,0,0,0.0,0,0,0,117
423,dormant_user_reactivation_v1,2025-01-15 00:00:00,product_recommendation,1,1,1,1412.38,0,1,0,78
424,dormant_user_reactivation_v1,2025-01-15 00:00:00,product_recommendation,1,0,0,0.0,0,2,0,60
426,dormant_user_reactivation_v1,2025-01-15 00:00:00,product_recommendation,1,0,0,0.0,1,0,0,250
429,dormant_user_reactivation_v1,2025-01-15 00:00:00,control,1,0,0,0.0,0,1,0,79
430,dormant_user_reactivation_v1,2025-01-15 00:00:00,product_recommendation,1,0,0,0.0,0,0,0,154
435,dormant_user_reactivation_v1,2025-01-15 00:00:00,education_content,1,0,0,0.0,0,0,0,151
437,dormant_user_reactivation_v1,2025-01-15 00:00:00,education_content,1,1,0,0.0,0,0,0,149
438,dormant_user_reactivation_v1,2025-01-15 00:00:00,education_content,1,0,1,5330.58,1,0,0,75
440,dormant_user_reactivation_v1,2025-01-15 00:00:00,education_content,1,0,0,0.0,0,1,0,78
444,dormant_user_reactivation_v1,2025-01-15 00:00:00,control,1,0,0,0.0,0,0,0,117
445,dormant_user_reactivation_v1,2025-01-15 00:00:00,product_recommendation,1,1,0,0.0,0,0,0,255
450,dormant_user_reactivation_v1,2025-01-15 00:00:00,control,1,0,0,0.0,0,2,0,62
453,dormant_user_reactivation_v1,2025-01-15 00:00:00,control,1,0,0,0.0,1,0,0,140
454,dormant_user_reactivation_v1,2025-01-15 00:00:00,product_recommendation,1,1,0,0.0,0,0,0,182
457,dormant_user_reactivation_v1,2025-01-15 00:00:00,product_recommendation,1,1,1,6734.8,0,1,0,49
460,dormant_user_reactivation_v1,2025-01-15 00:00:00,product_recommendation,1,0,0,0.0,0,1,0,84
463,dormant_user_reactivation_v1,2025-01-15 00:00:00,education_content,0,0,0,0.0,1,0,1,162
467,dormant_user_reactivation_v1,2025-01-15 00:00:00,education_content,1,0,0,0.0,0,0,0,241
468,dormant_user_reactivation_v1,2025-01-15 00:00:00,education_content,1,0,0,0.0,0,1,0,53
470,dormant_user_reactivation_v1,2025-01-15 00:00:00,product_recommendation,1,0,0,0.0,0,0,0,178
472,dormant_user_reactivation_v1,2025-01-15 00:00:00,product_recommendation,1,1,0,0.0,0,2,0,70
473,dormant_user_reactivation_v1,2025-01-15 00:00:00,education_content,1,0,0,0.0,1,1,0,86
475,dormant_user_reactivation_v1,2025-01-15 00:00:00,control,1,0,0,0.0,0,0,0,229
478,dormant_user_reactivation_v1,2025-01-15 00:00:00,education_content,1,0,0,0.0,0,0,0,264
479,dormant_user_reactivation_v1,2025-01-15 00:00:00,control,1,0,0,0.0,0,1,0,86
485,dormant_user_reactivation_v1,2025-01-15 00:00:00,education_content,1,0,0,0.0,0,0,0,166
486,dormant_user_reactivation_v1,2025-01-15 00:00:00,education_content,1,1,1,9146.53,1,1,0,58
487,dormant_user_reactivation_v1,2025-01-15 00:00:00,product_recommendation,1,0,0,0.0,0,0,0,133
489,dormant_user_reactivation_v1,2025-01-15 00:00:00,education_content,1,0,0,0.0,0,0,0,124
491,dormant_user_reactivation_v1,2025-01-15 00:00:00,education_content,1,0,0,0.0,0,0,0,168
492,dormant_user_reactivation_v1,2025-01-15 00:00:00,control,1,0,0,0.0,0,0,0,235
497,dormant_user_reactivation_v1,2025-01-15 00:00:00,control,1,0,1,892.37,1,1,2,69
499,dormant_user_reactivation_v1,2025-01-15 00:00:00,control,1,0,0,0.0,1,0,0,172
500,dormant_user_reactivation_v1,2025-01-15 00:00:00,education_content,1,0,0,0.0,0,0,0,189
501,dormant_user_reactivation_v1,2025-01-15 00:00:00,education_content,1,0,1,5124.82,0,2,0,61
503,dormant_user_reactivation_v1,2025-01-15 00:00:00,education_content,1,0,0,0.0,0,0,0,169
505,dormant_user_reactivation_v1,2025-01-15 00:00:00,control,1,0,0,0.0,0,0,0,196
508,dormant_user_reactivation_v1,2025-01-15 00:00:00,control,1,0,0,0.0,0,0,0,215
511,dormant_user_reactivation_v1,2025-01-15 00:00:00,product_recommendation,1,0,0,0.0,0,0,0,93
512,dormant_user_reactivation_v1,2025-01-15 00:00:00,education_content,1,0,0,0.0,0,8,0,47
515,dormant_user_reactivation_v1,2025-01-15 00:00:00,product_recommendation,1,0,0,0.0,0,0,0,302
516,dormant_user_reactivation_v1,2025-01-15 00:00:00,education_content,1,0,0,0.0,0,0,0,114
517,dormant_user_reactivation_v1,2025-01-15 00:00:00,control,1,0,0,0.0,0,0,0,100
520,dormant_user_reactivation_v1,2025-01-15 00:00:00,education_content,1,0,0,0.0,0,0,0,202
521,dormant_user_reactivation_v1,2025-01-15 00:00:00,product_recommendation,1,0,0,0.0,0,0,0,177
523,dormant_user_reactivation_v1,2025-01-15 00:00:00,control,1,0,0,0.0,0,0,0,178
525,dormant_user_reactivation_v1,2025-01-15 00:00:00,education_content,1,0,0,0.0,0,1,0,82
526,dormant_user_reactivation_v1,2025-01-15 00:00:00,control,1,0,0,0.0,0,0,0,96
528,dormant_user_reactivation_v1,2025-01-15 00:00:00,control,1,0,0,0.0,0,1,0,74
530,dormant_user_reactivation_v1,2025-01-15 00:00:00,control,1,0,0,0.0,1,0,0,181
532,dormant_user_reactivation_v1,2025-01-15 00:00:00,product_recommendation,1,0,0,0.0,0,0,0,140
533,dormant_user_reactivation_v1,2025-01-15 00:00:00,education_content,1,1,0,0.0,0,0,0,156
534,dormant_user_reactivation_v1,2025-01-15 00:00:00,education_content,1,0,0,0.0,0,0,0,91
543,dormant_user_reactivation_v1,2025-01-15 00:00:00,product_recommendation,1,0,0,0.0,0,0,0,105
544,dormant_user_reactivation_v1,2025-01-15 00:00:00,education_content,1,0,0,0.0,0,0,0,326
545,dormant_user_reactivation_v1,2025-01-15 00:00:00,product_recommendation,1,0,0,0.0,0,0,0,196
547,dormant_user_reactivation_v1,2025-01-15 00:00:00,control,1,0,0,0.0,0,1,0,72
548,dormant_user_reactivation_v1,2025-01-15 00:00:00,education_content,1,0,0,0.0,0,0,0,112
551,dormant_user_reactivation_v1,2025-01-15 00:00:00,control,1,0,0,0.0,0,0,0,71
552,dormant_user_reactivation_v1,2025-01-15 00:00:00,education_content,1,0,0,0.0,0,0,0,136
555,dormant_user_reactivation_v1,2025-01-15 00:00:00,control,1,0,0,0.0,1,0,0,164
557,dormant_user_reactivation_v1,2025-01-15 00:00:00,control,1,0,0,0.0,1,0,0,131
561,dormant_user_reactivation_v1,2025-01-15 00:00:00,education_content,1,0,0,0.0,0,0,0,132
563,dormant_user_reactivation_v1,2025-01-15 00:00:00,education_content,1,0,1,1037.75,1,0,0,261
566,dormant_user_reactivation_v1,2025-01-15 00:00:00,product_recommendation,1,0,0,0.0,0,0,0,90
570,dormant_user_reactivation_v1,2025-01-15 00:00:00,education_content,1,0,0,0.0,0,2,1,46
571,dormant_user_reactivation_v1,2025-01-15 00:00:00,product_recommendation,1,0,0,0.0,0,0,0,174
572,dormant_user_reactivation_v1,2025-01-15 00:00:00,education_content,1,0,0,0.0,1,0,0,294
573,dormant_user_reactivation_v1,2025-01-15 00:00:00,control,0,0,0,0.0,0,0,0,128
575,dormant_user_reactivation_v1,2025-01-15 00:00:00,education_content,0,0,0,0.0,0,1,0,74
577,dormant_user_reactivation_v1,2025-01-15 00:00:00,control,1,0,0,0.0,0,0,0,110
578,dormant_user_reactivation_v1,2025-01-15 00:00:00,product_recommendation,1,0,0,0.0,0,0,0,233
583,dormant_user_reactivation_v1,2025-01-15 00:00:00,product_recommendation,1,0,0,0.0,0,0,0,308
584,dormant_user_reactivation_v1,2025-01-15 00:00:00,education_content,1,0,0,0.0,0,1,0,85
587,dormant_user_reactivation_v1,2025-01-15 00:00:00,education_content,1,0,0,0.0,1,1,0,81
589,dormant_user_reactivation_v1,2025-01-15 00:00:00,control,1,0,0,0.0,1,0,0,223
591,dormant_user_reactivation_v1,2025-01-15 00:00:00,control,1,0,0,0.0,0,0,0,153
593,dormant_user_reactivation_v1,2025-01-15 00:00:00,control,1,0,0,0.0,0,0,0,171
594,dormant_user_reactivation_v1,2025-01-15 00:00:00,product_recommendation,1,0,0,0.0,0,0,0,109
595,dormant_user_reactivation_v1,2025-01-15 00:00:00,education_content,1,0,0,0.0,1,2,0,53
596,dormant_user_reactivation_v1,2025-01-15 00:00:00,education_content,1,0,0,0.0,0,0,0,109
597,dormant_user_reactivation_v1,2025-01-15 00:00:00,control,1,0,0,0.0,0,1,0,81
601,dormant_user_reactivation_v1,2025-01-15 00:00:00,product_recommendation,1,0,0,0.0,0,0,0,78
602,dormant_user_reactivation_v1,2025-01-15 00:00:00,control,1,0,0,0.0,0,0,0,126
603,dormant_user_reactivation_v1,2025-01-15 00:00:00,control,1,0,0,0.0,0,0,0,240
605,dormant_user_reactivation_v1,2025-01-15 00:00:00,product_recommendation,1,1,0,0.0,0,1,0,76
608,dormant_user_reactivation_v1,2025-01-15 00:00:00,control,1,0,0,0.0,0,0,0,251
611,dormant_user_reactivation_v1,2025-01-15 00:00:00,control,1,0,0,0.0,0,0,0,120
614,dormant_user_reactivation_v1,2025-01-15 00:00:00,education_content,1,0,0,0.0,0,0,0,350
616,dormant_user_reactivation_v1,2025-01-15 00:00:00,product_recommendation,1,0,0,0.0,0,0,0,352
619,dormant_user_reactivation_v1,2025-01-15 00:00:00,control,1,0,0,0.0,0,0,0,145
621,dormant_user_reactivation_v1,2025-01-15 00:00:00,control,1,0,0,0.0,0,0,0,283
622,dormant_user_reactivation_v1,2025-01-15 00:00:00,control,1,0,0,0.0,1,1,0,64
624,dormant_user_reactivation_v1,2025-01-15 00:00:00,control,0,0,0,0.0,0,0,0,95
626,dormant_user_reactivation_v1,2025-01-15 00:00:00,control,1,0,0,0.0,0,1,0,76
633,dormant_user_reactivation_v1,2025-01-15 00:00:00,control,1,0,0,0.0,0,2,0,85
635,dormant_user_reactivation_v1,2025-01-15 00:00:00,control,1,0,0,0.0,0,0,0,228
637,dormant_user_reactivation_v1,2025-01-15 00:00:00,control,1,0,0,0.0,0,0,0,105
641,dormant_user_reactivation_v1,2025-01-15 00:00:00,control,1,0,0,0.0,0,0,0,244
645,dormant_user_reactivation_v1,2025-01-15 00:00:00,education_content,1,0,0,0.0,0,1,0,72
648,dormant_user_reactivation_v1,2025-01-15 00:00:00,product_recommendation,1,0,0,0.0,0,0,0,115
650,dormant_user_reactivation_v1,2025-01-15 00:00:00,control,1,0,0,0.0,0,0,0,152
651,dormant_user_reactivation_v1,2025-01-15 00:00:00,control,1,0,0,0.0,0,0,0,275
652,dormant_user_reactivation_v1,2025-01-15 00:00:00,education_content,1,0,0,0.0,0,0,0,102
653,dormant_user_reactivation_v1,2025-01-15 00:00:00,product_recommendation,1,0,0,0.0,0,0,0,275
655,dormant_user_reactivation_v1,2025-01-15 00:00:00,control,1,0,0,0.0,0,0,0,137
659,dormant_user_reactivation_v1,2025-01-15 00:00:00,control,1,0,0,0.0,1,0,0,362
660,dormant_user_reactivation_v1,2025-01-15 00:00:00,control,1,0,0,0.0,0,0,0,162
663,dormant_user_reactivation_v1,2025-01-15 00:00:00,product_recommendation,1,0,0,0.0,0,0,0,221
664,dormant_user_reactivation_v1,2025-01-15 00:00:00,control,1,0,0,0.0,0,3,2,55
665,dormant_user_reactivation_v1,2025-01-15 00:00:00,education_content,1,0,1,3099.02,0,0,0,105
668,dormant_user_reactivation_v1,2025-01-15 00:00:00,education_content,1,0,0,0.0,0,1,0,47
670,dormant_user_reactivation_v1,2025-01-15 00:00:00,education_content,1,0,0,0.0,0,0,0,279
672,dormant_user_reactivation_v1,2025-01-15 00:00:00,product_recommendation,1,1,0,0.0,0,1,0,73
673,dormant_user_reactivation_v1,2025-01-15 00:00:00,control,1,0,0,0.0,0,0,0,144
674,dormant_user_reactivation_v1,2025-01-15 00:00:00,education_content,1,0,0,0.0,0,0,0,99
675,dormant_user_reactivation_v1,2025-01-15 00:00:00,control,1,0,0,0.0,0,0,0,100
676,dormant_user_reactivation_v1,2025-01-15 00:00:00,education_content,1,0,0,0.0,0,0,0,322
678,dormant_user_reactivation_v1,2025-01-15 00:00:00,control,1,0,0,0.0,0,0,0,157
679,dormant_user_reactivation_v1,2025-01-15 00:00:00,education_content,1,0,0,0.0,0,2,0,75
681,dormant_user_reactivation_v1,2025-01-15 00:00:00,control,1,0,0,0.0,0,0,0,145
683,dormant_user_reactivation_v1,2025-01-15 00:00:00,control,1,0,0,0.0,0,1,0,70
684,dormant_user_reactivation_v1,2025-01-15 00:00:00,control,1,0,0,0.0,0,1,0,75
686,dormant_user_reactivation_v1,2025-01-15 00:00:00,product_recommendation,1,0,0,0.0,0,0,0,309
690,dormant_user_reactivation_v1,2025-01-15 00:00:00,control,1,0,0,0.0,0,0,0,107
691,dormant_user_reactivation_v1,2025-01-15 00:00:00,product_recommendation,1,0,0,0.0,1,0,0,227
693,dormant_user_reactivation_v1,2025-01-15 00:00:00,education_content,0,0,0,0.0,0,0,0,147
696,dormant_user_reactivation_v1,2025-01-15 00:00:00,product_recommendation,0,0,0,0.0,0,0,0,103
704,dormant_user_reactivation_v1,2025-01-15 00:00:00,product_recommendation,1,0,1,8485.94,0,0,0,137
705,dormant_user_reactivation_v1,2025-01-15 00:00:00,product_recommendation,1,0,0,0.0,1,0,0,198
706,dormant_user_reactivation_v1,2025-01-15 00:00:00,product_recommendation,1,0,0,0.0,0,0,0,119
708,dormant_user_reactivation_v1,2025-01-15 00:00:00,control,1,0,0,0.0,0,0,0,138
710,dormant_user_reactivation_v1,2025-01-15 00:00:00,product_recommendation,1,0,0,0.0,0,2,0,85
712,dormant_user_reactivation_v1,2025-01-15 00:00:00,product_recommendation,1,0,0,0.0,0,0,0,284
713,dormant_user_reactivation_v1,2025-01-15 00:00:00,control,1,0,0,0.0,0,0,0,266
714,dormant_user_reactivation_v1,2025-01-15 00:00:00,product_recommendation,1,0,0,0.0,0,0,0,253
715,dormant_user_reactivation_v1,2025-01-15 00:00:00,education_content,1,0,0,0.0,0,0,0,273
717,dormant_user_reactivation_v1,2025-01-15 00:00:00,education_content,1,0,0,0.0,0,0,0,277
718,dormant_user_reactivation_v1,2025-01-15 00:00:00,product_recommendation,1,0,0,0.0,0,0,0,249
720,dormant_user_reactivation_v1,2025-01-15 00:00:00,control,1,0,0,0.0,0,0,1,118
721,dormant_user_reactivation_v1,2025-01-15 00:00:00,product_recommendation,1,0,1,837.69,0,0,0,173
723,dormant_user_reactivation_v1,2025-01-15 00:00:00,control,1,0,0,0.0,0,0,0,124
724,dormant_user_reactivation_v1,2025-01-15 00:00:00,control,1,0,0,0.0,0,5,1,47
728,dormant_user_reactivation_v1,2025-01-15 00:00:00,product_recommendation,1,0,0,0.0,0,0,0,144
732,dormant_user_reactivation_v1,2025-01-15 00:00:00,control,1,0,0,0.0,0,0,0,232
735,dormant_user_reactivation_v1,2025-01-15 00:00:00,product_recommendation,1,0,0,0.0,0,1,0,75
737,dormant_user_reactivation_v1,2025-01-15 00:00:00,education_content,1,1,0,0.0,0,0,0,140
738,dormant_user_reactivation_v1,2025-01-15 00:00:00,education_content,1,0,0,0.0,0,0,0,124
743,dormant_user_reactivation_v1,2025-01-15 00:00:00,education_content,1,0,0,0.0,0,0,0,192
744,dormant_user_reactivation_v1,2025-01-15 00:00:00,control,1,0,0,0.0,0,0,0,141
746,dormant_user_reactivation_v1,2025-01-15 00:00:00,control,1,0,0,0.0,0,0,0,165
748,dormant_user_reactivation_v1,2025-01-15 00:00:00,product_recommendation,1,1,0,0.0,0,0,0,358
752,dormant_user_reactivation_v1,2025-01-15 00:00:00,education_content,1,1,0,0.0,0,3,0,74
753,dormant_user_reactivation_v1,2025-01-15 00:00:00,control,1,0,0,0.0,0,0,0,225
754,dormant_user_reactivation_v1,2025-01-15 00:00:00,education_content,1,0,0,0.0,0,1,0,66
755,dormant_user_reactivation_v1,2025-01-15 00:00:00,education_content,1,0,0,0.0,0,0,0,167
756,dormant_user_reactivation_v1,2025-01-15 00:00:00,product_recommendation,1,0,0,0.0,0,0,0,177
757,dormant_user_reactivation_v1,2025-01-15 00:00:00,control,1,0,0,0.0,0,0,0,357
758,dormant_user_reactivation_v1,2025-01-15 00:00:00,education_content,1,0,0,0.0,0,0,0,100
759,dormant_user_reactivation_v1,2025-01-15 00:00:00,product_recommendation,1,0,0,0.0,0,0,0,154
760,dormant_user_reactivation_v1,2025-01-15 00:00:00,product_recommendation,1,0,0,0.0,0,0,0,289
761,dormant_user_reactivation_v1,2025-01-15 00:00:00,product_recommendation,1,0,0,0.0,0,0,0,153
762,dormant_user_reactivation_v1,2025-01-15 00:00:00,education_content,1,0,0,0.0,1,0,0,209
764,dormant_user_reactivation_v1,2025-01-15 00:00:00,education_content,1,0,1,13276.43,1,1,0,49
765,dormant_user_reactivation_v1,2025-01-15 00:00:00,control,1,0,0,0.0,0,0,0,95
766,dormant_user_reactivation_v1,2025-01-15 00:00:00,control,1,0,0,0.0,0,0,0,292
767,dormant_user_reactivation_v1,2025-01-15 00:00:00,product_recommendation,1,1,0,0.0,0,0,0,204
768,dormant_user_reactivation_v1,2025-01-15 00:00:00,control,1,0,0,0.0,0,2,0,50
770,dormant_user_reactivation_v1,2025-01-15 00:00:00,control,1,0,0,0.0,0,0,0,237
771,dormant_user_reactivation_v1,2025-01-15 00:00:00,education_content,1,0,0,0.0,0,0,0,323
779,dormant_user_reactivation_v1,2025-01-15 00:00:00,control,1,0,0,0.0,0,0,0,342
782,dormant_user_reactivation_v1,2025-01-15 00:00:00,education_content,1,0,0,0.0,1,5,2,55
783,dormant_user_reactivation_v1,2025-01-15 00:00:00,product_recommendation,1,0,0,0.0,0,1,0,64
786,dormant_user_reactivation_v1,2025-01-15 00:00:00,control,1,0,0,0.0,0,0,0,106
787,dormant_user_reactivation_v1,2025-01-15 00:00:00,control,1,0,0,0.0,0,0,0,168
789,dormant_user_reactivation_v1,2025-01-15 00:00:00,education_content,1,0,0,0.0,0,0,0,148
790,dormant_user_reactivation_v1,2025-01-15 00:00:00,control,1,0,0,0.0,0,0,0,187
791,dormant_user_reactivation_v1,2025-01-15 00:00:00,product_recommendation,1,0,0,0.0,0,0,0,121
795,dormant_user_reactivation_v1,2025-01-15 00:00:00,product_recommendation,1,1,0,0.0,0,0,0,151
796,dormant_user_reactivation_v1,2025-01-15 00:00:00,education_content,1,0,0,0.0,0,0,0,325
798,dormant_user_reactivation_v1,2025-01-15 00:00:00,education_content,1,1,0,0.0,0,0,0,96
802,dormant_user_reactivation_v1,2025-01-15 00:00:00,product_recommendation,1,0,0,0.0,0,0,0,232
804,dormant_user_reactivation_v1,2025-01-15 00:00:00,education_content,1,0,0,0.0,1,2,0,65
806,dormant_user_reactivation_v1,2025-01-15 00:00:00,education_content,1,0,0,0.0,0,0,0,210
809,dormant_user_reactivation_v1,2025-01-15 00:00:00,control,1,0,0,0.0,0,0,0,205
810,dormant_user_reactivation_v1,2025-01-15 00:00:00,product_recommendation,1,0,0,0.0,0,0,0,264
811,dormant_user_reactivation_v1,2025-01-15 00:00:00,product_recommendation,1,0,0,0.0,1,0,0,95
812,dormant_user_reactivation_v1,2025-01-15 00:00:00,control,1,0,0,0.0,0,0,0,133
813,dormant_user_reactivation_v1,2025-01-15 00:00:00,control,1,0,0,0.0,0,0,0,210
814,dormant_user_reactivation_v1,2025-01-15 00:00:00,product_recommendation,1,0,0,0.0,0,2,0,60
815,dormant_user_reactivation_v1,2025-01-15 00:00:00,control,1,0,0,0.0,0,0,0,90
818,dormant_user_reactivation_v1,2025-01-15 00:00:00,product_recommendation,1,0,0,0.0,1,0,0,72
819,dormant_user_reactivation_v1,2025-01-15 00:00:00,control,1,0,0,0.0,1,0,0,102
821,dormant_user_reactivation_v1,2025-01-15 00:00:00,control,1,0,0,0.0,0,0,0,221
824,dormant_user_reactivation_v1,2025-01-15 00:00:00,education_content,1,0,0,0.0,0,1,0,70
830,dormant_user_reactivation_v1,2025-01-15 00:00:00,education_content,1,0,0,0.0,0,2,0,78
831,dormant_user_reactivation_v1,2025-01-15 00:00:00,control,1,0,0,0.0,0,0,0,136
832,dormant_user_reactivation_v1,2025-01-15 00:00:00,education_content,1,0,0,0.0,0,0,0,187
833,dormant_user_reactivation_v1,2025-01-15 00:00:00,control,1,0,0,0.0,0,1,0,51
834,dormant_user_reactivation_v1,2025-01-15 00:00:00,education_content,1,0,0,0.0,0,0,0,125
836,dormant_user_reactivation_v1,2025-01-15 00:00:00,education_content,1,1,0,0.0,0,1,0,75
837,dormant_user_reactivation_v1,2025-01-15 00:00:00,education_content,1,0,1,12443.84,1,0,0,164
839,dormant_user_reactivation_v1,2025-01-15 00:00:00,control,1,0,0,0.0,1,0,0,300
840,dormant_user_reactivation_v1,2025-01-15 00:00:00,control,1,0,0,0.0,0,0,0,264
842,dormant_user_reactivation_v1,2025-01-15 00:00:00,product_recommendation,1,0,0,0.0,0,1,0,77
845,dormant_user_reactivation_v1,2025-01-15 00:00:00,education_content,1,0,0,0.0,0,0,0,124
848,dormant_user_reactivation_v1,2025-01-15 00:00:00,product_recommendation,1,1,0,0.0,0,0,0,243
849,dormant_user_reactivation_v1,2025-01-15 00:00:00,education_content,1,0,0,0.0,0,1,0,51
851,dormant_user_reactivation_v1,2025-01-15 00:00:00,education_content,1,0,0,0.0,0,0,0,260
852,dormant_user_reactivation_v1,2025-01-15 00:00:00,education_content,1,1,0,0.0,0,0,0,223
853,dormant_user_reactivation_v1,2025-01-15 00:00:00,product_recommendation,1,0,1,11797.7,1,1,0,70
855,dormant_user_reactivation_v1,2025-01-15 00:00:00,control,1,0,0,0.0,1,1,0,59
857,dormant_user_reactivation_v1,2025-01-15 00:00:00,control,1,0,0,0.0,0,0,0,124
858,dormant_user_reactivation_v1,2025-01-15 00:00:00,education_content,1,0,0,0.0,0,4,1,52
860,dormant_user_reactivation_v1,2025-01-15 00:00:00,control,1,0,0,0.0,0,0,0,226
865,dormant_user_reactivation_v1,2025-01-15 00:00:00,control,1,0,0,0.0,0,1,0,51
866,dormant_user_reactivation_v1,2025-01-15 00:00:00,education_content,1,0,0,0.0,1,0,0,221
867,dormant_user_reactivation_v1,2025-01-15 00:00:00,education_content,1,0,0,0.0,0,1,0,83
869,dormant_user_reactivation_v1,2025-01-15 00:00:00,product_recommendation,1,0,0,0.0,0,1,0,89
871,dormant_user_reactivation_v1,2025-01-15 00:00:00,education_content,1,0,0,0.0,0,0,0,176
879,dormant_user_reactivation_v1,2025-01-15 00:00:00,product_recommendation,1,0,1,574.45,0,0,0,228
881,dormant_user_reactivation_v1,2025-01-15 00:00:00,control,1,0,0,0.0,0,1,0,80
882,dormant_user_reactivation_v1,2025-01-15 00:00:00,product_recommendation,0,0,0,0.0,0,0,0,101
883,dormant_user_reactivation_v1,2025-01-15 00:00:00,education_content,1,0,0,0.0,0,0,0,137
888,dormant_user_reactivation_v1,2025-01-15 00:00:00,control,0,0,0,0.0,0,0,0,178
889,dormant_user_reactivation_v1,2025-01-15 00:00:00,control,1,0,0,0.0,0,2,0,51
894,dormant_user_reactivation_v1,2025-01-15 00:00:00,control,1,0,0,0.0,0,0,0,262
895,dormant_user_reactivation_v1,2025-01-15 00:00:00,product_recommendation,0,0,0,0.0,0,0,0,162
902,dormant_user_reactivation_v1,2025-01-15 00:00:00,product_recommendation,1,0,1,1914.76,0,0,0,277
905,dormant_user_reactivation_v1,2025-01-15 00:00:00,product_recommendation,1,0,0,0.0,0,0,0,119
907,dormant_user_reactivation_v1,2025-01-15 00:00:00,education_content,1,1,0,0.0,0,0,0,202
908,dormant_user_reactivation_v1,2025-01-15 00:00:00,product_recommendation,1,0,0,0.0,0,1,0,66
909,dormant_user_reactivation_v1,2025-01-15 00:00:00,education_content,1,1,0,0.0,0,0,0,235
910,dormant_user_reactivation_v1,2025-01-15 00:00:00,education_content,1,0,0,0.0,0,0,0,160
911,dormant_user_reactivation_v1,2025-01-15 00:00:00,education_content,1,1,0,0.0,0,0,0,100
914,dormant_user_reactivation_v1,2025-01-15 00:00:00,product_recommendation,1,0,0,0.0,0,0,0,334
915,dormant_user_reactivation_v1,2025-01-15 00:00:00,product_recommendation,1,0,0,0.0,0,1,0,74
919,dormant_user_reactivation_v1,2025-01-15 00:00:00,product_recommendation,1,0,0,0.0,0,0,0,153
923,dormant_user_reactivation_v1,2025-01-15 00:00:00,control,1,0,0,0.0,0,0,0,298
924,dormant_user_reactivation_v1,2025-01-15 00:00:00,product_recommendation,0,0,0,0.0,0,0,0,185
925,dormant_user_reactivation_v1,2025-01-15 00:00:00,education_content,1,0,0,0.0,1,1,0,82
929,dormant_user_reactivation_v1,2025-01-15 00:00:00,control,1,0,0,0.0,0,0,0,91
934,dormant_user_reactivation_v1,2025-01-15 00:00:00,education_content,1,0,0,0.0,0,1,0,87
935,dormant_user_reactivation_v1,2025-01-15 00:00:00,control,1,0,0,0.0,0,0,0,271
937,dormant_user_reactivation_v1,2025-01-15 00:00:00,education_content,1,0,0,0.0,0,0,0,180
938,dormant_user_reactivation_v1,2025-01-15 00:00:00,product_recommendation,1,0,0,0.0,0,0,0,121
941,dormant_user_reactivation_v1,2025-01-15 00:00:00,education_content,0,0,0,0.0,0,0,0,230
943,dormant_user_reactivation_v1,2025-01-15 00:00:00,education_content,1,0,0,0.0,0,0,0,339
947,dormant_user_reactivation_v1,2025-01-15 00:00:00,product_recommendation,1,0,0,0.0,0,1,0,55
949,dormant_user_reactivation_v1,2025-01-15 00:00:00,control,1,0,0,0.0,0,0,0,151
950,dormant_user_reactivation_v1,2025-01-15 00:00:00,control,1,0,0,0.0,0,0,0,227
955,dormant_user_reactivation_v1,2025-01-15 00:00:00,control,1,0,0,0.0,1,1,0,81
956,dormant_user_reactivation_v1,2025-01-15 00:00:00,education_content,1,0,0,0.0,0,0,0,121
959,dormant_user_reactivation_v1,2025-01-15 00:00:00,education_content,1,0,0,0.0,0,0,0,248
960,dormant_user_reactivation_v1,2025-01-15 00:00:00,education_content,0,0,0,0.0,0,0,0,232
963,dormant_user_reactivation_v1,2025-01-15 00:00:00,product_recommendation,1,1,0,0.0,0,0,0,116
966,dormant_user_reactivation_v1,2025-01-15 00:00:00,education_content,1,0,0,0.0,0,0,0,147
968,dormant_user_reactivation_v1,2025-01-15 00:00:00,product_recommendation,1,0,0,0.0,0,0,0,197
970,dormant_user_reactivation_v1,2025-01-15 00:00:00,education_content,1,0,0,0.0,0,0,0,118
971,dormant_user_reactivation_v1,2025-01-15 00:00:00,control,1,0,0,0.0,0,1,0,86
972,dormant_user_reactivation_v1,2025-01-15 00:00:00,education_content,1,0,0,0.0,0,0,0,248
973,dormant_user_reactivation_v1,2025-01-15 00:00:00,education_content,1,0,1,16997.63,1,0,0,232
975,dormant_user_reactivation_v1,2025-01-15 00:00:00,product_recommendation,1,0,0,0.0,0,0,0,121
978,dormant_user_reactivation_v1,2025-01-15 00:00:00,product_recommendation,1,1,0,0.0,0,0,0,259
983,dormant_user_reactivation_v1,2025-01-15 00:00:00,control,1,0,0,0.0,0,0,0,230
985,dormant_user_reactivation_v1,2025-01-15 00:00:00,education_content,1,0,0,0.0,0,0,0,177
995,dormant_user_reactivation_v1,2025-01-15 00:00:00,education_content,0,0,0,0.0,0,0,0,166
996,dormant_user_reactivation_v1,2025-01-15 00:00:00,education_content,0,0,0,0.0,0,3,0,55
997,dormant_user_reactivation_v1,2025-01-15 00:00:00,education_content,1,0,0,0.0,0,0,0,109
1000,dormant_user_reactivation_v1,2025-01-15 00:00:00,education_content,1,0,0,0.0,0,0,0,200
1003,dormant_user_reactivation_v1,2025-01-15 00:00:00,education_content,1,0,0,0.0,0,0,0,179
1004,dormant_user_reactivation_v1,2025-01-15 00:00:00,control,1,0,1,7074.83,1,0,0,308
1005,dormant_user_reactivation_v1,2025-01-15 00:00:00,product_recommendation,1,0,0,0.0,0,0,0,252
1008,dormant_user_reactivation_v1,2025-01-15 00:00:00,control,0,0,0,0.0,1,0,0,202
1011,dormant_user_reactivation_v1,2025-01-15 00:00:00,product_recommendation,1,0,0,0.0,0,0,0,112
1012,dormant_user_reactivation_v1,2025-01-15 00:00:00,control,1,0,0,0.0,0,2,3,79
1013,dormant_user_reactivation_v1,2025-01-15 00:00:00,education_content,1,0,0,0.0,0,0,0,151
1017,dormant_user_reactivation_v1,2025-01-15 00:00:00,control,1,0,0,0.0,0,1,0,74
1022,dormant_user_reactivation_v1,2025-01-15 00:00:00,product_recommendation,1,0,0,0.0,0,0,1,108
1024,dormant_user_reactivation_v1,2025-01-15 00:00:00,product_recommendation,1,1,0,0.0,0,0,0,168
1025,dormant_user_reactivation_v1,2025-01-15 00:00:00,control,1,0,0,0.0,0,1,0,50
1027,dormant_user_reactivation_v1,2025-01-15 00:00:00,product_recommendation,1,0,0,0.0,0,0,0,100
1028,dormant_user_reactivation_v1,2025-01-15 00:00:00,product_recommendation,1,0,0,0.0,0,0,0,90
1031,dormant_user_reactivation_v1,2025-01-15 00:00:00,control,0,0,0,0.0,1,0,0,171
1033,dormant_user_reactivation_v1,2025-01-15 00:00:00,product_recommendation,1,0,0,0.0,0,0,0,355
1034,dormant_user_reactivation_v1,2025-01-15 00:00:00,control,1,0,0,0.0,0,0,0,264
1037,dormant_user_reactivation_v1,2025-01-15 00:00:00,control,1,0,0,0.0,0,0,0,255
1038,dormant_user_reactivation_v1,2025-01-15 00:00:00,control,1,0,0,0.0,0,0,0,136
1039,dormant_user_reactivation_v1,2025-01-15 00:00:00,product_recommendation,1,0,0,0.0,0,0,0,108
1041,dormant_user_reactivation_v1,2025-01-15 00:00:00,control,1,0,0,0.0,0,0,0,169
1048,dormant_user_reactivation_v1,2025-01-15 00:00:00,product_recommendation,1,0,0,0.0,0,0,0,201
1052,dormant_user_reactivation_v1,2025-01-15 00:00:00,control,1,0,0,0.0,0,0,0,261
1054,dormant_user_reactivation_v1,2025-01-15 00:00:00,product_recommendation,1,1,0,0.0,0,0,0,193
1056,dormant_user_reactivation_v1,2025-01-15 00:00:00,product_recommendation,1,0,0,0.0,0,0,0,146
1058,dormant_user_reactivation_v1,2025-01-15 00:00:00,education_content,1,0,0,0.0,1,0,0,317
1060,dormant_user_reactivation_v1,2025-01-15 00:00:00,control,1,0,0,0.0,0,0,0,116
1061,dormant_user_reactivation_v1,2025-01-15 00:00:00,control,1,0,0,0.0,0,0,0,191
1063,dormant_user_reactivation_v1,2025-01-15 00:00:00,control,1,0,0,0.0,0,0,0,165
1064,dormant_user_reactivation_v1,2025-01-15 00:00:00,control,1,0,0,0.0,0,0,0,228
1065,dormant_user_reactivation_v1,2025-01-15 00:00:00,product_recommendation,1,0,0,0.0,0,0,0,227
1066,dormant_user_reactivation_v1,2025-01-15 00:00:00,product_recommendation,1,0,0,0.0,0,3,0,50
1068,dormant_user_reactivation_v1,2025-01-15 00:00:00,product_recommendation,1,0,0,0.0,0,0,0,293
1069,dormant_user_reactivation_v1,2025-01-15 00:00:00,education_content,1,0,0,0.0,0,0,0,137
1070,dormant_user_reactivation_v1,2025-01-15 00:00:00,education_content,1,0,0,0.0,0,0,0,259
1072,dormant_user_reactivation_v1,2025-01-15 00:00:00,product_recommendation,1,0,0,0.0,1,0,0,90
1074,dormant_user_reactivation_v1,2025-01-15 00:00:00,education_content,1,0,0,0.0,0,1,0,88
1076,dormant_user_reactivation_v1,2025-01-15 00:00:00,education_content,0,0,0,0.0,0,0,0,60
1078,dormant_user_reactivation_v1,2025-01-15 00:00:00,education_content,1,0,0,0.0,0,1,0,84
1080,dormant_user_reactivation_v1,2025-01-15 00:00:00,product_recommendation,1,0,0,0.0,1,0,0,202
1081,dormant_user_reactivation_v1,2025-01-15 00:00:00,product_recommendation,1,0,1,7511.68,0,0,0,152
1084,dormant_user_reactivation_v1,2025-01-15 00:00:00,control,1,0,0,0.0,0,0,0,233
1086,dormant_user_reactivation_v1,2025-01-15 00:00:00,education_content,1,0,0,0.0,0,0,0,327
1095,dormant_user_reactivation_v1,2025-01-15 00:00:00,product_recommendation,1,0,0,0.0,1,0,0,179
1097,dormant_user_reactivation_v1,2025-01-15 00:00:00,product_recommendation,1,0,0,0.0,0,2,0,61
1098,dormant_user_reactivation_v1,2025-01-15 00:00:00,education_content,1,0,0,0.0,0,0,0,226
1100,dormant_user_reactivation_v1,2025-01-15 00:00:00,control,1,0,0,0.0,0,0,0,297
1101,dormant_user_reactivation_v1,2025-01-15 00:00:00,control,1,0,0,0.0,0,0,0,102
1104,dormant_user_reactivation_v1,2025-01-15 00:00:00,control,1,0,0,0.0,0,0,0,117
1107,dormant_user_reactivation_v1,2025-01-15 00:00:00,education_content,1,0,0,0.0,0,1,0,87
1111,dormant_user_reactivation_v1,2025-01-15 00:00:00,education_content,1,1,0,0.0,0,0,0,177
1112,dormant_user_reactivation_v1,2025-01-15 00:00:00,product_recommendation,1,0,0,0.0,0,1,0,68
1113,dormant_user_reactivation_v1,2025-01-15 00:00:00,education_content,1,0,0,0.0,0,1,0,86
1115,dormant_user_reactivation_v1,2025-01-15 00:00:00,product_recommendation,1,0,0,0.0,0,0,0,106
1116,dormant_user_reactivation_v1,2025-01-15 00:00:00,product_recommendation,1,0,1,13106.13,0,0,0,290
1117,dormant_user_reactivation_v1,2025-01-15 00:00:00,control,1,0,0,0.0,0,2,0,46
1118,dormant_user_reactivation_v1,2025-01-15 00:00:00,control,1,0,0,0.0,1,2,0,69
1120,dormant_user_reactivation_v1,2025-01-15 00:00:00,product_recommendation,1,0,0,0.0,0,0,0,111
1121,dormant_user_reactivation_v1,2025-01-15 00:00:00,control,1,0,0,0.0,1,0,0,185
1125,dormant_user_reactivation_v1,2025-01-15 00:00:00,product_recommendation,1,0,0,0.0,1,0,0,268
1126,dormant_user_reactivation_v1,2025-01-15 00:00:00,product_recommendation,1,0,0,0.0,0,0,0,305
1127,dormant_user_reactivation_v1,2025-01-15 00:00:00,education_content,1,0,0,0.0,1,0,0,248
1128,dormant_user_reactivation_v1,2025-01-15 00:00:00,control,1,0,0,0.0,1,0,0,90
1130,dormant_user_reactivation_v1,2025-01-15 00:00:00,control,1,0,0,0.0,1,0,0,226
1131,dormant_user_reactivation_v1,2025-01-15 00:00:00,control,1,0,0,0.0,0,0,0,300
1134,dormant_user_reactivation_v1,2025-01-15 00:00:00,control,1,0,0,0.0,0,0,0,288
1142,dormant_user_reactivation_v1,2025-01-15 00:00:00,control,1,0,0,0.0,0,0,0,301
1144,dormant_user_reactivation_v1,2025-01-15 00:00:00,product_recommendation,1,0,0,0.0,1,0,0,194
1145,dormant_user_reactivation_v1,2025-01-15 00:00:00,education_content,1,0,0,0.0,0,0,0,152
1151,dormant_user_reactivation_v1,2025-01-15 00:00:00,product_recommendation,1,0,0,0.0,0,0,0,192
1155,dormant_user_reactivation_v1,2025-01-15 00:00:00,education_content,1,1,0,0.0,0,0,0,110
1158,dormant_user_reactivation_v1,2025-01-15 00:00:00,product_recommendation,1,0,0,0.0,0,1,0,89
1160,dormant_user_reactivation_v1,2025-01-15 00:00:00,control,1,0,0,0.0,0,2,0,57
1161,dormant_user_reactivation_v1,2025-01-15 00:00:00,product_recommendation,1,0,0,0.0,0,0,0,195
1166,dormant_user_reactivation_v1,2025-01-15 00:00:00,control,1,0,0,0.0,0,0,0,144
1167,dormant_user_reactivation_v1,2025-01-15 00:00:00,control,1,0,0,0.0,0,0,0,192
1169,dormant_user_reactivation_v1,2025-01-15 00:00:00,product_recommendation,1,0,0,0.0,1,0,0,284
1172,dormant_user_reactivation_v1,2025-01-15 00:00:00,product_recommendation,1,0,0,0.0,1,0,0,211
1173,dormant_user_reactivation_v1,2025-01-15 00:00:00,education_content,1,1,0,0.0,0,0,0,226
1178,dormant_user_reactivation_v1,2025-01-15 00:00:00,education_content,1,0,0,0.0,0,1,0,62
1181,dormant_user_reactivation_v1,2025-01-15 00:00:00,control,1,0,0,0.0,1,0,0,370
1182,dormant_user_reactivation_v1,2025-01-15 00:00:00,control,1,0,0,0.0,0,0,0,141
1183,dormant_user_reactivation_v1,2025-01-15 00:00:00,education_content,1,0,0,0.0,0,0,0,230
1184,dormant_user_reactivation_v1,2025-01-15 00:00:00,education_content,1,0,0,0.0,1,0,0,234
1185,dormant_user_reactivation_v1,2025-01-15 00:00:00,control,1,0,0,0.0,0,0,0,200
1193,dormant_user_reactivation_v1,2025-01-15 00:00:00,education_content,1,1,0,0.0,0,1,0,75
1196,dormant_user_reactivation_v1,2025-01-15 00:00:00,education_content,1,0,0,0.0,0,0,0,100
1201,dormant_user_reactivation_v1,2025-01-15 00:00:00,education_content,1,0,0,0.0,0,0,0,148
1202,dormant_user_reactivation_v1,2025-01-15 00:00:00,control,1,0,0,0.0,0,0,0,230
1210,dormant_user_reactivation_v1,2025-01-15 00:00:00,product_recommendation,1,0,0,0.0,1,0,0,131
1211,dormant_user_reactivation_v1,2025-01-15 00:00:00,product_recommendation,1,0,0,0.0,0,1,0,88
1214,dormant_user_reactivation_v1,2025-01-15 00:00:00,control,1,0,0,0.0,0,0,0,133
1215,dormant_user_reactivation_v1,2025-01-15 00:00:00,education_content,1,0,0,0.0,0,2,0,56
1222,dormant_user_reactivation_v1,2025-01-15 00:00:00,control,1,0,0,0.0,0,0,0,251
1226,dormant_user_reactivation_v1,2025-01-15 00:00:00,education_content,1,0,0,0.0,0,0,0,172
1228,dormant_user_reactivation_v1,2025-01-15 00:00:00,education_content,1,0,0,0.0,0,0,0,253
1234,dormant_user_reactivation_v1,2025-01-15 00:00:00,product_recommendation,1,1,0,0.0,0,0,0,137
1235,dormant_user_reactivation_v1,2025-01-15 00:00:00,education_content,0,0,0,0.0,0,2,2,69
1236,dormant_user_reactivation_v1,2025-01-15 00:00:00,control,1,0,0,0.0,1,0,0,316
1238,dormant_user_reactivation_v1,2025-01-15 00:00:00,education_content,1,0,0,0.0,0,0,0,257
1240,dormant_user_reactivation_v1,2025-01-15 00:00:00,education_content,1,0,0,0.0,0,1,0,86
1241,dormant_user_reactivation_v1,2025-01-15 00:00:00,product_recommendation,1,0,0,0.0,0,0,0,185
1246,dormant_user_reactivation_v1,2025-01-15 00:00:00,product_recommendation,1,0,1,2284.15,1,0,0,64
1248,dormant_user_reactivation_v1,2025-01-15 00:00:00,education_content,1,0,0,0.0,0,0,0,305
1249,dormant_user_reactivation_v1,2025-01-15 00:00:00,product_recommendation,1,0,0,0.0,0,0,0,241
1252,dormant_user_reactivation_v1,2025-01-15 00:00:00,control,1,0,0,0.0,1,0,0,120
1253,dormant_user_reactivation_v1,2025-01-15 00:00:00,education_content,1,0,0,0.0,0,0,0,249
1254,dormant_user_reactivation_v1,2025-01-15 00:00:00,product_recommendation,1,0,0,0.0,0,0,0,377
1259,dormant_user_reactivation_v1,2025-01-15 00:00:00,product_recommendation,1,0,1,8712.7,0,0,0,299
1260,dormant_user_reactivation_v1,2025-01-15 00:00:00,education_content,1,0,0,0.0,0,1,0,65
1261,dormant_user_reactivation_v1,2025-01-15 00:00:00,product_recommendation,1,0,0,0.0,0,1,0,75
1262,dormant_user_reactivation_v1,2025-01-15 00:00:00,product_recommendation,1,0,0,0.0,0,0,0,114
1265,dormant_user_reactivation_v1,2025-01-15 00:00:00,control,1,0,0,0.0,0,0,0,298
1266,dormant_user_reactivation_v1,2025-01-15 00:00:00,product_recommendation,1,0,0,0.0,1,0,0,134
1267,dormant_user_reactivation_v1,2025-01-15 00:00:00,product_recommendation,1,0,0,0.0,0,0,0,127
1268,dormant_user_reactivation_v1,2025-01-15 00:00:00,product_recommendation,1,1,0,0.0,0,0,0,241
1272,dormant_user_reactivation_v1,2025-01-15 00:00:00,product_recommendation,1,0,0,0.0,0,0,0,140
1274,dormant_user_reactivation_v1,2025-01-15 00:00:00,education_content,1,0,0,0.0,0,0,0,186
1275,dormant_user_reactivation_v1,2025-01-15 00:00:00,control,1,0,0,0.0,0,0,0,105
1276,dormant_user_reactivation_v1,2025-01-15 00:00:00,control,1,0,0,0.0,0,0,0,110
1277,dormant_user_reactivation_v1,2025-01-15 00:00:00,product_recommendation,1,0,0,0.0,0,0,0,271
1280,dormant_user_reactivation_v1,2025-01-15 00:00:00,education_content,1,0,0,0.0,0,0,0,117
1281,dormant_user_reactivation_v1,2025-01-15 00:00:00,control,1,0,0,0.0,0,1,0,57
1282,dormant_user_reactivation_v1,2025-01-15 00:00:00,education_content,1,0,0,0.0,0,2,0,66
1283,dormant_user_reactivation_v1,2025-01-15 00:00:00,control,1,0,0,0.0,0,0,0,119
1284,dormant_user_reactivation_v1,2025-01-15 00:00:00,control,1,0,0,0.0,0,2,0,61
1286,dormant_user_reactivation_v1,2025-01-15 00:00:00,control,1,0,0,0.0,0,2,0,46
1287,dormant_user_reactivation_v1,2025-01-15 00:00:00,control,1,0,0,0.0,0,0,0,279
1288,dormant_user_reactivation_v1,2025-01-15 00:00:00,product_recommendation,1,1,0,0.0,0,3,0,48
1289,dormant_user_reactivation_v1,2025-01-15 00:00:00,product_recommendation,1,0,0,0.0,0,0,0,74
1290,dormant_user_reactivation_v1,2025-01-15 00:00:00,control,1,0,0,0.0,0,0,0,333
1291,dormant_user_reactivation_v1,2025-01-15 00:00:00,education_content,1,0,0,0.0,0,0,0,154
1294,dormant_user_reactivation_v1,2025-01-15 00:00:00,education_content,1,0,0,0.0,0,0,0,212
1295,dormant_user_reactivation_v1,2025-01-15 00:00:00,education_content,1,0,0,0.0,1,0,0,313
1296,dormant_user_reactivation_v1,2025-01-15 00:00:00,control,1,0,0,0.0,0,0,0,108
1297,dormant_user_reactivation_v1,2025-01-15 00:00:00,product_recommendation,1,0,0,0.0,0,0,0,121
1298,dormant_user_reactivation_v1,2025-01-15 00:00:00,product_recommendation,1,0,0,0.0,0,0,0,126
1301,dormant_user_reactivation_v1,2025-01-15 00:00:00,control,1,0,0,0.0,0,0,0,180
1304,dormant_user_reactivation_v1,2025-01-15 00:00:00,product_recommendation,1,0,0,0.0,0,1,0,72
1305,dormant_user_reactivation_v1,2025-01-15 00:00:00,education_content,1,1,0,0.0,0,0,0,258
1306,dormant_user_reactivation_v1,2025-01-15 00:00:00,product_recommendation,1,0,0,0.0,0,0,0,113
1308,dormant_user_reactivation_v1,2025-01-15 00:00:00,control,1,0,0,0.0,0,0,0,362
1310,dormant_user_reactivation_v1,2025-01-15 00:00:00,product_recommendation,1,0,0,0.0,0,0,0,295
1311,dormant_user_reactivation_v1,2025-01-15 00:00:00,product_recommendation,1,0,0,0.0,0,0,0,108
1313,dormant_user_reactivation_v1,2025-01-15 00:00:00,control,1,0,0,0.0,0,0,0,179
1314,dormant_user_reactivation_v1,2025-01-15 00:00:00,product_recommendation,1,0,0,0.0,0,0,0,353
1316,dormant_user_reactivation_v1,2025-01-15 00:00:00,control,1,0,0,0.0,0,0,0,217
1317,dormant_user_reactivation_v1,2025-01-15 00:00:00,education_content,1,0,0,0.0,1,0,0,191
1318,dormant_user_reactivation_v1,2025-01-15 00:00:00,product_recommendation,1,0,0,0.0,0,0,0,94
1319,dormant_user_reactivation_v1,2025-01-15 00:00:00,product_recommendation,1,0,0,0.0,0,0,0,133
1320,dormant_user_reactivation_v1,2025-01-15 00:00:00,education_content,1,1,0,0.0,0,2,0,56
1321,dormant_user_reactivation_v1,2025-01-15 00:00:00,education_content,1,0,1,2538.56,0,0,0,354
1322,dormant_user_reactivation_v1,2025-01-15 00:00:00,education_content,1,0,0,0.0,0,0,0,80
1323,dormant_user_reactivation_v1,2025-01-15 00:00:00,education_content,1,0,0,0.0,1,0,0,144
1324,dormant_user_reactivation_v1,2025-01-15 00:00:00,product_recommendation,1,0,0,0.0,0,1,0,58
1325,dormant_user_reactivation_v1,2025-01-15 00:00:00,control,1,0,0,0.0,0,0,0,191
1331,dormant_user_reactivation_v1,2025-01-15 00:00:00,education_content,1,0,0,0.0,0,0,0,143
1334,dormant_user_reactivation_v1,2025-01-15 00:00:00,control,1,0,0,0.0,0,0,0,116
1335,dormant_user_reactivation_v1,2025-01-15 00:00:00,product_recommendation,1,1,0,0.0,0,0,0,81
1336,dormant_user_reactivation_v1,2025-01-15 00:00:00,education_content,1,0,0,0.0,0,0,0,184
1339,dormant_user_reactivation_v1,2025-01-15 00:00:00,control,1,0,0,0.0,0,1,0,81
1340,dormant_user_reactivation_v1,2025-01-15 00:00:00,product_recommendation,1,0,0,0.0,0,1,1,51
1343,dormant_user_reactivation_v1,2025-01-15 00:00:00,product_recommendation,1,1,0,0.0,0,1,0,83
1346,dormant_user_reactivation_v1,2025-01-15 00:00:00,product_recommendation,1,0,0,0.0,0,0,0,205
1347,dormant_user_reactivation_v1,2025-01-15 00:00:00,product_recommendation,1,0,1,618.05,0,0,0,134
1348,dormant_user_reactivation_v1,2025-01-15 00:00:00,education_content,1,0,0,0.0,0,1,0,89
1350,dormant_user_reactivation_v1,2025-01-15 00:00:00,education_content,1,0,0,0.0,1,0,0,92
1360,dormant_user_reactivation_v1,2025-01-15 00:00:00,education_content,1,0,0,0.0,0,0,0,82
1361,dormant_user_reactivation_v1,2025-01-15 00:00:00,product_recommendation,1,0,0,0.0,0,0,0,137
1366,dormant_user_reactivation_v1,2025-01-15 00:00:00,control,1,0,0,0.0,0,1,0,58
1368,dormant_user_reactivation_v1,2025-01-15 00:00:00,product_recommendation,0,0,0,0.0,1,0,0,312
1372,dormant_user_reactivation_v1,2025-01-15 00:00:00,education_content,1,0,0,0.0,1,0,0,330
1374,dormant_user_reactivation_v1,2025-01-15 00:00:00,control,1,0,0,0.0,0,0,0,113
1375,dormant_user_reactivation_v1,2025-01-15 00:00:00,product_recommendation,1,0,0,0.0,0,0,0,188
1377,dormant_user_reactivation_v1,2025-01-15 00:00:00,education_content,1,0,0,0.0,0,0,0,190
1378,dormant_user_reactivation_v1,2025-01-15 00:00:00,control,1,0,0,0.0,0,0,0,230
1379,dormant_user_reactivation_v1,2025-01-15 00:00:00,education_content,1,0,0,0.0,0,0,0,208
1381,dormant_user_reactivation_v1,2025-01-15 00:00:00,education_content,1,1,0,0.0,0,0,0,129
1384,dormant_user_reactivation_v1,2025-01-15 00:00:00,control,1,0,0,0.0,1,2,0,71
1386,dormant_user_reactivation_v1,2025-01-15 00:00:00,education_content,1,0,0,0.0,1,2,0,75
1389,dormant_user_reactivation_v1,2025-01-15 00:00:00,product_recommendation,1,0,0,0.0,0,0,0,119
1390,dormant_user_reactivation_v1,2025-01-15 00:00:00,control,1,0,0,0.0,1,0,0,120
1393,dormant_user_reactivation_v1,2025-01-15 00:00:00,control,1,0,0,0.0,0,0,0,154
1394,dormant_user_reactivation_v1,2025-01-15 00:00:00,product_recommendation,1,0,0,0.0,0,0,0,124
1395,dormant_user_reactivation_v1,2025-01-15 00:00:00,education_content,1,0,0,0.0,0,0,0,145
1397,dormant_user_reactivation_v1,2025-01-15 00:00:00,control,1,0,0,0.0,0,0,0,169
1398,dormant_user_reactivation_v1,2025-01-15 00:00:00,product_recommendation,1,0,0,0.0,0,1,0,47
1399,dormant_user_reactivation_v1,2025-01-15 00:00:00,control,1,0,0,0.0,0,1,0,67
1403,dormant_user_reactivation_v1,2025-01-15 00:00:00,control,1,0,0,0.0,0,0,2,118
1405,dormant_user_reactivation_v1,2025-01-15 00:00:00,control,1,0,0,0.0,0,0,0,224
1407,dormant_user_reactivation_v1,2025-01-15 00:00:00,product_recommendation,1,1,0,0.0,1,0,0,104
1409,dormant_user_reactivation_v1,2025-01-15 00:00:00,product_recommendation,1,0,0,0.0,0,0,0,174
1413,dormant_user_reactivation_v1,2025-01-15 00:00:00,education_content,1,0,0,0.0,0,0,0,96
1415,dormant_user_reactivation_v1,2025-01-15 00:00:00,product_recommendation,0,0,0,0.0,0,0,0,138
1416,dormant_user_reactivation_v1,2025-01-15 00:00:00,product_recommendation,1,0,0,0.0,0,0,0,137
1418,dormant_user_reactivation_v1,2025-01-15 00:00:00,education_content,1,0,0,0.0,0,0,0,294
1420,dormant_user_reactivation_v1,2025-01-15 00:00:00,product_recommendation,1,0,0,0.0,0,0,0,219
1423,dormant_user_reactivation_v1,2025-01-15 00:00:00,education_content,1,0,0,0.0,0,2,0,87
1425,dormant_user_reactivation_v1,2025-01-15 00:00:00,education_content,1,0,0,0.0,1,2,0,45
1426,dormant_user_reactivation_v1,2025-01-15 00:00:00,control,1,0,0,0.0,0,0,0,254
1428,dormant_user_reactivation_v1,2025-01-15 00:00:00,control,1,0,0,0.0,0,2,0,62
1430,dormant_user_reactivation_v1,2025-01-15 00:00:00,control,1,0,0,0.0,0,0,0,255
1432,dormant_user_reactivation_v1,2025-01-15 00:00:00,product_recommendation,1,0,0,0.0,0,2,0,53
1433,dormant_user_reactivation_v1,2025-01-15 00:00:00,control,1,0,0,0.0,1,0,0,253
1434,dormant_user_reactivation_v1,2025-01-15 00:00:00,product_recommendation,1,0,0,0.0,0,0,0,298
1438,dormant_user_reactivation_v1,2025-01-15 00:00:00,control,1,0,0,0.0,0,0,0,163
1440,dormant_user_reactivation_v1,2025-01-15 00:00:00,education_content,1,0,0,0.0,0,0,0,168
1442,dormant_user_reactivation_v1,2025-01-15 00:00:00,control,1,0,0,0.0,0,0,0,109
1443,dormant_user_reactivation_v1,2025-01-15 00:00:00,product_recommendation,1,0,0,0.0,1,0,0,267
1444,dormant_user_reactivation_v1,2025-01-15 00:00:00,education_content,1,0,0,0.0,0,1,0,64
1449,dormant_user_reactivation_v1,2025-01-15 00:00:00,education_content,1,0,0,0.0,0,0,0,149
1450,dormant_user_reactivation_v1,2025-01-15 00:00:00,control,1,0,0,0.0,0,0,0,171
1451,dormant_user_reactivation_v1,2025-01-15 00:00:00,control,1,0,0,0.0,1,0,0,224
1453,dormant_user_reactivation_v1,2025-01-15 00:00:00,control,1,1,0,0.0,0,0,0,147
1454,dormant_user_reactivation_v1,2025-01-15 00:00:00,control,1,0,0,0.0,0,0,0,270
1456,dormant_user_reactivation_v1,2025-01-15 00:00:00,product_recommendation,1,0,0,0.0,0,0,0,119
1457,dormant_user_reactivation_v1,2025-01-15 00:00:00,product_recommendation,1,0,0,0.0,0,0,0,122
1458,dormant_user_reactivation_v1,2025-01-15 00:00:00,product_recommendation,1,0,0,0.0,1,0,0,215
1459,dormant_user_reactivation_v1,2025-01-15 00:00:00,education_content,1,0,0,0.0,0,0,0,108
1461,dormant_user_reactivation_v1,2025-01-15 00:00:00,control,1,0,0,0.0,0,0,0,100
1463,dormant_user_reactivation_v1,2025-01-15 00:00:00,control,1,0,0,0.0,0,0,0,91
1464,dormant_user_reactivation_v1,2025-01-15 00:00:00,education_content,1,0,0,0.0,0,0,0,278
1465,dormant_user_reactivation_v1,2025-01-15 00:00:00,education_content,1,0,0,0.0,0,0,0,143
1466,dormant_user_reactivation_v1,2025-01-15 00:00:00,product_recommendation,1,0,0,0.0,0,1,0,86
1467,dormant_user_reactivation_v1,2025-01-15 00:00:00,control,1,0,0,0.0,0,0,0,145
1468,dormant_user_reactivation_v1,2025-01-15 00:00:00,control,1,0,0,0.0,0,0,0,140
1474,dormant_user_reactivation_v1,2025-01-15 00:00:00,product_recommendation,1,0,0,0.0,0,0,0,327
1481,dormant_user_reactivation_v1,2025-01-15 00:00:00,product_recommendation,1,0,0,0.0,0,1,0,56
1482,dormant_user_reactivation_v1,2025-01-15 00:00:00,control,1,0,0,0.0,0,0,0,172
1486,dormant_user_reactivation_v1,2025-01-15 00:00:00,control,1,0,0,0.0,0,0,0,174
1487,dormant_user_reactivation_v1,2025-01-15 00:00:00,product_recommendation,1,1,1,3550.64,1,1,0,56
1489,dormant_user_reactivation_v1,2025-01-15 00:00:00,product_recommendation,0,0,0,0.0,0,0,0,92
1490,dormant_user_reactivation_v1,2025-01-15 00:00:00,control,1,0,0,0.0,0,0,0,183
1492,dormant_user_reactivation_v1,2025-01-15 00:00:00,product_recommendation,1,0,0,0.0,0,0,0,199
1493,dormant_user_reactivation_v1,2025-01-15 00:00:00,education_content,1,0,0,0.0,1,0,0,307
1494,dormant_user_reactivation_v1,2025-01-15 00:00:00,education_content,1,0,0,0.0,0,0,0,322
1495,dormant_user_reactivation_v1,2025-01-15 00:00:00,product_recommendation,1,0,0,0.0,0,0,0,113
1498,dormant_user_reactivation_v1,2025-01-15 00:00:00,product_recommendation,1,1,0,0.0,0,0,0,153
1499,dormant_user_reactivation_v1,2025-01-15 00:00:00,product_recommendation,1,0,0,0.0,1,0,0,339
1502,dormant_user_reactivation_v1,2025-01-15 00:00:00,education_content,1,0,0,0.0,1,0,0,321
1503,dormant_user_reactivation_v1,2025-01-15 00:00:00,product_recommendation,1,0,0,0.0,0,0,0,104
1506,dormant_user_reactivation_v1,2025-01-15 00:00:00,education_content,1,1,0,0.0,0,0,0,98
1507,dormant_user_reactivation_v1,2025-01-15 00:00:00,product_recommendation,1,1,0,0.0,0,0,0,98
1512,dormant_user_reactivation_v1,2025-01-15 00:00:00,control,1,0,0,0.0,1,0,0,274
1513,dormant_user_reactivation_v1,2025-01-15 00:00:00,product_recommendation,1,0,1,3708.05,0,0,0,148
1515,dormant_user_reactivation_v1,2025-01-15 00:00:00,education_content,1,0,0,0.0,0,1,0,49
1517,dormant_user_reactivation_v1,2025-01-15 00:00:00,control,1,0,0,0.0,0,0,0,222
1520,dormant_user_reactivation_v1,2025-01-15 00:00:00,control,1,0,0,0.0,0,0,0,319
1521,dormant_user_reactivation_v1,2025-01-15 00:00:00,control,1,0,0,0.0,1,0,0,292
1526,dormant_user_reactivation_v1,2025-01-15 00:00:00,product_recommendation,1,0,0,0.0,0,0,0,108
1528,dormant_user_reactivation_v1,2025-01-15 00:00:00,education_content,1,0,0,0.0,0,0,0,177
1531,dormant_user_reactivation_v1,2025-01-15 00:00:00,control,1,0,0,0.0,0,0,0,118
1533,dormant_user_reactivation_v1,2025-01-15 00:00:00,product_recommendation,1,0,0,0.0,0,1,0,62
1536,dormant_user_reactivation_v1,2025-01-15 00:00:00,control,1,0,0,0.0,0,0,0,250
1537,dormant_user_reactivation_v1,2025-01-15 00:00:00,control,1,0,0,0.0,0,1,0,66
1538,dormant_user_reactivation_v1,2025-01-15 00:00:00,product_recommendation,1,0,0,0.0,0,0,0,215
1541,dormant_user_reactivation_v1,2025-01-15 00:00:00,product_recommendation,1,0,0,0.0,0,3,0,70
1542,dormant_user_reactivation_v1,2025-01-15 00:00:00,education_content,1,0,0,0.0,0,0,0,101
1547,dormant_user_reactivation_v1,2025-01-15 00:00:00,product_recommendation,1,1,0,0.0,0,0,0,148
1551,dormant_user_reactivation_v1,2025-01-15 00:00:00,control,1,0,0,0.0,0,0,0,177
1552,dormant_user_reactivation_v1,2025-01-15 00:00:00,education_content,1,1,0,0.0,0,0,0,219
1554,dormant_user_reactivation_v1,2025-01-15 00:00:00,product_recommendation,1,0,0,0.0,0,1,0,69
1556,dormant_user_reactivation_v1,2025-01-15 00:00:00,product_recommendation,1,0,0,0.0,0,0,0,128
1561,dormant_user_reactivation_v1,2025-01-15 00:00:00,product_recommendation,1,0,0,0.0,0,1,0,82
1562,dormant_user_reactivation_v1,2025-01-15 00:00:00,product_recommendation,1,0,0,0.0,1,0,0,211
1563,dormant_user_reactivation_v1,2025-01-15 00:00:00,control,1,0,0,0.0,0,0,0,167
1566,dormant_user_reactivation_v1,2025-01-15 00:00:00,product_recommendation,1,1,0,0.0,0,0,0,234
1568,dormant_user_reactivation_v1,2025-01-15 00:00:00,education_content,1,0,0,0.0,0,1,0,79
1571,dormant_user_reactivation_v1,2025-01-15 00:00:00,education_content,1,0,0,0.0,0,0,0,113
1573,dormant_user_reactivation_v1,2025-01-15 00:00:00,product_recommendation,1,0,0,0.0,0,1,0,82
1575,dormant_user_reactivation_v1,2025-01-15 00:00:00,education_content,1,0,0,0.0,0,2,0,81
1576,dormant_user_reactivation_v1,2025-01-15 00:00:00,education_content,1,0,0,0.0,1,0,0,170
1578,dormant_user_reactivation_v1,2025-01-15 00:00:00,product_recommendation,1,0,0,0.0,0,0,0,139
1579,dormant_user_reactivation_v1,2025-01-15 00:00:00,education_content,1,0,0,0.0,0,0,0,307
1582,dormant_user_reactivation_v1,2025-01-15 00:00:00,education_content,1,0,0,0.0,0,0,0,192
1583,dormant_user_reactivation_v1,2025-01-15 00:00:00,control,1,0,0,0.0,0,0,0,137
1586,dormant_user_reactivation_v1,2025-01-15 00:00:00,control,1,0,0,0.0,0,0,0,205
1587,dormant_user_reactivation_v1,2025-01-15 00:00:00,education_content,1,0,0,0.0,0,1,0,51
1589,dormant_user_reactivation_v1,2025-01-15 00:00:00,education_content,1,0,0,0.0,0,0,0,104
1595,dormant_user_reactivation_v1,2025-01-15 00:00:00,product_recommendation,1,0,0,0.0,0,0,0,248
1598,dormant_user_reactivation_v1,2025-01-15 00:00:00,control,1,0,0,0.0,0,0,0,324
1599,dormant_user_reactivation_v1,2025-01-15 00:00:00,product_recommendation,1,0,0,0.0,0,0,0,334
1600,dormant_user_reactivation_v1,2025-01-15 00:00:00,control,1,0,0,0.0,0,0,0,117
1604,dormant_user_reactivation_v1,2025-01-15 00:00:00,control,1,0,0,0.0,0,2,0,45
1605,dormant_user_reactivation_v1,2025-01-15 00:00:00,product_recommendation,1,0,1,4827.57,0,0,0,90
1606,dormant_user_reactivation_v1,2025-01-15 00:00:00,education_content,1,1,0,0.0,0,2,0,56
1609,dormant_user_reactivation_v1,2025-01-15 00:00:00,control,1,0,0,0.0,0,0,0,233
1611,dormant_user_reactivation_v1,2025-01-15 00:00:00,product_recommendation,1,1,0,0.0,1,1,0,78
1612,dormant_user_reactivation_v1,2025-01-15 00:00:00,product_recommendation,1,0,0,0.0,0,0,0,216
1615,dormant_user_reactivation_v1,2025-01-15 00:00:00,product_recommendation,1,0,0,0.0,0,1,0,88
1618,dormant_user_reactivation_v1,2025-01-15 00:00:00,product_recommendation,1,0,0,0.0,0,0,0,291
1619,dormant_user_reactivation_v1,2025-01-15 00:00:00,control,1,0,1,1893.62,0,1,0,59
1621,dormant_user_reactivation_v1,2025-01-15 00:00:00,product_recommendation,1,1,0,0.0,0,0,0,225
1622,dormant_user_reactivation_v1,2025-01-15 00:00:00,product_recommendation,1,0,0,0.0,0,0,0,160
1624,dormant_user_reactivation_v1,2025-01-15 00:00:00,product_recommendation,1,0,0,0.0,0,0,0,298
1627,dormant_user_reactivation_v1,2025-01-15 00:00:00,product_recommendation,1,0,0,0.0,0,0,0,137
1628,dormant_user_reactivation_v1,2025-01-15 00:00:00,control,1,0,0,0.0,0,1,0,55
1630,dormant_user_reactivation_v1,2025-01-15 00:00:00,product_recommendation,1,0,0,0.0,0,0,0,199
1631,dormant_user_reactivation_v1,2025-01-15 00:00:00,education_content,1,0,0,0.0,0,2,0,54
1632,dormant_user_reactivation_v1,2025-01-15 00:00:00,education_content,1,0,0,0.0,0,0,0,206
1634,dormant_user_reactivation_v1,2025-01-15 00:00:00,education_content,1,0,0,0.0,0,1,0,52
1635,dormant_user_reactivation_v1,2025-01-15 00:00:00,education_content,1,0,0,0.0,0,0,0,152
1636,dormant_user_reactivation_v1,2025-01-15 00:00:00,control,1,0,0,0.0,1,1,0,62
1637,dormant_user_reactivation_v1,2025-01-15 00:00:00,control,1,0,0,0.0,0,0,0,175
1638,dormant_user_reactivation_v1,2025-01-15 00:00:00,product_recommendation,1,0,0,0.0,0,0,0,90
1639,dormant_user_reactivation_v1,2025-01-15 00:00:00,control,1,0,0,0.0,0,0,0,179
1643,dormant_user_reactivation_v1,2025-01-15 00:00:00,product_recommendation,1,0,0,0.0,0,0,0,317
1646,dormant_user_reactivation_v1,2025-01-15 00:00:00,product_recommendation,1,1,0,0.0,0,0,0,99
1647,dormant_user_reactivation_v1,2025-01-15 00:00:00,control,1,0,0,0.0,0,0,0,97
1648,dormant_user_reactivation_v1,2025-01-15 00:00:00,education_content,1,0,0,0.0,0,0,0,220
1650,dormant_user_reactivation_v1,2025-01-15 00:00:00,product_recommendation,1,0,0,0.0,0,1,0,69
1652,dormant_user_reactivation_v1,2025-01-15 00:00:00,education_content,1,0,0,0.0,0,0,0,111
1653,dormant_user_reactivation_v1,2025-01-15 00:00:00,product_recommendation,1,0,1,1758.87,0,0,0,118
1656,dormant_user_reactivation_v1,2025-01-15 00:00:00,education_content,1,0,0,0.0,0,1,0,50
1658,dormant_user_reactivation_v1,2025-01-15 00:00:00,product_recommendation,1,1,0,0.0,0,0,1,283
1660,dormant_user_reactivation_v1,2025-01-15 00:00:00,education_content,1,0,0,0.0,0,0,0,356
1662,dormant_user_reactivation_v1,2025-01-15 00:00:00,control,1,0,1,4471.49,0,0,0,242
1664,dormant_user_reactivation_v1,2025-01-15 00:00:00,control,1,0,0,0.0,0,3,1,59
1671,dormant_user_reactivation_v1,2025-01-15 00:00:00,control,1,0,0,0.0,0,1,0,83
1675,dormant_user_reactivation_v1,2025-01-15 00:00:00,product_recommendation,1,0,0,0.0,0,0,0,334
1676,dormant_user_reactivation_v1,2025-01-15 00:00:00,product_recommendation,1,0,0,0.0,0,0,0,353
1677,dormant_user_reactivation_v1,2025-01-15 00:00:00,product_recommendation,1,0,0,0.0,0,0,0,95
1678,dormant_user_reactivation_v1,2025-01-15 00:00:00,product_recommendation,1,0,0,0.0,0,0,0,314
1679,dormant_user_reactivation_v1,2025-01-15 00:00:00,product_recommendation,1,0,0,0.0,0,0,0,136
1680,dormant_user_reactivation_v1,2025-01-15 00:00:00,control,1,1,0,0.0,1,0,0,209
1683,dormant_user_reactivation_v1,2025-01-15 00:00:00,control,1,0,0,0.0,0,2,0,57
1685,dormant_user_reactivation_v1,2025-01-15 00:00:00,control,1,0,0,0.0,0,0,0,182
1686,dormant_user_reactivation_v1,2025-01-15 00:00:00,control,1,0,0,0.0,0,0,0,293
1687,dormant_user_reactivation_v1,2025-01-15 00:00:00,product_recommendation,1,0,0,0.0,1,0,0,124
1689,dormant_user_reactivation_v1,2025-01-15 00:00:00,product_recommendation,1,0,0,0.0,0,2,0,54
1690,dormant_user_reactivation_v1,2025-01-15 00:00:00,education_content,1,0,0,0.0,0,0,0,335
1691,dormant_user_reactivation_v1,2025-01-15 00:00:00,education_content,0,0,0,0.0,0,0,0,167
1693,dormant_user_reactivation_v1,2025-01-15 00:00:00,product_recommendation,1,1,0,0.0,0,0,0,183
1700,dormant_user_reactivation_v1,2025-01-15 00:00:00,control,1,0,0,0.0,1,0,0,198
1702,dormant_user_reactivation_v1,2025-01-15 00:00:00,education_content,1,0,0,0.0,0,0,0,196
1703,dormant_user_reactivation_v1,2025-01-15 00:00:00,education_content,0,0,0,0.0,0,0,0,116
1704,dormant_user_reactivation_v1,2025-01-15 00:00:00,product_recommendation,1,0,0,0.0,1,0,0,218
1705,dormant_user_reactivation_v1,2025-01-15 00:00:00,control,1,0,0,0.0,0,1,0,69
1706,dormant_user_reactivation_v1,2025-01-15 00:00:00,education_content,1,0,0,0.0,0,2,0,73
1709,dormant_user_reactivation_v1,2025-01-15 00:00:00,product_recommendation,1,0,0,0.0,0,0,0,273
1710,dormant_user_reactivation_v1,2025-01-15 00:00:00,product_recommendation,1,0,0,0.0,0,0,0,106
1711,dormant_user_reactivation_v1,2025-01-15 00:00:00,product_recommendation,1,0,0,0.0,0,0,0,231
1713,dormant_user_reactivation_v1,2025-01-15 00:00:00,control,1,0,0,0.0,0,0,0,105
1714,dormant_user_reactivation_v1,2025-01-15 00:00:00,product_recommendation,1,0,0,0.0,0,1,0,79
1717,dormant_user_reactivation_v1,2025-01-15 00:00:00,product_recommendation,1,0,0,0.0,0,2,0,46
1719,dormant_user_reactivation_v1,2025-01-15 00:00:00,education_content,1,0,0,0.0,0,0,0,254
1720,dormant_user_reactivation_v1,2025-01-15 00:00:00,control,1,0,0,0.0,0,0,0,160
1721,dormant_user_reactivation_v1,2025-01-15 00:00:00,control,1,0,0,0.0,0,1,0,45
1726,dormant_user_reactivation_v1,2025-01-15 00:00:00,control,1,0,0,0.0,0,2,0,51
1729,dormant_user_reactivation_v1,2025-01-15 00:00:00,education_content,1,0,0,0.0,0,0,0,92
1731,dormant_user_reactivation_v1,2025-01-15 00:00:00,product_recommendation,1,0,0,0.0,0,1,0,69
1732,dormant_user_reactivation_v1,2025-01-15 00:00:00,product_recommendation,1,1,0,0.0,0,0,0,284
1738,dormant_user_reactivation_v1,2025-01-15 00:00:00,product_recommendation,1,0,0,0.0,0,0,0,189
1740,dormant_user_reactivation_v1,2025-01-15 00:00:00,control,1,0,0,0.0,1,0,0,324
1742,dormant_user_reactivation_v1,2025-01-15 00:00:00,product_recommendation,1,1,0,0.0,0,1,0,78
1743,dormant_user_reactivation_v1,2025-01-15 00:00:00,education_content,1,0,0,0.0,0,0,0,209
1745,dormant_user_reactivation_v1,2025-01-15 00:00:00,education_content,1,1,0,0.0,0,0,0,153
1747,dormant_user_reactivation_v1,2025-01-15 00:00:00,education_content,1,0,0,0.0,0,0,0,92
1750,dormant_user_reactivation_v1,2025-01-15 00:00:00,education_content,1,0,0,0.0,0,0,0,194
1751,dormant_user_reactivation_v1,2025-01-15 00:00:00,control,1,0,1,5619.68,0,0,0,164
1752,dormant_user_reactivation_v1,2025-01-15 00:00:00,product_recommendation,1,0,0,0.0,1,0,0,103
1754,dormant_user_reactivation_v1,2025-01-15 00:00:00,product_recommendation,1,1,0,0.0,0,1,0,71
1756,dormant_user_reactivation_v1,2025-01-15 00:00:00,product_recommendation,1,1,0,0.0,0,0,0,107
1758,dormant_user_reactivation_v1,2025-01-15 00:00:00,control,1,0,0,0.0,0,1,0,72
1760,dormant_user_reactivation_v1,2025-01-15 00:00:00,product_recommendation,1,0,0,0.0,0,0,0,108
1761,dormant_user_reactivation_v1,2025-01-15 00:00:00,control,1,0,1,2224.45,1,0,0,123
1762,dormant_user_reactivation_v1,2025-01-15 00:00:00,product_recommendation,1,1,0,0.0,0,0,0,156
1763,dormant_user_reactivation_v1,2025-01-15 00:00:00,education_content,1,0,0,0.0,0,0,0,124
1764,dormant_user_reactivation_v1,2025-01-15 00:00:00,product_recommendation,1,1,0,0.0,1,1,0,52
1765,dormant_user_reactivation_v1,2025-01-15 00:00:00,education_content,1,0,0,0.0,0,0,0,205
1769,dormant_user_reactivation_v1,2025-01-15 00:00:00,education_content,1,1,0,0.0,0,0,0,227
1773,dormant_user_reactivation_v1,2025-01-15 00:00:00,education_content,1,0,1,3412.09,1,0,0,70
1774,dormant_user_reactivation_v1,2025-01-15 00:00:00,product_recommendation,1,0,0,0.0,0,2,0,52
1775,dormant_user_reactivation_v1,2025-01-15 00:00:00,education_content,1,0,0,0.0,0,0,0,74
1776,dormant_user_reactivation_v1,2025-01-15 00:00:00,education_content,1,0,0,0.0,0,0,0,158
1777,dormant_user_reactivation_v1,2025-01-15 00:00:00,control,1,0,0,0.0,0,0,0,200
1778,dormant_user_reactivation_v1,2025-01-15 00:00:00,product_recommendation,1,0,0,0.0,0,0,0,160
1780,dormant_user_reactivation_v1,2025-01-15 00:00:00,product_recommendation,1,0,0,0.0,0,0,0,177
1784,dormant_user_reactivation_v1,2025-01-15 00:00:00,product_recommendation,1,1,0,0.0,1,0,0,141
1785,dormant_user_reactivation_v1,2025-01-15 00:00:00,control,1,0,0,0.0,0,0,0,140
1786,dormant_user_reactivation_v1,2025-01-15 00:00:00,education_content,1,0,0,0.0,0,0,0,294
1788,dormant_user_reactivation_v1,2025-01-15 00:00:00,control,1,0,0,0.0,0,0,0,223
1791,dormant_user_reactivation_v1,2025-01-15 00:00:00,education_content,1,0,0,0.0,0,2,0,46
1793,dormant_user_reactivation_v1,2025-01-15 00:00:00,education_content,1,0,1,14157.1,1,0,0,158
1794,dormant_user_reactivation_v1,2025-01-15 00:00:00,control,1,0,0,0.0,0,0,0,110
1795,dormant_user_reactivation_v1,2025-01-15 00:00:00,education_content,1,0,0,0.0,1,0,0,193
1796,dormant_user_reactivation_v1,2025-01-15 00:00:00,education_content,1,0,0,0.0,0,0,0,313
1797,dormant_user_reactivation_v1,2025-01-15 00:00:00,control,1,0,0,0.0,0,0,0,223
1799,dormant_user_reactivation_v1,2025-01-15 00:00:00,control,1,0,0,0.0,0,1,0,79
1800,dormant_user_reactivation_v1,2025-01-15 00:00:00,education_content,1,0,0,0.0,0,0,0,122
1801,dormant_user_reactivation_v1,2025-01-15 00:00:00,product_recommendation,1,0,0,0.0,0,0,0,311
1804,dormant_user_reactivation_v1,2025-01-15 00:00:00,control,1,0,0,0.0,0,0,0,155
1805,dormant_user_reactivation_v1,2025-01-15 00:00:00,control,1,0,0,0.0,0,0,0,143
1806,dormant_user_reactivation_v1,2025-01-15 00:00:00,control,1,0,0,0.0,0,0,0,154
1807,dormant_user_reactivation_v1,2025-01-15 00:00:00,control,1,0,0,0.0,0,4,0,47
1811,dormant_user_reactivation_v1,2025-01-15 00:00:00,product_recommendation,1,0,0,0.0,0,0,0,170
1812,dormant_user_reactivation_v1,2025-01-15 00:00:00,education_content,1,0,1,3299.29,1,0,0,162
1813,dormant_user_reactivation_v1,2025-01-15 00:00:00,education_content,1,0,0,0.0,0,0,0,107
1816,dormant_user_reactivation_v1,2025-01-15 00:00:00,education_content,1,0,0,0.0,0,0,0,293
1817,dormant_user_reactivation_v1,2025-01-15 00:00:00,control,1,0,0,0.0,0,3,0,51
1818,dormant_user_reactivation_v1,2025-01-15 00:00:00,product_recommendation,1,0,0,0.0,0,1,0,52
1820,dormant_user_reactivation_v1,2025-01-15 00:00:00,product_recommendation,1,0,0,0.0,0,0,0,185
1821,dormant_user_reactivation_v1,2025-01-15 00:00:00,education_content,1,0,0,0.0,1,1,0,49
1823,dormant_user_reactivation_v1,2025-01-15 00:00:00,product_recommendation,1,0,0,0.0,0,0,0,312
1828,dormant_user_reactivation_v1,2025-01-15 00:00:00,education_content,1,0,0,0.0,0,0,0,277
1830,dormant_user_reactivation_v1,2025-01-15 00:00:00,control,1,0,0,0.0,0,0,0,192
1831,dormant_user_reactivation_v1,2025-01-15 00:00:00,control,1,0,0,0.0,0,0,0,114
1834,dormant_user_reactivation_v1,2025-01-15 00:00:00,education_content,1,0,0,0.0,0,0,0,150
1836,dormant_user_reactivation_v1,2025-01-15 00:00:00,education_content,1,0,0,0.0,0,0,0,183
1837,dormant_user_reactivation_v1,2025-01-15 00:00:00,control,1,0,0,0.0,0,0,0,184
1841,dormant_user_reactivation_v1,2025-01-15 00:00:00,control,1,0,0,0.0,0,0,0,277
1844,dormant_user_reactivation_v1,2025-01-15 00:00:00,control,1,0,0,0.0,0,0,0,183
1845,dormant_user_reactivation_v1,2025-01-15 00:00:00,control,1,0,0,0.0,0,1,0,71
1848,dormant_user_reactivation_v1,2025-01-15 00:00:00,product_recommendation,1,0,1,755.17,0,0,0,273
1849,dormant_user_reactivation_v1,2025-01-15 00:00:00,education_content,1,0,1,8220.9,1,0,0,90
1850,dormant_user_reactivation_v1,2025-01-15 00:00:00,product_recommendation,1,0,1,402.66,0,1,0,80
1851,dormant_user_reactivation_v1,2025-01-15 00:00:00,product_recommendation,1,0,0,0.0,1,0,0,100
1855,dormant_user_reactivation_v1,2025-01-15 00:00:00,product_recommendation,1,0,0,0.0,0,0,0,138
1856,dormant_user_reactivation_v1,2025-01-15 00:00:00,control,1,0,0,0.0,0,0,0,110
1858,dormant_user_reactivation_v1,2025-01-15 00:00:00,product_recommendation,1,0,0,0.0,0,2,0,47
1861,dormant_user_reactivation_v1,2025-01-15 00:00:00,product_recommendation,1,0,0,0.0,0,1,0,74
1862,dormant_user_reactivation_v1,2025-01-15 00:00:00,education_content,1,0,0,0.0,1,2,0,59
1865,dormant_user_reactivation_v1,2025-01-15 00:00:00,product_recommendation,1,0,0,0.0,0,0,0,173
1866,dormant_user_reactivation_v1,2025-01-15 00:00:00,control,1,0,0,0.0,0,1,0,75
1869,dormant_user_reactivation_v1,2025-01-15 00:00:00,product_recommendation,1,0,0,0.0,0,0,0,330
1871,dormant_user_reactivation_v1,2025-01-15 00:00:00,product_recommendation,1,0,0,0.0,1,1,0,82
1872,dormant_user_reactivation_v1,2025-01-15 00:00:00,education_content,1,0,0,0.0,0,0,0,96
1875,dormant_user_reactivation_v1,2025-01-15 00:00:00,control,1,0,0,0.0,0,0,0,103
1877,dormant_user_reactivation_v1,2025-01-15 00:00:00,education_content,1,0,0,0.0,0,0,0,112
1880,dormant_user_reactivation_v1,2025-01-15 00:00:00,product_recommendation,1,0,1,3128.68,0,0,0,230
1885,dormant_user_reactivation_v1,2025-01-15 00:00:00,product_recommendation,1,0,0,0.0,0,0,0,339
1888,dormant_user_reactivation_v1,2025-01-15 00:00:00,control,1,0,0,0.0,1,0,0,321
1892,dormant_user_reactivation_v1,2025-01-15 00:00:00,control,1,0,0,0.0,0,0,0,290
1895,dormant_user_reactivation_v1,2025-01-15 00:00:00,control,1,1,0,0.0,0,1,0,56
1897,dormant_user_reactivation_v1,2025-01-15 00:00:00,education_content,1,0,0,0.0,0,0,0,210
1899,dormant_user_reactivation_v1,2025-01-15 00:00:00,education_content,1,0,0,0.0,0,0,0,241
1905,dormant_user_reactivation_v1,2025-01-15 00:00:00,product_recommendation,1,0,0,0.0,0,1,0,57
1909,dormant_user_reactivation_v1,2025-01-15 00:00:00,control,1,0,0,0.0,0,1,0,82
1910,dormant_user_reactivation_v1,2025-01-15 00:00:00,education_content,1,0,0,0.0,0,0,0,102
1917,dormant_user_reactivation_v1,2025-01-15 00:00:00,product_recommendation,1,0,0,0.0,0,0,0,121
1918,dormant_user_reactivation_v1,2025-01-15 00:00:00,control,1,0,0,0.0,1,0,0,91
1919,dormant_user_reactivation_v1,2025-01-15 00:00:00,control,1,0,0,0.0,1,0,0,64
1920,dormant_user_reactivation_v1,2025-01-15 00:00:00,education_content,1,1,0,0.0,0,0,0,100
1921,dormant_user_reactivation_v1,2025-01-15 00:00:00,control,1,0,0,0.0,0,0,0,191
1922,dormant_user_reactivation_v1,2025-01-15 00:00:00,control,1,0,0,0.0,0,1,0,53
1926,dormant_user_reactivation_v1,2025-01-15 00:00:00,product_recommendation,1,1,0,0.0,0,2,0,55
1928,dormant_user_reactivation_v1,2025-01-15 00:00:00,control,1,0,0,0.0,1,0,0,155
1929,dormant_user_reactivation_v1,2025-01-15 00:00:00,education_content,1,0,0,0.0,0,0,0,284
1930,dormant_user_reactivation_v1,2025-01-15 00:00:00,education_content,1,0,0,0.0,0,0,0,263
1931,dormant_user_reactivation_v1,2025-01-15 00:00:00,control,1,0,0,0.0,0,0,0,191
1933,dormant_user_reactivation_v1,2025-01-15 00:00:00,product_recommendation,1,0,0,0.0,0,1,0,72
1935,dormant_user_reactivation_v1,2025-01-15 00:00:00,product_recommendation,1,0,1,1111.92,0,0,0,181
1936,dormant_user_reactivation_v1,2025-01-15 00:00:00,control,1,0,0,0.0,0,0,0,272
1940,dormant_user_reactivation_v1,2025-01-15 00:00:00,product_recommendation,1,0,0,0.0,0,0,0,134
1941,dormant_user_reactivation_v1,2025-01-15 00:00:00,control,1,0,0,0.0,0,2,0,70
1942,dormant_user_reactivation_v1,2025-01-15 00:00:00,education_content,1,0,1,1901.39,1,0,0,116
1943,dormant_user_reactivation_v1,2025-01-15 00:00:00,education_content,1,0,0,0.0,0,0,0,123
1947,dormant_user_reactivation_v1,2025-01-15 00:00:00,control,1,0,0,0.0,0,0,0,101
1952,dormant_user_reactivation_v1,2025-01-15 00:00:00,control,1,0,1,12828.83,1,0,0,113
1953,dormant_user_reactivation_v1,2025-01-15 00:00:00,control,1,0,0,0.0,0,1,0,73
1954,dormant_user_reactivation_v1,2025-01-15 00:00:00,control,1,1,0,0.0,0,0,0,163
1957,dormant_user_reactivation_v1,2025-01-15 00:00:00,control,1,0,0,0.0,0,0,0,303
1959,dormant_user_reactivation_v1,2025-01-15 00:00:00,product_recommendation,0,0,0,0.0,1,1,0,65
1962,dormant_user_reactivation_v1,2025-01-15 00:00:00,control,1,0,0,0.0,0,0,0,117
1965,dormant_user_reactivation_v1,2025-01-15 00:00:00,education_content,1,1,0,0.0,1,0,0,98
1968,dormant_user_reactivation_v1,2025-01-15 00:00:00,product_recommendation,1,0,0,0.0,1,1,0,67
1969,dormant_user_reactivation_v1,2025-01-15 00:00:00,control,1,1,0,0.0,0,0,0,119
1972,dormant_user_reactivation_v1,2025-01-15 00:00:00,education_content,1,0,0,0.0,0,0,0,234
1974,dormant_user_reactivation_v1,2025-01-15 00:00:00,product_recommendation,1,1,0,0.0,0,0,0,309
1978,dormant_user_reactivation_v1,2025-01-15 00:00:00,product_recommendation,1,0,0,0.0,0,0,0,107
1979,dormant_user_reactivation_v1,2025-01-15 00:00:00,education_content,1,0,0,0.0,0,0,0,111
1980,dormant_user_reactivation_v1,2025-01-15 00:00:00,control,1,0,0,0.0,0,0,0,192
1981,dormant_user_reactivation_v1,2025-01-15 00:00:00,product_recommendation,1,0,0,0.0,0,0,0,207
1987,dormant_user_reactivation_v1,2025-01-15 00:00:00,control,1,0,0,0.0,0,0,0,195
1988,dormant_user_reactivation_v1,2025-01-15 00:00:00,product_recommendation,1,0,0,0.0,0,0,0,230
1991,dormant_user_reactivation_v1,2025-01-15 00:00:00,control,1,0,0,0.0,0,3,0,45
1992,dormant_user_reactivation_v1,2025-01-15 00:00:00,control,1,0,0,0.0,0,0,0,209
1994,dormant_user_reactivation_v1,2025-01-15 00:00:00,product_recommendation,1,0,0,0.0,0,1,0,77
1995,dormant_user_reactivation_v1,2025-01-15 00:00:00,control,1,0,0,0.0,0,0,0,297
1996,dormant_user_reactivation_v1,2025-01-15 00:00:00,product_recommendation,1,1,0,0.0,0,2,0,57
1997,dormant_user_reactivation_v1,2025-01-15 00:00:00,product_recommendation,1,0,0,0.0,0,0,0,112
1998,dormant_user_reactivation_v1,2025-01-15 00:00:00,education_content,0,0,0,0.0,1,0,0,156
2000,dormant_user_reactivation_v1,2025-01-15 00:00:00,control,1,0,0,0.0,0,0,0,283
2002,dormant_user_reactivation_v1,2025-01-15 00:00:00,product_recommendation,1,0,0,0.0,1,2,0,68
2007,dormant_user_reactivation_v1,2025-01-15 00:00:00,product_recommendation,1,0,0,0.0,0,0,0,119
2008,dormant_user_reactivation_v1,2025-01-15 00:00:00,education_content,1,0,0,0.0,0,1,0,52
2009,dormant_user_reactivation_v1,2025-01-15 00:00:00,product_recommendation,1,0,0,0.0,0,0,0,331
2011,dormant_user_reactivation_v1,2025-01-15 00:00:00,control,1,0,0,0.0,0,0,0,107
2013,dormant_user_reactivation_v1,2025-01-15 00:00:00,control,1,0,0,0.0,0,0,0,188
2014,dormant_user_reactivation_v1,2025-01-15 00:00:00,control,1,0,0,0.0,1,0,0,135
2018,dormant_user_reactivation_v1,2025-01-15 00:00:00,product_recommendation,0,0,0,0.0,0,0,0,108
2019,dormant_user_reactivation_v1,2025-01-15 00:00:00,control,1,1,0,0.0,0,0,0,186
2022,dormant_user_reactivation_v1,2025-01-15 00:00:00,product_recommendation,1,1,0,0.0,0,0,0,95
2023,dormant_user_reactivation_v1,2025-01-15 00:00:00,control,1,0,0,0.0,0,2,0,83
2024,dormant_user_reactivation_v1,2025-01-15 00:00:00,education_content,1,1,1,3336.38,0,0,0,236
2029,dormant_user_reactivation_v1,2025-01-15 00:00:00,product_recommendation,1,0,0,0.0,1,0,0,201
2031,dormant_user_reactivation_v1,2025-01-15 00:00:00,education_content,1,0,0,0.0,0,0,0,361
2032,dormant_user_reactivation_v1,2025-01-15 00:00:00,control,1,0,0,0.0,0,0,0,212
2033,dormant_user_reactivation_v1,2025-01-15 00:00:00,product_recommendation,1,0,0,0.0,0,0,0,250
2035,dormant_user_reactivation_v1,2025-01-15 00:00:00,product_recommendation,1,0,0,0.0,1,2,0,52
2037,dormant_user_reactivation_v1,2025-01-15 00:00:00,education_content,1,0,0,0.0,1,1,0,79
2039,dormant_user_reactivation_v1,2025-01-15 00:00:00,product_recommendation,1,1,0,0.0,0,1,0,84
2042,dormant_user_reactivation_v1,2025-01-15 00:00:00,control,1,0,0,0.0,0,0,0,169
2043,dormant_user_reactivation_v1,2025-01-15 00:00:00,product_recommendation,1,0,0,0.0,0,0,0,97
2044,dormant_user_reactivation_v1,2025-01-15 00:00:00,education_content,1,0,0,0.0,0,0,0,73
2045,dormant_user_reactivation_v1,2025-01-15 00:00:00,control,1,0,0,0.0,0,0,0,309
2047,dormant_user_reactivation_v1,2025-01-15 00:00:00,product_recommendation,1,0,0,0.0,1,0,0,100
2053,dormant_user_reactivation_v1,2025-01-15 00:00:00,education_content,1,0,0,0.0,1,0,0,192
2054,dormant_user_reactivation_v1,2025-01-15 00:00:00,product_recommendation,1,0,0,0.0,0,0,0,138
2056,dormant_user_reactivation_v1,2025-01-15 00:00:00,education_content,1,1,0,0.0,1,0,0,342
2059,dormant_user_reactivation_v1,2025-01-15 00:00:00,product_recommendation,1,0,0,0.0,0,1,0,75
2061,dormant_user_reactivation_v1,2025-01-15 00:00:00,control,1,0,0,0.0,1,1,0,79
2063,dormant_user_reactivation_v1,2025-01-15 00:00:00,education_content,1,0,1,1123.72,0,0,0,205
2064,dormant_user_reactivation_v1,2025-01-15 00:00:00,product_recommendation,1,0,1,12746.04,0,0,0,219
2065,dormant_user_reactivation_v1,2025-01-15 00:00:00,education_content,1,0,0,0.0,0,0,0,149
2076,dormant_user_reactivation_v1,2025-01-15 00:00:00,product_recommendation,0,0,0,0.0,1,0,1,91
2077,dormant_user_reactivation_v1,2025-01-15 00:00:00,control,1,0,0,0.0,0,0,0,164
2080,dormant_user_reactivation_v1,2025-01-15 00:00:00,control,1,0,0,0.0,0,0,0,211
2082,dormant_user_reactivation_v1,2025-01-15 00:00:00,product_recommendation,1,0,0,0.0,0,0,0,272
2087,dormant_user_reactivation_v1,2025-01-15 00:00:00,product_recommendation,1,0,0,0.0,0,1,0,86
2088,dormant_user_reactivation_v1,2025-01-15 00:00:00,product_recommendation,1,1,0,0.0,1,0,0,131
2089,dormant_user_reactivation_v1,2025-01-15 00:00:00,product_recommendation,1,0,0,0.0,0,0,0,117
2091,dormant_user_reactivation_v1,2025-01-15 00:00:00,control,1,0,0,0.0,0,0,0,283
2094,dormant_user_reactivation_v1,2025-01-15 00:00:00,product_recommendation,1,0,1,2767.42,0,0,0,112
2095,dormant_user_reactivation_v1,2025-01-15 00:00:00,product_recommendation,1,0,0,0.0,0,0,0,98
2099,dormant_user_reactivation_v1,2025-01-15 00:00:00,control,1,0,0,0.0,1,1,0,85
2102,dormant_user_reactivation_v1,2025-01-15 00:00:00,education_content,0,0,0,0.0,1,0,0,193
2104,dormant_user_reactivation_v1,2025-01-15 00:00:00,product_recommendation,1,0,0,0.0,0,1,0,80
2105,dormant_user_reactivation_v1,2025-01-15 00:00:00,education_content,1,0,0,0.0,0,0,0,178
2106,dormant_user_reactivation_v1,2025-01-15 00:00:00,product_recommendation,1,1,0,0.0,0,0,0,190
2107,dormant_user_reactivation_v1,2025-01-15 00:00:00,product_recommendation,1,0,0,0.0,1,0,0,98
2110,dormant_user_reactivation_v1,2025-01-15 00:00:00,control,1,0,0,0.0,0,0,0,311
2111,dormant_user_reactivation_v1,2025-01-15 00:00:00,control,1,0,0,0.0,0,0,0,297
2112,dormant_user_reactivation_v1,2025-01-15 00:00:00,education_content,1,0,0,0.0,0,2,0,47
2114,dormant_user_reactivation_v1,2025-01-15 00:00:00,education_content,1,0,0,0.0,0,1,0,65
2118,dormant_user_reactivation_v1,2025-01-15 00:00:00,education_content,1,0,0,0.0,1,1,0,47
2119,dormant_user_reactivation_v1,2025-01-15 00:00:00,education_content,1,0,0,0.0,0,0,0,103
2121,dormant_user_reactivation_v1,2025-01-15 00:00:00,education_content,1,0,0,0.0,0,0,0,207
2122,dormant_user_reactivation_v1,2025-01-15 00:00:00,education_content,1,0,0,0.0,0,0,0,103
2123,dormant_user_reactivation_v1,2025-01-15 00:00:00,control,1,0,0,0.0,0,1,0,64
2129,dormant_user_reactivation_v1,2025-01-15 00:00:00,product_recommendation,1,0,0,0.0,0,0,0,379
2130,dormant_user_reactivation_v1,2025-01-15 00:00:00,product_recommendation,1,0,0,0.0,1,2,0,79
2131,dormant_user_reactivation_v1,2025-01-15 00:00:00,education_content,1,0,0,0.0,0,1,0,46
2132,dormant_user_reactivation_v1,2025-01-15 00:00:00,control,1,0,0,0.0,0,0,0,102
2140,dormant_user_reactivation_v1,2025-01-15 00:00:00,control,1,0,0,0.0,0,0,0,130
2142,dormant_user_reactivation_v1,2025-01-15 00:00:00,education_content,1,0,0,0.0,1,2,0,55
2144,dormant_user_reactivation_v1,2025-01-15 00:00:00,product_recommendation,1,0,0,0.0,0,0,0,187
2146,dormant_user_reactivation_v1,2025-01-15 00:00:00,education_content,1,0,0,0.0,0,1,0,81
2147,dormant_user_reactivation_v1,2025-01-15 00:00:00,product_recommendation,1,0,0,0.0,1,1,0,70
2150,dormant_user_reactivation_v1,2025-01-15 00:00:00,product_recommendation,1,0,0,0.0,1,0,0,95
2151,dormant_user_reactivation_v1,2025-01-15 00:00:00,product_recommendation,1,0,0,0.0,0,1,0,71
2152,dormant_user_reactivation_v1,2025-01-15 00:00:00,control,1,0,0,0.0,0,0,0,161
2153,dormant_user_reactivation_v1,2025-01-15 00:00:00,education_content,1,0,0,0.0,1,0,2,120
2157,dormant_user_reactivation_v1,2025-01-15 00:00:00,education_content,1,0,0,0.0,0,0,0,100
2159,dormant_user_reactivation_v1,2025-01-15 00:00:00,product_recommendation,1,0,0,0.0,0,0,0,116
2160,dormant_user_reactivation_v1,2025-01-15 00:00:00,education_content,1,0,0,0.0,1,0,0,245
2162,dormant_user_reactivation_v1,2025-01-15 00:00:00,product_recommendation,1,0,0,0.0,0,0,0,340
2165,dormant_user_reactivation_v1,2025-01-15 00:00:00,product_recommendation,1,0,0,0.0,0,0,0,252
2166,dormant_user_reactivation_v1,2025-01-15 00:00:00,education_content,1,0,0,0.0,0,0,0,70
2169,dormant_user_reactivation_v1,2025-01-15 00:00:00,product_recommendation,1,1,0,0.0,0,1,0,77
2170,dormant_user_reactivation_v1,2025-01-15 00:00:00,control,1,0,0,0.0,0,0,0,350
2172,dormant_user_reactivation_v1,2025-01-15 00:00:00,education_content,1,0,0,0.0,0,3,0,57
2174,dormant_user_reactivation_v1,2025-01-15 00:00:00,product_recommendation,1,0,0,0.0,1,0,0,269
2175,dormant_user_reactivation_v1,2025-01-15 00:00:00,education_content,1,0,0,0.0,0,0,0,306
2177,dormant_user_reactivation_v1,2025-01-15 00:00:00,education_content,1,0,0,0.0,0,1,0,86
2178,dormant_user_reactivation_v1,2025-01-15 00:00:00,product_recommendation,1,0,0,0.0,0,0,0,106
2179,dormant_user_reactivation_v1,2025-01-15 00:00:00,product_recommendation,1,1,0,0.0,0,0,0,155
2180,dormant_user_reactivation_v1,2025-01-15 00:00:00,control,1,0,0,0.0,0,0,0,136
2181,dormant_user_reactivation_v1,2025-01-15 00:00:00,education_content,1,0,0,0.0,0,0,0,116
2182,dormant_user_reactivation_v1,2025-01-15 00:00:00,product_recommendation,1,0,0,0.0,0,0,0,194
2183,dormant_user_reactivation_v1,2025-01-15 00:00:00,education_content,1,0,0,0.0,0,0,0,109
2187,dormant_user_reactivation_v1,2025-01-15 00:00:00,control,1,0,0,0.0,0,0,0,94
2188,dormant_user_reactivation_v1,2025-01-15 00:00:00,control,1,0,0,0.0,0,0,0,128
2189,dormant_user_reactivation_v1,2025-01-15 00:00:00,product_recommendation,1,0,0,0.0,0,0,0,242
2190,dormant_user_reactivation_v1,2025-01-15 00:00:00,control,1,0,0,0.0,0,0,0,93
2191,dormant_user_reactivation_v1,2025-01-15 00:00:00,product_recommendation,1,0,0,0.0,0,0,0,254
2193,dormant_user_reactivation_v1,2025-01-15 00:00:00,product_recommendation,1,0,0,0.0,0,0,0,345
2194,dormant_user_reactivation_v1,2025-01-15 00:00:00,education_content,1,0,0,0.0,0,0,0,122
2195,dormant_user_reactivation_v1,2025-01-15 00:00:00,product_recommendation,1,0,0,0.0,0,0,0,135
2196,dormant_user_reactivation_v1,2025-01-15 00:00:00,education_content,1,0,0,0.0,1,0,0,205
2197,dormant_user_reactivation_v1,2025-01-15 00:00:00,control,1,0,0,0.0,0,0,0,95
2200,dormant_user_reactivation_v1,2025-01-15 00:00:00,education_content,1,0,0,0.0,0,0,0,177
2201,dormant_user_reactivation_v1,2025-01-15 00:00:00,product_recommendation,1,0,0,0.0,0,0,0,223
2202,dormant_user_reactivation_v1,2025-01-15 00:00:00,product_recommendation,1,0,0,0.0,0,0,0,238
2205,dormant_user_reactivation_v1,2025-01-15 00:00:00,education_content,1,0,0,0.0,0,1,0,86
2206,dormant_user_reactivation_v1,2025-01-15 00:00:00,education_content,1,0,0,0.0,0,0,0,147
2210,dormant_user_reactivation_v1,2025-01-15 00:00:00,education_content,1,0,0,0.0,0,1,0,82
2211,dormant_user_reactivation_v1,2025-01-15 00:00:00,control,1,0,0,0.0,0,3,2,59
2214,dormant_user_reactivation_v1,2025-01-15 00:00:00,control,1,0,0,0.0,0,2,0,57
2219,dormant_user_reactivation_v1,2025-01-15 00:00:00,control,1,0,0,0.0,0,0,0,319
2220,dormant_user_reactivation_v1,2025-01-15 00:00:00,education_content,1,0,0,0.0,0,0,0,111
2223,dormant_user_reactivation_v1,2025-01-15 00:00:00,control,1,0,0,0.0,0,0,0,91
2224,dormant_user_reactivation_v1,2025-01-15 00:00:00,education_content,1,0,0,0.0,1,0,0,131
2225,dormant_user_reactivation_v1,2025-01-15 00:00:00,control,1,0,0,0.0,1,0,0,110
2230,dormant_user_reactivation_v1,2025-01-15 00:00:00,control,1,0,0,0.0,0,0,0,118
2231,dormant_user_reactivation_v1,2025-01-15 00:00:00,control,1,0,0,0.0,0,0,0,186
2235,dormant_user_reactivation_v1,2025-01-15 00:00:00,product_recommendation,1,0,0,0.0,0,0,0,262
2238,dormant_user_reactivation_v1,2025-01-15 00:00:00,control,1,0,0,0.0,1,0,0,142
2243,dormant_user_reactivation_v1,2025-01-15 00:00:00,control,1,0,0,0.0,0,0,0,233
2245,dormant_user_reactivation_v1,2025-01-15 00:00:00,education_content,1,0,0,0.0,1,0,0,161
2246,dormant_user_reactivation_v1,2025-01-15 00:00:00,product_recommendation,1,0,0,0.0,0,0,0,243
2247,dormant_user_reactivation_v1,2025-01-15 00:00:00,product_recommendation,1,1,0,0.0,0,0,0,202
2248,dormant_user_reactivation_v1,2025-01-15 00:00:00,control,1,0,0,0.0,0,0,0,164
2251,dormant_user_reactivation_v1,2025-01-15 00:00:00,product_recommendation,1,0,0,0.0,0,0,0,194
2253,dormant_user_reactivation_v1,2025-01-15 00:00:00,product_recommendation,1,0,0,0.0,1,0,0,189
2254,dormant_user_reactivation_v1,2025-01-15 00:00:00,product_recommendation,1,0,0,0.0,0,0,0,139
2261,dormant_user_reactivation_v1,2025-01-15 00:00:00,control,1,0,0,0.0,0,1,1,84
2262,dormant_user_reactivation_v1,2025-01-15 00:00:00,product_recommendation,1,0,0,0.0,0,1,0,60
2263,dormant_user_reactivation_v1,2025-01-15 00:00:00,product_recommendation,0,0,0,0.0,0,4,0,66
2268,dormant_user_reactivation_v1,2025-01-15 00:00:00,education_content,1,1,0,0.0,0,0,0,111
2269,dormant_user_reactivation_v1,2025-01-15 00:00:00,control,1,0,0,0.0,0,0,0,90
2273,dormant_user_reactivation_v1,2025-01-15 00:00:00,education_content,1,0,0,0.0,0,0,0,132
2274,dormant_user_reactivation_v1,2025-01-15 00:00:00,education_content,1,0,0,0.0,0,0,0,135
2275,dormant_user_reactivation_v1,2025-01-15 00:00:00,education_content,1,0,0,0.0,0,1,0,77
2284,dormant_user_reactivation_v1,2025-01-15 00:00:00,control,1,0,0,0.0,0,0,0,144
2287,dormant_user_reactivation_v1,2025-01-15 00:00:00,product_recommendation,1,0,0,0.0,0,0,0,145
2288,dormant_user_reactivation_v1,2025-01-15 00:00:00,education_content,1,0,0,0.0,0,0,0,148
2291,dormant_user_reactivation_v1,2025-01-15 00:00:00,education_content,1,0,0,0.0,0,0,0,292
2294,dormant_user_reactivation_v1,2025-01-15 00:00:00,product_recommendation,1,1,0,0.0,0,0,0,220
2295,dormant_user_reactivation_v1,2025-01-15 00:00:00,product_recommendation,1,0,0,0.0,0,0,0,154
2297,dormant_user_reactivation_v1,2025-01-15 00:00:00,education_content,1,0,0,0.0,0,0,0,153
2298,dormant_user_reactivation_v1,2025-01-15 00:00:00,control,1,0,0,0.0,0,0,0,265
2299,dormant_user_reactivation_v1,2025-01-15 00:00:00,control,1,0,0,0.0,1,0,0,91
2300,dormant_user_reactivation_v1,2025-01-15 00:00:00,product_recommendation,1,0,0,0.0,0,0,0,134
2303,dormant_user_reactivation_v1,2025-01-15 00:00:00,control,1,0,0,0.0,0,2,0,65
2304,dormant_user_reactivation_v1,2025-01-15 00:00:00,control,1,1,0,0.0,0,1,0,77
2305,dormant_user_reactivation_v1,2025-01-15 00:00:00,education_content,1,0,0,0.0,0,0,0,235
2306,dormant_user_reactivation_v1,2025-01-15 00:00:00,education_content,1,0,0,0.0,0,0,0,90
2307,dormant_user_reactivation_v1,2025-01-15 00:00:00,control,1,0,0,0.0,0,0,0,138
2308,dormant_user_reactivation_v1,2025-01-15 00:00:00,product_recommendation,1,0,0,0.0,0,0,0,102
2309,dormant_user_reactivation_v1,2025-01-15 00:00:00,product_recommendation,1,0,0,0.0,0,0,0,222
2311,dormant_user_reactivation_v1,2025-01-15 00:00:00,control,1,0,0,0.0,0,0,0,213
2312,dormant_user_reactivation_v1,2025-01-15 00:00:00,product_recommendation,1,0,0,0.0,1,0,0,93
2315,dormant_user_reactivation_v1,2025-01-15 00:00:00,product_recommendation,1,0,0,0.0,0,0,0,163
2316,dormant_user_reactivation_v1,2025-01-15 00:00:00,control,1,0,0,0.0,0,0,0,190
2319,dormant_user_reactivation_v1,2025-01-15 00:00:00,product_recommendation,1,0,0,0.0,0,0,0,139
2320,dormant_user_reactivation_v1,2025-01-15 00:00:00,education_content,1,0,0,0.0,0,0,0,287
2321,dormant_user_reactivation_v1,2025-01-15 00:00:00,product_recommendation,1,0,0,0.0,0,0,0,121
2322,dormant_user_reactivation_v1,2025-01-15 00:00:00,education_content,1,0,0,0.0,0,1,0,81
2327,dormant_user_reactivation_v1,2025-01-15 00:00:00,product_recommendation,1,0,0,0.0,1,0,0,140
2328,dormant_user_reactivation_v1,2025-01-15 00:00:00,education_content,1,1,0,0.0,0,0,0,96
2331,dormant_user_reactivation_v1,2025-01-15 00:00:00,product_recommendation,1,0,0,0.0,0,0,0,183
2334,dormant_user_reactivation_v1,2025-01-15 00:00:00,education_content,1,0,0,0.0,0,0,0,240
2335,dormant_user_reactivation_v1,2025-01-15 00:00:00,control,1,0,0,0.0,0,2,0,46
2338,dormant_user_reactivation_v1,2025-01-15 00:00:00,control,1,0,0,0.0,0,0,0,138
2339,dormant_user_reactivation_v1,2025-01-15 00:00:00,education_content,1,0,0,0.0,0,0,0,171
2340,dormant_user_reactivation_v1,2025-01-15 00:00:00,control,1,0,0,0.0,0,0,0,171
2342,dormant_user_reactivation_v1,2025-01-15 00:00:00,education_content,1,0,0,0.0,0,1,0,61
2343,dormant_user_reactivation_v1,2025-01-15 00:00:00,education_content,1,0,0,0.0,1,1,0,67
2344,dormant_user_reactivation_v1,2025-01-15 00:00:00,product_recommendation,1,0,0,0.0,0,0,0,128
2347,dormant_user_reactivation_v1,2025-01-15 00:00:00,control,1,0,0,0.0,0,1,0,75
2348,dormant_user_reactivation_v1,2025-01-15 00:00:00,education_content,1,0,0,0.0,0,0,0,93
2349,dormant_user_reactivation_v1,2025-01-15 00:00:00,product_recommendation,1,1,0,0.0,1,0,0,264
2350,dormant_user_reactivation_v1,2025-01-15 00:00:00,education_content,1,0,0,0.0,0,0,0,281
2353,dormant_user_reactivation_v1,2025-01-15 00:00:00,control,1,0,0,0.0,1,0,0,128
2354,dormant_user_reactivation_v1,2025-01-15 00:00:00,education_content,1,0,0,0.0,1,0,0,248
2357,dormant_user_reactivation_v1,2025-01-15 00:00:00,product_recommendation,1,0,0,0.0,0,0,0,163
2359,dormant_user_reactivation_v1,2025-01-15 00:00:00,control,1,0,0,0.0,0,0,0,332
2360,dormant_user_reactivation_v1,2025-01-15 00:00:00,education_content,0,0,0,0.0,0,0,0,200
2361,dormant_user_reactivation_v1,2025-01-15 00:00:00,control,1,0,0,0.0,0,0,0,281
2363,dormant_user_reactivation_v1,2025-01-15 00:00:00,control,1,0,0,0.0,0,0,0,96
2365,dormant_user_reactivation_v1,2025-01-15 00:00:00,control,1,0,0,0.0,0,0,0,126
2366,dormant_user_reactivation_v1,2025-01-15 00:00:00,control,1,0,0,0.0,0,0,0,228
2368,dormant_user_reactivation_v1,2025-01-15 00:00:00,control,1,0,0,0.0,1,1,0,66
2369,dormant_user_reactivation_v1,2025-01-15 00:00:00,control,1,0,0,0.0,0,0,0,145
2370,dormant_user_reactivation_v1,2025-01-15 00:00:00,control,1,0,0,0.0,0,0,0,110
2371,dormant_user_reactivation_v1,2025-01-15 00:00:00,product_recommendation,1,0,0,0.0,1,0,0,122
2375,dormant_user_reactivation_v1,2025-01-15 00:00:00,education_content,1,0,0,0.0,0,1,0,46
2376,dormant_user_reactivation_v1,2025-01-15 00:00:00,education_content,1,0,0,0.0,0,0,0,160
2377,dormant_user_reactivation_v1,2025-01-15 00:00:00,control,1,0,0,0.0,0,1,0,71
2379,dormant_user_reactivation_v1,2025-01-15 00:00:00,education_content,0,0,0,0.0,0,1,0,57
2381,dormant_user_reactivation_v1,2025-01-15 00:00:00,control,1,0,0,0.0,0,1,0,57
2382,dormant_user_reactivation_v1,2025-01-15 00:00:00,product_recommendation,1,0,0,0.0,0,0,0,93
2384,dormant_user_reactivation_v1,2025-01-15 00:00:00,product_recommendation,1,0,0,0.0,1,0,0,312
2386,dormant_user_reactivation_v1,2025-01-15 00:00:00,education_content,1,0,0,0.0,0,0,0,114
2388,dormant_user_reactivation_v1,2025-01-15 00:00:00,control,1,0,0,0.0,0,0,0,135
2389,dormant_user_reactivation_v1,2025-01-15 00:00:00,education_content,1,1,0,0.0,1,0,0,184
2394,dormant_user_reactivation_v1,2025-01-15 00:00:00,control,1,0,0,0.0,0,0,0,149
2395,dormant_user_reactivation_v1,2025-01-15 00:00:00,control,1,0,0,0.0,0,0,0,301
2396,dormant_user_reactivation_v1,2025-01-15 00:00:00,control,1,0,0,0.0,0,0,0,111
2400,dormant_user_reactivation_v1,2025-01-15 00:00:00,education_content,1,0,0,0.0,1,0,0,224
2402,dormant_user_reactivation_v1,2025-01-15 00:00:00,education_content,1,0,0,0.0,0,0,0,181
2405,dormant_user_reactivation_v1,2025-01-15 00:00:00,education_content,1,0,0,0.0,0,0,0,107
2406,dormant_user_reactivation_v1,2025-01-15 00:00:00,control,1,0,0,0.0,0,0,0,225
2407,dormant_user_reactivation_v1,2025-01-15 00:00:00,education_content,1,0,0,0.0,0,1,0,70
2409,dormant_user_reactivation_v1,2025-01-15 00:00:00,product_recommendation,1,0,0,0.0,0,0,0,168
2410,dormant_user_reactivation_v1,2025-01-15 00:00:00,product_recommendation,1,1,0,0.0,0,0,0,104
2413,dormant_user_reactivation_v1,2025-01-15 00:00:00,product_recommendation,1,0,0,0.0,0,1,0,89
2414,dormant_user_reactivation_v1,2025-01-15 00:00:00,education_content,1,0,0,0.0,0,0,0,251
2416,dormant_user_reactivation_v1,2025-01-15 00:00:00,product_recommendation,1,0,0,0.0,1,0,0,307
2419,dormant_user_reactivation_v1,2025-01-15 00:00:00,product_recommendation,1,0,0,0.0,0,0,0,149
2420,dormant_user_reactivation_v1,2025-01-15 00:00:00,product_recommendation,1,0,0,0.0,1,1,0,50
2421,dormant_user_reactivation_v1,2025-01-15 00:00:00,product_recommendation,1,0,0,0.0,0,0,0,261
2427,dormant_user_reactivation_v1,2025-01-15 00:00:00,education_content,1,0,0,0.0,0,0,0,90
2429,dormant_user_reactivation_v1,2025-01-15 00:00:00,education_content,1,0,0,0.0,0,0,0,226
2432,dormant_user_reactivation_v1,2025-01-15 00:00:00,education_content,1,0,0,0.0,0,0,0,148
2434,dormant_user_reactivation_v1,2025-01-15 00:00:00,education_content,1,0,0,0.0,0,1,0,84
2435,dormant_user_reactivation_v1,2025-01-15 00:00:00,control,1,0,0,0.0,0,0,0,165
2436,dormant_user_reactivation_v1,2025-01-15 00:00:00,control,1,0,0,0.0,0,0,0,236
2437,dormant_user_reactivation_v1,2025-01-15 00:00:00,control,1,0,0,0.0,0,0,0,248
2438,dormant_user_reactivation_v1,2025-01-15 00:00:00,control,0,0,0,0.0,1,0,0,157
2439,dormant_user_reactivation_v1,2025-01-15 00:00:00,education_content,1,0,0,0.0,0,0,0,299
2443,dormant_user_reactivation_v1,2025-01-15 00:00:00,product_recommendation,1,0,0,0.0,1,2,0,64
2445,dormant_user_reactivation_v1,2025-01-15 00:00:00,education_content,0,0,0,0.0,0,0,0,229
2446,dormant_user_reactivation_v1,2025-01-15 00:00:00,product_recommendation,1,1,0,0.0,0,0,0,214
2448,dormant_user_reactivation_v1,2025-01-15 00:00:00,product_recommendation,1,0,0,0.0,1,0,0,94
2450,dormant_user_reactivation_v1,2025-01-15 00:00:00,education_content,1,0,0,0.0,0,0,0,240
2452,dormant_user_reactivation_v1,2025-01-15 00:00:00,product_recommendation,1,1,0,0.0,0,0,0,175
2455,dormant_user_reactivation_v1,2025-01-15 00:00:00,education_content,1,0,0,0.0,0,0,0,127
2456,dormant_user_reactivation_v1,2025-01-15 00:00:00,education_content,1,0,0,0.0,0,0,0,99
2457,dormant_user_reactivation_v1,2025-01-15 00:00:00,education_content,1,0,0,0.0,0,0,0,68
2458,dormant_user_reactivation_v1,2025-01-15 00:00:00,education_content,1,0,0,0.0,0,0,0,91
2459,dormant_user_reactivation_v1,2025-01-15 00:00:00,control,1,0,0,0.0,0,1,0,50
2460,dormant_user_reactivation_v1,2025-01-15 00:00:00,control,1,0,0,0.0,0,0,0,118
2461,dormant_user_reactivation_v1,2025-01-15 00:00:00,control,1,0,0,0.0,0,0,0,113
2462,dormant_user_reactivation_v1,2025-01-15 00:00:00,education_content,1,0,0,0.0,0,0,0,112
2463,dormant_user_reactivation_v1,2025-01-15 00:00:00,education_content,1,1,0,0.0,0,1,0,72
2466,dormant_user_reactivation_v1,2025-01-15 00:00:00,education_content,1,0,0,0.0,0,0,0,231
2467,dormant_user_reactivation_v1,2025-01-15 00:00:00,product_recommendation,1,0,0,0.0,0,3,0,50
2474,dormant_user_reactivation_v1,2025-01-15 00:00:00,product_recommendation,1,0,0,0.0,0,0,0,116
2475,dormant_user_reactivation_v1,2025-01-15 00:00:00,education_content,1,0,0,0.0,0,0,0,137
2477,dormant_user_reactivation_v1,2025-01-15 00:00:00,control,1,0,0,0.0,1,0,0,140
2480,dormant_user_reactivation_v1,2025-01-15 00:00:00,product_recommendation,1,0,0,0.0,0,0,0,170
2482,dormant_user_reactivation_v1,2025-01-15 00:00:00,control,1,0,0,0.0,0,0,0,118
2485,dormant_user_reactivation_v1,2025-01-15 00:00:00,product_recommendation,1,0,0,0.0,0,2,0,50
2486,dormant_user_reactivation_v1,2025-01-15 00:00:00,product_recommendation,1,0,0,0.0,0,0,0,166
2487,dormant_user_reactivation_v1,2025-01-15 00:00:00,education_content,1,0,0,0.0,0,0,0,253
2492,dormant_user_reactivation_v1,2025-01-15 00:00:00,control,1,0,0,0.0,1,0,0,299
2493,dormant_user_reactivation_v1,2025-01-15 00:00:00,control,0,0,0,0.0,0,0,0,99
2494,dormant_user_reactivation_v1,2025-01-15 00:00:00,control,1,0,0,0.0,0,0,0,229
2496,dormant_user_reactivation_v1,2025-01-15 00:00:00,product_recommendation,1,0,0,0.0,0,1,1,87
2497,dormant_user_reactivation_v1,2025-01-15 00:00:00,education_content,1,0,0,0.0,0,0,0,153
2503,dormant_user_reactivation_v1,2025-01-15 00:00:00,product_recommendation,1,0,0,0.0,0,1,0,79
2504,dormant_user_reactivation_v1,2025-01-15 00:00:00,control,1,0,0,0.0,1,0,0,147
2505,dormant_user_reactivation_v1,2025-01-15 00:00:00,education_content,1,0,1,5078.4,0,0,0,182
2507,dormant_user_reactivation_v1,2025-01-15 00:00:00,product_recommendation,1,0,0,0.0,0,0,0,96
2508,dormant_user_reactivation_v1,2025-01-15 00:00:00,education_content,1,1,0,0.0,0,0,0,329
2509,dormant_user_reactivation_v1,2025-01-15 00:00:00,control,1,0,0,0.0,0,0,0,174
2513,dormant_user_reactivation_v1,2025-01-15 00:00:00,control,1,0,0,0.0,1,0,0,98
2514,dormant_user_reactivation_v1,2025-01-15 00:00:00,product_recommendation,1,0,0,0.0,0,0,0,122
2522,dormant_user_reactivation_v1,2025-01-15 00:00:00,education_content,1,0,0,0.0,0,0,0,236
2523,dormant_user_reactivation_v1,2025-01-15 00:00:00,control,1,0,0,0.0,0,0,0,164
2526,dormant_user_reactivation_v1,2025-01-15 00:00:00,product_recommendation,1,0,0,0.0,0,2,0,52
2527,dormant_user_reactivation_v1,2025-01-15 00:00:00,education_content,0,0,0,0.0,0,1,0,58
2530,dormant_user_reactivation_v1,2025-01-15 00:00:00,control,1,0,0,0.0,0,1,0,59
2531,dormant_user_reactivation_v1,2025-01-15 00:00:00,education_content,1,0,0,0.0,0,0,0,137
2533,dormant_user_reactivation_v1,2025-01-15 00:00:00,product_recommendation,1,0,0,0.0,0,0,0,247
2536,dormant_user_reactivation_v1,2025-01-15 00:00:00,control,1,0,0,0.0,0,0,0,186
2537,dormant_user_reactivation_v1,2025-01-15 00:00:00,education_content,1,0,0,0.0,1,0,0,117
2542,dormant_user_reactivation_v1,2025-01-15 00:00:00,education_content,1,0,0,0.0,0,0,0,129
2543,dormant_user_reactivation_v1,2025-01-15 00:00:00,product_recommendation,1,0,0,0.0,1,0,0,346
2545,dormant_user_reactivation_v1,2025-01-15 00:00:00,control,1,0,0,0.0,0,1,0,73
2546,dormant_user_reactivation_v1,2025-01-15 00:00:00,product_recommendation,1,1,0,0.0,0,0,0,127
2547,dormant_user_reactivation_v1,2025-01-15 00:00:00,control,1,0,0,0.0,0,1,0,62
2548,dormant_user_reactivation_v1,2025-01-15 00:00:00,control,1,0,0,0.0,0,0,0,280
2550,dormant_user_reactivation_v1,2025-01-15 00:00:00,product_recommendation,1,0,0,0.0,0,0,0,146
2553,dormant_user_reactivation_v1,2025-01-15 00:00:00,education_content,1,0,0,0.0,1,1,0,86
2555,dormant_user_reactivation_v1,2025-01-15 00:00:00,product_recommendation,0,0,0,0.0,0,1,0,60
2556,dormant_user_reactivation_v1,2025-01-15 00:00:00,education_content,1,0,0,0.0,0,0,0,89
2557,dormant_user_reactivation_v1,2025-01-15 00:00:00,product_recommendation,1,0,0,0.0,0,0,0,138
2560,dormant_user_reactivation_v1,2025-01-15 00:00:00,education_content,1,0,1,2325.24,0,2,1,68
2563,dormant_user_reactivation_v1,2025-01-15 00:00:00,product_recommendation,1,0,1,10100.98,0,1,0,89
2564,dormant_user_reactivation_v1,2025-01-15 00:00:00,education_content,1,1,0,0.0,0,1,0,64
2565,dormant_user_reactivation_v1,2025-01-15 00:00:00,control,1,0,0,0.0,0,0,0,212
2566,dormant_user_reactivation_v1,2025-01-15 00:00:00,product_recommendation,1,0,0,0.0,0,0,0,348
2567,dormant_user_reactivation_v1,2025-01-15 00:00:00,control,1,0,0,0.0,0,0,0,161
2570,dormant_user_reactivation_v1,2025-01-15 00:00:00,control,1,0,0,0.0,0,1,0,62
2572,dormant_user_reactivation_v1,2025-01-15 00:00:00,control,1,0,0,0.0,0,0,0,163
2573,dormant_user_reactivation_v1,2025-01-15 00:00:00,control,0,0,0,0.0,0,1,0,62
2574,dormant_user_reactivation_v1,2025-01-15 00:00:00,control,1,0,0,0.0,0,1,0,59
2576,dormant_user_reactivation_v1,2025-01-15 00:00:00,control,1,0,0,0.0,0,0,0,96
2581,dormant_user_reactivation_v1,2025-01-15 00:00:00,product_recommendation,1,0,0,0.0,0,1,0,83
2582,dormant_user_reactivation_v1,2025-01-15 00:00:00,product_recommendation,1,0,0,0.0,0,0,0,181
2583,dormant_user_reactivation_v1,2025-01-15 00:00:00,product_recommendation,1,0,0,0.0,0,0,0,157
2585,dormant_user_reactivation_v1,2025-01-15 00:00:00,product_recommendation,1,0,0,0.0,1,0,0,181
2586,dormant_user_reactivation_v1,2025-01-15 00:00:00,education_content,1,1,0,0.0,0,0,0,137
2588,dormant_user_reactivation_v1,2025-01-15 00:00:00,control,1,0,0,0.0,0,0,0,149
2590,dormant_user_reactivation_v1,2025-01-15 00:00:00,education_content,1,0,0,0.0,0,1,0,85
2591,dormant_user_reactivation_v1,2025-01-15 00:00:00,education_content,1,0,0,0.0,0,1,0,60
2594,dormant_user_reactivation_v1,2025-01-15 00:00:00,control,1,0,0,0.0,0,0,0,120
2595,dormant_user_reactivation_v1,2025-01-15 00:00:00,control,1,0,0,0.0,0,0,1,137
2597,dormant_user_reactivation_v1,2025-01-15 00:00:00,education_content,1,0,0,0.0,1,2,0,58
2598,dormant_user_reactivation_v1,2025-01-15 00:00:00,product_recommendation,1,0,0,0.0,0,0,0,264
2605,dormant_user_reactivation_v1,2025-01-15 00:00:00,product_recommendation,1,0,0,0.0,0,1,0,45
2606,dormant_user_reactivation_v1,2025-01-15 00:00:00,product_recommendation,1,0,0,0.0,0,0,0,296
2610,dormant_user_reactivation_v1,2025-01-15 00:00:00,product_recommendation,1,0,0,0.0,0,0,0,162
2611,dormant_user_reactivation_v1,2025-01-15 00:00:00,education_content,1,0,0,0.0,0,2,0,67
2613,dormant_user_reactivation_v1,2025-01-15 00:00:00,control,1,0,1,1712.71,0,0,0,122
2615,dormant_user_reactivation_v1,2025-01-15 00:00:00,education_content,1,0,0,0.0,0,1,0,68
2620,dormant_user_reactivation_v1,2025-01-15 00:00:00,education_content,1,0,0,0.0,1,0,0,242
2621,dormant_user_reactivation_v1,2025-01-15 00:00:00,control,1,0,0,0.0,1,0,0,127
2627,dormant_user_reactivation_v1,2025-01-15 00:00:00,control,1,0,0,0.0,0,0,0,95
2628,dormant_user_reactivation_v1,2025-01-15 00:00:00,product_recommendation,1,0,0,0.0,0,0,0,101
2630,dormant_user_reactivation_v1,2025-01-15 00:00:00,education_content,1,0,0,0.0,0,0,0,333
2631,dormant_user_reactivation_v1,2025-01-15 00:00:00,education_content,1,0,0,0.0,0,0,0,93
2632,dormant_user_reactivation_v1,2025-01-15 00:00:00,education_content,0,0,0,0.0,0,1,0,87
2633,dormant_user_reactivation_v1,2025-01-15 00:00:00,education_content,1,1,0,0.0,0,0,0,305
2636,dormant_user_reactivation_v1,2025-01-15 00:00:00,product_recommendation,1,1,1,1195.94,1,0,0,122
2645,dormant_user_reactivation_v1,2025-01-15 00:00:00,control,1,0,0,0.0,0,0,0,100
2650,dormant_user_reactivation_v1,2025-01-15 00:00:00,product_recommendation,1,0,0,0.0,0,1,0,51
2651,dormant_user_reactivation_v1,2025-01-15 00:00:00,product_recommendation,1,0,0,0.0,0,1,0,85
2652,dormant_user_reactivation_v1,2025-01-15 00:00:00,education_content,1,1,0,0.0,0,0,0,282
2656,dormant_user_reactivation_v1,2025-01-15 00:00:00,control,1,0,0,0.0,0,0,0,122
2658,dormant_user_reactivation_v1,2025-01-15 00:00:00,education_content,1,0,0,0.0,1,0,0,271
2659,dormant_user_reactivation_v1,2025-01-15 00:00:00,product_recommendation,1,0,0,0.0,0,0,0,177
2660,dormant_user_reactivation_v1,2025-01-15 00:00:00,control,1,0,0,0.0,1,1,0,74
2662,dormant_user_reactivation_v1,2025-01-15 00:00:00,product_recommendation,1,0,0,0.0,0,0,0,149
2665,dormant_user_reactivation_v1,2025-01-15 00:00:00,product_recommendation,1,0,0,0.0,0,1,0,68
2667,dormant_user_reactivation_v1,2025-01-15 00:00:00,control,1,0,0,0.0,0,0,0,99
2668,dormant_user_reactivation_v1,2025-01-15 00:00:00,control,0,0,0,0.0,0,0,0,115
2671,dormant_user_reactivation_v1,2025-01-15 00:00:00,control,1,0,0,0.0,0,0,0,160
2672,dormant_user_reactivation_v1,2025-01-15 00:00:00,product_recommendation,1,0,0,0.0,0,0,0,98
2673,dormant_user_reactivation_v1,2025-01-15 00:00:00,education_content,1,0,0,0.0,0,0,0,120
2674,dormant_user_reactivation_v1,2025-01-15 00:00:00,control,1,0,0,0.0,0,1,0,72
2676,dormant_user_reactivation_v1,2025-01-15 00:00:00,control,1,0,0,0.0,0,0,0,349
2677,dormant_user_reactivation_v1,2025-01-15 00:00:00,education_content,1,0,0,0.0,0,0,0,62
2681,dormant_user_reactivation_v1,2025-01-15 00:00:00,product_recommendation,1,1,0,0.0,0,2,0,61
2683,dormant_user_reactivation_v1,2025-01-15 00:00:00,education_content,1,0,0,0.0,0,1,0,61
2688,dormant_user_reactivation_v1,2025-01-15 00:00:00,education_content,1,0,0,0.0,0,0,0,337
2691,dormant_user_reactivation_v1,2025-01-15 00:00:00,education_content,1,0,0,0.0,1,0,0,91
2692,dormant_user_reactivation_v1,2025-01-15 00:00:00,control,1,0,0,0.0,0,1,0,79
2693,dormant_user_reactivation_v1,2025-01-15 00:00:00,control,1,0,1,697.29,0,0,0,134
2694,dormant_user_reactivation_v1,2025-01-15 00:00:00,control,1,0,0,0.0,0,2,0,50
2695,dormant_user_reactivation_v1,2025-01-15 00:00:00,control,1,0,0,0.0,0,0,0,112
2696,dormant_user_reactivation_v1,2025-01-15 00:00:00,product_recommendation,1,0,0,0.0,0,1,0,76
2699,dormant_user_reactivation_v1,2025-01-15 00:00:00,product_recommendation,1,1,0,0.0,1,0,0,97
2700,dormant_user_reactivation_v1,2025-01-15 00:00:00,education_content,1,0,0,0.0,0,0,0,163
2702,dormant_user_reactivation_v1,2025-01-15 00:00:00,product_recommendation,1,0,0,0.0,1,0,0,150
2706,dormant_user_reactivation_v1,2025-01-15 00:00:00,education_content,1,0,0,0.0,0,0,0,264
2707,dormant_user_reactivation_v1,2025-01-15 00:00:00,product_recommendation,1,0,0,0.0,0,0,0,204
2708,dormant_user_reactivation_v1,2025-01-15 00:00:00,education_content,1,0,0,0.0,0,0,0,102
2709,dormant_user_reactivation_v1,2025-01-15 00:00:00,product_recommendation,1,0,0,0.0,0,0,0,145
2712,dormant_user_reactivation_v1,2025-01-15 00:00:00,control,1,0,0,0.0,0,0,0,296
2713,dormant_user_reactivation_v1,2025-01-15 00:00:00,control,1,0,0,0.0,0,0,0,224
2717,dormant_user_reactivation_v1,2025-01-15 00:00:00,control,1,0,0,0.0,0,1,0,45
2718,dormant_user_reactivation_v1,2025-01-15 00:00:00,education_content,1,1,0,0.0,0,0,0,237
2719,dormant_user_reactivation_v1,2025-01-15 00:00:00,education_content,1,0,0,0.0,0,0,0,138
2723,dormant_user_reactivation_v1,2025-01-15 00:00:00,control,1,0,0,0.0,0,0,0,168
2726,dormant_user_reactivation_v1,2025-01-15 00:00:00,control,1,0,0,0.0,0,0,0,230
2729,dormant_user_reactivation_v1,2025-01-15 00:00:00,education_content,1,0,0,0.0,0,0,0,235
2730,dormant_user_reactivation_v1,2025-01-15 00:00:00,product_recommendation,1,0,0,0.0,0,1,0,67
2731,dormant_user_reactivation_v1,2025-01-15 00:00:00,education_content,1,0,0,0.0,0,0,0,87
2734,dormant_user_reactivation_v1,2025-01-15 00:00:00,control,1,0,0,0.0,0,1,0,82
2735,dormant_user_reactivation_v1,2025-01-15 00:00:00,product_recommendation,1,0,0,0.0,0,0,0,93
2738,dormant_user_reactivation_v1,2025-01-15 00:00:00,control,1,0,0,0.0,0,0,0,279
2741,dormant_user_reactivation_v1,2025-01-15 00:00:00,control,1,0,0,0.0,0,0,0,115
2742,dormant_user_reactivation_v1,2025-01-15 00:00:00,education_content,1,1,0,0.0,0,0,0,187
2743,dormant_user_reactivation_v1,2025-01-15 00:00:00,control,1,0,0,0.0,0,0,0,218
2745,dormant_user_reactivation_v1,2025-01-15 00:00:00,product_recommendation,1,0,1,3273.02,0,0,0,221
2746,dormant_user_reactivation_v1,2025-01-15 00:00:00,education_content,1,0,0,0.0,0,0,0,131
2750,dormant_user_reactivation_v1,2025-01-15 00:00:00,product_recommendation,1,1,0,0.0,0,0,0,217
2753,dormant_user_reactivation_v1,2025-01-15 00:00:00,product_recommendation,1,0,0,0.0,0,1,0,59
2754,dormant_user_reactivation_v1,2025-01-15 00:00:00,control,1,0,0,0.0,0,0,0,274
2756,dormant_user_reactivation_v1,2025-01-15 00:00:00,product_recommendation,1,0,0,0.0,0,0,0,80
2757,dormant_user_reactivation_v1,2025-01-15 00:00:00,product_recommendation,1,0,0,0.0,0,0,0,114
2758,dormant_user_reactivation_v1,2025-01-15 00:00:00,control,1,0,0,0.0,0,2,0,64
2763,dormant_user_reactivation_v1,2025-01-15 00:00:00,control,1,0,0,0.0,0,0,0,188
2765,dormant_user_reactivation_v1,2025-01-15 00:00:00,product_recommendation,1,0,0,0.0,0,0,0,227
2767,dormant_user_reactivation_v1,2025-01-15 00:00:00,control,1,0,0,0.0,1,0,0,170
2768,dormant_user_reactivation_v1,2025-01-15 00:00:00,education_content,1,0,0,0.0,0,0,0,246
2770,dormant_user_reactivation_v1,2025-01-15 00:00:00,education_content,1,0,0,0.0,0,0,0,160
2777,dormant_user_reactivation_v1,2025-01-15 00:00:00,product_recommendation,1,0,0,0.0,0,2,0,56
2778,dormant_user_reactivation_v1,2025-01-15 00:00:00,education_content,1,0,1,9133.56,1,0,0,116
2779,dormant_user_reactivation_v1,2025-01-15 00:00:00,control,1,0,0,0.0,0,0,0,110
2780,dormant_user_reactivation_v1,2025-01-15 00:00:00,product_recommendation,1,0,0,0.0,1,0,0,130
2781,dormant_user_reactivation_v1,2025-01-15 00:00:00,education_content,1,0,0,0.0,1,0,0,151
2783,dormant_user_reactivation_v1,2025-01-15 00:00:00,control,1,0,0,0.0,0,1,0,80
2784,dormant_user_reactivation_v1,2025-01-15 00:00:00,education_content,1,0,0,0.0,0,0,0,94
2790,dormant_user_reactivation_v1,2025-01-15 00:00:00,education_content,1,0,0,0.0,0,0,0,154
2791,dormant_user_reactivation_v1,2025-01-15 00:00:00,control,1,0,0,0.0,0,0,0,282
2792,dormant_user_reactivation_v1,2025-01-15 00:00:00,product_recommendation,1,0,0,0.0,0,0,0,337
2794,dormant_user_reactivation_v1,2025-01-15 00:00:00,product_recommendation,1,1,0,0.0,1,3,0,64
2797,dormant_user_reactivation_v1,2025-01-15 00:00:00,product_recommendation,1,0,0,0.0,0,1,0,60
2798,dormant_user_reactivation_v1,2025-01-15 00:00:00,education_content,1,0,0,0.0,0,0,0,164
2799,dormant_user_reactivation_v1,2025-01-15 00:00:00,product_recommendation,1,0,0,0.0,0,1,0,72
2800,dormant_user_reactivation_v1,2025-01-15 00:00:00,education_content,1,0,0,0.0,0,0,0,99
2804,dormant_user_reactivation_v1,2025-01-15 00:00:00,control,1,0,0,0.0,0,1,0,57
2810,dormant_user_reactivation_v1,2025-01-15 00:00:00,education_content,1,1,0,0.0,1,0,0,121
2811,dormant_user_reactivation_v1,2025-01-15 00:00:00,education_content,1,0,0,0.0,0,0,0,355
2813,dormant_user_reactivation_v1,2025-01-15 00:00:00,control,1,0,0,0.0,0,0,0,146
2814,dormant_user_reactivation_v1,2025-01-15 00:00:00,control,0,0,0,0.0,0,0,0,149
2816,dormant_user_reactivation_v1,2025-01-15 00:00:00,education_content,1,0,0,0.0,0,0,0,133
2817,dormant_user_reactivation_v1,2025-01-15 00:00:00,product_recommendation,1,0,0,0.0,0,1,0,75
2818,dormant_user_reactivation_v1,2025-01-15 00:00:00,education_content,1,0,0,0.0,1,0,0,139
2819,dormant_user_reactivation_v1,2025-01-15 00:00:00,product_recommendation,1,0,0,0.0,0,0,0,197
2827,dormant_user_reactivation_v1,2025-01-15 00:00:00,product_recommendation,1,1,1,2554.82,0,0,0,284
2829,dormant_user_reactivation_v1,2025-01-15 00:00:00,product_recommendation,1,0,0,0.0,0,0,0,146
2832,dormant_user_reactivation_v1,2025-01-15 00:00:00,control,1,0,0,0.0,0,0,1,177
2833,dormant_user_reactivation_v1,2025-01-15 00:00:00,control,1,0,0,0.0,0,1,0,56
2835,dormant_user_reactivation_v1,2025-01-15 00:00:00,product_recommendation,1,0,0,0.0,1,0,0,283
2836,dormant_user_reactivation_v1,2025-01-15 00:00:00,product_recommendation,1,0,0,0.0,0,0,0,164
2838,dormant_user_reactivation_v1,2025-01-15 00:00:00,product_recommendation,1,0,0,0.0,0,0,0,172
2839,dormant_user_reactivation_v1,2025-01-15 00:00:00,control,1,0,0,0.0,0,0,0,110
2840,dormant_user_reactivation_v1,2025-01-15 00:00:00,control,1,0,0,0.0,0,0,0,255
2841,dormant_user_reactivation_v1,2025-01-15 00:00:00,control,1,0,0,0.0,0,0,0,334
2843,dormant_user_reactivation_v1,2025-01-15 00:00:00,product_recommendation,1,0,0,0.0,0,1,0,79
2844,dormant_user_reactivation_v1,2025-01-15 00:00:00,product_recommendation,1,0,0,0.0,0,0,0,334
2845,dormant_user_reactivation_v1,2025-01-15 00:00:00,education_content,1,0,0,0.0,1,0,0,136
2846,dormant_user_reactivation_v1,2025-01-15 00:00:00,control,1,1,0,0.0,0,1,1,75
2850,dormant_user_reactivation_v1,2025-01-15 00:00:00,product_recommendation,1,0,0,0.0,1,0,0,323
2851,dormant_user_reactivation_v1,2025-01-15 00:00:00,control,1,0,0,0.0,0,0,0,312
2853,dormant_user_reactivation_v1,2025-01-15 00:00:00,product_recommendation,1,0,0,0.0,0,0,0,236
2854,dormant_user_reactivation_v1,2025-01-15 00:00:00,product_recommendation,0,0,0,0.0,0,0,0,240
2855,dormant_user_reactivation_v1,2025-01-15 00:00:00,education_content,1,0,0,0.0,0,0,0,238
2856,dormant_user_reactivation_v1,2025-01-15 00:00:00,control,1,0,0,0.0,0,0,0,187
2857,dormant_user_reactivation_v1,2025-01-15 00:00:00,control,1,0,0,0.0,0,0,0,203
2865,dormant_user_reactivation_v1,2025-01-15 00:00:00,education_content,1,1,0,0.0,0,0,0,165
2869,dormant_user_reactivation_v1,2025-01-15 00:00:00,education_content,1,1,0,0.0,1,1,0,52
2870,dormant_user_reactivation_v1,2025-01-15 00:00:00,product_recommendation,1,0,0,0.0,0,0,0,223
2871,dormant_user_reactivation_v1,2025-01-15 00:00:00,control,1,0,0,0.0,0,0,0,206
2873,dormant_user_reactivation_v1,2025-01-15 00:00:00,control,0,0,0,0.0,0,0,0,357
2876,dormant_user_reactivation_v1,2025-01-15 00:00:00,education_content,1,0,0,0.0,0,0,0,102
2877,dormant_user_reactivation_v1,2025-01-15 00:00:00,education_content,1,0,0,0.0,0,0,0,161
2881,dormant_user_reactivation_v1,2025-01-15 00:00:00,education_content,1,0,0,0.0,1,0,0,122
2884,dormant_user_reactivation_v1,2025-01-15 00:00:00,control,1,0,0,0.0,0,0,0,267
2886,dormant_user_reactivation_v1,2025-01-15 00:00:00,education_content,1,0,1,1754.82,1,0,0,343
2892,dormant_user_reactivation_v1,2025-01-15 00:00:00,product_recommendation,0,0,0,0.0,0,0,2,243
2893,dormant_user_reactivation_v1,2025-01-15 00:00:00,control,1,0,0,0.0,0,0,0,232
2896,dormant_user_reactivation_v1,2025-01-15 00:00:00,control,1,0,0,0.0,0,0,0,154
2898,dormant_user_reactivation_v1,2025-01-15 00:00:00,control,1,0,0,0.0,0,0,0,220
2901,dormant_user_reactivation_v1,2025-01-15 00:00:00,control,1,0,0,0.0,0,0,0,147
2904,dormant_user_reactivation_v1,2025-01-15 00:00:00,education_content,1,0,0,0.0,0,0,0,189
2910,dormant_user_reactivation_v1,2025-01-15 00:00:00,product_recommendation,1,0,0,0.0,0,0,0,269
2911,dormant_user_reactivation_v1,2025-01-15 00:00:00,control,1,0,0,0.0,0,4,1,51
2912,dormant_user_reactivation_v1,2025-01-15 00:00:00,control,1,0,1,1671.22,0,0,0,196
2914,dormant_user_reactivation_v1,2025-01-15 00:00:00,education_content,1,1,0,0.0,1,2,0,55
2918,dormant_user_reactivation_v1,2025-01-15 00:00:00,education_content,1,0,1,9817.88,0,0,0,109
2919,dormant_user_reactivation_v1,2025-01-15 00:00:00,control,1,0,0,0.0,0,1,0,63
2921,dormant_user_reactivation_v1,2025-01-15 00:00:00,education_content,1,1,0,0.0,0,0,0,283
2922,dormant_user_reactivation_v1,2025-01-15 00:00:00,control,1,0,0,0.0,0,1,0,64
2924,dormant_user_reactivation_v1,2025-01-15 00:00:00,control,1,0,0,0.0,1,1,0,87
2925,dormant_user_reactivation_v1,2025-01-15 00:00:00,education_content,1,0,0,0.0,0,0,0,105
2928,dormant_user_reactivation_v1,2025-01-15 00:00:00,control,1,0,0,0.0,0,0,0,295
2929,dormant_user_reactivation_v1,2025-01-15 00:00:00,education_content,1,0,0,0.0,0,0,1,98
2930,dormant_user_reactivation_v1,2025-01-15 00:00:00,control,1,0,0,0.0,1,0,0,205
2932,dormant_user_reactivation_v1,2025-01-15 00:00:00,product_recommendation,1,0,0,0.0,0,0,0,178
2936,dormant_user_reactivation_v1,2025-01-15 00:00:00,education_content,1,0,0,0.0,1,0,0,360
2939,dormant_user_reactivation_v1,2025-01-15 00:00:00,product_recommendation,1,0,0,0.0,0,0,0,111
2941,dormant_user_reactivation_v1,2025-01-15 00:00:00,product_recommendation,1,0,0,0.0,0,0,0,152
2944,dormant_user_reactivation_v1,2025-01-15 00:00:00,education_content,1,0,0,0.0,0,0,0,213
2945,dormant_user_reactivation_v1,2025-01-15 00:00:00,control,1,0,0,0.0,0,1,0,85
2946,dormant_user_reactivation_v1,2025-01-15 00:00:00,control,1,0,0,0.0,0,0,0,176
2949,dormant_user_reactivation_v1,2025-01-15 00:00:00,control,1,0,0,0.0,0,1,0,73
2951,dormant_user_reactivation_v1,2025-01-15 00:00:00,education_content,1,0,0,0.0,0,0,0,114
2954,dormant_user_reactivation_v1,2025-01-15 00:00:00,product_recommendation,1,1,0,0.0,1,0,0,263
2956,dormant_user_reactivation_v1,2025-01-15 00:00:00,product_recommendation,1,0,0,0.0,0,0,1,129
2957,dormant_user_reactivation_v1,2025-01-15 00:00:00,product_recommendation,1,0,0,0.0,0,0,0,61
2959,dormant_user_reactivation_v1,2025-01-15 00:00:00,education_content,1,0,0,0.0,0,3,0,53
2960,dormant_user_reactivation_v1,2025-01-15 00:00:00,control,1,0,0,0.0,0,2,0,58
2961,dormant_user_reactivation_v1,2025-01-15 00:00:00,control,1,0,0,0.0,0,0,0,327
2963,dormant_user_reactivation_v1,2025-01-15 00:00:00,product_recommendation,1,0,0,0.0,0,0,0,209
2964,dormant_user_reactivation_v1,2025-01-15 00:00:00,control,1,1,0,0.0,0,0,0,145
2966,dormant_user_reactivation_v1,2025-01-15 00:00:00,education_content,1,0,0,0.0,0,0,0,188
2971,dormant_user_reactivation_v1,2025-01-15 00:00:00,product_recommendation,1,0,0,0.0,0,0,0,297
2975,dormant_user_reactivation_v1,2025-01-15 00:00:00,control,1,0,0,0.0,0,1,0,88
2976,dormant_user_reactivation_v1,2025-01-15 00:00:00,control,1,0,0,0.0,0,1,0,74
2978,dormant_user_reactivation_v1,2025-01-15 00:00:00,product_recommendation,1,0,0,0.0,0,1,0,66
2979,dormant_user_reactivation_v1,2025-01-15 00:00:00,control,1,0,0,0.0,0,2,0,74
2982,dormant_user_reactivation_v1,2025-01-15 00:00:00,product_recommendation,1,0,0,0.0,0,0,0,294
2985,dormant_user_reactivation_v1,2025-01-15 00:00:00,education_content,1,1,0,0.0,1,0,0,177
2987,dormant_user_reactivation_v1,2025-01-15 00:00:00,control,1,0,0,0.0,1,1,0,86
2988,dormant_user_reactivation_v1,2025-01-15 00:00:00,product_recommendation,1,1,0,0.0,0,1,0,81
2989,dormant_user_reactivation_v1,2025-01-15 00:00:00,education_content,1,0,0,0.0,0,0,0,192
2992,dormant_user_reactivation_v1,2025-01-15 00:00:00,product_recommendation,1,0,0,0.0,1,1,0,76
2994,dormant_user_reactivation_v1,2025-01-15 00:00:00,product_recommendation,0,0,0,0.0,0,2,0,68
2995,dormant_user_reactivation_v1,2025-01-15 00:00:00,education_content,1,0,0,0.0,0,1,0,55
2997,dormant_user_reactivation_v1,2025-01-15 00:00:00,control,1,0,0,0.0,0,0,0,148
3001,dormant_user_reactivation_v1,2025-01-15 00:00:00,control,1,0,0,0.0,0,0,0,149
3003,dormant_user_reactivation_v1,2025-01-15 00:00:00,product_recommendation,1,0,0,0.0,0,1,0,52
3006,dormant_user_reactivation_v1,2025-01-15 00:00:00,product_recommendation,1,0,0,0.0,0,0,0,198
3008,dormant_user_reactivation_v1,2025-01-15 00:00:00,control,1,0,0,0.0,0,0,0,143
3009,dormant_user_reactivation_v1,2025-01-15 00:00:00,education_content,1,0,0,0.0,1,0,0,194
3010,dormant_user_reactivation_v1,2025-01-15 00:00:00,control,1,0,0,0.0,0,0,0,210
3012,dormant_user_reactivation_v1,2025-01-15 00:00:00,control,1,0,0,0.0,1,1,0,81
3013,dormant_user_reactivation_v1,2025-01-15 00:00:00,product_recommendation,1,0,0,0.0,1,0,0,106
3015,dormant_user_reactivation_v1,2025-01-15 00:00:00,control,1,0,0,0.0,0,0,0,185
3016,dormant_user_reactivation_v1,2025-01-15 00:00:00,education_content,1,0,0,0.0,0,0,0,279
3017,dormant_user_reactivation_v1,2025-01-15 00:00:00,control,1,0,0,0.0,0,0,0,153
3018,dormant_user_reactivation_v1,2025-01-15 00:00:00,product_recommendation,1,1,1,2810.32,1,0,0,169
3020,dormant_user_reactivation_v1,2025-01-15 00:00:00,control,1,1,0,0.0,1,1,0,70
3022,dormant_user_reactivation_v1,2025-01-15 00:00:00,product_recommendation,1,0,0,0.0,0,0,0,121
3024,dormant_user_reactivation_v1,2025-01-15 00:00:00,control,1,0,0,0.0,0,0,0,156
3025,dormant_user_reactivation_v1,2025-01-15 00:00:00,education_content,1,0,0,0.0,0,0,0,116
3029,dormant_user_reactivation_v1,2025-01-15 00:00:00,product_recommendation,1,0,0,0.0,0,0,0,164
3030,dormant_user_reactivation_v1,2025-01-15 00:00:00,product_recommendation,1,0,0,0.0,0,2,0,74
3032,dormant_user_reactivation_v1,2025-01-15 00:00:00,product_recommendation,1,0,0,0.0,0,0,0,152
3034,dormant_user_reactivation_v1,2025-01-15 00:00:00,education_content,1,1,0,0.0,0,2,0,45
3035,dormant_user_reactivation_v1,2025-01-15 00:00:00,control,1,0,0,0.0,0,0,0,212
3037,dormant_user_reactivation_v1,2025-01-15 00:00:00,education_content,1,0,0,0.0,1,0,0,190
3038,dormant_user_reactivation_v1,2025-01-15 00:00:00,education_content,1,1,0,0.0,0,0,0,265
3040,dormant_user_reactivation_v1,2025-01-15 00:00:00,product_recommendation,1,0,0,0.0,0,0,0,115
3041,dormant_user_reactivation_v1,2025-01-15 00:00:00,product_recommendation,1,0,1,3593.97,0,0,0,136
3043,dormant_user_reactivation_v1,2025-01-15 00:00:00,control,1,0,0,0.0,0,0,0,181
3044,dormant_user_reactivation_v1,2025-01-15 00:00:00,education_content,1,0,0,0.0,1,0,0,131
3046,dormant_user_reactivation_v1,2025-01-15 00:00:00,control,1,0,0,0.0,0,0,0,237
3048,dormant_user_reactivation_v1,2025-01-15 00:00:00,education_content,1,0,0,0.0,0,0,0,244
3049,dormant_user_reactivation_v1,2025-01-15 00:00:00,product_recommendation,0,0,0,0.0,0,1,0,84
3051,dormant_user_reactivation_v1,2025-01-15 00:00:00,education_content,1,0,1,4702.47,0,0,0,273
3054,dormant_user_reactivation_v1,2025-01-15 00:00:00,product_recommendation,1,0,1,10760.73,1,0,0,103
3055,dormant_user_reactivation_v1,2025-01-15 00:00:00,control,1,0,0,0.0,0,0,0,108
3056,dormant_user_reactivation_v1,2025-01-15 00:00:00,control,1,0,0,0.0,0,1,0,46
3058,dormant_user_reactivation_v1,2025-01-15 00:00:00,product_recommendation,1,0,0,0.0,0,0,0,217
3059,dormant_user_reactivation_v1,2025-01-15 00:00:00,product_recommendation,1,0,0,0.0,0,0,0,168
3064,dormant_user_reactivation_v1,2025-01-15 00:00:00,education_content,1,0,0,0.0,0,0,0,202
3065,dormant_user_reactivation_v1,2025-01-15 00:00:00,education_content,1,0,0,0.0,0,0,0,218
3066,dormant_user_reactivation_v1,2025-01-15 00:00:00,education_content,1,0,0,0.0,0,0,0,148
3070,dormant_user_reactivation_v1,2025-01-15 00:00:00,education_content,1,0,0,0.0,0,0,0,368
3071,dormant_user_reactivation_v1,2025-01-15 00:00:00,product_recommendation,1,0,0,0.0,0,0,0,187
3078,dormant_user_reactivation_v1,2025-01-15 00:00:00,education_content,1,0,0,0.0,0,1,0,55
3079,dormant_user_reactivation_v1,2025-01-15 00:00:00,education_content,1,1,0,0.0,0,0,0,106
3081,dormant_user_reactivation_v1,2025-01-15 00:00:00,control,1,0,0,0.0,0,1,0,63
3082,dormant_user_reactivation_v1,2025-01-15 00:00:00,education_content,1,0,0,0.0,0,0,0,155
3083,dormant_user_reactivation_v1,2025-01-15 00:00:00,education_content,1,1,0,0.0,0,0,0,107
3087,dormant_user_reactivation_v1,2025-01-15 00:00:00,product_recommendation,1,0,1,10105.23,1,0,0,125
3089,dormant_user_reactivation_v1,2025-01-15 00:00:00,product_recommendation,1,0,0,0.0,0,0,0,338
3090,dormant_user_reactivation_v1,2025-01-15 00:00:00,product_recommendation,1,0,0,0.0,0,0,0,361
3091,dormant_user_reactivation_v1,2025-01-15 00:00:00,control,1,0,0,0.0,0,0,0,177
3092,dormant_user_reactivation_v1,2025-01-15 00:00:00,product_recommendation,1,1,0,0.0,1,0,0,188
3095,dormant_user_reactivation_v1,2025-01-15 00:00:00,product_recommendation,1,0,0,0.0,0,0,0,222
3098,dormant_user_reactivation_v1,2025-01-15 00:00:00,product_recommendation,1,0,1,5503.83,0,0,0,275
3099,dormant_user_reactivation_v1,2025-01-15 00:00:00,education_content,0,0,0,0.0,0,2,0,65
3101,dormant_user_reactivation_v1,2025-01-15 00:00:00,control,1,0,0,0.0,0,0,0,221
3103,dormant_user_reactivation_v1,2025-01-15 00:00:00,product_recommendation,1,0,0,0.0,0,0,0,110
3105,dormant_user_reactivation_v1,2025-01-15 00:00:00,education_content,0,0,0,0.0,0,0,0,250
3106,dormant_user_reactivation_v1,2025-01-15 00:00:00,control,1,0,0,0.0,1,0,0,225
3108,dormant_user_reactivation_v1,2025-01-15 00:00:00,product_recommendation,1,0,0,0.0,0,0,0,137
3110,dormant_user_reactivation_v1,2025-01-15 00:00:00,education_content,1,1,1,5379.25,1,0,0,164
3114,dormant_user_reactivation_v1,2025-01-15 00:00:00,education_content,1,0,0,0.0,0,0,0,105
3116,dormant_user_reactivation_v1,2025-01-15 00:00:00,product_recommendation,1,0,0,0.0,0,0,0,328
3118,dormant_user_reactivation_v1,2025-01-15 00:00:00,control,1,0,0,0.0,0,0,0,150
3119,dormant_user_reactivation_v1,2025-01-15 00:00:00,product_recommendation,1,0,0,0.0,0,0,0,199
3120,dormant_user_reactivation_v1,2025-01-15 00:00:00,control,1,0,0,0.0,0,0,0,283
3121,dormant_user_reactivation_v1,2025-01-15 00:00:00,education_content,1,0,0,0.0,0,0,0,216
3123,dormant_user_reactivation_v1,2025-01-15 00:00:00,control,1,0,0,0.0,0,0,0,91
3124,dormant_user_reactivation_v1,2025-01-15 00:00:00,education_content,1,0,0,0.0,0,1,0,53
3127,dormant_user_reactivation_v1,2025-01-15 00:00:00,control,1,0,0,0.0,0,1,0,84
3129,dormant_user_reactivation_v1,2025-01-15 00:00:00,control,0,0,0,0.0,1,0,0,140
3130,dormant_user_reactivation_v1,2025-01-15 00:00:00,product_recommendation,1,0,0,0.0,0,1,0,61
3132,dormant_user_reactivation_v1,2025-01-15 00:00:00,education_content,1,0,0,0.0,0,0,0,364
3133,dormant_user_reactivation_v1,2025-01-15 00:00:00,product_recommendation,1,0,0,0.0,0,0,0,274
3136,dormant_user_reactivation_v1,2025-01-15 00:00:00,education_content,1,0,0,0.0,0,1,0,85
3138,dormant_user_reactivation_v1,2025-01-15 00:00:00,education_content,1,0,0,0.0,0,0,0,130
3140,dormant_user_reactivation_v1,2025-01-15 00:00:00,control,1,0,0,0.0,0,0,0,173
3144,dormant_user_reactivation_v1,2025-01-15 00:00:00,education_content,1,0,0,0.0,0,0,0,350
3146,dormant_user_reactivation_v1,2025-01-15 00:00:00,control,1,0,0,0.0,0,0,0,150
3147,dormant_user_reactivation_v1,2025-01-15 00:00:00,product_recommendation,1,0,1,3025.54,0,0,0,164
3149,dormant_user_reactivation_v1,2025-01-15 00:00:00,education_content,1,0,0,0.0,1,0,0,112
3150,dormant_user_reactivation_v1,2025-01-15 00:00:00,education_content,1,1,0,0.0,0,0,0,263
3152,dormant_user_reactivation_v1,2025-01-15 00:00:00,product_recommendation,1,0,0,0.0,0,0,0,141
3153,dormant_user_reactivation_v1,2025-01-15 00:00:00,education_content,1,0,0,0.0,0,0,0,204
3154,dormant_user_reactivation_v1,2025-01-15 00:00:00,product_recommendation,1,1,0,0.0,0,0,0,165
3156,dormant_user_reactivation_v1,2025-01-15 00:00:00,education_content,1,0,0,0.0,0,0,0,126
3158,dormant_user_reactivation_v1,2025-01-15 00:00:00,education_content,1,0,0,0.0,0,0,0,279
3162,dormant_user_reactivation_v1,2025-01-15 00:00:00,education_content,1,0,0,0.0,0,0,0,81
3165,dormant_user_reactivation_v1,2025-01-15 00:00:00,product_recommendation,1,1,0,0.0,0,1,0,70
3166,dormant_user_reactivation_v1,2025-01-15 00:00:00,product_recommendation,1,0,0,0.0,0,0,0,142
3168,dormant_user_reactivation_v1,2025-01-15 00:00:00,education_content,1,0,0,0.0,0,0,0,64
3170,dormant_user_reactivation_v1,2025-01-15 00:00:00,product_recommendation,1,0,0,0.0,0,0,0,279
3171,dormant_user_reactivation_v1,2025-01-15 00:00:00,product_recommendation,1,0,0,0.0,0,0,0,128
3172,dormant_user_reactivation_v1,2025-01-15 00:00:00,education_content,1,0,0,0.0,1,0,0,225
3173,dormant_user_reactivation_v1,2025-01-15 00:00:00,education_content,1,0,0,0.0,0,0,0,203
3174,dormant_user_reactivation_v1,2025-01-15 00:00:00,education_content,1,0,0,0.0,0,1,0,51
3176,dormant_user_reactivation_v1,2025-01-15 00:00:00,control,1,0,1,3263.93,1,1,0,83
3178,dormant_user_reactivation_v1,2025-01-15 00:00:00,education_content,1,0,0,0.0,0,0,0,116
3180,dormant_user_reactivation_v1,2025-01-15 00:00:00,control,1,0,0,0.0,0,0,0,106
3181,dormant_user_reactivation_v1,2025-01-15 00:00:00,education_content,1,0,0,0.0,0,3,1,50
3186,dormant_user_reactivation_v1,2025-01-15 00:00:00,education_content,1,0,0,0.0,0,0,0,132
3187,dormant_user_reactivation_v1,2025-01-15 00:00:00,control,1,0,0,0.0,0,1,0,63
3188,dormant_user_reactivation_v1,2025-01-15 00:00:00,product_recommendation,1,0,0,0.0,0,0,0,198
3191,dormant_user_reactivation_v1,2025-01-15 00:00:00,education_content,1,0,0,0.0,1,0,0,105
3192,dormant_user_reactivation_v1,2025-01-15 00:00:00,education_content,1,0,0,0.0,0,0,0,91
3193,dormant_user_reactivation_v1,2025-01-15 00:00:00,education_content,1,0,0,0.0,0,0,0,328
3195,dormant_user_reactivation_v1,2025-01-15 00:00:00,control,1,0,0,0.0,0,0,0,260
3199,dormant_user_reactivation_v1,2025-01-15 00:00:00,product_recommendation,1,0,0,0.0,0,0,0,146
3201,dormant_user_reactivation_v1,2025-01-15 00:00:00,product_recommendation,1,1,0,0.0,0,2,0,71
3202,dormant_user_reactivation_v1,2025-01-15 00:00:00,product_recommendation,1,0,0,0.0,0,0,0,111
3205,dormant_user_reactivation_v1,2025-01-15 00:00:00,control,1,0,0,0.0,0,0,0,99
3206,dormant_user_reactivation_v1,2025-01-15 00:00:00,product_recommendation,1,0,0,0.0,0,1,0,52
3207,dormant_user_reactivation_v1,2025-01-15 00:00:00,education_content,1,0,0,0.0,0,0,0,127
3210,dormant_user_reactivation_v1,2025-01-15 00:00:00,education_content,1,1,0,0.0,1,3,0,58
3213,dormant_user_reactivation_v1,2025-01-15 00:00:00,education_content,1,0,0,0.0,0,0,0,253
3215,dormant_user_reactivation_v1,2025-01-15 00:00:00,education_content,1,0,1,10358.27,0,1,3,74
3216,dormant_user_reactivation_v1,2025-01-15 00:00:00,education_content,1,1,0,0.0,0,0,0,208
3218,dormant_user_reactivation_v1,2025-01-15 00:00:00,education_content,1,0,0,0.0,0,0,0,120
3219,dormant_user_reactivation_v1,2025-01-15 00:00:00,product_recommendation,1,1,0,0.0,1,1,0,58
3222,dormant_user_reactivation_v1,2025-01-15 00:00:00,product_recommendation,1,0,0,0.0,0,0,0,186
3227,dormant_user_reactivation_v1,2025-01-15 00:00:00,control,1,0,0,0.0,0,0,0,151
3229,dormant_user_reactivation_v1,2025-01-15 00:00:00,product_recommendation,1,1,0,0.0,0,0,0,216
3233,dormant_user_reactivation_v1,2025-01-15 00:00:00,control,1,0,0,0.0,1,0,0,121
3234,dormant_user_reactivation_v1,2025-01-15 00:00:00,control,1,0,0,0.0,0,0,0,284
3236,dormant_user_reactivation_v1,2025-01-15 00:00:00,education_content,1,0,0,0.0,0,0,0,279
3238,dormant_user_reactivation_v1,2025-01-15 00:00:00,education_content,1,0,0,0.0,0,0,0,327
3239,dormant_user_reactivation_v1,2025-01-15 00:00:00,education_content,1,0,0,0.0,0,0,0,107
3240,dormant_user_reactivation_v1,2025-01-15 00:00:00,education_content,1,0,0,0.0,1,0,0,170
3245,dormant_user_reactivation_v1,2025-01-15 00:00:00,product_recommendation,1,0,0,0.0,1,0,0,245
3246,dormant_user_reactivation_v1,2025-01-15 00:00:00,product_recommendation,1,0,0,0.0,0,0,0,191
3247,dormant_user_reactivation_v1,2025-01-15 00:00:00,education_content,1,0,0,0.0,0,0,0,226
3248,dormant_user_reactivation_v1,2025-01-15 00:00:00,control,1,0,0,0.0,0,0,0,367
3252,dormant_user_reactivation_v1,2025-01-15 00:00:00,education_content,1,0,1,1044.39,0,1,0,83
3253,dormant_user_reactivation_v1,2025-01-15 00:00:00,product_recommendation,1,0,0,0.0,0,0,0,182
3255,dormant_user_reactivation_v1,2025-01-15 00:00:00,product_recommendation,1,0,0,0.0,0,0,0,61
3257,dormant_user_reactivation_v1,2025-01-15 00:00:00,education_content,1,0,0,0.0,0,0,0,180
3259,dormant_user_reactivation_v1,2025-01-15 00:00:00,product_recommendation,1,0,0,0.0,0,0,0,186
3260,dormant_user_reactivation_v1,2025-01-15 00:00:00,product_recommendation,1,0,0,0.0,0,1,0,53
3261,dormant_user_reactivation_v1,2025-01-15 00:00:00,product_recommendation,1,0,0,0.0,0,2,0,66
3264,dormant_user_reactivation_v1,2025-01-15 00:00:00,control,1,0,0,0.0,0,0,0,268
3265,dormant_user_reactivation_v1,2025-01-15 00:00:00,education_content,1,0,0,0.0,0,0,0,124
3269,dormant_user_reactivation_v1,2025-01-15 00:00:00,control,1,0,0,0.0,0,2,0,48
3271,dormant_user_reactivation_v1,2025-01-15 00:00:00,control,1,0,0,0.0,0,0,0,214
3272,dormant_user_reactivation_v1,2025-01-15 00:00:00,product_recommendation,1,0,0,0.0,0,0,0,130
3273,dormant_user_reactivation_v1,2025-01-15 00:00:00,control,1,0,0,0.0,0,0,0,62
3274,dormant_user_reactivation_v1,2025-01-15 00:00:00,control,1,0,0,0.0,0,0,0,176
3276,dormant_user_reactivation_v1,2025-01-15 00:00:00,product_recommendation,1,0,0,0.0,0,0,0,177
3277,dormant_user_reactivation_v1,2025-01-15 00:00:00,education_content,1,0,0,0.0,0,0,0,229
3280,dormant_user_reactivation_v1,2025-01-15 00:00:00,product_recommendation,1,0,0,0.0,0,0,0,117
3281,dormant_user_reactivation_v1,2025-01-15 00:00:00,product_recommendation,1,0,1,654.82,0,0,0,220
3284,dormant_user_reactivation_v1,2025-01-15 00:00:00,product_recommendation,1,0,0,0.0,1,0,0,105
3285,dormant_user_reactivation_v1,2025-01-15 00:00:00,education_content,1,0,0,0.0,0,0,0,147
3286,dormant_user_reactivation_v1,2025-01-15 00:00:00,control,1,0,0,0.0,0,2,0,55
3287,dormant_user_reactivation_v1,2025-01-15 00:00:00,product_recommendation,1,1,0,0.0,1,1,0,77
3288,dormant_user_reactivation_v1,2025-01-15 00:00:00,product_recommendation,1,0,0,0.0,0,0,0,206
3289,dormant_user_reactivation_v1,2025-01-15 00:00:00,product_recommendation,1,1,0,0.0,0,1,0,70
3292,dormant_user_reactivation_v1,2025-01-15 00:00:00,education_content,1,0,0,0.0,1,1,0,89
3293,dormant_user_reactivation_v1,2025-01-15 00:00:00,product_recommendation,1,0,0,0.0,0,0,0,90
3294,dormant_user_reactivation_v1,2025-01-15 00:00:00,education_content,1,1,0,0.0,0,0,0,265
3295,dormant_user_reactivation_v1,2025-01-15 00:00:00,product_recommendation,1,0,0,0.0,0,0,0,177
3297,dormant_user_reactivation_v1,2025-01-15 00:00:00,education_content,1,0,1,2200.67,0,1,0,74
3300,dormant_user_reactivation_v1,2025-01-15 00:00:00,product_recommendation,1,0,0,0.0,0,0,0,271
3301,dormant_user_reactivation_v1,2025-01-15 00:00:00,education_content,1,0,0,0.0,1,1,0,78
3302,dormant_user_reactivation_v1,2025-01-15 00:00:00,control,1,0,0,0.0,1,1,0,88
3305,dormant_user_reactivation_v1,2025-01-15 00:00:00,product_recommendation,1,0,0,0.0,0,1,0,56
3309,dormant_user_reactivation_v1,2025-01-15 00:00:00,education_content,1,0,0,0.0,0,0,0,122
3310,dormant_user_reactivation_v1,2025-01-15 00:00:00,product_recommendation,1,0,0,0.0,0,0,0,138
3311,dormant_user_reactivation_v1,2025-01-15 00:00:00,education_content,1,0,0,0.0,0,0,0,106
3312,dormant_user_reactivation_v1,2025-01-15 00:00:00,education_content,1,0,0,0.0,1,0,0,174
3317,dormant_user_reactivation_v1,2025-01-15 00:00:00,control,1,0,0,0.0,0,0,0,313
3320,dormant_user_reactivation_v1,2025-01-15 00:00:00,education_content,1,0,0,0.0,0,2,0,60
3322,dormant_user_reactivation_v1,2025-01-15 00:00:00,control,1,0,0,0.0,0,0,0,162
3324,dormant_user_reactivation_v1,2025-01-15 00:00:00,control,1,1,0,0.0,0,0,0,203
3330,dormant_user_reactivation_v1,2025-01-15 00:00:00,control,1,0,0,0.0,0,0,0,126
3332,dormant_user_reactivation_v1,2025-01-15 00:00:00,product_recommendation,1,0,0,0.0,0,1,0,58
3333,dormant_user_reactivation_v1,2025-01-15 00:00:00,education_content,1,0,0,0.0,0,1,0,72
3334,dormant_user_reactivation_v1,2025-01-15 00:00:00,control,1,0,0,0.0,1,1,0,48
3336,dormant_user_reactivation_v1,2025-01-15 00:00:00,product_recommendation,1,0,0,0.0,1,0,0,113
3338,dormant_user_reactivation_v1,2025-01-15 00:00:00,product_recommendation,1,0,0,0.0,1,0,0,246
3341,dormant_user_reactivation_v1,2025-01-15 00:00:00,product_recommendation,0,0,0,0.0,0,0,0,228
3346,dormant_user_reactivation_v1,2025-01-15 00:00:00,product_recommendation,1,0,1,4600.77,1,0,0,250
3347,dormant_user_reactivation_v1,2025-01-15 00:00:00,education_content,1,0,1,4704.22,0,0,0,153
3350,dormant_user_reactivation_v1,2025-01-15 00:00:00,education_content,1,0,0,0.0,0,1,0,55
3353,dormant_user_reactivation_v1,2025-01-15 00:00:00,control,1,0,0,0.0,0,0,0,119
3356,dormant_user_reactivation_v1,2025-01-15 00:00:00,control,1,0,0,0.0,0,2,0,57
3357,dormant_user_reactivation_v1,2025-01-15 00:00:00,product_recommendation,1,0,0,0.0,0,0,0,143
3358,dormant_user_reactivation_v1,2025-01-15 00:00:00,control,1,0,0,0.0,0,0,0,96
3360,dormant_user_reactivation_v1,2025-01-15 00:00:00,control,1,0,0,0.0,0,0,0,201
3363,dormant_user_reactivation_v1,2025-01-15 00:00:00,product_recommendation,1,1,0,0.0,0,1,0,88
3364,dormant_user_reactivation_v1,2025-01-15 00:00:00,control,1,0,0,0.0,0,1,0,63
3365,dormant_user_reactivation_v1,2025-01-15 00:00:00,product_recommendation,1,0,0,0.0,0,0,0,288
3367,dormant_user_reactivation_v1,2025-01-15 00:00:00,education_content,1,0,0,0.0,1,1,1,75
3368,dormant_user_reactivation_v1,2025-01-15 00:00:00,education_content,1,0,0,0.0,0,0,0,232
3371,dormant_user_reactivation_v1,2025-01-15 00:00:00,product_recommendation,1,0,1,744.25,0,0,0,141
3374,dormant_user_reactivation_v1,2025-01-15 00:00:00,control,1,0,0,0.0,0,0,0,132
3375,dormant_user_reactivation_v1,2025-01-15 00:00:00,control,1,0,0,0.0,0,0,0,249
3377,dormant_user_reactivation_v1,2025-01-15 00:00:00,product_recommendation,1,0,0,0.0,0,0,0,133
3380,dormant_user_reactivation_v1,2025-01-15 00:00:00,control,1,0,0,0.0,1,1,0,80
3381,dormant_user_reactivation_v1,2025-01-15 00:00:00,education_content,1,0,0,0.0,0,0,0,286
3382,dormant_user_reactivation_v1,2025-01-15 00:00:00,education_content,1,0,1,5125.86,1,0,0,96
3383,dormant_user_reactivation_v1,2025-01-15 00:00:00,control,1,0,0,0.0,0,2,0,73
3384,dormant_user_reactivation_v1,2025-01-15 00:00:00,control,1,0,0,0.0,0,1,0,57
3386,dormant_user_reactivation_v1,2025-01-15 00:00:00,education_content,1,1,0,0.0,0,0,0,127
3387,dormant_user_reactivation_v1,2025-01-15 00:00:00,control,1,1,0,0.0,0,0,0,154
3390,dormant_user_reactivation_v1,2025-01-15 00:00:00,control,1,0,0,0.0,0,0,0,109
3391,dormant_user_reactivation_v1,2025-01-15 00:00:00,product_recommendation,1,1,0,0.0,0,0,0,215
3393,dormant_user_reactivation_v1,2025-01-15 00:00:00,product_recommendation,1,0,0,0.0,0,0,0,154
3394,dormant_user_reactivation_v1,2025-01-15 00:00:00,control,1,0,0,0.0,1,1,0,62
3396,dormant_user_reactivation_v1,2025-01-15 00:00:00,product_recommendation,1,0,0,0.0,0,0,0,105
3397,dormant_user_reactivation_v1,2025-01-15 00:00:00,education_content,1,1,0,0.0,0,0,0,148
3401,dormant_user_reactivation_v1,2025-01-15 00:00:00,control,1,0,0,0.0,0,0,0,139
3404,dormant_user_reactivation_v1,2025-01-15 00:00:00,control,1,0,0,0.0,0,0,0,113
3405,dormant_user_reactivation_v1,2025-01-15 00:00:00,product_recommendation,1,0,0,0.0,0,0,0,220
3406,dormant_user_reactivation_v1,2025-01-15 00:00:00,control,1,1,0,0.0,0,0,0,60
3408,dormant_user_reactivation_v1,2025-01-15 00:00:00,education_content,1,0,0,0.0,1,0,0,66
3410,dormant_user_reactivation_v1,2025-01-15 00:00:00,control,1,0,0,0.0,1,0,0,121
3412,dormant_user_reactivation_v1,2025-01-15 00:00:00,control,1,0,0,0.0,0,0,0,180
3413,dormant_user_reactivation_v1,2025-01-15 00:00:00,education_content,1,0,0,0.0,1,0,0,253
3415,dormant_user_reactivation_v1,2025-01-15 00:00:00,control,1,0,0,0.0,0,0,0,215
3416,dormant_user_reactivation_v1,2025-01-15 00:00:00,control,1,1,0,0.0,0,1,0,56
3417,dormant_user_reactivation_v1,2025-01-15 00:00:00,product_recommendation,1,0,0,0.0,0,0,0,113
3422,dormant_user_reactivation_v1,2025-01-15 00:00:00,control,1,0,0,0.0,1,0,0,201
3423,dormant_user_reactivation_v1,2025-01-15 00:00:00,control,1,0,0,0.0,0,0,0,193
3425,dormant_user_reactivation_v1,2025-01-15 00:00:00,education_content,1,0,0,0.0,0,1,0,85
3427,dormant_user_reactivation_v1,2025-01-15 00:00:00,education_content,1,1,0,0.0,0,0,0,109
3429,dormant_user_reactivation_v1,2025-01-15 00:00:00,education_content,1,1,0,0.0,0,0,0,268
3430,dormant_user_reactivation_v1,2025-01-15 00:00:00,control,1,0,0,0.0,0,1,0,74
3436,dormant_user_reactivation_v1,2025-01-15 00:00:00,product_recommendation,1,0,0,0.0,0,0,3,115
3437,dormant_user_reactivation_v1,2025-01-15 00:00:00,education_content,1,0,0,0.0,0,0,0,114
3439,dormant_user_reactivation_v1,2025-01-15 00:00:00,control,1,0,0,0.0,0,0,0,143
3440,dormant_user_reactivation_v1,2025-01-15 00:00:00,control,1,0,0,0.0,0,2,0,61
3441,dormant_user_reactivation_v1,2025-01-15 00:00:00,education_content,1,1,0,0.0,0,0,0,129
3444,dormant_user_reactivation_v1,2025-01-15 00:00:00,education_content,1,0,0,0.0,0,0,0,127
3446,dormant_user_reactivation_v1,2025-01-15 00:00:00,education_content,1,0,0,0.0,1,0,0,150
3447,dormant_user_reactivation_v1,2025-01-15 00:00:00,product_recommendation,1,0,0,0.0,0,1,0,84
3448,dormant_user_reactivation_v1,2025-01-15 00:00:00,product_recommendation,1,0,0,0.0,0,0,0,233
3449,dormant_user_reactivation_v1,2025-01-15 00:00:00,education_content,1,0,0,0.0,0,0,0,160
3450,dormant_user_reactivation_v1,2025-01-15 00:00:00,education_content,1,0,0,0.0,0,0,0,222
3454,dormant_user_reactivation_v1,2025-01-15 00:00:00,product_recommendation,1,0,0,0.0,0,2,0,54
3458,dormant_user_reactivation_v1,2025-01-15 00:00:00,product_recommendation,1,0,0,0.0,0,0,0,178
3459,dormant_user_reactivation_v1,2025-01-15 00:00:00,control,1,0,0,0.0,1,0,0,183
3460,dormant_user_reactivation_v1,2025-01-15 00:00:00,product_recommendation,1,1,0,0.0,0,0,0,157
3462,dormant_user_reactivation_v1,2025-01-15 00:00:00,education_content,1,0,0,0.0,0,0,0,133
3463,dormant_user_reactivation_v1,2025-01-15 00:00:00,product_recommendation,1,0,0,0.0,0,0,0,129
3465,dormant_user_reactivation_v1,2025-01-15 00:00:00,product_recommendation,1,0,0,0.0,0,1,0,55
3466,dormant_user_reactivation_v1,2025-01-15 00:00:00,product_recommendation,1,0,0,0.0,0,0,0,226
3467,dormant_user_reactivation_v1,2025-01-15 00:00:00,education_content,1,1,0,0.0,1,1,0,84
3472,dormant_user_reactivation_v1,2025-01-15 00:00:00,education_content,1,0,0,0.0,1,0,0,126
3474,dormant_user_reactivation_v1,2025-01-15 00:00:00,control,1,0,0,0.0,0,0,0,335
3477,dormant_user_reactivation_v1,2025-01-15 00:00:00,control,1,0,0,0.0,0,0,0,117
3479,dormant_user_reactivation_v1,2025-01-15 00:00:00,product_recommendation,1,1,0,0.0,1,0,0,349
3480,dormant_user_reactivation_v1,2025-01-15 00:00:00,product_recommendation,1,0,0,0.0,0,0,0,222
3481,dormant_user_reactivation_v1,2025-01-15 00:00:00,control,1,0,0,0.0,0,0,0,129
3484,dormant_user_reactivation_v1,2025-01-15 00:00:00,education_content,1,0,1,2390.66,1,0,0,224
3486,dormant_user_reactivation_v1,2025-01-15 00:00:00,education_content,1,0,0,0.0,0,1,0,50
3487,dormant_user_reactivation_v1,2025-01-15 00:00:00,education_content,1,0,0,0.0,0,0,0,312
3489,dormant_user_reactivation_v1,2025-01-15 00:00:00,product_recommendation,1,1,0,0.0,0,1,0,50
3490,dormant_user_reactivation_v1,2025-01-15 00:00:00,product_recommendation,1,0,0,0.0,0,0,0,319
3491,dormant_user_reactivation_v1,2025-01-15 00:00:00,control,1,0,0,0.0,0,0,0,261
3495,dormant_user_reactivation_v1,2025-01-15 00:00:00,control,1,0,0,0.0,0,0,0,155
3496,dormant_user_reactivation_v1,2025-01-15 00:00:00,control,1,0,0,0.0,0,0,0,105
3499,dormant_user_reactivation_v1,2025-01-15 00:00:00,control,1,0,0,0.0,0,0,0,190
3502,dormant_user_reactivation_v1,2025-01-15 00:00:00,control,1,0,0,0.0,0,1,0,57
3503,dormant_user_reactivation_v1,2025-01-15 00:00:00,product_recommendation,1,0,0,0.0,0,0,0,205
3507,dormant_user_reactivation_v1,2025-01-15 00:00:00,education_content,1,0,0,0.0,0,2,0,49
3510,dormant_user_reactivation_v1,2025-01-15 00:00:00,control,1,0,0,0.0,0,4,0,46
3511,dormant_user_reactivation_v1,2025-01-15 00:00:00,product_recommendation,1,0,0,0.0,1,0,0,129
3512,dormant_user_reactivation_v1,2025-01-15 00:00:00,product_recommendation,1,0,0,0.0,0,0,0,226
3514,dormant_user_reactivation_v1,2025-01-15 00:00:00,product_recommendation,1,0,0,0.0,0,0,0,218
3515,dormant_user_reactivation_v1,2025-01-15 00:00:00,education_content,1,0,0,0.0,1,3,0,46
3518,dormant_user_reactivation_v1,2025-01-15 00:00:00,education_content,1,0,0,0.0,0,0,0,130
3519,dormant_user_reactivation_v1,2025-01-15 00:00:00,product_recommendation,1,0,0,0.0,0,0,0,327
3520,dormant_user_reactivation_v1,2025-01-15 00:00:00,product_recommendation,1,0,0,0.0,0,0,0,117
3521,dormant_user_reactivation_v1,2025-01-15 00:00:00,control,1,0,0,0.0,0,0,0,186
3522,dormant_user_reactivation_v1,2025-01-15 00:00:00,education_content,1,0,1,2417.18,0,0,0,237
3524,dormant_user_reactivation_v1,2025-01-15 00:00:00,product_recommendation,1,0,0,0.0,0,1,0,56
3527,dormant_user_reactivation_v1,2025-01-15 00:00:00,control,1,0,0,0.0,0,0,0,144
3529,dormant_user_reactivation_v1,2025-01-15 00:00:00,product_recommendation,1,0,0,0.0,0,0,0,113
3531,dormant_user_reactivation_v1,2025-01-15 00:00:00,education_content,1,1,0,0.0,0,1,0,68
3532,dormant_user_reactivation_v1,2025-01-15 00:00:00,control,1,1,0,0.0,1,0,0,186
3534,dormant_user_reactivation_v1,2025-01-15 00:00:00,education_content,1,0,0,0.0,1,2,0,74
3536,dormant_user_reactivation_v1,2025-01-15 00:00:00,product_recommendation,1,0,0,0.0,0,1,0,69
3542,dormant_user_reactivation_v1,2025-01-15 00:00:00,education_content,1,0,0,0.0,0,0,0,134
3543,dormant_user_reactivation_v1,2025-01-15 00:00:00,education_content,1,0,0,0.0,1,0,0,70
3546,dormant_user_reactivation_v1,2025-01-15 00:00:00,product_recommendation,1,0,0,0.0,1,0,0,219
3547,dormant_user_reactivation_v1,2025-01-15 00:00:00,control,1,0,0,0.0,0,0,0,172
3550,dormant_user_reactivation_v1,2025-01-15 00:00:00,education_content,1,0,0,0.0,0,1,0,49
3551,dormant_user_reactivation_v1,2025-01-15 00:00:00,product_recommendation,1,0,0,0.0,1,1,0,66
3552,dormant_user_reactivation_v1,2025-01-15 00:00:00,education_content,1,0,0,0.0,0,0,0,198
3553,dormant_user_reactivation_v1,2025-01-15 00:00:00,control,1,0,0,0.0,0,3,0,84
3555,dormant_user_reactivation_v1,2025-01-15 00:00:00,education_content,1,0,0,0.0,0,0,0,199
3557,dormant_user_reactivation_v1,2025-01-15 00:00:00,product_recommendation,1,1,0,0.0,0,0,0,82
3561,dormant_user_reactivation_v1,2025-01-15 00:00:00,product_recommendation,1,0,0,0.0,0,1,0,65
3563,dormant_user_reactivation_v1,2025-01-15 00:00:00,education_content,1,0,0,0.0,0,0,0,98
3564,dormant_user_reactivation_v1,2025-01-15 00:00:00,control,1,0,0,0.0,0,0,0,161
3565,dormant_user_reactivation_v1,2025-01-15 00:00:00,education_content,1,0,0,0.0,0,0,0,102
3566,dormant_user_reactivation_v1,2025-01-15 00:00:00,education_content,1,0,0,0.0,0,0,0,182
3567,dormant_user_reactivation_v1,2025-01-15 00:00:00,product_recommendation,1,0,0,0.0,1,0,0,264
3569,dormant_user_reactivation_v1,2025-01-15 00:00:00,product_recommendation,1,0,0,0.0,0,0,0,166
3576,dormant_user_reactivation_v1,2025-01-15 00:00:00,control,1,0,0,0.0,0,0,0,114
3578,dormant_user_reactivation_v1,2025-01-15 00:00:00,product_recommendation,1,0,0,0.0,0,0,0,210
3579,dormant_user_reactivation_v1,2025-01-15 00:00:00,control,1,0,0,0.0,1,1,0,82
3580,dormant_user_reactivation_v1,2025-01-15 00:00:00,control,1,0,0,0.0,0,0,0,205
3582,dormant_user_reactivation_v1,2025-01-15 00:00:00,product_recommendation,1,0,0,0.0,0,0,0,73
3583,dormant_user_reactivation_v1,2025-01-15 00:00:00,control,1,0,0,0.0,0,0,0,99
3584,dormant_user_reactivation_v1,2025-01-15 00:00:00,product_recommendation,1,0,0,0.0,0,0,0,157
3585,dormant_user_reactivation_v1,2025-01-15 00:00:00,control,1,0,0,0.0,0,0,0,241
3586,dormant_user_reactivation_v1,2025-01-15 00:00:00,control,1,0,0,0.0,0,0,0,62
3589,dormant_user_reactivation_v1,2025-01-15 00:00:00,control,1,0,0,0.0,0,0,0,316
3591,dormant_user_reactivation_v1,2025-01-15 00:00:00,education_content,1,1,0,0.0,1,0,0,90
3592,dormant_user_reactivation_v1,2025-01-15 00:00:00,control,1,0,0,0.0,0,0,0,264
3593,dormant_user_reactivation_v1,2025-01-15 00:00:00,education_content,1,0,0,0.0,0,1,0,73
3596,dormant_user_reactivation_v1,2025-01-15 00:00:00,education_content,1,0,0,0.0,0,0,0,99
3598,dormant_user_reactivation_v1,2025-01-15 00:00:00,product_recommendation,1,0,0,0.0,0,0,0,246
3601,dormant_user_reactivation_v1,2025-01-15 00:00:00,product_recommendation,1,0,0,0.0,0,0,0,238
3605,dormant_user_reactivation_v1,2025-01-15 00:00:00,control,1,0,0,0.0,0,0,0,362
3606,dormant_user_reactivation_v1,2025-01-15 00:00:00,product_recommendation,1,0,1,8150.45,0,0,0,284
3609,dormant_user_reactivation_v1,2025-01-15 00:00:00,product_recommendation,1,0,0,0.0,1,1,0,58
3610,dormant_user_reactivation_v1,2025-01-15 00:00:00,education_content,1,0,0,0.0,0,0,0,162
3611,dormant_user_reactivation_v1,2025-01-15 00:00:00,control,1,0,0,0.0,0,0,0,231
3613,dormant_user_reactivation_v1,2025-01-15 00:00:00,control,0,0,0,0.0,0,0,0,118
3615,dormant_user_reactivation_v1,2025-01-15 00:00:00,education_content,1,0,0,0.0,0,0,0,159
3618,dormant_user_reactivation_v1,2025-01-15 00:00:00,product_recommendation,1,0,0,0.0,1,1,0,89
3620,dormant_user_reactivation_v1,2025-01-15 00:00:00,product_recommendation,1,0,0,0.0,1,1,0,89
3621,dormant_user_reactivation_v1,2025-01-15 00:00:00,education_content,1,0,0,0.0,0,0,0,118
3623,dormant_user_reactivation_v1,2025-01-15 00:00:00,product_recommendation,1,1,0,0.0,0,1,0,63
3625,dormant_user_reactivation_v1,2025-01-15 00:00:00,control,1,0,0,0.0,1,0,0,142
3626,dormant_user_reactivation_v1,2025-01-15 00:00:00,education_content,1,0,0,0.0,0,0,0,92
3629,dormant_user_reactivation_v1,2025-01-15 00:00:00,control,1,0,0,0.0,0,0,0,234
3630,dormant_user_reactivation_v1,2025-01-15 00:00:00,control,0,0,0,0.0,0,1,0,56
3631,dormant_user_reactivation_v1,2025-01-15 00:00:00,product_recommendation,1,0,0,0.0,0,0,0,289
3633,dormant_user_reactivation_v1,2025-01-15 00:00:00,product_recommendation,1,1,0,0.0,0,0,0,126
3634,dormant_user_reactivation_v1,2025-01-15 00:00:00,product_recommendation,1,0,0,0.0,1,0,0,160
3636,dormant_user_reactivation_v1,2025-01-15 00:00:00,education_content,1,0,0,0.0,0,0,0,265
3638,dormant_user_reactivation_v1,2025-01-15 00:00:00,control,1,0,0,0.0,0,1,0,56
3641,dormant_user_reactivation_v1,2025-01-15 00:00:00,control,1,0,0,0.0,0,0,0,290
3642,dormant_user_reactivation_v1,2025-01-15 00:00:00,education_content,1,0,0,0.0,0,2,0,54
3644,dormant_user_reactivation_v1,2025-01-15 00:00:00,control,1,0,0,0.0,0,0,0,122
3648,dormant_user_reactivation_v1,2025-01-15 00:00:00,product_recommendation,1,0,0,0.0,1,1,0,77
3650,dormant_user_reactivation_v1,2025-01-15 00:00:00,product_recommendation,1,0,0,0.0,0,0,0,232
3653,dormant_user_reactivation_v1,2025-01-15 00:00:00,control,1,0,0,0.0,0,0,0,257
3656,dormant_user_reactivation_v1,2025-01-15 00:00:00,education_content,1,0,0,0.0,0,0,0,92
3657,dormant_user_reactivation_v1,2025-01-15 00:00:00,product_recommendation,1,0,0,0.0,0,0,0,146
3658,dormant_user_reactivation_v1,2025-01-15 00:00:00,product_recommendation,0,0,0,0.0,0,1,0,63
3659,dormant_user_reactivation_v1,2025-01-15 00:00:00,product_recommendation,1,0,1,16673.38,0,0,0,252
3663,dormant_user_reactivation_v1,2025-01-15 00:00:00,education_content,1,1,0,0.0,1,0,0,279
3664,dormant_user_reactivation_v1,2025-01-15 00:00:00,product_recommendation,1,0,0,0.0,0,0,0,229
3667,dormant_user_reactivation_v1,2025-01-15 00:00:00,product_recommendation,1,1,0,0.0,0,0,0,189
3675,dormant_user_reactivation_v1,2025-01-15 00:00:00,product_recommendation,1,0,0,0.0,1,0,0,227
3677,dormant_user_reactivation_v1,2025-01-15 00:00:00,education_content,1,1,0,0.0,1,0,0,211
3681,dormant_user_reactivation_v1,2025-01-15 00:00:00,product_recommendation,1,0,0,0.0,0,1,0,47
3682,dormant_user_reactivation_v1,2025-01-15 00:00:00,control,1,0,0,0.0,0,1,0,75
3683,dormant_user_reactivation_v1,2025-01-15 00:00:00,control,1,0,0,0.0,0,1,0,55
3684,dormant_user_reactivation_v1,2025-01-15 00:00:00,product_recommendation,1,0,0,0.0,0,0,0,301
3685,dormant_user_reactivation_v1,2025-01-15 00:00:00,control,1,0,0,0.0,0,0,0,282
3686,dormant_user_reactivation_v1,2025-01-15 00:00:00,education_content,1,0,0,0.0,1,0,0,190
3687,dormant_user_reactivation_v1,2025-01-15 00:00:00,control,1,0,0,0.0,0,0,0,107
3688,dormant_user_reactivation_v1,2025-01-15 00:00:00,education_content,1,0,0,0.0,1,0,0,184
3691,dormant_user_reactivation_v1,2025-01-15 00:00:00,product_recommendation,1,0,0,0.0,0,0,0,115
3692,dormant_user_reactivation_v1,2025-01-15 00:00:00,education_content,1,0,0,0.0,0,0,0,221
3693,dormant_user_reactivation_v1,2025-01-15 00:00:00,product_recommendation,1,0,0,0.0,0,0,0,123
3695,dormant_user_reactivation_v1,2025-01-15 00:00:00,education_content,1,0,1,8824.62,1,1,0,59
3698,dormant_user_reactivation_v1,2025-01-15 00:00:00,product_recommendation,1,0,0,0.0,0,0,0,227
3700,dormant_user_reactivation_v1,2025-01-15 00:00:00,product_recommendation,1,0,0,0.0,0,1,0,47
3702,dormant_user_reactivation_v1,2025-01-15 00:00:00,education_content,1,0,0,0.0,0,0,0,272
3705,dormant_user_reactivation_v1,2025-01-15 00:00:00,education_content,1,1,0,0.0,0,2,0,55
3707,dormant_user_reactivation_v1,2025-01-15 00:00:00,control,1,0,0,0.0,0,0,0,124
3708,dormant_user_reactivation_v1,2025-01-15 00:00:00,education_content,1,1,0,0.0,0,0,0,127
3712,dormant_user_reactivation_v1,2025-01-15 00:00:00,control,1,0,0,0.0,1,0,0,160
3713,dormant_user_reactivation_v1,2025-01-15 00:00:00,control,1,0,0,0.0,0,0,0,334
3717,dormant_user_reactivation_v1,2025-01-15 00:00:00,product_recommendation,1,0,0,0.0,0,0,0,92
3718,dormant_user_reactivation_v1,2025-01-15 00:00:00,product_recommendation,1,0,0,0.0,0,0,0,329
3720,dormant_user_reactivation_v1,2025-01-15 00:00:00,control,1,1,0,0.0,0,1,0,87
3722,dormant_user_reactivation_v1,2025-01-15 00:00:00,control,1,0,0,0.0,0,0,0,293
3725,dormant_user_reactivation_v1,2025-01-15 00:00:00,control,1,0,0,0.0,0,0,0,105
3728,dormant_user_reactivation_v1,2025-01-15 00:00:00,product_recommendation,1,1,0,0.0,0,0,0,171
3731,dormant_user_reactivation_v1,2025-01-15 00:00:00,product_recommendation,1,0,0,0.0,1,1,0,58
3737,dormant_user_reactivation_v1,2025-01-15 00:00:00,education_content,1,0,0,0.0,1,0,0,229
3738,dormant_user_reactivation_v1,2025-01-15 00:00:00,education_content,1,0,0,0.0,0,0,0,111
3739,dormant_user_reactivation_v1,2025-01-15 00:00:00,education_content,1,0,0,0.0,1,0,0,202
3741,dormant_user_reactivation_v1,2025-01-15 00:00:00,product_recommendation,1,0,0,0.0,0,0,0,211
3743,dormant_user_reactivation_v1,2025-01-15 00:00:00,education_content,1,0,0,0.0,0,0,0,195
3747,dormant_user_reactivation_v1,2025-01-15 00:00:00,product_recommendation,1,0,0,0.0,0,0,0,80
3750,dormant_user_reactivation_v1,2025-01-15 00:00:00,education_content,1,0,0,0.0,1,0,0,151
3751,dormant_user_reactivation_v1,2025-01-15 00:00:00,control,1,0,1,2476.42,0,1,0,66
3752,dormant_user_reactivation_v1,2025-01-15 00:00:00,product_recommendation,1,0,0,0.0,0,0,0,108
3753,dormant_user_reactivation_v1,2025-01-15 00:00:00,product_recommendation,1,0,1,12603.83,1,0,0,224
3756,dormant_user_reactivation_v1,2025-01-15 00:00:00,product_recommendation,1,0,0,0.0,1,0,0,140
3757,dormant_user_reactivation_v1,2025-01-15 00:00:00,control,1,0,0,0.0,0,0,0,167
3760,dormant_user_reactivation_v1,2025-01-15 00:00:00,product_recommendation,1,1,0,0.0,1,2,0,74
3763,dormant_user_reactivation_v1,2025-01-15 00:00:00,education_content,1,0,1,1564.95,1,0,0,254
3765,dormant_user_reactivation_v1,2025-01-15 00:00:00,product_recommendation,1,0,0,0.0,0,1,0,47
3766,dormant_user_reactivation_v1,2025-01-15 00:00:00,product_recommendation,1,0,0,0.0,0,0,0,109
3768,dormant_user_reactivation_v1,2025-01-15 00:00:00,product_recommendation,1,0,0,0.0,1,0,0,128
3769,dormant_user_reactivation_v1,2025-01-15 00:00:00,control,1,0,0,0.0,0,0,0,173
3771,dormant_user_reactivation_v1,2025-01-15 00:00:00,education_content,1,0,0,0.0,0,0,0,205
3774,dormant_user_reactivation_v1,2025-01-15 00:00:00,control,1,0,0,0.0,0,0,0,317
3775,dormant_user_reactivation_v1,2025-01-15 00:00:00,product_recommendation,1,0,0,0.0,0,0,0,368
3776,dormant_user_reactivation_v1,2025-01-15 00:00:00,product_recommendation,1,0,0,0.0,0,0,0,115
3777,dormant_user_reactivation_v1,2025-01-15 00:00:00,control,1,0,0,0.0,1,0,0,207
3778,dormant_user_reactivation_v1,2025-01-15 00:00:00,education_content,1,0,0,0.0,0,0,0,273
3780,dormant_user_reactivation_v1,2025-01-15 00:00:00,control,1,0,0,0.0,1,0,0,102
3781,dormant_user_reactivation_v1,2025-01-15 00:00:00,product_recommendation,1,0,0,0.0,0,0,0,271
3783,dormant_user_reactivation_v1,2025-01-15 00:00:00,control,1,0,0,0.0,0,1,0,87
3784,dormant_user_reactivation_v1,2025-01-15 00:00:00,product_recommendation,1,0,0,0.0,0,1,0,62
3786,dormant_user_reactivation_v1,2025-01-15 00:00:00,education_content,1,0,0,0.0,0,0,0,233
3787,dormant_user_reactivation_v1,2025-01-15 00:00:00,control,1,0,0,0.0,0,1,0,72
3790,dormant_user_reactivation_v1,2025-01-15 00:00:00,product_recommendation,1,0,0,0.0,1,1,0,85
3792,dormant_user_reactivation_v1,2025-01-15 00:00:00,product_recommendation,1,0,0,0.0,0,0,0,98
3794,dormant_user_reactivation_v1,2025-01-15 00:00:00,control,1,0,0,0.0,0,0,0,240
3796,dormant_user_reactivation_v1,2025-01-15 00:00:00,control,1,1,0,0.0,1,1,0,78
3799,dormant_user_reactivation_v1,2025-01-15 00:00:00,education_content,1,1,0,0.0,0,0,0,110
3800,dormant_user_reactivation_v1,2025-01-15 00:00:00,product_recommendation,1,0,1,4059.19,1,0,0,257
3801,dormant_user_reactivation_v1,2025-01-15 00:00:00,product_recommendation,1,0,0,0.0,1,0,0,90
3803,dormant_user_reactivation_v1,2025-01-15 00:00:00,control,1,0,0,0.0,0,0,0,325
3806,dormant_user_reactivation_v1,2025-01-15 00:00:00,education_content,0,0,0,0.0,0,0,0,317
3810,dormant_user_reactivation_v1,2025-01-15 00:00:00,control,1,0,0,0.0,0,0,0,264
3812,dormant_user_reactivation_v1,2025-01-15 00:00:00,product_recommendation,1,0,0,0.0,0,0,0,245
3813,dormant_user_reactivation_v1,2025-01-15 00:00:00,product_recommendation,1,0,0,0.0,0,0,0,137
3814,dormant_user_reactivation_v1,2025-01-15 00:00:00,control,1,0,0,0.0,0,0,0,140
3822,dormant_user_reactivation_v1,2025-01-15 00:00:00,product_recommendation,1,1,0,0.0,0,1,0,51
3823,dormant_user_reactivation_v1,2025-01-15 00:00:00,product_recommendation,1,0,0,0.0,0,0,0,221
3824,dormant_user_reactivation_v1,2025-01-15 00:00:00,education_content,1,1,0,0.0,0,0,0,258
3826,dormant_user_reactivation_v1,2025-01-15 00:00:00,control,1,0,0,0.0,0,0,0,232
3827,dormant_user_reactivation_v1,2025-01-15 00:00:00,product_recommendation,1,1,0,0.0,0,1,0,89
3830,dormant_user_reactivation_v1,2025-01-15 00:00:00,product_recommendation,1,1,0,0.0,0,0,0,318
3832,dormant_user_reactivation_v1,2025-01-15 00:00:00,education_content,1,0,0,0.0,1,1,0,88
3833,dormant_user_reactivation_v1,2025-01-15 00:00:00,product_recommendation,1,1,0,0.0,1,0,0,295
3835,dormant_user_reactivation_v1,2025-01-15 00:00:00,education_content,1,0,0,0.0,1,0,0,234
3837,dormant_user_reactivation_v1,2025-01-15 00:00:00,education_content,1,1,0,0.0,0,1,0,80
3838,dormant_user_reactivation_v1,2025-01-15 00:00:00,product_recommendation,1,0,0,0.0,1,0,0,93
3840,dormant_user_reactivation_v1,2025-01-15 00:00:00,education_content,0,0,0,0.0,1,0,0,108
3841,dormant_user_reactivation_v1,2025-01-15 00:00:00,control,1,0,0,0.0,0,0,0,306
3843,dormant_user_reactivation_v1,2025-01-15 00:00:00,education_content,1,1,0,0.0,0,0,0,228
3844,dormant_user_reactivation_v1,2025-01-15 00:00:00,product_recommendation,1,0,0,0.0,0,1,0,75
3848,dormant_user_reactivation_v1,2025-01-15 00:00:00,product_recommendation,1,1,0,0.0,0,0,0,173
3849,dormant_user_reactivation_v1,2025-01-15 00:00:00,product_recommendation,1,0,0,0.0,0,0,0,195
3851,dormant_user_reactivation_v1,2025-01-15 00:00:00,product_recommendation,1,0,0,0.0,1,2,0,50
3852,dormant_user_reactivation_v1,2025-01-15 00:00:00,product_recommendation,1,0,0,0.0,0,0,1,129
3861,dormant_user_reactivation_v1,2025-01-15 00:00:00,control,1,0,0,0.0,0,0,0,157
3862,dormant_user_reactivation_v1,2025-01-15 00:00:00,product_recommendation,1,0,0,0.0,0,0,0,223
3867,dormant_user_reactivation_v1,2025-01-15 00:00:00,education_content,1,0,0,0.0,1,1,0,68
3869,dormant_user_reactivation_v1,2025-01-15 00:00:00,education_content,1,0,0,0.0,1,0,0,159
3876,dormant_user_reactivation_v1,2025-01-15 00:00:00,control,1,0,0,0.0,0,0,0,273
3879,dormant_user_reactivation_v1,2025-01-15 00:00:00,education_content,1,0,0,0.0,0,0,0,112
3883,dormant_user_reactivation_v1,2025-01-15 00:00:00,control,1,0,0,0.0,0,0,0,234
3884,dormant_user_reactivation_v1,2025-01-15 00:00:00,education_content,1,1,0,0.0,0,0,0,300
3885,dormant_user_reactivation_v1,2025-01-15 00:00:00,control,1,0,0,0.0,0,0,0,246
3887,dormant_user_reactivation_v1,2025-01-15 00:00:00,control,1,0,0,0.0,1,0,0,109
3888,dormant_user_reactivation_v1,2025-01-15 00:00:00,product_recommendation,1,0,0,0.0,0,2,0,51
3889,dormant_user_reactivation_v1,2025-01-15 00:00:00,education_content,1,0,0,0.0,0,1,0,77
3890,dormant_user_reactivation_v1,2025-01-15 00:00:00,control,1,0,0,0.0,0,0,0,136
3893,dormant_user_reactivation_v1,2025-01-15 00:00:00,product_recommendation,1,0,0,0.0,0,0,0,122
3894,dormant_user_reactivation_v1,2025-01-15 00:00:00,product_recommendation,1,0,0,0.0,0,0,0,181
3897,dormant_user_reactivation_v1,2025-01-15 00:00:00,control,1,0,0,0.0,0,0,0,197
3898,dormant_user_reactivation_v1,2025-01-15 00:00:00,control,1,0,0,0.0,0,1,0,85
3900,dormant_user_reactivation_v1,2025-01-15 00:00:00,control,1,0,0,0.0,0,2,0,49
3906,dormant_user_reactivation_v1,2025-01-15 00:00:00,education_content,1,0,1,8992.02,1,0,0,271
3908,dormant_user_reactivation_v1,2025-01-15 00:00:00,education_content,1,0,0,0.0,1,0,0,297
3909,dormant_user_reactivation_v1,2025-01-15 00:00:00,education_content,1,0,0,0.0,0,0,0,280
3911,dormant_user_reactivation_v1,2025-01-15 00:00:00,control,1,0,0,0.0,0,0,0,201
3914,dormant_user_reactivation_v1,2025-01-15 00:00:00,product_recommendation,1,0,0,0.0,0,0,0,316
3915,dormant_user_reactivation_v1,2025-01-15 00:00:00,control,1,0,0,0.0,0,3,0,54
3916,dormant_user_reactivation_v1,2025-01-15 00:00:00,education_content,1,0,0,0.0,0,1,0,86
3920,dormant_user_reactivation_v1,2025-01-15 00:00:00,control,1,0,0,0.0,0,1,0,68
3921,dormant_user_reactivation_v1,2025-01-15 00:00:00,education_content,1,0,0,0.0,0,0,0,114
3926,dormant_user_reactivation_v1,2025-01-15 00:00:00,product_recommendation,1,0,0,0.0,0,0,0,223
3928,dormant_user_reactivation_v1,2025-01-15 00:00:00,product_recommendation,1,0,0,0.0,0,3,3,68
3930,dormant_user_reactivation_v1,2025-01-15 00:00:00,control,1,0,0,0.0,0,0,0,96
3931,dormant_user_reactivation_v1,2025-01-15 00:00:00,education_content,1,0,0,0.0,1,0,0,284
3935,dormant_user_reactivation_v1,2025-01-15 00:00:00,control,1,0,0,0.0,0,0,0,197
3936,dormant_user_reactivation_v1,2025-01-15 00:00:00,education_content,1,0,0,0.0,0,0,0,241
3938,dormant_user_reactivation_v1,2025-01-15 00:00:00,product_recommendation,1,0,0,0.0,0,1,0,63
3951,dormant_user_reactivation_v1,2025-01-15 00:00:00,product_recommendation,1,0,0,0.0,0,0,0,130
3952,dormant_user_reactivation_v1,2025-01-15 00:00:00,product_recommendation,1,0,0,0.0,1,0,0,168
3954,dormant_user_reactivation_v1,2025-01-15 00:00:00,education_content,1,0,0,0.0,0,0,0,109
3956,dormant_user_reactivation_v1,2025-01-15 00:00:00,product_recommendation,1,0,0,0.0,0,0,0,64
3958,dormant_user_reactivation_v1,2025-01-15 00:00:00,product_recommendation,1,0,0,0.0,1,0,0,255
3960,dormant_user_reactivation_v1,2025-01-15 00:00:00,education_content,1,0,0,0.0,0,1,0,60
3965,dormant_user_reactivation_v1,2025-01-15 00:00:00,education_content,1,0,0,0.0,0,0,0,268
3968,dormant_user_reactivation_v1,2025-01-15 00:00:00,education_content,1,0,0,0.0,0,0,0,333
3969,dormant_user_reactivation_v1,2025-01-15 00:00:00,product_recommendation,1,0,0,0.0,0,0,0,237
3970,dormant_user_reactivation_v1,2025-01-15 00:00:00,product_recommendation,1,1,1,3951.1,0,0,0,261
3973,dormant_user_reactivation_v1,2025-01-15 00:00:00,education_content,1,0,0,0.0,1,0,0,76
3977,dormant_user_reactivation_v1,2025-01-15 00:00:00,product_recommendation,1,0,0,0.0,1,0,0,246
3980,dormant_user_reactivation_v1,2025-01-15 00:00:00,control,1,0,0,0.0,1,2,0,70
3983,dormant_user_reactivation_v1,2025-01-15 00:00:00,product_recommendation,1,0,0,0.0,0,0,0,283
3984,dormant_user_reactivation_v1,2025-01-15 00:00:00,education_content,1,0,0,0.0,0,0,0,137
3985,dormant_user_reactivation_v1,2025-01-15 00:00:00,product_recommendation,1,0,0,0.0,0,0,0,252
3986,dormant_user_reactivation_v1,2025-01-15 00:00:00,control,1,0,1,22081.7,0,1,0,83
3988,dormant_user_reactivation_v1,2025-01-15 00:00:00,education_content,1,0,0,0.0,0,0,0,276
3990,dormant_user_reactivation_v1,2025-01-15 00:00:00,product_recommendation,1,0,1,3658.34,0,0,0,257
3991,dormant_user_reactivation_v1,2025-01-15 00:00:00,control,1,0,0,0.0,0,0,0,137
3994,dormant_user_reactivation_v1,2025-01-15 00:00:00,control,1,0,1,4984.12,0,0,0,98
3997,dormant_user_reactivation_v1,2025-01-15 00:00:00,product_recommendation,1,0,0,0.0,0,0,0,144
3998,dormant_user_reactivation_v1,2025-01-15 00:00:00,education_content,1,0,0,0.0,0,1,0,70
3999,dormant_user_reactivation_v1,2025-01-15 00:00:00,control,1,0,0,0.0,0,0,0,159
4000,dormant_user_reactivation_v1,2025-01-15 00:00:00,control,1,0,0,0.0,0,1,0,72
4003,dormant_user_reactivation_v1,2025-01-15 00:00:00,product_recommendation,1,0,0,0.0,0,1,0,56
4004,dormant_user_reactivation_v1,2025-01-15 00:00:00,product_recommendation,1,1,0,0.0,0,0,1,111
4008,dormant_user_reactivation_v1,2025-01-15 00:00:00,education_content,1,0,0,0.0,0,0,0,215
4009,dormant_user_reactivation_v1,2025-01-15 00:00:00,product_recommendation,1,0,0,0.0,1,0,0,106
4010,dormant_user_reactivation_v1,2025-01-15 00:00:00,control,1,0,0,0.0,0,1,0,89
4011,dormant_user_reactivation_v1,2025-01-15 00:00:00,product_recommendation,1,0,0,0.0,0,2,0,48
4012,dormant_user_reactivation_v1,2025-01-15 00:00:00,control,1,0,0,0.0,0,0,0,194
4013,dormant_user_reactivation_v1,2025-01-15 00:00:00,product_recommendation,1,0,0,0.0,0,0,0,119
4014,dormant_user_reactivation_v1,2025-01-15 00:00:00,product_recommendation,1,0,0,0.0,0,0,0,211
4016,dormant_user_reactivation_v1,2025-01-15 00:00:00,control,1,0,0,0.0,0,0,0,133
4018,dormant_user_reactivation_v1,2025-01-15 00:00:00,education_content,1,1,0,0.0,0,3,0,46
4024,dormant_user_reactivation_v1,2025-01-15 00:00:00,product_recommendation,1,0,0,0.0,0,0,0,284
4025,dormant_user_reactivation_v1,2025-01-15 00:00:00,control,1,0,0,0.0,0,0,0,250
4026,dormant_user_reactivation_v1,2025-01-15 00:00:00,education_content,1,1,1,1331.34,0,1,0,87
4027,dormant_user_reactivation_v1,2025-01-15 00:00:00,product_recommendation,1,0,0,0.0,0,0,0,104
4028,dormant_user_reactivation_v1,2025-01-15 00:00:00,education_content,1,0,0,0.0,0,0,0,150
4029,dormant_user_reactivation_v1,2025-01-15 00:00:00,education_content,1,0,1,5327.63,0,0,0,63
4030,dormant_user_reactivation_v1,2025-01-15 00:00:00,education_content,1,0,0,0.0,0,2,0,63
4032,dormant_user_reactivation_v1,2025-01-15 00:00:00,education_content,1,0,0,0.0,1,0,0,121
4033,dormant_user_reactivation_v1,2025-01-15 00:00:00,product_recommendation,1,0,0,0.0,0,1,0,46
4034,dormant_user_reactivation_v1,2025-01-15 00:00:00,education_content,1,0,0,0.0,0,0,0,168
4035,dormant_user_reactivation_v1,2025-01-15 00:00:00,control,1,0,0,0.0,0,0,0,104
4037,dormant_user_reactivation_v1,2025-01-15 00:00:00,control,1,0,0,0.0,0,0,0,288
4043,dormant_user_reactivation_v1,2025-01-15 00:00:00,product_recommendation,1,1,0,0.0,0,1,0,63
4044,dormant_user_reactivation_v1,2025-01-15 00:00:00,product_recommendation,1,1,0,0.0,0,0,0,166
4045,dormant_user_reactivation_v1,2025-01-15 00:00:00,education_content,1,0,0,0.0,0,2,0,69
4047,dormant_user_reactivation_v1,2025-01-15 00:00:00,product_recommendation,1,0,0,0.0,0,0,0,229
4048,dormant_user_reactivation_v1,2025-01-15 00:00:00,product_recommendation,1,0,0,0.0,0,0,0,112
4052,dormant_user_reactivation_v1,2025-01-15 00:00:00,education_content,1,0,1,2112.87,0,0,0,206
4053,dormant_user_reactivation_v1,2025-01-15 00:00:00,product_recommendation,1,0,0,0.0,0,0,0,221
4054,dormant_user_reactivation_v1,2025-01-15 00:00:00,product_recommendation,1,0,0,0.0,0,0,0,164
4055,dormant_user_reactivation_v1,2025-01-15 00:00:00,education_content,1,1,0,0.0,0,0,0,143
4056,dormant_user_reactivation_v1,2025-01-15 00:00:00,product_recommendation,1,1,0,0.0,0,1,0,82
4057,dormant_user_reactivation_v1,2025-01-15 00:00:00,product_recommendation,1,1,0,0.0,0,0,0,239
4060,dormant_user_reactivation_v1,2025-01-15 00:00:00,education_content,1,0,0,0.0,0,0,0,262
4062,dormant_user_reactivation_v1,2025-01-15 00:00:00,product_recommendation,1,0,0,0.0,0,0,0,110
4063,dormant_user_reactivation_v1,2025-01-15 00:00:00,education_content,1,0,0,0.0,1,0,0,268
4064,dormant_user_reactivation_v1,2025-01-15 00:00:00,education_content,1,0,0,0.0,0,0,0,318
4070,dormant_user_reactivation_v1,2025-01-15 00:00:00,control,1,0,0,0.0,1,0,0,149
4073,dormant_user_reactivation_v1,2025-01-15 00:00:00,control,1,0,0,0.0,0,0,0,111
4075,dormant_user_reactivation_v1,2025-01-15 00:00:00,education_content,1,0,0,0.0,0,1,0,46
4077,dormant_user_reactivation_v1,2025-01-15 00:00:00,control,1,0,0,0.0,0,1,0,58
4078,dormant_user_reactivation_v1,2025-01-15 00:00:00,education_content,1,0,0,0.0,1,0,0,100
4080,dormant_user_reactivation_v1,2025-01-15 00:00:00,product_recommendation,1,0,0,0.0,0,0,0,126
4082,dormant_user_reactivation_v1,2025-01-15 00:00:00,education_content,1,0,0,0.0,0,1,0,81
4085,dormant_user_reactivation_v1,2025-01-15 00:00:00,product_recommendation,1,1,0,0.0,0,0,0,200
4086,dormant_user_reactivation_v1,2025-01-15 00:00:00,control,1,0,0,0.0,0,1,0,58
4087,dormant_user_reactivation_v1,2025-01-15 00:00:00,control,1,1,0,0.0,1,0,0,137
4088,dormant_user_reactivation_v1,2025-01-15 00:00:00,product_recommendation,1,1,0,0.0,0,0,0,93
4089,dormant_user_reactivation_v1,2025-01-15 00:00:00,product_recommendation,1,1,0,0.0,0,0,0,265
4090,dormant_user_reactivation_v1,2025-01-15 00:00:00,product_recommendation,1,0,0,0.0,0,0,0,160
4092,dormant_user_reactivation_v1,2025-01-15 00:00:00,product_recommendation,1,1,0,0.0,0,0,0,86
4094,dormant_user_reactivation_v1,2025-01-15 00:00:00,education_content,1,0,0,0.0,0,0,0,121
4095,dormant_user_reactivation_v1,2025-01-15 00:00:00,control,1,0,0,0.0,0,0,0,86
4099,dormant_user_reactivation_v1,2025-01-15 00:00:00,education_content,1,0,0,0.0,0,0,0,142
4100,dormant_user_reactivation_v1,2025-01-15 00:00:00,control,1,0,1,6002.41,0,0,0,171
4102,dormant_user_reactivation_v1,2025-01-15 00:00:00,education_content,1,0,0,0.0,1,0,0,222
4105,dormant_user_reactivation_v1,2025-01-15 00:00:00,education_content,1,1,0,0.0,0,0,0,97
4106,dormant_user_reactivation_v1,2025-01-15 00:00:00,control,1,0,0,0.0,0,0,0,62
4107,dormant_user_reactivation_v1,2025-01-15 00:00:00,product_recommendation,1,0,0,0.0,0,1,0,88
4108,dormant_user_reactivation_v1,2025-01-15 00:00:00,control,1,0,0,0.0,0,0,0,213
4109,dormant_user_reactivation_v1,2025-01-15 00:00:00,control,1,0,0,0.0,0,0,0,209
4111,dormant_user_reactivation_v1,2025-01-15 00:00:00,product_recommendation,1,0,0,0.0,1,0,0,132
4112,dormant_user_reactivation_v1,2025-01-15 00:00:00,product_recommendation,1,0,0,0.0,0,0,0,165
4114,dormant_user_reactivation_v1,2025-01-15 00:00:00,product_recommendation,1,1,0,0.0,1,1,0,68
4115,dormant_user_reactivation_v1,2025-01-15 00:00:00,control,1,0,0,0.0,0,0,0,345
4116,dormant_user_reactivation_v1,2025-01-15 00:00:00,product_recommendation,1,1,0,0.0,0,0,0,294
4117,dormant_user_reactivation_v1,2025-01-15 00:00:00,product_recommendation,1,0,0,0.0,1,0,0,266
4118,dormant_user_reactivation_v1,2025-01-15 00:00:00,control,1,0,0,0.0,0,0,0,199
4119,dormant_user_reactivation_v1,2025-01-15 00:00:00,control,0,0,0,0.0,0,1,0,50
4123,dormant_user_reactivation_v1,2025-01-15 00:00:00,control,1,0,0,0.0,1,0,0,200
4124,dormant_user_reactivation_v1,2025-01-15 00:00:00,control,1,0,0,0.0,0,0,0,119
4125,dormant_user_reactivation_v1,2025-01-15 00:00:00,education_content,1,1,0,0.0,0,0,1,104
4128,dormant_user_reactivation_v1,2025-01-15 00:00:00,education_content,1,0,0,0.0,0,0,0,110
4132,dormant_user_reactivation_v1,2025-01-15 00:00:00,product_recommendation,1,0,0,0.0,0,0,0,373
4135,dormant_user_reactivation_v1,2025-01-15 00:00:00,product_recommendation,1,0,0,0.0,0,0,0,156
4140,dormant_user_reactivation_v1,2025-01-15 00:00:00,education_content,1,0,0,0.0,0,1,1,73
4142,dormant_user_reactivation_v1,2025-01-15 00:00:00,product_recommendation,1,1,0,0.0,1,3,0,58
4143,dormant_user_reactivation_v1,2025-01-15 00:00:00,product_recommendation,1,1,0,0.0,0,0,0,277
4148,dormant_user_reactivation_v1,2025-01-15 00:00:00,education_content,1,0,0,0.0,0,1,0,79
4151,dormant_user_reactivation_v1,2025-01-15 00:00:00,education_content,1,0,0,0.0,0,1,0,65
4153,dormant_user_reactivation_v1,2025-01-15 00:00:00,control,1,0,0,0.0,1,0,0,368
4154,dormant_user_reactivation_v1,2025-01-15 00:00:00,control,1,0,0,0.0,0,1,0,55
4155,dormant_user_reactivation_v1,2025-01-15 00:00:00,education_content,1,0,0,0.0,0,0,0,320
4156,dormant_user_reactivation_v1,2025-01-15 00:00:00,control,1,0,0,0.0,0,0,0,138
4158,dormant_user_reactivation_v1,2025-01-15 00:00:00,product_recommendation,1,0,0,0.0,0,0,0,179
4160,dormant_user_reactivation_v1,2025-01-15 00:00:00,product_recommendation,1,0,0,0.0,0,1,0,77
4162,dormant_user_reactivation_v1,2025-01-15 00:00:00,product_recommendation,1,0,0,0.0,0,0,0,138
4166,dormant_user_reactivation_v1,2025-01-15 00:00:00,education_content,1,1,0,0.0,1,0,0,166
4167,dormant_user_reactivation_v1,2025-01-15 00:00:00,control,1,0,0,0.0,1,0,0,373
4168,dormant_user_reactivation_v1,2025-01-15 00:00:00,control,1,0,0,0.0,0,0,0,109
4180,dormant_user_reactivation_v1,2025-01-15 00:00:00,product_recommendation,1,1,0,0.0,1,0,0,85
4183,dormant_user_reactivation_v1,2025-01-15 00:00:00,control,1,0,1,3024.38,1,0,0,312
4185,dormant_user_reactivation_v1,2025-01-15 00:00:00,product_recommendation,1,0,0,0.0,0,0,0,297
4187,dormant_user_reactivation_v1,2025-01-15 00:00:00,control,1,0,0,0.0,0,1,0,72
4191,dormant_user_reactivation_v1,2025-01-15 00:00:00,product_recommendation,1,0,0,0.0,0,0,0,93
4192,dormant_user_reactivation_v1,2025-01-15 00:00:00,control,1,0,0,0.0,0,0,0,114
4199,dormant_user_reactivation_v1,2025-01-15 00:00:00,control,1,0,0,0.0,0,1,0,49
4205,dormant_user_reactivation_v1,2025-01-15 00:00:00,control,1,0,0,0.0,1,1,0,57
4207,dormant_user_reactivation_v1,2025-01-15 00:00:00,product_recommendation,1,0,0,0.0,0,1,0,57
4208,dormant_user_reactivation_v1,2025-01-15 00:00:00,product_recommendation,1,0,0,0.0,0,0,0,141
4209,dormant_user_reactivation_v1,2025-01-15 00:00:00,education_content,1,0,0,0.0,0,0,0,158
4211,dormant_user_reactivation_v1,2025-01-15 00:00:00,product_recommendation,1,0,0,0.0,0,0,0,109
4213,dormant_user_reactivation_v1,2025-01-15 00:00:00,product_recommendation,0,0,0,0.0,0,0,0,144
4214,dormant_user_reactivation_v1,2025-01-15 00:00:00,control,1,0,0,0.0,1,0,0,113
4216,dormant_user_reactivation_v1,2025-01-15 00:00:00,product_recommendation,1,0,0,0.0,0,1,0,76
4218,dormant_user_reactivation_v1,2025-01-15 00:00:00,education_content,1,0,0,0.0,0,1,0,79
4220,dormant_user_reactivation_v1,2025-01-15 00:00:00,product_recommendation,1,0,0,0.0,0,1,0,63
4221,dormant_user_reactivation_v1,2025-01-15 00:00:00,product_recommendation,1,0,0,0.0,1,1,0,54
4223,dormant_user_reactivation_v1,2025-01-15 00:00:00,control,1,0,0,0.0,0,0,0,172
4224,dormant_user_reactivation_v1,2025-01-15 00:00:00,product_recommendation,1,0,0,0.0,0,0,0,279
4225,dormant_user_reactivation_v1,2025-01-15 00:00:00,education_content,1,0,0,0.0,0,0,0,282
4226,dormant_user_reactivation_v1,2025-01-15 00:00:00,product_recommendation,1,0,0,0.0,0,0,0,135
4229,dormant_user_reactivation_v1,2025-01-15 00:00:00,control,1,0,0,0.0,0,0,0,226
4236,dormant_user_reactivation_v1,2025-01-15 00:00:00,control,1,0,0,0.0,1,0,0,273
4237,dormant_user_reactivation_v1,2025-01-15 00:00:00,product_recommendation,1,0,0,0.0,0,1,0,86
4238,dormant_user_reactivation_v1,2025-01-15 00:00:00,education_content,1,0,0,0.0,0,0,0,143
4239,dormant_user_reactivation_v1,2025-01-15 00:00:00,control,1,0,0,0.0,0,1,0,70
4243,dormant_user_reactivation_v1,2025-01-15 00:00:00,control,1,0,0,0.0,1,0,0,132
4244,dormant_user_reactivation_v1,2025-01-15 00:00:00,education_content,1,0,0,0.0,0,0,0,228
4245,dormant_user_reactivation_v1,2025-01-15 00:00:00,education_content,1,0,0,0.0,0,0,0,225
4248,dormant_user_reactivation_v1,2025-01-15 00:00:00,product_recommendation,1,0,0,0.0,0,0,0,100
4249,dormant_user_reactivation_v1,2025-01-15 00:00:00,control,1,0,0,0.0,0,0,0,93
4250,dormant_user_reactivation_v1,2025-01-15 00:00:00,education_content,1,1,0,0.0,0,0,0,286
4251,dormant_user_reactivation_v1,2025-01-15 00:00:00,control,1,0,0,0.0,0,0,0,160
4253,dormant_user_reactivation_v1,2025-01-15 00:00:00,product_recommendation,1,1,0,0.0,1,0,0,206
4254,dormant_user_reactivation_v1,2025-01-15 00:00:00,education_content,1,0,0,0.0,0,0,0,136
4255,dormant_user_reactivation_v1,2025-01-15 00:00:00,education_content,1,0,0,0.0,0,0,0,367
4259,dormant_user_reactivation_v1,2025-01-15 00:00:00,control,0,0,0,0.0,0,0,0,237
4264,dormant_user_reactivation_v1,2025-01-15 00:00:00,product_recommendation,1,0,0,0.0,0,1,0,74
4266,dormant_user_reactivation_v1,2025-01-15 00:00:00,product_recommendation,1,0,0,0.0,0,0,0,348
4269,dormant_user_reactivation_v1,2025-01-15 00:00:00,product_recommendation,1,0,0,0.0,0,1,0,77
4271,dormant_user_reactivation_v1,2025-01-15 00:00:00,product_recommendation,1,0,0,0.0,0,0,0,143
4272,dormant_user_reactivation_v1,2025-01-15 00:00:00,control,1,0,0,0.0,1,2,0,48
4273,dormant_user_reactivation_v1,2025-01-15 00:00:00,product_recommendation,1,0,0,0.0,0,0,0,214
4274,dormant_user_reactivation_v1,2025-01-15 00:00:00,education_content,1,0,0,0.0,0,0,0,151
4276,dormant_user_reactivation_v1,2025-01-15 00:00:00,control,1,0,0,0.0,0,0,0,136
4278,dormant_user_reactivation_v1,2025-01-15 00:00:00,product_recommendation,1,0,0,0.0,0,0,0,150
4279,dormant_user_reactivation_v1,2025-01-15 00:00:00,product_recommendation,1,0,0,0.0,0,1,0,49
4280,dormant_user_reactivation_v1,2025-01-15 00:00:00,education_content,1,0,0,0.0,0,0,0,230
4281,dormant_user_reactivation_v1,2025-01-15 00:00:00,product_recommendation,1,0,0,0.0,0,1,0,57
4284,dormant_user_reactivation_v1,2025-01-15 00:00:00,control,1,0,0,0.0,0,1,0,79
4286,dormant_user_reactivation_v1,2025-01-15 00:00:00,education_content,1,0,0,0.0,0,0,0,124
4287,dormant_user_reactivation_v1,2025-01-15 00:00:00,education_content,1,0,0,0.0,1,4,0,62
4289,dormant_user_reactivation_v1,2025-01-15 00:00:00,education_content,1,0,0,0.0,0,0,0,162
4290,dormant_user_reactivation_v1,2025-01-15 00:00:00,education_content,1,1,0,0.0,1,1,0,57
4295,dormant_user_reactivation_v1,2025-01-15 00:00:00,education_content,1,1,0,0.0,1,1,0,88
4297,dormant_user_reactivation_v1,2025-01-15 00:00:00,education_content,1,1,1,10977.49,0,0,0,110
4299,dormant_user_reactivation_v1,2025-01-15 00:00:00,control,1,0,0,0.0,0,0,0,115
4302,dormant_user_reactivation_v1,2025-01-15 00:00:00,education_content,1,0,0,0.0,0,0,0,162
4303,dormant_user_reactivation_v1,2025-01-15 00:00:00,control,1,0,0,0.0,0,0,0,212
4304,dormant_user_reactivation_v1,2025-01-15 00:00:00,product_recommendation,1,0,0,0.0,0,0,0,119
4306,dormant_user_reactivation_v1,2025-01-15 00:00:00,education_content,1,0,0,0.0,1,0,0,281
4308,dormant_user_reactivation_v1,2025-01-15 00:00:00,control,1,0,0,0.0,0,0,0,96
4309,dormant_user_reactivation_v1,2025-01-15 00:00:00,product_recommendation,1,0,0,0.0,0,0,0,300
4316,dormant_user_reactivation_v1,2025-01-15 00:00:00,education_content,1,1,0,0.0,0,0,0,105
4317,dormant_user_reactivation_v1,2025-01-15 00:00:00,product_recommendation,1,0,0,0.0,0,0,0,132
4319,dormant_user_reactivation_v1,2025-01-15 00:00:00,education_content,1,0,0,0.0,0,1,0,85
4320,dormant_user_reactivation_v1,2025-01-15 00:00:00,product_recommendation,1,0,0,0.0,0,1,0,63
4323,dormant_user_reactivation_v1,2025-01-15 00:00:00,education_content,1,0,0,0.0,0,0,0,112
4324,dormant_user_reactivation_v1,2025-01-15 00:00:00,education_content,1,0,0,0.0,0,1,0,84
4325,dormant_user_reactivation_v1,2025-01-15 00:00:00,education_content,1,0,1,1648.73,0,0,0,189
4327,dormant_user_reactivation_v1,2025-01-15 00:00:00,product_recommendation,1,0,0,0.0,0,1,0,67
4331,dormant_user_reactivation_v1,2025-01-15 00:00:00,control,1,0,0,0.0,0,0,0,131
4332,dormant_user_reactivation_v1,2025-01-15 00:00:00,product_recommendation,1,0,0,0.0,0,0,0,99
4336,dormant_user_reactivation_v1,2025-01-15 00:00:00,product_recommendation,1,0,0,0.0,0,0,0,114
4338,dormant_user_reactivation_v1,2025-01-15 00:00:00,product_recommendation,1,0,0,0.0,1,0,0,309
4339,dormant_user_reactivation_v1,2025-01-15 00:00:00,product_recommendation,1,0,0,0.0,1,1,0,46
4343,dormant_user_reactivation_v1,2025-01-15 00:00:00,product_recommendation,1,1,0,0.0,0,0,0,334
4344,dormant_user_reactivation_v1,2025-01-15 00:00:00,education_content,1,0,0,0.0,0,0,0,224
4345,dormant_user_reactivation_v1,2025-01-15 00:00:00,product_recommendation,1,1,0,0.0,0,0,0,147
4346,dormant_user_reactivation_v1,2025-01-15 00:00:00,control,1,1,0,0.0,0,0,0,154
4347,dormant_user_reactivation_v1,2025-01-15 00:00:00,education_content,1,0,1,6022.94,1,0,0,92
4348,dormant_user_reactivation_v1,2025-01-15 00:00:00,control,1,0,0,0.0,0,0,0,133
4350,dormant_user_reactivation_v1,2025-01-15 00:00:00,control,1,0,0,0.0,0,0,0,317
4351,dormant_user_reactivation_v1,2025-01-15 00:00:00,education_content,1,1,0,0.0,1,0,0,67
4354,dormant_user_reactivation_v1,2025-01-15 00:00:00,control,1,0,0,0.0,1,1,0,52
4355,dormant_user_reactivation_v1,2025-01-15 00:00:00,control,1,0,0,0.0,0,0,0,134
4359,dormant_user_reactivation_v1,2025-01-15 00:00:00,control,1,0,0,0.0,0,1,0,66
4360,dormant_user_reactivation_v1,2025-01-15 00:00:00,control,1,0,0,0.0,0,0,0,127
4361,dormant_user_reactivation_v1,2025-01-15 00:00:00,education_content,1,0,0,0.0,0,0,0,108
4362,dormant_user_reactivation_v1,2025-01-15 00:00:00,education_content,1,0,0,0.0,0,2,0,49
4364,dormant_user_reactivation_v1,2025-01-15 00:00:00,product_recommendation,1,0,0,0.0,0,0,0,181
4365,dormant_user_reactivation_v1,2025-01-15 00:00:00,education_content,1,1,0,0.0,0,0,0,280
4366,dormant_user_reactivation_v1,2025-01-15 00:00:00,education_content,1,0,0,0.0,1,0,0,93
4367,dormant_user_reactivation_v1,2025-01-15 00:00:00,education_content,1,1,0,0.0,0,1,0,63
4370,dormant_user_reactivation_v1,2025-01-15 00:00:00,control,1,0,0,0.0,0,0,0,194
4371,dormant_user_reactivation_v1,2025-01-15 00:00:00,product_recommendation,1,0,0,0.0,0,2,0,45
4373,dormant_user_reactivation_v1,2025-01-15 00:00:00,product_recommendation,1,0,0,0.0,0,2,0,62
4374,dormant_user_reactivation_v1,2025-01-15 00:00:00,education_content,1,0,0,0.0,0,0,0,323
4378,dormant_user_reactivation_v1,2025-01-15 00:00:00,education_content,1,0,0,0.0,1,0,0,117
4379,dormant_user_reactivation_v1,2025-01-15 00:00:00,product_recommendation,1,0,0,0.0,0,0,0,201
4383,dormant_user_reactivation_v1,2025-01-15 00:00:00,product_recommendation,1,0,0,0.0,0,0,0,156
4384,dormant_user_reactivation_v1,2025-01-15 00:00:00,product_recommendation,1,1,1,2190.06,0,0,0,161
4385,dormant_user_reactivation_v1,2025-01-15 00:00:00,education_content,1,0,0,0.0,0,3,0,63
4386,dormant_user_reactivation_v1,2025-01-15 00:00:00,control,1,0,0,0.0,0,0,0,199
4387,dormant_user_reactivation_v1,2025-01-15 00:00:00,education_content,1,0,0,0.0,0,0,0,161
4388,dormant_user_reactivation_v1,2025-01-15 00:00:00,control,1,0,0,0.0,0,1,0,68
4390,dormant_user_reactivation_v1,2025-01-15 00:00:00,control,1,1,0,0.0,0,0,0,101
4391,dormant_user_reactivation_v1,2025-01-15 00:00:00,control,1,0,0,0.0,0,0,0,245
4393,dormant_user_reactivation_v1,2025-01-15 00:00:00,product_recommendation,1,0,0,0.0,0,0,0,165
4394,dormant_user_reactivation_v1,2025-01-15 00:00:00,product_recommendation,1,1,0,0.0,0,2,0,49
4396,dormant_user_reactivation_v1,2025-01-15 00:00:00,control,1,0,0,0.0,0,0,0,120
4397,dormant_user_reactivation_v1,2025-01-15 00:00:00,control,1,0,0,0.0,0,0,0,299
4399,dormant_user_reactivation_v1,2025-01-15 00:00:00,education_content,1,0,0,0.0,0,0,0,167
4402,dormant_user_reactivation_v1,2025-01-15 00:00:00,control,1,0,0,0.0,0,0,0,90
4404,dormant_user_reactivation_v1,2025-01-15 00:00:00,control,1,0,0,0.0,0,0,0,74
4406,dormant_user_reactivation_v1,2025-01-15 00:00:00,control,1,0,1,7108.85,0,0,0,228
4407,dormant_user_reactivation_v1,2025-01-15 00:00:00,product_recommendation,1,0,0,0.0,0,0,0,98
4409,dormant_user_reactivation_v1,2025-01-15 00:00:00,education_content,1,1,0,0.0,0,2,0,46
4418,dormant_user_reactivation_v1,2025-01-15 00:00:00,product_recommendation,1,0,1,4460.52,0,1,0,82
4420,dormant_user_reactivation_v1,2025-01-15 00:00:00,product_recommendation,1,0,0,0.0,0,1,0,70
4421,dormant_user_reactivation_v1,2025-01-15 00:00:00,education_content,1,0,0,0.0,0,0,0,148
4423,dormant_user_reactivation_v1,2025-01-15 00:00:00,education_content,1,1,0,0.0,0,0,0,118
4426,dormant_user_reactivation_v1,2025-01-15 00:00:00,education_content,1,0,1,979.76,0,0,0,147
4431,dormant_user_reactivation_v1,2025-01-15 00:00:00,control,1,0,0,0.0,0,0,0,174
4433,dormant_user_reactivation_v1,2025-01-15 00:00:00,product_recommendation,1,0,0,0.0,0,0,0,67
4436,dormant_user_reactivation_v1,2025-01-15 00:00:00,education_content,0,0,0,0.0,0,0,0,187
4439,dormant_user_reactivation_v1,2025-01-15 00:00:00,education_content,1,0,0,0.0,0,0,0,233
4440,dormant_user_reactivation_v1,2025-01-15 00:00:00,control,1,0,0,0.0,0,1,0,77
4445,dormant_user_reactivation_v1,2025-01-15 00:00:00,education_content,1,0,0,0.0,0,0,0,114
4446,dormant_user_reactivation_v1,2025-01-15 00:00:00,product_recommendation,1,0,0,0.0,0,0,0,215
4448,dormant_user_reactivation_v1,2025-01-15 00:00:00,control,1,0,0,0.0,0,1,0,76
4450,dormant_user_reactivation_v1,2025-01-15 00:00:00,product_recommendation,1,0,0,0.0,0,0,0,247
4452,dormant_user_reactivation_v1,2025-01-15 00:00:00,control,1,0,0,0.0,0,0,0,92
4453,dormant_user_reactivation_v1,2025-01-15 00:00:00,product_recommendation,1,0,0,0.0,1,1,1,67
4455,dormant_user_reactivation_v1,2025-01-15 00:00:00,education_content,1,0,0,0.0,1,2,0,55
4456,dormant_user_reactivation_v1,2025-01-15 00:00:00,product_recommendation,1,0,0,0.0,1,2,0,56
4459,dormant_user_reactivation_v1,2025-01-15 00:00:00,education_content,1,0,0,0.0,0,1,0,81
4461,dormant_user_reactivation_v1,2025-01-15 00:00:00,control,1,0,0,0.0,0,0,2,138
4463,dormant_user_reactivation_v1,2025-01-15 00:00:00,control,1,0,0,0.0,0,0,0,186
4464,dormant_user_reactivation_v1,2025-01-15 00:00:00,control,1,0,0,0.0,0,1,0,84
4466,dormant_user_reactivation_v1,2025-01-15 00:00:00,control,1,0,0,0.0,0,0,0,242
4467,dormant_user_reactivation_v1,2025-01-15 00:00:00,product_recommendation,1,0,1,1827.45,0,0,0,282
4471,dormant_user_reactivation_v1,2025-01-15 00:00:00,product_recommendation,1,0,0,0.0,0,0,0,151
4472,dormant_user_reactivation_v1,2025-01-15 00:00:00,control,1,0,0,0.0,0,0,0,181
4474,dormant_user_reactivation_v1,2025-01-15 00:00:00,control,1,0,0,0.0,0,1,0,74
4476,dormant_user_reactivation_v1,2025-01-15 00:00:00,control,1,0,0,0.0,1,0,0,146
4477,dormant_user_reactivation_v1,2025-01-15 00:00:00,product_recommendation,1,0,0,0.0,0,0,0,185
4479,dormant_user_reactivation_v1,2025-01-15 00:00:00,product_recommendation,1,0,0,0.0,1,0,0,270
4480,dormant_user_reactivation_v1,2025-01-15 00:00:00,education_content,1,1,0,0.0,1,0,0,313
4487,dormant_user_reactivation_v1,2025-01-15 00:00:00,product_recommendation,1,0,0,0.0,0,0,0,298
4488,dormant_user_reactivation_v1,2025-01-15 00:00:00,education_content,1,0,0,0.0,1,1,0,62
4489,dormant_user_reactivation_v1,2025-01-15 00:00:00,education_content,1,0,0,0.0,0,0,0,188
4490,dormant_user_reactivation_v1,2025-01-15 00:00:00,education_content,1,0,0,0.0,0,0,0,125
4491,dormant_user_reactivation_v1,2025-01-15 00:00:00,product_recommendation,1,1,0,0.0,0,0,0,104
4492,dormant_user_reactivation_v1,2025-01-15 00:00:00,product_recommendation,1,0,0,0.0,0,1,0,63
4493,dormant_user_reactivation_v1,2025-01-15 00:00:00,education_content,1,0,0,0.0,1,0,1,135
4494,dormant_user_reactivation_v1,2025-01-15 00:00:00,product_recommendation,1,0,0,0.0,0,1,0,70
4495,dormant_user_reactivation_v1,2025-01-15 00:00:00,education_content,1,1,0,0.0,0,1,0,58
4500,dormant_user_reactivation_v1,2025-01-15 00:00:00,education_content,1,1,0,0.0,0,0,0,240
4504,dormant_user_reactivation_v1,2025-01-15 00:00:00,control,1,0,0,0.0,0,0,0,113
4505,dormant_user_reactivation_v1,2025-01-15 00:00:00,product_recommendation,1,0,0,0.0,0,0,0,340
4509,dormant_user_reactivation_v1,2025-01-15 00:00:00,product_recommendation,1,0,0,0.0,0,0,0,147
4510,dormant_user_reactivation_v1,2025-01-15 00:00:00,product_recommendation,1,0,0,0.0,0,0,0,163
4512,dormant_user_reactivation_v1,2025-01-15 00:00:00,control,1,0,0,0.0,0,0,0,200
4514,dormant_user_reactivation_v1,2025-01-15 00:00:00,control,1,0,0,0.0,1,0,0,301
4515,dormant_user_reactivation_v1,2025-01-15 00:00:00,control,1,0,0,0.0,0,0,0,193
4516,dormant_user_reactivation_v1,2025-01-15 00:00:00,control,1,0,0,0.0,0,0,0,152
4517,dormant_user_reactivation_v1,2025-01-15 00:00:00,product_recommendation,1,0,0,0.0,0,0,0,152
4518,dormant_user_reactivation_v1,2025-01-15 00:00:00,control,1,0,0,0.0,0,2,0,53
4522,dormant_user_reactivation_v1,2025-01-15 00:00:00,control,1,0,0,0.0,0,0,0,152
4525,dormant_user_reactivation_v1,2025-01-15 00:00:00,control,1,0,0,0.0,1,0,0,213
4532,dormant_user_reactivation_v1,2025-01-15 00:00:00,control,1,0,0,0.0,0,0,0,67
4534,dormant_user_reactivation_v1,2025-01-15 00:00:00,product_recommendation,1,0,1,909.13,0,0,0,191
4535,dormant_user_reactivation_v1,2025-01-15 00:00:00,product_recommendation,1,0,0,0.0,0,1,0,58
4539,dormant_user_reactivation_v1,2025-01-15 00:00:00,education_content,1,0,0,0.0,0,0,0,92
4542,dormant_user_reactivation_v1,2025-01-15 00:00:00,education_content,1,0,0,0.0,0,3,0,74
4546,dormant_user_reactivation_v1,2025-01-15 00:00:00,product_recommendation,1,0,0,0.0,0,0,0,147
4547,dormant_user_reactivation_v1,2025-01-15 00:00:00,education_content,1,0,0,0.0,0,0,0,279
4550,dormant_user_reactivation_v1,2025-01-15 00:00:00,education_content,1,1,0,0.0,0,0,0,196
4551,dormant_user_reactivation_v1,2025-01-15 00:00:00,control,1,0,0,0.0,0,0,0,193
4552,dormant_user_reactivation_v1,2025-01-15 00:00:00,education_content,1,0,0,0.0,0,0,0,316
4556,dormant_user_reactivation_v1,2025-01-15 00:00:00,product_recommendation,1,0,0,0.0,0,0,0,277
4558,dormant_user_reactivation_v1,2025-01-15 00:00:00,education_content,1,1,0,0.0,1,0,0,251
4560,dormant_user_reactivation_v1,2025-01-15 00:00:00,education_content,1,0,0,0.0,0,0,0,194
4561,dormant_user_reactivation_v1,2025-01-15 00:00:00,control,1,0,0,0.0,0,0,0,177
4562,dormant_user_reactivation_v1,2025-01-15 00:00:00,education_content,1,0,0,0.0,0,0,0,149
4564,dormant_user_reactivation_v1,2025-01-15 00:00:00,product_recommendation,1,0,0,0.0,0,0,0,311
4565,dormant_user_reactivation_v1,2025-01-15 00:00:00,education_content,1,0,0,0.0,0,1,0,48
4566,dormant_user_reactivation_v1,2025-01-15 00:00:00,product_recommendation,1,0,0,0.0,0,0,0,117
4570,dormant_user_reactivation_v1,2025-01-15 00:00:00,control,1,0,0,0.0,0,1,0,66
4571,dormant_user_reactivation_v1,2025-01-15 00:00:00,product_recommendation,1,0,0,0.0,1,0,0,249
4572,dormant_user_reactivation_v1,2025-01-15 00:00:00,product_recommendation,1,0,0,0.0,0,0,0,102
4573,dormant_user_reactivation_v1,2025-01-15 00:00:00,education_content,1,0,0,0.0,0,1,0,86
4576,dormant_user_reactivation_v1,2025-01-15 00:00:00,education_content,1,0,0,0.0,0,0,0,96
4577,dormant_user_reactivation_v1,2025-01-15 00:00:00,product_recommendation,1,1,0,0.0,1,0,0,116
4578,dormant_user_reactivation_v1,2025-01-15 00:00:00,education_content,1,0,1,1251.39,0,0,0,102
4579,dormant_user_reactivation_v1,2025-01-15 00:00:00,education_content,1,0,0,0.0,0,0,0,221
4581,dormant_user_reactivation_v1,2025-01-15 00:00:00,control,1,0,0,0.0,0,2,0,69
4582,dormant_user_reactivation_v1,2025-01-15 00:00:00,education_content,1,0,0,0.0,0,0,0,245
4583,dormant_user_reactivation_v1,2025-01-15 00:00:00,education_content,1,0,0,0.0,0,0,0,270
4585,dormant_user_reactivation_v1,2025-01-15 00:00:00,control,1,0,0,0.0,1,0,0,124
4587,dormant_user_reactivation_v1,2025-01-15 00:00:00,product_recommendation,1,0,0,0.0,0,1,0,69
4588,dormant_user_reactivation_v1,2025-01-15 00:00:00,control,1,0,0,0.0,0,0,0,294
4590,dormant_user_reactivation_v1,2025-01-15 00:00:00,product_recommendation,1,0,0,0.0,0,1,0,45
4592,dormant_user_reactivation_v1,2025-01-15 00:00:00,control,1,0,0,0.0,0,1,0,61
4594,dormant_user_reactivation_v1,2025-01-15 00:00:00,product_recommendation,1,0,0,0.0,0,0,0,123
4597,dormant_user_reactivation_v1,2025-01-15 00:00:00,product_recommendation,1,0,0,0.0,0,0,0,214
4598,dormant_user_reactivation_v1,2025-01-15 00:00:00,education_content,1,0,0,0.0,0,0,0,116
4600,dormant_user_reactivation_v1,2025-01-15 00:00:00,control,1,0,0,0.0,0,0,0,125
4601,dormant_user_reactivation_v1,2025-01-15 00:00:00,education_content,0,0,0,0.0,0,0,0,157
4604,dormant_user_reactivation_v1,2025-01-15 00:00:00,education_content,1,0,0,0.0,1,0,0,328
4607,dormant_user_reactivation_v1,2025-01-15 00:00:00,product_recommendation,1,0,0,0.0,0,0,0,180
4608,dormant_user_reactivation_v1,2025-01-15 00:00:00,education_content,1,0,0,0.0,0,1,0,89
4609,dormant_user_reactivation_v1,2025-01-15 00:00:00,product_recommendation,1,0,0,0.0,0,0,0,188
4610,dormant_user_reactivation_v1,2025-01-15 00:00:00,product_recommendation,1,0,0,0.0,0,0,0,185
4611,dormant_user_reactivation_v1,2025-01-15 00:00:00,control,1,0,0,0.0,0,0,0,199
4612,dormant_user_reactivation_v1,2025-01-15 00:00:00,control,1,0,0,0.0,0,0,0,115
4614,dormant_user_reactivation_v1,2025-01-15 00:00:00,product_recommendation,1,0,0,0.0,0,0,0,116
4616,dormant_user_reactivation_v1,2025-01-15 00:00:00,control,1,0,0,0.0,1,1,0,72
4618,dormant_user_reactivation_v1,2025-01-15 00:00:00,education_content,1,0,0,0.0,0,0,0,211
4619,dormant_user_reactivation_v1,2025-01-15 00:00:00,product_recommendation,1,0,0,0.0,0,0,0,132
4621,dormant_user_reactivation_v1,2025-01-15 00:00:00,education_content,1,0,0,0.0,0,0,0,270
4629,dormant_user_reactivation_v1,2025-01-15 00:00:00,product_recommendation,1,1,0,0.0,0,1,0,87
4630,dormant_user_reactivation_v1,2025-01-15 00:00:00,control,1,0,0,0.0,0,0,0,107
4632,dormant_user_reactivation_v1,2025-01-15 00:00:00,product_recommendation,1,0,0,0.0,0,0,0,354
4633,dormant_user_reactivation_v1,2025-01-15 00:00:00,control,1,0,0,0.0,0,2,0,61
4639,dormant_user_reactivation_v1,2025-01-15 00:00:00,education_content,1,0,0,0.0,0,0,0,177
4640,dormant_user_reactivation_v1,2025-01-15 00:00:00,product_recommendation,1,1,0,0.0,0,0,0,194
4641,dormant_user_reactivation_v1,2025-01-15 00:00:00,product_recommendation,1,0,0,0.0,0,0,0,212
4642,dormant_user_reactivation_v1,2025-01-15 00:00:00,product_recommendation,1,0,0,0.0,0,1,0,76
4643,dormant_user_reactivation_v1,2025-01-15 00:00:00,education_content,1,0,0,0.0,0,1,0,89
4644,dormant_user_reactivation_v1,2025-01-15 00:00:00,product_recommendation,1,1,1,3094.36,0,0,0,60
4647,dormant_user_reactivation_v1,2025-01-15 00:00:00,control,1,0,0,0.0,0,0,0,166
4649,dormant_user_reactivation_v1,2025-01-15 00:00:00,product_recommendation,1,0,0,0.0,1,0,0,350
4650,dormant_user_reactivation_v1,2025-01-15 00:00:00,control,1,0,0,0.0,1,0,0,316
4652,dormant_user_reactivation_v1,2025-01-15 00:00:00,education_content,1,0,0,0.0,0,0,0,93
4654,dormant_user_reactivation_v1,2025-01-15 00:00:00,product_recommendation,1,1,0,0.0,0,0,0,322
4655,dormant_user_reactivation_v1,2025-01-15 00:00:00,product_recommendation,1,0,0,0.0,0,1,0,82
4657,dormant_user_reactivation_v1,2025-01-15 00:00:00,product_recommendation,1,0,0,0.0,0,0,0,140
4658,dormant_user_reactivation_v1,2025-01-15 00:00:00,product_recommendation,1,0,0,0.0,0,0,0,251
4664,dormant_user_reactivation_v1,2025-01-15 00:00:00,product_recommendation,0,0,0,0.0,0,0,0,163
4667,dormant_user_reactivation_v1,2025-01-15 00:00:00,education_content,1,0,0,0.0,1,0,0,167
4668,dormant_user_reactivation_v1,2025-01-15 00:00:00,product_recommendation,1,0,0,0.0,0,1,0,64
4669,dormant_user_reactivation_v1,2025-01-15 00:00:00,control,1,0,0,0.0,0,0,0,208
4673,dormant_user_reactivation_v1,2025-01-15 00:00:00,product_recommendation,1,1,0,0.0,0,2,0,61
4674,dormant_user_reactivation_v1,2025-01-15 00:00:00,control,1,0,0,0.0,0,0,0,90
4677,dormant_user_reactivation_v1,2025-01-15 00:00:00,product_recommendation,1,0,0,0.0,0,1,0,72
4678,dormant_user_reactivation_v1,2025-01-15 00:00:00,education_content,1,1,1,4255.51,0,0,0,232
4679,dormant_user_reactivation_v1,2025-01-15 00:00:00,product_recommendation,1,1,0,0.0,0,0,0,199
4680,dormant_user_reactivation_v1,2025-01-15 00:00:00,product_recommendation,1,0,0,0.0,0,0,0,230
4689,dormant_user_reactivation_v1,2025-01-15 00:00:00,product_recommendation,1,0,0,0.0,0,0,0,208
4690,dormant_user_reactivation_v1,2025-01-15 00:00:00,control,1,0,0,0.0,0,1,0,70
4693,dormant_user_reactivation_v1,2025-01-15 00:00:00,control,1,0,0,0.0,0,0,0,133
4694,dormant_user_reactivation_v1,2025-01-15 00:00:00,product_recommendation,1,0,0,0.0,0,0,0,124
4695,dormant_user_reactivation_v1,2025-01-15 00:00:00,product_recommendation,1,1,1,1928.42,0,0,0,232
4696,dormant_user_reactivation_v1,2025-01-15 00:00:00,product_recommendation,1,1,0,0.0,0,1,0,88
4699,dormant_user_reactivation_v1,2025-01-15 00:00:00,control,1,0,0,0.0,0,2,0,60
4700,dormant_user_reactivation_v1,2025-01-15 00:00:00,product_recommendation,1,0,0,0.0,0,1,0,61
4702,dormant_user_reactivation_v1,2025-01-15 00:00:00,product_recommendation,1,0,1,2784.79,0,0,0,166
4705,dormant_user_reactivation_v1,2025-01-15 00:00:00,control,1,0,0,0.0,0,1,0,50
4706,dormant_user_reactivation_v1,2025-01-15 00:00:00,product_recommendation,1,1,0,0.0,0,0,0,114
4710,dormant_user_reactivation_v1,2025-01-15 00:00:00,education_content,1,0,0,0.0,0,0,0,353
4712,dormant_user_reactivation_v1,2025-01-15 00:00:00,product_recommendation,1,1,0,0.0,0,0,0,101
4714,dormant_user_reactivation_v1,2025-01-15 00:00:00,education_content,1,0,0,0.0,0,0,0,202
4717,dormant_user_reactivation_v1,2025-01-15 00:00:00,control,1,0,0,0.0,1,0,0,163
4722,dormant_user_reactivation_v1,2025-01-15 00:00:00,education_content,1,0,0,0.0,0,3,0,70
4723,dormant_user_reactivation_v1,2025-01-15 00:00:00,education_content,1,0,0,0.0,0,0,0,222
4725,dormant_user_reactivation_v1,2025-01-15 00:00:00,product_recommendation,1,0,0,0.0,0,1,0,51
4726,dormant_user_reactivation_v1,2025-01-15 00:00:00,education_content,1,0,0,0.0,0,0,0,146
4727,dormant_user_reactivation_v1,2025-01-15 00:00:00,education_content,1,0,0,0.0,0,0,0,222
4728,dormant_user_reactivation_v1,2025-01-15 00:00:00,education_content,1,0,0,0.0,0,0,0,165
4732,dormant_user_reactivation_v1,2025-01-15 00:00:00,education_content,1,0,0,0.0,0,0,0,163
4733,dormant_user_reactivation_v1,2025-01-15 00:00:00,product_recommendation,1,1,0,0.0,1,1,0,64
4735,dormant_user_reactivation_v1,2025-01-15 00:00:00,control,1,0,0,0.0,0,0,0,132
4736,dormant_user_reactivation_v1,2025-01-15 00:00:00,product_recommendation,1,0,1,4081.41,0,1,0,51
4737,dormant_user_reactivation_v1,2025-01-15 00:00:00,control,1,0,0,0.0,1,0,0,235
4738,dormant_user_reactivation_v1,2025-01-15 00:00:00,control,1,0,0,0.0,1,0,0,293
4743,dormant_user_reactivation_v1,2025-01-15 00:00:00,product_recommendation,1,0,0,0.0,0,0,0,313
4747,dormant_user_reactivation_v1,2025-01-15 00:00:00,control,1,0,0,0.0,0,0,0,155
4748,dormant_user_reactivation_v1,2025-01-15 00:00:00,product_recommendation,1,0,0,0.0,0,1,0,67
4749,dormant_user_reactivation_v1,2025-01-15 00:00:00,control,1,0,0,0.0,0,0,0,368
4751,dormant_user_reactivation_v1,2025-01-15 00:00:00,product_recommendation,1,1,0,0.0,0,1,0,82
4754,dormant_user_reactivation_v1,2025-01-15 00:00:00,control,1,0,0,0.0,0,0,0,205
4756,dormant_user_reactivation_v1,2025-01-15 00:00:00,education_content,0,0,0,0.0,0,2,0,49
4761,dormant_user_reactivation_v1,2025-01-15 00:00:00,product_recommendation,0,0,0,0.0,0,3,0,46
4763,dormant_user_reactivation_v1,2025-01-15 00:00:00,education_content,1,0,0,0.0,0,0,0,139
4764,dormant_user_reactivation_v1,2025-01-15 00:00:00,education_content,1,0,0,0.0,0,0,0,243
4765,dormant_user_reactivation_v1,2025-01-15 00:00:00,product_recommendation,1,0,0,0.0,0,0,0,76
4766,dormant_user_reactivation_v1,2025-01-15 00:00:00,product_recommendation,1,0,0,0.0,0,0,0,308
4770,dormant_user_reactivation_v1,2025-01-15 00:00:00,education_content,1,0,0,0.0,1,1,0,60
4771,dormant_user_reactivation_v1,2025-01-15 00:00:00,control,1,0,0,0.0,0,1,0,72
4772,dormant_user_reactivation_v1,2025-01-15 00:00:00,education_content,1,0,0,0.0,0,0,0,169
4774,dormant_user_reactivation_v1,2025-01-15 00:00:00,education_content,1,1,0,0.0,0,0,0,161
4775,dormant_user_reactivation_v1,2025-01-15 00:00:00,control,1,0,0,0.0,0,3,0,45
4776,dormant_user_reactivation_v1,2025-01-15 00:00:00,control,1,0,0,0.0,0,0,0,171
4779,dormant_user_reactivation_v1,2025-01-15 00:00:00,control,1,0,0,0.0,0,0,0,303
4780,dormant_user_reactivation_v1,2025-01-15 00:00:00,product_recommendation,1,1,0,0.0,0,0,0,306
4783,dormant_user_reactivation_v1,2025-01-15 00:00:00,education_content,1,0,0,0.0,0,0,0,199
4784,dormant_user_reactivation_v1,2025-01-15 00:00:00,education_content,1,0,0,0.0,1,0,0,250
4786,dormant_user_reactivation_v1,2025-01-15 00:00:00,control,1,0,0,0.0,0,0,0,218
4789,dormant_user_reactivation_v1,2025-01-15 00:00:00,product_recommendation,1,0,0,0.0,0,0,0,144
4792,dormant_user_reactivation_v1,2025-01-15 00:00:00,education_content,1,1,0,0.0,0,1,0,89
4794,dormant_user_reactivation_v1,2025-01-15 00:00:00,product_recommendation,1,0,0,0.0,0,0,0,279
4796,dormant_user_reactivation_v1,2025-01-15 00:00:00,product_recommendation,1,0,0,0.0,0,0,0,124
4798,dormant_user_reactivation_v1,2025-01-15 00:00:00,education_content,1,0,1,7371.04,1,0,0,170
4800,dormant_user_reactivation_v1,2025-01-15 00:00:00,control,1,0,0,0.0,0,0,0,196
4803,dormant_user_reactivation_v1,2025-01-15 00:00:00,education_content,1,0,0,0.0,0,0,0,282
4807,dormant_user_reactivation_v1,2025-01-15 00:00:00,control,1,0,0,0.0,0,3,2,83
4809,dormant_user_reactivation_v1,2025-01-15 00:00:00,product_recommendation,1,0,0,0.0,1,0,0,164
4813,dormant_user_reactivation_v1,2025-01-15 00:00:00,product_recommendation,1,1,0,0.0,0,0,0,203
4821,dormant_user_reactivation_v1,2025-01-15 00:00:00,control,1,0,0,0.0,1,1,0,75
4822,dormant_user_reactivation_v1,2025-01-15 00:00:00,control,1,0,0,0.0,0,0,0,327
4823,dormant_user_reactivation_v1,2025-01-15 00:00:00,product_recommendation,1,0,0,0.0,0,0,0,106
4826,dormant_user_reactivation_v1,2025-01-15 00:00:00,education_content,1,0,0,0.0,0,1,0,76
4827,dormant_user_reactivation_v1,2025-01-15 00:00:00,control,1,0,0,0.0,0,0,0,97
4828,dormant_user_reactivation_v1,2025-01-15 00:00:00,control,1,0,0,0.0,0,0,0,152
4829,dormant_user_reactivation_v1,2025-01-15 00:00:00,control,1,0,0,0.0,0,0,0,109
4831,dormant_user_reactivation_v1,2025-01-15 00:00:00,control,1,0,0,0.0,0,1,0,53
4832,dormant_user_reactivation_v1,2025-01-15 00:00:00,education_content,1,0,0,0.0,0,0,0,124
4833,dormant_user_reactivation_v1,2025-01-15 00:00:00,control,1,0,0,0.0,0,1,0,47
4835,dormant_user_reactivation_v1,2025-01-15 00:00:00,education_content,1,0,0,0.0,0,0,0,91
4836,dormant_user_reactivation_v1,2025-01-15 00:00:00,product_recommendation,1,0,0,0.0,1,0,0,116
4837,dormant_user_reactivation_v1,2025-01-15 00:00:00,education_content,1,0,0,0.0,0,0,0,290
4838,dormant_user_reactivation_v1,2025-01-15 00:00:00,product_recommendation,1,0,0,0.0,0,0,0,64
4840,dormant_user_reactivation_v1,2025-01-15 00:00:00,education_content,0,0,0,0.0,1,1,0,65
4841,dormant_user_reactivation_v1,2025-01-15 00:00:00,product_recommendation,1,1,0,0.0,0,0,0,295
4842,dormant_user_reactivation_v1,2025-01-15 00:00:00,product_recommendation,1,0,0,0.0,0,0,0,153
4843,dormant_user_reactivation_v1,2025-01-15 00:00:00,control,1,0,0,0.0,0,1,0,70
4847,dormant_user_reactivation_v1,2025-01-15 00:00:00,control,1,0,0,0.0,1,0,0,352
4848,dormant_user_reactivation_v1,2025-01-15 00:00:00,control,1,0,0,0.0,0,0,0,145
4852,dormant_user_reactivation_v1,2025-01-15 00:00:00,product_recommendation,1,0,1,415.1,1,0,0,234
4853,dormant_user_reactivation_v1,2025-01-15 00:00:00,control,1,0,0,0.0,0,1,0,57
4854,dormant_user_reactivation_v1,2025-01-15 00:00:00,control,1,0,0,0.0,0,0,0,187
4857,dormant_user_reactivation_v1,2025-01-15 00:00:00,control,1,0,0,0.0,0,0,0,219
4858,dormant_user_reactivation_v1,2025-01-15 00:00:00,control,1,0,0,0.0,0,0,0,204
4860,dormant_user_reactivation_v1,2025-01-15 00:00:00,product_recommendation,1,0,0,0.0,0,0,1,117
4865,dormant_user_reactivation_v1,2025-01-15 00:00:00,education_content,1,0,0,0.0,0,1,0,88
4866,dormant_user_reactivation_v1,2025-01-15 00:00:00,control,1,1,0,0.0,0,2,0,50
4869,dormant_user_reactivation_v1,2025-01-15 00:00:00,control,1,0,0,0.0,0,0,0,287
4871,dormant_user_reactivation_v1,2025-01-15 00:00:00,control,1,0,0,0.0,0,0,0,65
4872,dormant_user_reactivation_v1,2025-01-15 00:00:00,product_recommendation,1,0,0,0.0,0,0,0,239
4873,dormant_user_reactivation_v1,2025-01-15 00:00:00,control,1,0,0,0.0,0,1,0,47
4878,dormant_user_reactivation_v1,2025-01-15 00:00:00,product_recommendation,1,0,0,0.0,0,0,0,133
4880,dormant_user_reactivation_v1,2025-01-15 00:00:00,control,1,0,0,0.0,0,0,0,253
4885,dormant_user_reactivation_v1,2025-01-15 00:00:00,control,1,0,0,0.0,0,0,0,230
4886,dormant_user_reactivation_v1,2025-01-15 00:00:00,education_content,1,0,0,0.0,0,0,0,102
4887,dormant_user_reactivation_v1,2025-01-15 00:00:00,control,1,0,0,0.0,0,1,0,63
4888,dormant_user_reactivation_v1,2025-01-15 00:00:00,education_content,1,0,1,4808.47,0,0,0,228
4890,dormant_user_reactivation_v1,2025-01-15 00:00:00,control,1,0,0,0.0,1,1,0,87
4894,dormant_user_reactivation_v1,2025-01-15 00:00:00,control,1,0,0,0.0,0,3,0,49
4895,dormant_user_reactivation_v1,2025-01-15 00:00:00,product_recommendation,1,0,0,0.0,0,0,0,314
4897,dormant_user_reactivation_v1,2025-01-15 00:00:00,education_content,1,0,0,0.0,0,0,0,307
4898,dormant_user_reactivation_v1,2025-01-15 00:00:00,education_content,1,0,0,0.0,0,0,0,281
4900,dormant_user_reactivation_v1,2025-01-15 00:00:00,education_content,1,0,0,0.0,0,0,0,210
4902,dormant_user_reactivation_v1,2025-01-15 00:00:00,product_recommendation,1,0,1,5410.63,1,0,0,271
4904,dormant_user_reactivation_v1,2025-01-15 00:00:00,product_recommendation,1,0,0,0.0,0,0,0,111
4905,dormant_user_reactivation_v1,2025-01-15 00:00:00,control,1,0,0,0.0,0,0,0,113
4906,dormant_user_reactivation_v1,2025-01-15 00:00:00,education_content,1,0,0,0.0,0,0,0,341
4909,dormant_user_reactivation_v1,2025-01-15 00:00:00,product_recommendation,1,0,0,0.0,0,0,0,121
4912,dormant_user_reactivation_v1,2025-01-15 00:00:00,education_content,1,0,0,0.0,0,0,0,188
4913,dormant_user_reactivation_v1,2025-01-15 00:00:00,control,1,0,0,0.0,1,0,0,305
4914,dormant_user_reactivation_v1,2025-01-15 00:00:00,control,1,0,0,0.0,0,0,0,90
4915,dormant_user_reactivation_v1,2025-01-15 00:00:00,education_content,1,0,0,0.0,1,0,0,240
4916,dormant_user_reactivation_v1,2025-01-15 00:00:00,control,1,0,0,0.0,0,0,0,175
4919,dormant_user_reactivation_v1,2025-01-15 00:00:00,education_content,1,1,0,0.0,0,0,0,153
4920,dormant_user_reactivation_v1,2025-01-15 00:00:00,control,1,0,1,2749.84,1,0,0,128
4923,dormant_user_reactivation_v1,2025-01-15 00:00:00,education_content,1,0,0,0.0,0,1,0,83
4924,dormant_user_reactivation_v1,2025-01-15 00:00:00,product_recommendation,1,0,0,0.0,0,0,0,125
4928,dormant_user_reactivation_v1,2025-01-15 00:00:00,product_recommendation,1,1,0,0.0,1,0,0,235
4929,dormant_user_reactivation_v1,2025-01-15 00:00:00,control,1,0,0,0.0,0,1,0,70
4932,dormant_user_reactivation_v1,2025-01-15 00:00:00,education_content,1,0,0,0.0,0,0,0,115
4933,dormant_user_reactivation_v1,2025-01-15 00:00:00,control,1,0,0,0.0,0,0,0,194
4934,dormant_user_reactivation_v1,2025-01-15 00:00:00,product_recommendation,1,0,0,0.0,0,0,0,280
4938,dormant_user_reactivation_v1,2025-01-15 00:00:00,product_recommendation,1,0,0,0.0,0,0,0,305
4940,dormant_user_reactivation_v1,2025-01-15 00:00:00,product_recommendation,1,0,0,0.0,0,0,0,238
4943,dormant_user_reactivation_v1,2025-01-15 00:00:00,education_content,1,0,0,0.0,1,0,0,213
4944,dormant_user_reactivation_v1,2025-01-15 00:00:00,education_content,1,0,0,0.0,1,1,0,59
4948,dormant_user_reactivation_v1,2025-01-15 00:00:00,product_recommendation,1,0,0,0.0,0,0,0,219
4951,dormant_user_reactivation_v1,2025-01-15 00:00:00,product_recommendation,1,0,0,0.0,0,0,0,208
4952,dormant_user_reactivation_v1,2025-01-15 00:00:00,product_recommendation,1,0,0,0.0,0,0,0,129
4953,dormant_user_reactivation_v1,2025-01-15 00:00:00,control,1,0,0,0.0,0,0,0,63
4955,dormant_user_reactivation_v1,2025-01-15 00:00:00,education_content,1,0,0,0.0,0,1,0,77
4956,dormant_user_reactivation_v1,2025-01-15 00:00:00,product_recommendation,1,0,1,23200.67,0,0,0,151
4957,dormant_user_reactivation_v1,2025-01-15 00:00:00,control,1,0,0,0.0,0,1,0,87
4959,dormant_user_reactivation_v1,2025-01-15 00:00:00,education_content,1,0,0,0.0,0,0,0,147
4960,dormant_user_reactivation_v1,2025-01-15 00:00:00,education_content,1,0,0,0.0,0,0,0,93
4962,dormant_user_reactivation_v1,2025-01-15 00:00:00,control,0,0,0,0.0,0,1,0,82
4967,dormant_user_reactivation_v1,2025-01-15 00:00:00,control,1,0,0,0.0,0,0,0,193
4969,dormant_user_reactivation_v1,2025-01-15 00:00:00,product_recommendation,1,1,0,0.0,0,0,0,215
4971,dormant_user_reactivation_v1,2025-01-15 00:00:00,control,1,0,0,0.0,1,0,2,154
4974,dormant_user_reactivation_v1,2025-01-15 00:00:00,education_content,1,0,0,0.0,0,1,0,50
4975,dormant_user_reactivation_v1,2025-01-15 00:00:00,control,1,0,0,0.0,0,0,0,191
4977,dormant_user_reactivation_v1,2025-01-15 00:00:00,product_recommendation,1,0,0,0.0,0,0,0,134
4979,dormant_user_reactivation_v1,2025-01-15 00:00:00,control,1,0,0,0.0,1,0,0,150
4981,dormant_user_reactivation_v1,2025-01-15 00:00:00,control,1,0,0,0.0,0,0,0,257
4984,dormant_user_reactivation_v1,2025-01-15 00:00:00,education_content,1,0,0,0.0,1,1,0,53
4986,dormant_user_reactivation_v1,2025-01-15 00:00:00,education_content,1,1,0,0.0,0,0,0,263
4990,dormant_user_reactivation_v1,2025-01-15 00:00:00,education_content,1,0,0,0.0,0,0,0,371
4991,dormant_user_reactivation_v1,2025-01-15 00:00:00,control,0,0,0,0.0,0,0,0,267
4992,dormant_user_reactivation_v1,2025-01-15 00:00:00,control,1,0,0,0.0,0,0,0,181
4995,dormant_user_reactivation_v1,2025-01-15 00:00:00,product_recommendation,1,0,0,0.0,0,0,0,92
4996,dormant_user_reactivation_v1,2025-01-15 00:00:00,product_recommendation,1,0,0,0.0,0,0,0,170
4997,dormant_user_reactivation_v1,2025-01-15 00:00:00,education_content,1,0,0,0.0,1,0,0,153
4999,dormant_user_reactivation_v1,2025-01-15 00:00:00,education_content,1,1,0,0.0,0,0,0,142
5000,dormant_user_reactivation_v1,2025-01-15 00:00:00,product_recommendation,1,0,0,0.0,1,0,0,157
5001,dormant_user_reactivation_v1,2025-01-15 00:00:00,education_content,1,0,0,0.0,0,0,0,275
5002,dormant_user_reactivation_v1,2025-01-15 00:00:00,education_content,1,0,0,0.0,0,1,0,70
5007,dormant_user_reactivation_v1,2025-01-15 00:00:00,education_content,1,0,0,0.0,0,0,0,169
5008,dormant_user_reactivation_v1,2025-01-15 00:00:00,education_content,0,0,0,0.0,0,0,0,101
5011,dormant_user_reactivation_v1,2025-01-15 00:00:00,education_content,1,0,0,0.0,1,0,0,220
5014,dormant_user_reactivation_v1,2025-01-15 00:00:00,education_content,0,0,0,0.0,0,1,0,77
5017,dormant_user_reactivation_v1,2025-01-15 00:00:00,product_recommendation,1,1,1,3798.78,1,1,0,50
5018,dormant_user_reactivation_v1,2025-01-15 00:00:00,control,1,0,0,0.0,0,0,0,229
5020,dormant_user_reactivation_v1,2025-01-15 00:00:00,control,1,0,0,0.0,0,0,0,93
5023,dormant_user_reactivation_v1,2025-01-15 00:00:00,control,1,0,0,0.0,0,0,0,159
5025,dormant_user_reactivation_v1,2025-01-15 00:00:00,education_content,1,0,0,0.0,0,0,0,375
5027,dormant_user_reactivation_v1,2025-01-15 00:00:00,education_content,1,0,0,0.0,0,0,0,155
5030,dormant_user_reactivation_v1,2025-01-15 00:00:00,education_content,1,0,0,0.0,0,0,0,135
5033,dormant_user_reactivation_v1,2025-01-15 00:00:00,education_content,1,0,0,0.0,0,0,0,211
5034,dormant_user_reactivation_v1,2025-01-15 00:00:00,education_content,1,0,0,0.0,0,0,0,129
5039,dormant_user_reactivation_v1,2025-01-15 00:00:00,education_content,1,0,0,0.0,0,0,0,163
5040,dormant_user_reactivation_v1,2025-01-15 00:00:00,education_content,1,0,0,0.0,0,0,0,141
5042,dormant_user_reactivation_v1,2025-01-15 00:00:00,control,1,0,0,0.0,0,0,0,242
5044,dormant_user_reactivation_v1,2025-01-15 00:00:00,education_content,1,0,0,0.0,0,1,0,46
5046,dormant_user_reactivation_v1,2025-01-15 00:00:00,education_content,1,0,0,0.0,0,1,0,81
5048,dormant_user_reactivation_v1,2025-01-15 00:00:00,control,1,0,0,0.0,1,0,0,176
5050,dormant_user_reactivation_v1,2025-01-15 00:00:00,education_content,1,0,0,0.0,1,0,0,345
5052,dormant_user_reactivation_v1,2025-01-15 00:00:00,control,1,0,0,0.0,0,0,0,157
5053,dormant_user_reactivation_v1,2025-01-15 00:00:00,control,1,0,0,0.0,0,1,0,65
5055,dormant_user_reactivation_v1,2025-01-15 00:00:00,education_content,1,0,1,3581.86,0,0,0,131
5056,dormant_user_reactivation_v1,2025-01-15 00:00:00,control,1,0,0,0.0,0,0,0,226
5057,dormant_user_reactivation_v1,2025-01-15 00:00:00,education_content,1,0,0,0.0,0,0,0,97
5060,dormant_user_reactivation_v1,2025-01-15 00:00:00,education_content,1,1,0,0.0,0,0,0,331
5063,dormant_user_reactivation_v1,2025-01-15 00:00:00,product_recommendation,1,0,0,0.0,0,0,0,304
5064,dormant_user_reactivation_v1,2025-01-15 00:00:00,control,1,0,0,0.0,0,0,0,204
5066,dormant_user_reactivation_v1,2025-01-15 00:00:00,education_content,1,0,0,0.0,0,0,0,313
5068,dormant_user_reactivation_v1,2025-01-15 00:00:00,control,1,0,0,0.0,1,1,0,67
5069,dormant_user_reactivation_v1,2025-01-15 00:00:00,product_recommendation,1,0,0,0.0,0,1,0,82
5070,dormant_user_reactivation_v1,2025-01-15 00:00:00,product_recommendation,1,0,0,0.0,0,0,0,199
5073,dormant_user_reactivation_v1,2025-01-15 00:00:00,education_content,1,0,0,0.0,0,0,0,175
5076,dormant_user_reactivation_v1,2025-01-15 00:00:00,product_recommendation,1,0,0,0.0,1,0,0,180
5077,dormant_user_reactivation_v1,2025-01-15 00:00:00,product_recommendation,1,1,0,0.0,0,1,0,69
5079,dormant_user_reactivation_v1,2025-01-15 00:00:00,control,1,1,0,0.0,0,0,0,149
5081,dormant_user_reactivation_v1,2025-01-15 00:00:00,product_recommendation,1,0,0,0.0,0,0,0,230
5082,dormant_user_reactivation_v1,2025-01-15 00:00:00,education_content,1,0,1,1999.2,1,0,0,179
5084,dormant_user_reactivation_v1,2025-01-15 00:00:00,education_content,1,0,0,0.0,0,0,0,210
5085,dormant_user_reactivation_v1,2025-01-15 00:00:00,education_content,1,0,0,0.0,0,1,0,75
5086,dormant_user_reactivation_v1,2025-01-15 00:00:00,control,1,0,0,0.0,0,0,0,264
5089,dormant_user_reactivation_v1,2025-01-15 00:00:00,product_recommendation,1,1,0,0.0,0,0,0,171
5091,dormant_user_reactivation_v1,2025-01-15 00:00:00,control,1,0,0,0.0,1,0,0,115
5092,dormant_user_reactivation_v1,2025-01-15 00:00:00,control,1,0,1,5823.98,0,0,0,158
5093,dormant_user_reactivation_v1,2025-01-15 00:00:00,control,1,0,0,0.0,0,1,0,55
5094,dormant_user_reactivation_v1,2025-01-15 00:00:00,product_recommendation,1,0,1,6238.39,1,1,0,72
5095,dormant_user_reactivation_v1,2025-01-15 00:00:00,education_content,1,0,0,0.0,0,0,0,68
5098,dormant_user_reactivation_v1,2025-01-15 00:00:00,product_recommendation,1,1,0,0.0,0,1,0,64
5099,dormant_user_reactivation_v1,2025-01-15 00:00:00,product_recommendation,1,0,0,0.0,0,1,0,89
5100,dormant_user_reactivation_v1,2025-01-15 00:00:00,product_recommendation,1,0,0,0.0,0,0,0,202
5102,dormant_user_reactivation_v1,2025-01-15 00:00:00,product_recommendation,1,0,0,0.0,0,0,0,186
5107,dormant_user_reactivation_v1,2025-01-15 00:00:00,control,1,0,0,0.0,0,0,0,197
5108,dormant_user_reactivation_v1,2025-01-15 00:00:00,product_recommendation,1,0,0,0.0,0,0,0,111
5110,dormant_user_reactivation_v1,2025-01-15 00:00:00,control,1,0,0,0.0,0,0,0,207
5111,dormant_user_reactivation_v1,2025-01-15 00:00:00,product_recommendation,1,0,0,0.0,0,0,0,242
5114,dormant_user_reactivation_v1,2025-01-15 00:00:00,control,1,0,1,5413.3,0,0,0,207
5116,dormant_user_reactivation_v1,2025-01-15 00:00:00,product_recommendation,1,0,0,0.0,0,0,0,248
5117,dormant_user_reactivation_v1,2025-01-15 00:00:00,control,1,0,0,0.0,0,0,0,147
5118,dormant_user_reactivation_v1,2025-01-15 00:00:00,education_content,1,0,0,0.0,0,0,0,220
5119,dormant_user_reactivation_v1,2025-01-15 00:00:00,product_recommendation,1,1,1,1087.38,1,0,0,179
5121,dormant_user_reactivation_v1,2025-01-15 00:00:00,control,1,0,0,0.0,0,2,0,46
5122,dormant_user_reactivation_v1,2025-01-15 00:00:00,product_recommendation,1,1,0,0.0,0,0,0,153
5123,dormant_user_reactivation_v1,2025-01-15 00:00:00,product_recommendation,1,0,1,10464.78,1,1,0,88
5124,dormant_user_reactivation_v1,2025-01-15 00:00:00,product_recommendation,0,0,0,0.0,0,0,0,130
5125,dormant_user_reactivation_v1,2025-01-15 00:00:00,education_content,1,0,0,0.0,0,0,0,361
5126,dormant_user_reactivation_v1,2025-01-15 00:00:00,control,1,0,0,0.0,0,0,0,140
5129,dormant_user_reactivation_v1,2025-01-15 00:00:00,education_content,1,0,0,0.0,0,2,0,74
5130,dormant_user_reactivation_v1,2025-01-15 00:00:00,education_content,1,0,0,0.0,0,0,0,131
5132,dormant_user_reactivation_v1,2025-01-15 00:00:00,education_content,1,0,0,0.0,0,2,0,51
5133,dormant_user_reactivation_v1,2025-01-15 00:00:00,product_recommendation,1,0,0,0.0,0,0,0,118
5134,dormant_user_reactivation_v1,2025-01-15 00:00:00,product_recommendation,1,0,0,0.0,0,1,0,68
5135,dormant_user_reactivation_v1,2025-01-15 00:00:00,control,1,0,0,0.0,0,0,0,133
5136,dormant_user_reactivation_v1,2025-01-15 00:00:00,control,1,0,0,0.0,1,0,0,180
5138,dormant_user_reactivation_v1,2025-01-15 00:00:00,product_recommendation,1,0,0,0.0,0,1,0,87
5139,dormant_user_reactivation_v1,2025-01-15 00:00:00,education_content,1,0,0,0.0,0,0,0,141
5142,dormant_user_reactivation_v1,2025-01-15 00:00:00,education_content,1,0,0,0.0,0,1,0,54
5143,dormant_user_reactivation_v1,2025-01-15 00:00:00,control,1,0,0,0.0,0,0,0,336
5144,dormant_user_reactivation_v1,2025-01-15 00:00:00,control,1,0,0,0.0,0,1,0,70
5147,dormant_user_reactivation_v1,2025-01-15 00:00:00,control,1,0,0,0.0,0,0,0,350
5148,dormant_user_reactivation_v1,2025-01-15 00:00:00,control,1,0,0,0.0,0,1,0,59
5150,dormant_user_reactivation_v1,2025-01-15 00:00:00,control,1,0,0,0.0,0,0,0,172
5151,dormant_user_reactivation_v1,2025-01-15 00:00:00,control,1,0,0,0.0,0,0,0,319
5161,dormant_user_reactivation_v1,2025-01-15 00:00:00,product_recommendation,1,0,0,0.0,0,0,0,361
5165,dormant_user_reactivation_v1,2025-01-15 00:00:00,education_content,1,0,0,0.0,0,0,0,141
5167,dormant_user_reactivation_v1,2025-01-15 00:00:00,product_recommendation,1,1,0,0.0,1,1,0,82
5171,dormant_user_reactivation_v1,2025-01-15 00:00:00,control,1,0,0,0.0,0,0,0,208
5172,dormant_user_reactivation_v1,2025-01-15 00:00:00,product_recommendation,1,0,0,0.0,0,0,0,240
5174,dormant_user_reactivation_v1,2025-01-15 00:00:00,education_content,1,0,1,2331.92,0,0,0,104
5175,dormant_user_reactivation_v1,2025-01-15 00:00:00,product_recommendation,1,0,0,0.0,1,0,0,173
5178,dormant_user_reactivation_v1,2025-01-15 00:00:00,product_recommendation,1,0,0,0.0,0,1,0,49
5179,dormant_user_reactivation_v1,2025-01-15 00:00:00,control,1,0,0,0.0,0,0,0,216
5183,dormant_user_reactivation_v1,2025-01-15 00:00:00,product_recommendation,1,0,0,0.0,0,0,0,94
5184,dormant_user_reactivation_v1,2025-01-15 00:00:00,product_recommendation,1,0,0,0.0,0,1,0,75
5185,dormant_user_reactivation_v1,2025-01-15 00:00:00,education_content,1,0,0,0.0,0,0,0,118
5186,dormant_user_reactivation_v1,2025-01-15 00:00:00,control,1,0,0,0.0,0,4,0,47
5191,dormant_user_reactivation_v1,2025-01-15 00:00:00,education_content,1,0,0,0.0,0,0,0,183
5192,dormant_user_reactivation_v1,2025-01-15 00:00:00,control,1,0,0,0.0,1,0,0,91
5194,dormant_user_reactivation_v1,2025-01-15 00:00:00,product_recommendation,1,0,0,0.0,1,0,0,138
5195,dormant_user_reactivation_v1,2025-01-15 00:00:00,control,1,0,0,0.0,0,0,0,118
5196,dormant_user_reactivation_v1,2025-01-15 00:00:00,education_content,1,0,0,0.0,0,0,0,269
5197,dormant_user_reactivation_v1,2025-01-15 00:00:00,product_recommendation,1,0,0,0.0,0,0,0,111
5205,dormant_user_reactivation_v1,2025-01-15 00:00:00,product_recommendation,1,0,0,0.0,0,0,0,165
5208,dormant_user_reactivation_v1,2025-01-15 00:00:00,control,1,0,1,2502.39,0,0,0,112
5209,dormant_user_reactivation_v1,2025-01-15 00:00:00,education_content,1,0,0,0.0,1,1,0,60
5211,dormant_user_reactivation_v1,2025-01-15 00:00:00,product_recommendation,1,0,1,1605.38,0,0,0,342
5213,dormant_user_reactivation_v1,2025-01-15 00:00:00,product_recommendation,1,0,0,0.0,0,0,0,309
5214,dormant_user_reactivation_v1,2025-01-15 00:00:00,control,1,0,0,0.0,0,0,0,199
5217,dormant_user_reactivation_v1,2025-01-15 00:00:00,product_recommendation,1,0,0,0.0,0,0,0,215
5220,dormant_user_reactivation_v1,2025-01-15 00:00:00,product_recommendation,1,0,0,0.0,0,0,0,115
5221,dormant_user_reactivation_v1,2025-01-15 00:00:00,education_content,1,0,0,0.0,0,1,0,69
5223,dormant_user_reactivation_v1,2025-01-15 00:00:00,control,1,0,0,0.0,0,1,0,49
5224,dormant_user_reactivation_v1,2025-01-15 00:00:00,control,1,0,0,0.0,1,0,0,181
5228,dormant_user_reactivation_v1,2025-01-15 00:00:00,product_recommendation,1,0,0,0.0,0,0,0,213
5229,dormant_user_reactivation_v1,2025-01-15 00:00:00,control,1,0,0,0.0,0,0,0,183
5231,dormant_user_reactivation_v1,2025-01-15 00:00:00,control,1,0,0,0.0,1,2,0,51
5232,dormant_user_reactivation_v1,2025-01-15 00:00:00,education_content,1,1,0,0.0,0,2,0,59
5234,dormant_user_reactivation_v1,2025-01-15 00:00:00,product_recommendation,1,0,0,0.0,1,0,0,176
5236,dormant_user_reactivation_v1,2025-01-15 00:00:00,education_content,1,1,1,1127.65,1,0,0,193
5237,dormant_user_reactivation_v1,2025-01-15 00:00:00,control,1,0,0,0.0,1,2,0,50
5239,dormant_user_reactivation_v1,2025-01-15 00:00:00,control,1,0,0,0.0,0,0,0,150
5242,dormant_user_reactivation_v1,2025-01-15 00:00:00,control,1,0,0,0.0,0,2,0,65
5243,dormant_user_reactivation_v1,2025-01-15 00:00:00,control,1,0,0,0.0,0,0,0,317
5244,dormant_user_reactivation_v1,2025-01-15 00:00:00,education_content,1,0,0,0.0,0,0,0,155
5245,dormant_user_reactivation_v1,2025-01-15 00:00:00,education_content,1,0,0,0.0,0,1,0,51
5246,dormant_user_reactivation_v1,2025-01-15 00:00:00,education_content,1,0,0,0.0,1,1,0,49
5247,dormant_user_reactivation_v1,2025-01-15 00:00:00,control,1,0,0,0.0,0,0,0,194
5248,dormant_user_reactivation_v1,2025-01-15 00:00:00,product_recommendation,1,0,0,0.0,0,1,0,88
5249,dormant_user_reactivation_v1,2025-01-15 00:00:00,control,1,0,0,0.0,0,0,0,163
5250,dormant_user_reactivation_v1,2025-01-15 00:00:00,product_recommendation,0,0,0,0.0,0,0,0,133
5254,dormant_user_reactivation_v1,2025-01-15 00:00:00,product_recommendation,1,0,0,0.0,0,0,0,312
5255,dormant_user_reactivation_v1,2025-01-15 00:00:00,education_content,1,0,0,0.0,0,0,0,102
5257,dormant_user_reactivation_v1,2025-01-15 00:00:00,control,1,0,0,0.0,0,0,0,234
5260,dormant_user_reactivation_v1,2025-01-15 00:00:00,education_content,1,0,0,0.0,0,0,0,99
5262,dormant_user_reactivation_v1,2025-01-15 00:00:00,control,1,0,0,0.0,0,1,0,69
5265,dormant_user_reactivation_v1,2025-01-15 00:00:00,education_content,1,0,0,0.0,0,0,0,261
5268,dormant_user_reactivation_v1,2025-01-15 00:00:00,control,1,0,1,4778.66,1,0,0,207
5269,dormant_user_reactivation_v1,2025-01-15 00:00:00,education_content,1,0,0,0.0,0,0,0,178
5271,dormant_user_reactivation_v1,2025-01-15 00:00:00,control,1,0,0,0.0,0,1,0,53
5273,dormant_user_reactivation_v1,2025-01-15 00:00:00,product_recommendation,0,0,0,0.0,0,2,0,57
5276,dormant_user_reactivation_v1,2025-01-15 00:00:00,product_recommendation,1,0,0,0.0,0,0,0,165
5277,dormant_user_reactivation_v1,2025-01-15 00:00:00,control,1,0,0,0.0,0,0,0,214
5278,dormant_user_reactivation_v1,2025-01-15 00:00:00,control,1,0,0,0.0,0,0,0,123
5279,dormant_user_reactivation_v1,2025-01-15 00:00:00,control,1,0,0,0.0,0,0,0,126
5280,dormant_user_reactivation_v1,2025-01-15 00:00:00,education_content,1,1,0,0.0,0,0,0,181
5281,dormant_user_reactivation_v1,2025-01-15 00:00:00,education_content,1,0,0,0.0,0,2,0,71
5283,dormant_user_reactivation_v1,2025-01-15 00:00:00,education_content,1,0,0,0.0,1,0,0,285
5285,dormant_user_reactivation_v1,2025-01-15 00:00:00,control,1,0,0,0.0,0,1,0,80
5286,dormant_user_reactivation_v1,2025-01-15 00:00:00,education_content,1,0,0,0.0,0,0,0,247
5287,dormant_user_reactivation_v1,2025-01-15 00:00:00,control,1,0,0,0.0,1,0,0,139
5290,dormant_user_reactivation_v1,2025-01-15 00:00:00,education_content,0,0,0,0.0,0,0,0,101
5291,dormant_user_reactivation_v1,2025-01-15 00:00:00,product_recommendation,1,1,0,0.0,1,1,0,59
5292,dormant_user_reactivation_v1,2025-01-15 00:00:00,education_content,1,0,0,0.0,0,0,0,128
5293,dormant_user_reactivation_v1,2025-01-15 00:00:00,education_content,1,0,0,0.0,0,0,0,108
5296,dormant_user_reactivation_v1,2025-01-15 00:00:00,product_recommendation,1,0,0,0.0,0,1,0,51
5297,dormant_user_reactivation_v1,2025-01-15 00:00:00,education_content,1,0,0,0.0,0,0,0,145
5298,dormant_user_reactivation_v1,2025-01-15 00:00:00,education_content,1,0,0,0.0,1,1,0,61
5300,dormant_user_reactivation_v1,2025-01-15 00:00:00,education_content,0,0,0,0.0,0,0,0,273
5301,dormant_user_reactivation_v1,2025-01-15 00:00:00,product_recommendation,1,1,0,0.0,0,0,0,125
5303,dormant_user_reactivation_v1,2025-01-15 00:00:00,product_recommendation,1,0,0,0.0,0,0,0,202
5304,dormant_user_reactivation_v1,2025-01-15 00:00:00,education_content,1,0,1,1526.65,0,0,0,94
5307,dormant_user_reactivation_v1,2025-01-15 00:00:00,control,1,0,0,0.0,0,0,0,206
5311,dormant_user_reactivation_v1,2025-01-15 00:00:00,control,1,0,0,0.0,0,0,0,201
5314,dormant_user_reactivation_v1,2025-01-15 00:00:00,education_content,1,0,0,0.0,0,0,0,233
5317,dormant_user_reactivation_v1,2025-01-15 00:00:00,control,1,0,0,0.0,0,0,0,271
5319,dormant_user_reactivation_v1,2025-01-15 00:00:00,education_content,1,0,0,0.0,0,2,0,68
5320,dormant_user_reactivation_v1,2025-01-15 00:00:00,education_content,1,0,0,0.0,0,0,0,159
5324,dormant_user_reactivation_v1,2025-01-15 00:00:00,product_recommendation,1,0,0,0.0,0,0,0,258
5329,dormant_user_reactivation_v1,2025-01-15 00:00:00,control,1,0,0,0.0,0,0,0,292
5330,dormant_user_reactivation_v1,2025-01-15 00:00:00,product_recommendation,1,0,0,0.0,0,2,0,51
5332,dormant_user_reactivation_v1,2025-01-15 00:00:00,control,1,0,0,0.0,0,0,0,280
5335,dormant_user_reactivation_v1,2025-01-15 00:00:00,control,1,0,0,0.0,0,0,0,163
5337,dormant_user_reactivation_v1,2025-01-15 00:00:00,control,1,0,0,0.0,0,0,0,288
5338,dormant_user_reactivation_v1,2025-01-15 00:00:00,product_recommendation,1,0,0,0.0,1,0,0,172
5339,dormant_user_reactivation_v1,2025-01-15 00:00:00,education_content,1,0,0,0.0,0,0,0,272
5340,dormant_user_reactivation_v1,2025-01-15 00:00:00,product_recommendation,1,1,0,0.0,1,3,0,56
5343,dormant_user_reactivation_v1,2025-01-15 00:00:00,product_recommendation,1,0,0,0.0,0,0,0,139
5344,dormant_user_reactivation_v1,2025-01-15 00:00:00,education_content,1,0,0,0.0,0,0,0,108
5346,dormant_user_reactivation_v1,2025-01-15 00:00:00,product_recommendation,1,0,0,0.0,0,0,0,185
5348,dormant_user_reactivation_v1,2025-01-15 00:00:00,education_content,1,0,0,0.0,0,0,0,293
5349,dormant_user_reactivation_v1,2025-01-15 00:00:00,education_content,1,0,0,0.0,0,0,0,112
5350,dormant_user_reactivation_v1,2025-01-15 00:00:00,product_recommendation,1,0,0,0.0,1,0,0,92
5352,dormant_user_reactivation_v1,2025-01-15 00:00:00,education_content,1,0,0,0.0,1,2,0,78
5353,dormant_user_reactivation_v1,2025-01-15 00:00:00,education_content,1,0,0,0.0,0,0,0,110
5358,dormant_user_reactivation_v1,2025-01-15 00:00:00,product_recommendation,1,1,0,0.0,0,0,0,260
5360,dormant_user_reactivation_v1,2025-01-15 00:00:00,education_content,1,1,0,0.0,0,0,0,151
5362,dormant_user_reactivation_v1,2025-01-15 00:00:00,control,1,0,0,0.0,0,0,0,170
5366,dormant_user_reactivation_v1,2025-01-15 00:00:00,education_content,0,0,0,0.0,1,0,0,292
5369,dormant_user_reactivation_v1,2025-01-15 00:00:00,product_recommendation,1,1,0,0.0,0,3,0,45
5370,dormant_user_reactivation_v1,2025-01-15 00:00:00,education_content,1,1,0,0.0,1,0,0,123
5372,dormant_user_reactivation_v1,2025-01-15 00:00:00,education_content,1,1,0,0.0,0,0,0,211
5373,dormant_user_reactivation_v1,2025-01-15 00:00:00,education_content,1,0,0,0.0,0,0,0,121
5375,dormant_user_reactivation_v1,2025-01-15 00:00:00,education_content,1,0,0,0.0,0,1,0,74
5378,dormant_user_reactivation_v1,2025-01-15 00:00:00,control,1,0,0,0.0,1,0,0,144
5379,dormant_user_reactivation_v1,2025-01-15 00:00:00,product_recommendation,1,0,1,4399.45,1,0,0,212
5380,dormant_user_reactivation_v1,2025-01-15 00:00:00,product_recommendation,1,0,0,0.0,1,1,0,72
5381,dormant_user_reactivation_v1,2025-01-15 00:00:00,product_recommendation,1,0,0,0.0,0,2,0,80
5382,dormant_user_reactivation_v1,2025-01-15 00:00:00,education_content,1,0,0,0.0,0,0,0,210
5386,dormant_user_reactivation_v1,2025-01-15 00:00:00,product_recommendation,1,0,0,0.0,0,0,0,206
5387,dormant_user_reactivation_v1,2025-01-15 00:00:00,control,1,0,0,0.0,1,2,0,63
5392,dormant_user_reactivation_v1,2025-01-15 00:00:00,education_content,1,0,0,0.0,0,0,0,328
5393,dormant_user_reactivation_v1,2025-01-15 00:00:00,control,1,0,0,0.0,0,0,0,104
5396,dormant_user_reactivation_v1,2025-01-15 00:00:00,education_content,0,0,0,0.0,0,1,0,84
5397,dormant_user_reactivation_v1,2025-01-15 00:00:00,product_recommendation,0,0,0,0.0,1,1,0,48
5398,dormant_user_reactivation_v1,2025-01-15 00:00:00,control,1,0,1,2150.5,1,3,0,82
5400,dormant_user_reactivation_v1,2025-01-15 00:00:00,control,1,0,0,0.0,0,1,0,79
5401,dormant_user_reactivation_v1,2025-01-15 00:00:00,education_content,1,0,0,0.0,0,0,0,91
5402,dormant_user_reactivation_v1,2025-01-15 00:00:00,product_recommendation,1,0,0,0.0,0,1,0,62
5403,dormant_user_reactivation_v1,2025-01-15 00:00:00,education_content,1,0,1,1331.09,0,1,0,88
5404,dormant_user_reactivation_v1,2025-01-15 00:00:00,education_content,1,0,0,0.0,0,1,0,55
5405,dormant_user_reactivation_v1,2025-01-15 00:00:00,control,1,0,0,0.0,1,0,0,140
5406,dormant_user_reactivation_v1,2025-01-15 00:00:00,product_recommendation,1,0,1,15404.14,0,0,0,237
5409,dormant_user_reactivation_v1,2025-01-15 00:00:00,education_content,1,1,0,0.0,0,0,0,301
5411,dormant_user_reactivation_v1,2025-01-15 00:00:00,control,1,0,0,0.0,0,0,0,121
5413,dormant_user_reactivation_v1,2025-01-15 00:00:00,education_content,1,0,0,0.0,0,0,0,230
5417,dormant_user_reactivation_v1,2025-01-15 00:00:00,product_recommendation,1,0,0,0.0,0,0,0,167
5421,dormant_user_reactivation_v1,2025-01-15 00:00:00,education_content,1,0,0,0.0,0,0,0,151
5423,dormant_user_reactivation_v1,2025-01-15 00:00:00,education_content,1,0,0,0.0,0,0,0,143
5430,dormant_user_reactivation_v1,2025-01-15 00:00:00,product_recommendation,1,0,0,0.0,0,0,0,180
5433,dormant_user_reactivation_v1,2025-01-15 00:00:00,product_recommendation,1,0,0,0.0,0,0,0,170
5434,dormant_user_reactivation_v1,2025-01-15 00:00:00,control,1,0,0,0.0,0,0,0,268
5435,dormant_user_reactivation_v1,2025-01-15 00:00:00,education_content,0,0,0,0.0,0,0,0,120
5436,dormant_user_reactivation_v1,2025-01-15 00:00:00,product_recommendation,1,0,0,0.0,0,0,0,314
5437,dormant_user_reactivation_v1,2025-01-15 00:00:00,education_content,1,0,0,0.0,0,0,0,134
5438,dormant_user_reactivation_v1,2025-01-15 00:00:00,education_content,1,1,0,0.0,1,4,0,45
5439,dormant_user_reactivation_v1,2025-01-15 00:00:00,control,1,0,0,0.0,0,0,0,291
5440,dormant_user_reactivation_v1,2025-01-15 00:00:00,control,1,0,0,0.0,0,0,0,280
5441,dormant_user_reactivation_v1,2025-01-15 00:00:00,product_recommendation,1,0,0,0.0,1,0,0,154
5445,dormant_user_reactivation_v1,2025-01-15 00:00:00,education_content,1,0,0,0.0,1,0,0,155
5450,dormant_user_reactivation_v1,2025-01-15 00:00:00,education_content,1,0,1,7878.99,0,1,0,85
5451,dormant_user_reactivation_v1,2025-01-15 00:00:00,product_recommendation,1,0,0,0.0,0,0,0,156
5455,dormant_user_reactivation_v1,2025-01-15 00:00:00,education_content,1,0,0,0.0,0,0,0,116
5456,dormant_user_reactivation_v1,2025-01-15 00:00:00,education_content,1,0,0,0.0,1,0,0,152
5459,dormant_user_reactivation_v1,2025-01-15 00:00:00,product_recommendation,1,0,0,0.0,1,0,0,275
5460,dormant_user_reactivation_v1,2025-01-15 00:00:00,education_content,1,0,0,0.0,0,0,0,188
5461,dormant_user_reactivation_v1,2025-01-15 00:00:00,product_recommendation,1,0,1,5018.01,0,1,0,55
5462,dormant_user_reactivation_v1,2025-01-15 00:00:00,education_content,1,0,0,0.0,0,0,0,110
5467,dormant_user_reactivation_v1,2025-01-15 00:00:00,education_content,1,0,0,0.0,0,0,0,134
5470,dormant_user_reactivation_v1,2025-01-15 00:00:00,product_recommendation,1,1,0,0.0,0,0,0,340
5471,dormant_user_reactivation_v1,2025-01-15 00:00:00,control,1,0,0,0.0,0,0,0,252
5472,dormant_user_reactivation_v1,2025-01-15 00:00:00,product_recommendation,1,0,0,0.0,1,1,0,58
5475,dormant_user_reactivation_v1,2025-01-15 00:00:00,control,1,0,0,0.0,0,0,0,129
5479,dormant_user_reactivation_v1,2025-01-15 00:00:00,education_content,1,0,0,0.0,0,0,0,197
5480,dormant_user_reactivation_v1,2025-01-15 00:00:00,control,1,0,0,0.0,0,1,0,67
5481,dormant_user_reactivation_v1,2025-01-15 00:00:00,control,1,0,0,0.0,0,0,0,154
5483,dormant_user_reactivation_v1,2025-01-15 00:00:00,control,1,0,0,0.0,0,0,0,112
5487,dormant_user_reactivation_v1,2025-01-15 00:00:00,product_recommendation,1,0,0,0.0,0,0,0,179
5488,dormant_user_reactivation_v1,2025-01-15 00:00:00,product_recommendation,1,0,0,0.0,0,1,1,50
5491,dormant_user_reactivation_v1,2025-01-15 00:00:00,control,0,0,0,0.0,0,0,0,142
5492,dormant_user_reactivation_v1,2025-01-15 00:00:00,product_recommendation,1,0,0,0.0,0,0,0,145
5493,dormant_user_reactivation_v1,2025-01-15 00:00:00,control,1,0,0,0.0,0,0,0,216
5494,dormant_user_reactivation_v1,2025-01-15 00:00:00,education_content,1,1,0,0.0,0,0,0,153
5496,dormant_user_reactivation_v1,2025-01-15 00:00:00,control,1,0,1,3335.21,0,0,0,280
5498,dormant_user_reactivation_v1,2025-01-15 00:00:00,control,1,0,0,0.0,0,0,0,130
5500,dormant_user_reactivation_v1,2025-01-15 00:00:00,education_content,1,1,0,0.0,0,0,0,237
5501,dormant_user_reactivation_v1,2025-01-15 00:00:00,control,1,0,0,0.0,0,0,0,300
5503,dormant_user_reactivation_v1,2025-01-15 00:00:00,product_recommendation,1,0,0,0.0,0,1,0,57
5505,dormant_user_reactivation_v1,2025-01-15 00:00:00,education_content,1,0,0,0.0,0,0,0,181
5506,dormant_user_reactivation_v1,2025-01-15 00:00:00,product_recommendation,1,0,0,0.0,1,0,0,128
5507,dormant_user_reactivation_v1,2025-01-15 00:00:00,control,1,0,0,0.0,0,0,0,189
5508,dormant_user_reactivation_v1,2025-01-15 00:00:00,product_recommendation,1,0,0,0.0,0,0,0,234
5509,dormant_user_reactivation_v1,2025-01-15 00:00:00,control,1,0,0,0.0,0,0,0,168
5519,dormant_user_reactivation_v1,2025-01-15 00:00:00,product_recommendation,1,0,0,0.0,1,0,0,178
5522,dormant_user_reactivation_v1,2025-01-15 00:00:00,product_recommendation,1,0,0,0.0,0,2,0,52
5523,dormant_user_reactivation_v1,2025-01-15 00:00:00,control,1,0,0,0.0,0,0,0,213
5525,dormant_user_reactivation_v1,2025-01-15 00:00:00,control,1,0,0,0.0,0,2,0,49
5527,dormant_user_reactivation_v1,2025-01-15 00:00:00,education_content,1,0,0,0.0,0,1,0,81
5531,dormant_user_reactivation_v1,2025-01-15 00:00:00,control,1,0,0,0.0,0,0,0,103
5532,dormant_user_reactivation_v1,2025-01-15 00:00:00,control,1,0,0,0.0,0,2,0,85
5534,dormant_user_reactivation_v1,2025-01-15 00:00:00,control,1,0,0,0.0,1,0,0,246
5536,dormant_user_reactivation_v1,2025-01-15 00:00:00,education_content,1,0,0,0.0,0,1,0,57
5538,dormant_user_reactivation_v1,2025-01-15 00:00:00,product_recommendation,1,0,0,0.0,0,1,0,77
5539,dormant_user_reactivation_v1,2025-01-15 00:00:00,product_recommendation,1,0,0,0.0,0,0,0,138
5541,dormant_user_reactivation_v1,2025-01-15 00:00:00,control,1,0,0,0.0,0,0,0,108
5543,dormant_user_reactivation_v1,2025-01-15 00:00:00,product_recommendation,1,0,0,0.0,0,2,0,60
5544,dormant_user_reactivation_v1,2025-01-15 00:00:00,product_recommendation,1,1,0,0.0,0,0,0,239
5550,dormant_user_reactivation_v1,2025-01-15 00:00:00,education_content,1,0,0,0.0,0,1,0,84
5553,dormant_user_reactivation_v1,2025-01-15 00:00:00,education_content,1,0,0,0.0,1,0,0,229
5554,dormant_user_reactivation_v1,2025-01-15 00:00:00,product_recommendation,1,0,0,0.0,0,0,0,324
5558,dormant_user_reactivation_v1,2025-01-15 00:00:00,product_recommendation,1,0,0,0.0,1,0,0,146
5559,dormant_user_reactivation_v1,2025-01-15 00:00:00,education_content,1,0,0,0.0,0,0,0,162
5560,dormant_user_reactivation_v1,2025-01-15 00:00:00,control,1,0,0,0.0,0,2,0,69
5563,dormant_user_reactivation_v1,2025-01-15 00:00:00,product_recommendation,1,0,0,0.0,1,0,0,180
5564,dormant_user_reactivation_v1,2025-01-15 00:00:00,product_recommendation,1,0,0,0.0,0,0,0,116
5565,dormant_user_reactivation_v1,2025-01-15 00:00:00,control,1,0,0,0.0,0,0,0,98
5569,dormant_user_reactivation_v1,2025-01-15 00:00:00,education_content,1,1,0,0.0,0,0,0,144
5572,dormant_user_reactivation_v1,2025-01-15 00:00:00,education_content,1,0,0,0.0,0,0,0,172
5573,dormant_user_reactivation_v1,2025-01-15 00:00:00,control,1,0,0,0.0,1,0,0,218
5574,dormant_user_reactivation_v1,2025-01-15 00:00:00,education_content,1,0,0,0.0,1,1,0,63
5576,dormant_user_reactivation_v1,2025-01-15 00:00:00,control,1,0,0,0.0,0,2,0,52
5578,dormant_user_reactivation_v1,2025-01-15 00:00:00,education_content,1,0,0,0.0,1,0,0,91
5580,dormant_user_reactivation_v1,2025-01-15 00:00:00,control,1,0,0,0.0,0,0,0,250
5581,dormant_user_reactivation_v1,2025-01-15 00:00:00,product_recommendation,1,1,0,0.0,1,0,0,242
5582,dormant_user_reactivation_v1,2025-01-15 00:00:00,product_recommendation,1,0,0,0.0,0,0,0,123
5583,dormant_user_reactivation_v1,2025-01-15 00:00:00,product_recommendation,1,0,0,0.0,0,1,0,46
5585,dormant_user_reactivation_v1,2025-01-15 00:00:00,product_recommendation,1,0,0,0.0,0,0,0,216
5587,dormant_user_reactivation_v1,2025-01-15 00:00:00,control,1,0,0,0.0,0,0,0,101
5592,dormant_user_reactivation_v1,2025-01-15 00:00:00,product_recommendation,1,0,0,0.0,1,0,0,90
5595,dormant_user_reactivation_v1,2025-01-15 00:00:00,product_recommendation,1,0,0,0.0,0,0,0,374
5597,dormant_user_reactivation_v1,2025-01-15 00:00:00,product_recommendation,1,0,0,0.0,0,1,0,82
5602,dormant_user_reactivation_v1,2025-01-15 00:00:00,education_content,1,0,1,2569.79,0,0,0,124
5604,dormant_user_reactivation_v1,2025-01-15 00:00:00,education_content,1,0,0,0.0,0,0,0,205
5607,dormant_user_reactivation_v1,2025-01-15 00:00:00,control,1,0,0,0.0,0,0,0,149
5610,dormant_user_reactivation_v1,2025-01-15 00:00:00,product_recommendation,1,1,0,0.0,0,0,0,114
5611,dormant_user_reactivation_v1,2025-01-15 00:00:00,education_content,1,0,1,2253.87,0,0,0,229
5613,dormant_user_reactivation_v1,2025-01-15 00:00:00,product_recommendation,1,0,0,0.0,0,0,0,104
5614,dormant_user_reactivation_v1,2025-01-15 00:00:00,product_recommendation,1,0,1,3028.43,0,0,0,282
5615,dormant_user_reactivation_v1,2025-01-15 00:00:00,control,1,0,0,0.0,1,2,0,75
5617,dormant_user_reactivation_v1,2025-01-15 00:00:00,control,1,0,0,0.0,1,0,0,93
5620,dormant_user_reactivation_v1,2025-01-15 00:00:00,product_recommendation,1,0,0,0.0,0,1,0,85
5626,dormant_user_reactivation_v1,2025-01-15 00:00:00,control,1,0,0,0.0,0,0,0,263
5630,dormant_user_reactivation_v1,2025-01-15 00:00:00,education_content,1,0,0,0.0,0,0,0,127
5631,dormant_user_reactivation_v1,2025-01-15 00:00:00,control,1,0,0,0.0,1,2,0,64
5632,dormant_user_reactivation_v1,2025-01-15 00:00:00,education_content,1,0,0,0.0,0,1,0,60
5633,dormant_user_reactivation_v1,2025-01-15 00:00:00,product_recommendation,1,1,0,0.0,0,0,0,310
5634,dormant_user_reactivation_v1,2025-01-15 00:00:00,product_recommendation,1,1,0,0.0,0,0,0,96
5636,dormant_user_reactivation_v1,2025-01-15 00:00:00,product_recommendation,1,1,0,0.0,0,6,1,45
5640,dormant_user_reactivation_v1,2025-01-15 00:00:00,education_content,0,0,0,0.0,1,0,0,180
5641,dormant_user_reactivation_v1,2025-01-15 00:00:00,control,1,0,0,0.0,0,1,0,74
5642,dormant_user_reactivation_v1,2025-01-15 00:00:00,product_recommendation,1,0,0,0.0,0,0,0,97
5643,dormant_user_reactivation_v1,2025-01-15 00:00:00,education_content,1,1,0,0.0,0,0,0,127
5647,dormant_user_reactivation_v1,2025-01-15 00:00:00,control,1,0,0,0.0,0,0,0,209
5648,dormant_user_reactivation_v1,2025-01-15 00:00:00,education_content,1,0,0,0.0,0,0,0,156
5652,dormant_user_reactivation_v1,2025-01-15 00:00:00,product_recommendation,1,0,0,0.0,0,0,0,117
5653,dormant_user_reactivation_v1,2025-01-15 00:00:00,product_recommendation,1,0,0,0.0,0,0,0,202
5655,dormant_user_reactivation_v1,2025-01-15 00:00:00,product_recommendation,1,0,0,0.0,0,0,0,176
5656,dormant_user_reactivation_v1,2025-01-15 00:00:00,product_recommendation,1,0,1,2183.44,1,0,0,337
5658,dormant_user_reactivation_v1,2025-01-15 00:00:00,education_content,1,0,0,0.0,0,0,0,360
5659,dormant_user_reactivation_v1,2025-01-15 00:00:00,control,1,0,0,0.0,1,0,0,228
5661,dormant_user_reactivation_v1,2025-01-15 00:00:00,product_recommendation,1,0,0,0.0,0,1,0,82
5664,dormant_user_reactivation_v1,2025-01-15 00:00:00,control,1,0,0,0.0,0,0,0,147
5665,dormant_user_reactivation_v1,2025-01-15 00:00:00,control,1,0,0,0.0,0,0,0,153
5666,dormant_user_reactivation_v1,2025-01-15 00:00:00,control,1,0,0,0.0,0,4,0,59
5667,dormant_user_reactivation_v1,2025-01-15 00:00:00,control,1,0,0,0.0,0,0,0,116
5669,dormant_user_reactivation_v1,2025-01-15 00:00:00,education_content,1,0,0,0.0,0,0,0,185
5671,dormant_user_reactivation_v1,2025-01-15 00:00:00,control,1,0,0,0.0,0,0,0,128
5674,dormant_user_reactivation_v1,2025-01-15 00:00:00,education_content,1,0,0,0.0,0,1,0,48
5675,dormant_user_reactivation_v1,2025-01-15 00:00:00,control,1,0,0,0.0,0,0,0,170
5676,dormant_user_reactivation_v1,2025-01-15 00:00:00,control,1,0,0,0.0,0,0,0,235
5679,dormant_user_reactivation_v1,2025-01-15 00:00:00,product_recommendation,1,0,0,0.0,0,0,0,239
5680,dormant_user_reactivation_v1,2025-01-15 00:00:00,control,1,0,0,0.0,1,1,0,65
5683,dormant_user_reactivation_v1,2025-01-15 00:00:00,product_recommendation,1,0,0,0.0,0,0,0,284
5684,dormant_user_reactivation_v1,2025-01-15 00:00:00,education_content,1,0,0,0.0,0,0,0,281
5685,dormant_user_reactivation_v1,2025-01-15 00:00:00,product_recommendation,1,0,0,0.0,0,0,0,256
5686,dormant_user_reactivation_v1,2025-01-15 00:00:00,education_content,1,0,0,0.0,0,0,0,217
5688,dormant_user_reactivation_v1,2025-01-15 00:00:00,education_content,1,0,0,0.0,0,0,0,363
5690,dormant_user_reactivation_v1,2025-01-15 00:00:00,control,1,0,0,0.0,0,1,0,88
5692,dormant_user_reactivation_v1,2025-01-15 00:00:00,control,1,0,0,0.0,0,0,0,127
5695,dormant_user_reactivation_v1,2025-01-15 00:00:00,product_recommendation,0,0,0,0.0,0,0,0,249
5696,dormant_user_reactivation_v1,2025-01-15 00:00:00,control,1,0,0,0.0,0,0,0,302
5699,dormant_user_reactivation_v1,2025-01-15 00:00:00,education_content,1,0,0,0.0,0,0,0,140
5701,dormant_user_reactivation_v1,2025-01-15 00:00:00,control,1,0,0,0.0,0,0,0,144
5703,dormant_user_reactivation_v1,2025-01-15 00:00:00,product_recommendation,1,0,0,0.0,0,0,0,67
5705,dormant_user_reactivation_v1,2025-01-15 00:00:00,control,1,0,0,0.0,0,1,1,50
5706,dormant_user_reactivation_v1,2025-01-15 00:00:00,education_content,1,0,0,0.0,0,0,0,144
5708,dormant_user_reactivation_v1,2025-01-15 00:00:00,education_content,1,0,0,0.0,1,1,0,89
5709,dormant_user_reactivation_v1,2025-01-15 00:00:00,product_recommendation,1,0,0,0.0,0,0,0,222
5715,dormant_user_reactivation_v1,2025-01-15 00:00:00,product_recommendation,1,0,0,0.0,0,0,0,110
5718,dormant_user_reactivation_v1,2025-01-15 00:00:00,control,1,0,0,0.0,0,0,0,238
5720,dormant_user_reactivation_v1,2025-01-15 00:00:00,control,1,0,0,0.0,0,0,0,100
5721,dormant_user_reactivation_v1,2025-01-15 00:00:00,product_recommendation,1,1,1,4109.56,1,0,0,207
5722,dormant_user_reactivation_v1,2025-01-15 00:00:00,product_recommendation,1,0,0,0.0,0,1,0,81
5723,dormant_user_reactivation_v1,2025-01-15 00:00:00,product_recommendation,1,0,0,0.0,0,1,0,65
5724,dormant_user_reactivation_v1,2025-01-15 00:00:00,product_recommendation,1,1,0,0.0,1,1,0,77
5728,dormant_user_reactivation_v1,2025-01-15 00:00:00,control,1,0,0,0.0,0,0,0,108
5730,dormant_user_reactivation_v1,2025-01-15 00:00:00,product_recommendation,1,0,1,7341.47,0,4,0,49
5731,dormant_user_reactivation_v1,2025-01-15 00:00:00,product_recommendation,1,0,0,0.0,1,0,0,69
5733,dormant_user_reactivation_v1,2025-01-15 00:00:00,product_recommendation,1,0,0,0.0,0,1,0,83
5734,dormant_user_reactivation_v1,2025-01-15 00:00:00,product_recommendation,1,0,0,0.0,0,2,0,55
5735,dormant_user_reactivation_v1,2025-01-15 00:00:00,product_recommendation,1,0,0,0.0,0,0,0,158
5739,dormant_user_reactivation_v1,2025-01-15 00:00:00,education_content,1,0,0,0.0,0,0,0,93
5741,dormant_user_reactivation_v1,2025-01-15 00:00:00,product_recommendation,1,1,0,0.0,0,2,0,70
5742,dormant_user_reactivation_v1,2025-01-15 00:00:00,control,1,0,0,0.0,1,0,0,116
5743,dormant_user_reactivation_v1,2025-01-15 00:00:00,product_recommendation,1,0,0,0.0,0,0,0,89
5744,dormant_user_reactivation_v1,2025-01-15 00:00:00,education_content,1,0,0,0.0,0,0,0,125
5747,dormant_user_reactivation_v1,2025-01-15 00:00:00,education_content,1,0,0,0.0,0,0,0,156
5750,dormant_user_reactivation_v1,2025-01-15 00:00:00,product_recommendation,1,0,0,0.0,0,0,0,162
5752,dormant_user_reactivation_v1,2025-01-15 00:00:00,education_content,1,0,0,0.0,0,0,0,342
5753,dormant_user_reactivation_v1,2025-01-15 00:00:00,control,1,0,0,0.0,0,1,0,59
5760,dormant_user_reactivation_v1,2025-01-15 00:00:00,product_recommendation,0,0,0,0.0,0,0,0,368
5762,dormant_user_reactivation_v1,2025-01-15 00:00:00,control,1,0,0,0.0,0,1,0,65
5764,dormant_user_reactivation_v1,2025-01-15 00:00:00,control,1,0,0,0.0,0,0,0,228
5765,dormant_user_reactivation_v1,2025-01-15 00:00:00,education_content,1,0,0,0.0,0,0,0,254
5766,dormant_user_reactivation_v1,2025-01-15 00:00:00,education_content,1,0,0,0.0,0,1,0,65
5767,dormant_user_reactivation_v1,2025-01-15 00:00:00,education_content,1,0,0,0.0,0,1,0,86
5769,dormant_user_reactivation_v1,2025-01-15 00:00:00,product_recommendation,1,0,0,0.0,0,1,0,47
5770,dormant_user_reactivation_v1,2025-01-15 00:00:00,product_recommendation,1,0,0,0.0,0,0,0,275
5771,dormant_user_reactivation_v1,2025-01-15 00:00:00,control,1,0,0,0.0,0,0,0,110
5773,dormant_user_reactivation_v1,2025-01-15 00:00:00,product_recommendation,1,0,0,0.0,1,0,0,181
5775,dormant_user_reactivation_v1,2025-01-15 00:00:00,control,1,0,0,0.0,0,0,0,79
5777,dormant_user_reactivation_v1,2025-01-15 00:00:00,control,1,0,0,0.0,0,5,2,50
5778,dormant_user_reactivation_v1,2025-01-15 00:00:00,control,1,0,0,0.0,0,0,0,157
5779,dormant_user_reactivation_v1,2025-01-15 00:00:00,education_content,1,0,0,0.0,0,1,0,59
5780,dormant_user_reactivation_v1,2025-01-15 00:00:00,control,1,0,0,0.0,1,0,0,120
5781,dormant_user_reactivation_v1,2025-01-15 00:00:00,control,1,0,0,0.0,0,0,0,117
5782,dormant_user_reactivation_v1,2025-01-15 00:00:00,education_content,1,0,0,0.0,0,0,0,101
5789,dormant_user_reactivation_v1,2025-01-15 00:00:00,education_content,1,0,0,0.0,0,0,0,110
5790,dormant_user_reactivation_v1,2025-01-15 00:00:00,control,1,0,0,0.0,0,1,0,82
5794,dormant_user_reactivation_v1,2025-01-15 00:00:00,education_content,1,0,0,0.0,0,0,0,207
5795,dormant_user_reactivation_v1,2025-01-15 00:00:00,product_recommendation,1,0,0,0.0,1,0,0,295
5796,dormant_user_reactivation_v1,2025-01-15 00:00:00,product_recommendation,1,0,1,3745.5,1,0,0,101
5797,dormant_user_reactivation_v1,2025-01-15 00:00:00,product_recommendation,1,0,0,0.0,0,0,0,326
5799,dormant_user_reactivation_v1,2025-01-15 00:00:00,product_recommendation,1,0,0,0.0,0,0,0,109
5800,dormant_user_reactivation_v1,2025-01-15 00:00:00,education_content,1,0,0,0.0,0,0,0,198
5802,dormant_user_reactivation_v1,2025-01-15 00:00:00,control,1,0,0,0.0,0,0,0,294
5805,dormant_user_reactivation_v1,2025-01-15 00:00:00,product_recommendation,1,0,0,0.0,0,2,0,62
5806,dormant_user_reactivation_v1,2025-01-15 00:00:00,product_recommendation,1,0,0,0.0,0,0,0,203
5809,dormant_user_reactivation_v1,2025-01-15 00:00:00,education_content,1,0,0,0.0,1,0,0,298
5811,dormant_user_reactivation_v1,2025-01-15 00:00:00,control,1,0,0,0.0,0,0,0,164
5812,dormant_user_reactivation_v1,2025-01-15 00:00:00,education_content,1,0,0,0.0,0,0,0,300
5813,dormant_user_reactivation_v1,2025-01-15 00:00:00,control,1,0,0,0.0,0,1,0,75
5815,dormant_user_reactivation_v1,2025-01-15 00:00:00,product_recommendation,1,1,0,0.0,0,1,0,77
5817,dormant_user_reactivation_v1,2025-01-15 00:00:00,control,1,0,0,0.0,0,0,0,255
5819,dormant_user_reactivation_v1,2025-01-15 00:00:00,product_recommendation,1,0,0,0.0,0,0,0,189
5823,dormant_user_reactivation_v1,2025-01-15 00:00:00,product_recommendation,1,0,0,0.0,0,1,0,86
5825,dormant_user_reactivation_v1,2025-01-15 00:00:00,control,0,0,0,0.0,0,0,0,260
5826,dormant_user_reactivation_v1,2025-01-15 00:00:00,control,1,0,0,0.0,0,2,1,57
5827,dormant_user_reactivation_v1,2025-01-15 00:00:00,education_content,1,0,0,0.0,0,0,0,102
5829,dormant_user_reactivation_v1,2025-01-15 00:00:00,control,1,0,0,0.0,0,0,0,343
5832,dormant_user_reactivation_v1,2025-01-15 00:00:00,control,1,1,0,0.0,0,0,0,241
5834,dormant_user_reactivation_v1,2025-01-15 00:00:00,product_recommendation,1,0,0,0.0,0,0,0,305
5835,dormant_user_reactivation_v1,2025-01-15 00:00:00,education_content,1,0,0,0.0,1,0,0,101
5838,dormant_user_reactivation_v1,2025-01-15 00:00:00,education_content,1,0,0,0.0,0,0,0,274
5839,dormant_user_reactivation_v1,2025-01-15 00:00:00,control,1,0,0,0.0,0,1,0,61
5841,dormant_user_reactivation_v1,2025-01-15 00:00:00,education_content,1,0,0,0.0,0,0,0,315
5842,dormant_user_reactivation_v1,2025-01-15 00:00:00,education_content,1,0,0,0.0,0,0,0,201
5843,dormant_user_reactivation_v1,2025-01-15 00:00:00,education_content,1,1,0,0.0,0,1,0,81
5850,dormant_user_reactivation_v1,2025-01-15 00:00:00,product_recommendation,1,0,0,0.0,0,1,0,70
5854,dormant_user_reactivation_v1,2025-01-15 00:00:00,education_content,1,0,0,0.0,0,0,0,221
5855,dormant_user_reactivation_v1,2025-01-15 00:00:00,education_content,1,0,0,0.0,0,0,0,166
5858,dormant_user_reactivation_v1,2025-01-15 00:00:00,control,1,0,0,0.0,0,0,0,307
5863,dormant_user_reactivation_v1,2025-01-15 00:00:00,product_recommendation,1,0,1,2550.69,1,1,0,74
5864,dormant_user_reactivation_v1,2025-01-15 00:00:00,control,1,0,0,0.0,0,0,0,128
5868,dormant_user_reactivation_v1,2025-01-15 00:00:00,education_content,1,0,0,0.0,0,0,0,161
5870,dormant_user_reactivation_v1,2025-01-15 00:00:00,control,1,0,1,1213.73,0,1,0,62
5871,dormant_user_reactivation_v1,2025-01-15 00:00:00,product_recommendation,1,0,0,0.0,0,0,0,195
5881,dormant_user_reactivation_v1,2025-01-15 00:00:00,control,1,0,0,0.0,0,2,0,45
5885,dormant_user_reactivation_v1,2025-01-15 00:00:00,education_content,1,0,0,0.0,0,0,0,308
5886,dormant_user_reactivation_v1,2025-01-15 00:00:00,control,1,0,0,0.0,0,0,0,109
5889,dormant_user_reactivation_v1,2025-01-15 00:00:00,education_content,1,0,0,0.0,0,0,0,159
5890,dormant_user_reactivation_v1,2025-01-15 00:00:00,product_recommendation,1,0,0,0.0,0,1,0,77
5891,dormant_user_reactivation_v1,2025-01-15 00:00:00,product_recommendation,1,0,0,0.0,1,0,0,209
5894,dormant_user_reactivation_v1,2025-01-15 00:00:00,control,1,0,0,0.0,1,0,0,189
5896,dormant_user_reactivation_v1,2025-01-15 00:00:00,control,1,0,0,0.0,0,2,0,55
5897,dormant_user_reactivation_v1,2025-01-15 00:00:00,product_recommendation,0,0,0,0.0,1,1,0,68
5898,dormant_user_reactivation_v1,2025-01-15 00:00:00,control,1,0,0,0.0,0,0,0,247
5899,dormant_user_reactivation_v1,2025-01-15 00:00:00,product_recommendation,1,0,0,0.0,0,1,0,83
5902,dormant_user_reactivation_v1,2025-01-15 00:00:00,product_recommendation,1,0,0,0.0,0,1,0,71
5904,dormant_user_reactivation_v1,2025-01-15 00:00:00,education_content,1,0,0,0.0,0,1,0,81
5906,dormant_user_reactivation_v1,2025-01-15 00:00:00,control,1,1,0,0.0,0,0,0,117
5909,dormant_user_reactivation_v1,2025-01-15 00:00:00,control,1,0,0,0.0,0,0,0,271
5910,dormant_user_reactivation_v1,2025-01-15 00:00:00,education_content,1,0,0,0.0,0,1,0,52
5913,dormant_user_reactivation_v1,2025-01-15 00:00:00,education_content,1,0,1,3326.68,0,1,0,51
5914,dormant_user_reactivation_v1,2025-01-15 00:00:00,education_content,1,0,0,0.0,0,0,0,326
5915,dormant_user_reactivation_v1,2025-01-15 00:00:00,control,1,0,0,0.0,1,0,0,294
5916,dormant_user_reactivation_v1,2025-01-15 00:00:00,control,1,0,0,0.0,0,0,0,236
5918,dormant_user_reactivation_v1,2025-01-15 00:00:00,control,1,0,0,0.0,0,0,0,128
5921,dormant_user_reactivation_v1,2025-01-15 00:00:00,education_content,1,0,0,0.0,0,0,0,184
5923,dormant_user_reactivation_v1,2025-01-15 00:00:00,product_recommendation,1,0,0,0.0,0,0,0,280
5924,dormant_user_reactivation_v1,2025-01-15 00:00:00,product_recommendation,1,0,0,0.0,0,0,0,206
5925,dormant_user_reactivation_v1,2025-01-15 00:00:00,product_recommendation,1,1,0,0.0,0,3,0,76
5927,dormant_user_reactivation_v1,2025-01-15 00:00:00,control,1,0,0,0.0,0,1,0,50
5928,dormant_user_reactivation_v1,2025-01-15 00:00:00,education_content,1,0,0,0.0,0,2,0,66
5930,dormant_user_reactivation_v1,2025-01-15 00:00:00,control,0,0,0,0.0,0,0,0,164
5932,dormant_user_reactivation_v1,2025-01-15 00:00:00,product_recommendation,1,1,0,0.0,0,0,0,201
5935,dormant_user_reactivation_v1,2025-01-15 00:00:00,product_recommendation,1,1,0,0.0,0,0,0,153
5936,dormant_user_reactivation_v1,2025-01-15 00:00:00,education_content,1,0,0,0.0,0,0,0,261
5937,dormant_user_reactivation_v1,2025-01-15 00:00:00,education_content,1,0,0,0.0,1,0,0,164
5941,dormant_user_reactivation_v1,2025-01-15 00:00:00,education_content,1,0,0,0.0,0,0,0,124
5946,dormant_user_reactivation_v1,2025-01-15 00:00:00,education_content,1,0,0,0.0,0,1,0,80
5947,dormant_user_reactivation_v1,2025-01-15 00:00:00,control,1,0,0,0.0,0,0,0,299
5949,dormant_user_reactivation_v1,2025-01-15 00:00:00,control,1,0,0,0.0,0,0,0,168
5950,dormant_user_reactivation_v1,2025-01-15 00:00:00,product_recommendation,1,0,0,0.0,0,0,0,305
5952,dormant_user_reactivation_v1,2025-01-15 00:00:00,product_recommendation,1,0,0,0.0,0,0,0,101
5954,dormant_user_reactivation_v1,2025-01-15 00:00:00,control,1,0,0,0.0,0,4,0,59
5955,dormant_user_reactivation_v1,2025-01-15 00:00:00,product_recommendation,1,0,0,0.0,0,0,0,194
5956,dormant_user_reactivation_v1,2025-01-15 00:00:00,product_recommendation,1,0,0,0.0,1,0,0,61
5959,dormant_user_reactivation_v1,2025-01-15 00:00:00,education_content,1,0,0,0.0,0,3,0,69
5960,dormant_user_reactivation_v1,2025-01-15 00:00:00,control,1,0,0,0.0,0,0,0,136
5961,dormant_user_reactivation_v1,2025-01-15 00:00:00,product_recommendation,1,0,0,0.0,0,0,0,145
5966,dormant_user_reactivation_v1,2025-01-15 00:00:00,control,0,0,0,0.0,0,0,0,299
5967,dormant_user_reactivation_v1,2025-01-15 00:00:00,control,1,0,0,0.0,0,1,0,82
5968,dormant_user_reactivation_v1,2025-01-15 00:00:00,product_recommendation,1,0,0,0.0,0,0,0,134
5970,dormant_user_reactivation_v1,2025-01-15 00:00:00,education_content,1,0,0,0.0,0,0,0,226
5971,dormant_user_reactivation_v1,2025-01-15 00:00:00,education_content,1,0,0,0.0,0,0,0,203
5974,dormant_user_reactivation_v1,2025-01-15 00:00:00,product_recommendation,1,0,0,0.0,1,0,0,225
5976,dormant_user_reactivation_v1,2025-01-15 00:00:00,product_recommendation,1,1,0,0.0,1,0,0,198
5977,dormant_user_reactivation_v1,2025-01-15 00:00:00,education_content,1,0,0,0.0,1,2,0,58
5979,dormant_user_reactivation_v1,2025-01-15 00:00:00,control,1,0,0,0.0,0,0,0,200
5980,dormant_user_reactivation_v1,2025-01-15 00:00:00,control,1,0,0,0.0,0,0,0,188
5981,dormant_user_reactivation_v1,2025-01-15 00:00:00,product_recommendation,1,0,0,0.0,0,0,0,146
5983,dormant_user_reactivation_v1,2025-01-15 00:00:00,education_content,1,0,0,0.0,0,0,0,225
5987,dormant_user_reactivation_v1,2025-01-15 00:00:00,education_content,1,0,0,0.0,0,0,0,151
5991,dormant_user_reactivation_v1,2025-01-15 00:00:00,control,1,0,0,0.0,0,0,0,232
5997,dormant_user_reactivation_v1,2025-01-15 00:00:00,control,1,0,0,0.0,0,1,0,85
5998,dormant_user_reactivation_v1,2025-01-15 00:00:00,product_recommendation,1,0,0,0.0,1,1,0,61
5999,dormant_user_reactivation_v1,2025-01-15 00:00:00,control,1,0,0,0.0,0,0,0,74
6001,dormant_user_reactivation_v1,2025-01-15 00:00:00,control,0,0,0,0.0,0,0,0,96
6002,dormant_user_reactivation_v1,2025-01-15 00:00:00,education_content,1,0,0,0.0,0,1,0,87
6003,dormant_user_reactivation_v1,2025-01-15 00:00:00,education_content,1,0,0,0.0,1,0,0,248
6004,dormant_user_reactivation_v1,2025-01-15 00:00:00,control,1,0,0,0.0,0,0,0,136
6005,dormant_user_reactivation_v1,2025-01-15 00:00:00,product_recommendation,1,0,0,0.0,0,0,0,115
6007,dormant_user_reactivation_v1,2025-01-15 00:00:00,product_recommendation,1,0,1,8502.59,0,0,0,124
6008,dormant_user_reactivation_v1,2025-01-15 00:00:00,product_recommendation,1,0,0,0.0,0,0,0,263
6009,dormant_user_reactivation_v1,2025-01-15 00:00:00,control,1,0,0,0.0,0,1,0,56
6012,dormant_user_reactivation_v1,2025-01-15 00:00:00,education_content,1,0,0,0.0,0,2,0,56
6013,dormant_user_reactivation_v1,2025-01-15 00:00:00,product_recommendation,0,0,0,0.0,0,0,0,245
6014,dormant_user_reactivation_v1,2025-01-15 00:00:00,product_recommendation,1,0,1,2894.88,0,0,0,125
6020,dormant_user_reactivation_v1,2025-01-15 00:00:00,control,1,0,0,0.0,0,0,0,248
6022,dormant_user_reactivation_v1,2025-01-15 00:00:00,control,1,0,0,0.0,0,0,0,96
6023,dormant_user_reactivation_v1,2025-01-15 00:00:00,control,1,0,1,1071.03,1,0,0,83
6024,dormant_user_reactivation_v1,2025-01-15 00:00:00,education_content,1,0,0,0.0,0,0,0,113
6027,dormant_user_reactivation_v1,2025-01-15 00:00:00,education_content,1,1,0,0.0,0,0,0,170
6028,dormant_user_reactivation_v1,2025-01-15 00:00:00,control,1,0,0,0.0,0,1,0,67
6029,dormant_user_reactivation_v1,2025-01-15 00:00:00,product_recommendation,1,1,0,0.0,0,0,0,184
6031,dormant_user_reactivation_v1,2025-01-15 00:00:00,product_recommendation,1,0,0,0.0,0,1,0,86
6033,dormant_user_reactivation_v1,2025-01-15 00:00:00,control,1,0,0,0.0,0,1,0,64
6034,dormant_user_reactivation_v1,2025-01-15 00:00:00,product_recommendation,1,0,0,0.0,0,0,0,223
6035,dormant_user_reactivation_v1,2025-01-15 00:00:00,education_content,1,1,0,0.0,0,0,0,116
6037,dormant_user_reactivation_v1,2025-01-15 00:00:00,education_content,1,0,0,0.0,0,0,0,178
6039,dormant_user_reactivation_v1,2025-01-15 00:00:00,control,1,0,0,0.0,0,1,0,61
6041,dormant_user_reactivation_v1,2025-01-15 00:00:00,product_recommendation,1,0,0,0.0,0,0,0,335
6042,dormant_user_reactivation_v1,2025-01-15 00:00:00,control,1,0,0,0.0,0,0,0,174
6044,dormant_user_reactivation_v1,2025-01-15 00:00:00,product_recommendation,1,0,0,0.0,0,0,0,206
6046,dormant_user_reactivation_v1,2025-01-15 00:00:00,product_recommendation,1,0,0,0.0,0,1,0,60
6049,dormant_user_reactivation_v1,2025-01-15 00:00:00,product_recommendation,1,0,0,0.0,0,0,0,188
6051,dormant_user_reactivation_v1,2025-01-15 00:00:00,product_recommendation,1,0,0,0.0,0,0,0,198
6055,dormant_user_reactivation_v1,2025-01-15 00:00:00,control,1,0,0,0.0,0,0,0,111
6058,dormant_user_reactivation_v1,2025-01-15 00:00:00,product_recommendation,1,1,0,0.0,1,0,0,131
6060,dormant_user_reactivation_v1,2025-01-15 00:00:00,product_recommendation,1,0,1,2196.42,0,1,0,52
6063,dormant_user_reactivation_v1,2025-01-15 00:00:00,control,1,0,0,0.0,0,0,0,104
6064,dormant_user_reactivation_v1,2025-01-15 00:00:00,education_content,1,0,0,0.0,1,0,0,311
6069,dormant_user_reactivation_v1,2025-01-15 00:00:00,control,1,0,0,0.0,0,0,0,182
6072,dormant_user_reactivation_v1,2025-01-15 00:00:00,control,1,0,0,0.0,0,0,0,234
6077,dormant_user_reactivation_v1,2025-01-15 00:00:00,education_content,1,0,0,0.0,0,0,0,236
6081,dormant_user_reactivation_v1,2025-01-15 00:00:00,control,1,0,0,0.0,0,1,0,62
6084,dormant_user_reactivation_v1,2025-01-15 00:00:00,product_recommendation,1,0,0,0.0,0,0,0,154
6085,dormant_user_reactivation_v1,2025-01-15 00:00:00,control,1,0,0,0.0,0,0,0,331
6086,dormant_user_reactivation_v1,2025-01-15 00:00:00,control,1,0,0,0.0,0,1,0,50
6089,dormant_user_reactivation_v1,2025-01-15 00:00:00,education_content,1,0,0,0.0,0,1,0,79
6090,dormant_user_reactivation_v1,2025-01-15 00:00:00,education_content,1,0,0,0.0,1,0,0,282
6091,dormant_user_reactivation_v1,2025-01-15 00:00:00,product_recommendation,1,1,0,0.0,0,0,0,226
6093,dormant_user_reactivation_v1,2025-01-15 00:00:00,product_recommendation,1,0,0,0.0,0,0,0,184
6095,dormant_user_reactivation_v1,2025-01-15 00:00:00,education_content,1,0,0,0.0,0,2,0,59
6096,dormant_user_reactivation_v1,2025-01-15 00:00:00,education_content,1,0,0,0.0,0,0,0,207
6100,dormant_user_reactivation_v1,2025-01-15 00:00:00,education_content,1,0,0,0.0,0,0,0,155
6101,dormant_user_reactivation_v1,2025-01-15 00:00:00,product_recommendation,1,0,0,0.0,0,0,0,119
6103,dormant_user_reactivation_v1,2025-01-15 00:00:00,product_recommendation,1,0,0,0.0,0,0,0,192
6105,dormant_user_reactivation_v1,2025-01-15 00:00:00,control,1,0,0,0.0,1,1,0,82
6106,dormant_user_reactivation_v1,2025-01-15 00:00:00,education_content,1,0,0,0.0,0,0,0,106
6108,dormant_user_reactivation_v1,2025-01-15 00:00:00,control,1,0,0,0.0,0,1,0,54
6110,dormant_user_reactivation_v1,2025-01-15 00:00:00,control,1,0,0,0.0,0,0,0,116
6111,dormant_user_reactivation_v1,2025-01-15 00:00:00,control,1,0,0,0.0,0,0,0,240
6113,dormant_user_reactivation_v1,2025-01-15 00:00:00,control,1,0,0,0.0,0,0,0,265
6114,dormant_user_reactivation_v1,2025-01-15 00:00:00,education_content,1,0,0,0.0,0,0,0,102
6115,dormant_user_reactivation_v1,2025-01-15 00:00:00,product_recommendation,1,0,0,0.0,0,0,0,177
6117,dormant_user_reactivation_v1,2025-01-15 00:00:00,product_recommendation,1,0,0,0.0,0,0,0,184
6121,dormant_user_reactivation_v1,2025-01-15 00:00:00,control,1,0,0,0.0,0,0,0,148
6123,dormant_user_reactivation_v1,2025-01-15 00:00:00,education_content,1,0,1,16565.42,0,1,0,70
6126,dormant_user_reactivation_v1,2025-01-15 00:00:00,education_content,1,0,1,3752.56,0,0,0,105
6127,dormant_user_reactivation_v1,2025-01-15 00:00:00,control,1,0,0,0.0,0,0,0,143
6129,dormant_user_reactivation_v1,2025-01-15 00:00:00,control,1,0,0,0.0,0,1,0,75
6131,dormant_user_reactivation_v1,2025-01-15 00:00:00,education_content,1,0,0,0.0,0,0,0,169
6134,dormant_user_reactivation_v1,2025-01-15 00:00:00,education_content,1,0,0,0.0,1,0,0,235
6136,dormant_user_reactivation_v1,2025-01-15 00:00:00,education_content,1,0,0,0.0,0,0,0,185
6138,dormant_user_reactivation_v1,2025-01-15 00:00:00,product_recommendation,1,1,0,0.0,0,0,0,292
6141,dormant_user_reactivation_v1,2025-01-15 00:00:00,control,1,0,0,0.0,0,1,0,55
6142,dormant_user_reactivation_v1,2025-01-15 00:00:00,product_recommendation,1,0,0,0.0,0,1,0,81
6144,dormant_user_reactivation_v1,2025-01-15 00:00:00,control,1,0,0,0.0,0,0,0,254
6148,dormant_user_reactivation_v1,2025-01-15 00:00:00,education_content,1,0,0,0.0,0,0,0,248
6150,dormant_user_reactivation_v1,2025-01-15 00:00:00,education_content,1,0,0,0.0,0,0,0,109
6151,dormant_user_reactivation_v1,2025-01-15 00:00:00,product_recommendation,1,0,0,0.0,0,3,0,72
6154,dormant_user_reactivation_v1,2025-01-15 00:00:00,education_content,1,1,0,0.0,0,0,0,185
6155,dormant_user_reactivation_v1,2025-01-15 00:00:00,education_content,0,0,0,0.0,0,0,0,231
6160,dormant_user_reactivation_v1,2025-01-15 00:00:00,control,1,0,0,0.0,0,3,0,51
6161,dormant_user_reactivation_v1,2025-01-15 00:00:00,product_recommendation,1,0,0,0.0,0,0,0,210
6162,dormant_user_reactivation_v1,2025-01-15 00:00:00,product_recommendation,1,0,0,0.0,0,1,0,68
6165,dormant_user_reactivation_v1,2025-01-15 00:00:00,education_content,1,0,0,0.0,0,0,0,116
6167,dormant_user_reactivation_v1,2025-01-15 00:00:00,education_content,1,0,0,0.0,0,0,0,333
6170,dormant_user_reactivation_v1,2025-01-15 00:00:00,education_content,1,0,0,0.0,0,0,0,284
6171,dormant_user_reactivation_v1,2025-01-15 00:00:00,control,1,0,0,0.0,0,0,0,117
6172,dormant_user_reactivation_v1,2025-01-15 00:00:00,product_recommendation,1,0,0,0.0,0,0,0,168
6173,dormant_user_reactivation_v1,2025-01-15 00:00:00,control,1,0,0,0.0,0,0,0,168
6179,dormant_user_reactivation_v1,2025-01-15 00:00:00,control,1,0,0,0.0,1,0,0,345
6180,dormant_user_reactivation_v1,2025-01-15 00:00:00,education_content,1,0,0,0.0,1,0,0,155
6184,dormant_user_reactivation_v1,2025-01-15 00:00:00,product_recommendation,1,0,0,0.0,0,1,0,63
6186,dormant_user_reactivation_v1,2025-01-15 00:00:00,education_content,1,1,0,0.0,0,0,0,94
6188,dormant_user_reactivation_v1,2025-01-15 00:00:00,product_recommendation,1,0,1,8986.11,0,1,0,51
6190,dormant_user_reactivation_v1,2025-01-15 00:00:00,education_content,1,0,0,0.0,0,0,0,170
6192,dormant_user_reactivation_v1,2025-01-15 00:00:00,control,1,0,0,0.0,0,0,0,118
6194,dormant_user_reactivation_v1,2025-01-15 00:00:00,education_content,1,0,0,0.0,1,1,0,53
6195,dormant_user_reactivation_v1,2025-01-15 00:00:00,education_content,1,0,0,0.0,0,3,2,50
6196,dormant_user_reactivation_v1,2025-01-15 00:00:00,control,1,0,1,1453.76,0,0,0,70
6197,dormant_user_reactivation_v1,2025-01-15 00:00:00,education_content,1,0,0,0.0,0,0,0,153
6199,dormant_user_reactivation_v1,2025-01-15 00:00:00,education_content,1,0,0,0.0,1,0,0,132
6200,dormant_user_reactivation_v1,2025-01-15 00:00:00,control,1,0,0,0.0,0,0,0,298
6202,dormant_user_reactivation_v1,2025-01-15 00:00:00,education_content,1,0,0,0.0,0,1,0,49
6205,dormant_user_reactivation_v1,2025-01-15 00:00:00,product_recommendation,0,0,0,0.0,0,0,0,134
6208,dormant_user_reactivation_v1,2025-01-15 00:00:00,control,1,0,0,0.0,0,0,0,291
6209,dormant_user_reactivation_v1,2025-01-15 00:00:00,education_content,1,0,0,0.0,0,0,1,117
6210,dormant_user_reactivation_v1,2025-01-15 00:00:00,product_recommendation,1,0,0,0.0,0,0,0,116
6211,dormant_user_reactivation_v1,2025-01-15 00:00:00,education_content,1,0,0,0.0,0,4,1,65
6212,dormant_user_reactivation_v1,2025-01-15 00:00:00,control,1,0,0,0.0,0,0,0,92
6215,dormant_user_reactivation_v1,2025-01-15 00:00:00,product_recommendation,1,0,0,0.0,0,0,0,108
6219,dormant_user_reactivation_v1,2025-01-15 00:00:00,product_recommendation,1,0,0,0.0,0,0,0,249
6220,dormant_user_reactivation_v1,2025-01-15 00:00:00,product_recommendation,1,0,0,0.0,0,0,0,234
6224,dormant_user_reactivation_v1,2025-01-15 00:00:00,product_recommendation,1,0,0,0.0,1,0,0,161
6228,dormant_user_reactivation_v1,2025-01-15 00:00:00,education_content,1,0,0,0.0,0,0,0,333
6231,dormant_user_reactivation_v1,2025-01-15 00:00:00,product_recommendation,1,1,0,0.0,0,1,0,64
6232,dormant_user_reactivation_v1,2025-01-15 00:00:00,product_recommendation,1,0,0,0.0,0,0,0,191
6234,dormant_user_reactivation_v1,2025-01-15 00:00:00,product_recommendation,1,0,0,0.0,0,0,0,247
6235,dormant_user_reactivation_v1,2025-01-15 00:00:00,product_recommendation,1,0,0,0.0,0,0,2,277
6236,dormant_user_reactivation_v1,2025-01-15 00:00:00,product_recommendation,1,0,0,0.0,0,1,0,81
6237,dormant_user_reactivation_v1,2025-01-15 00:00:00,control,1,0,0,0.0,0,2,0,70
6243,dormant_user_reactivation_v1,2025-01-15 00:00:00,control,1,0,0,0.0,0,0,0,165
6244,dormant_user_reactivation_v1,2025-01-15 00:00:00,control,1,0,0,0.0,0,0,0,218
6249,dormant_user_reactivation_v1,2025-01-15 00:00:00,product_recommendation,1,0,0,0.0,1,0,0,166
6250,dormant_user_reactivation_v1,2025-01-15 00:00:00,education_content,1,0,0,0.0,0,0,0,147
6251,dormant_user_reactivation_v1,2025-01-15 00:00:00,product_recommendation,1,0,0,0.0,0,0,0,248
6253,dormant_user_reactivation_v1,2025-01-15 00:00:00,education_content,1,0,0,0.0,0,0,0,90
6256,dormant_user_reactivation_v1,2025-01-15 00:00:00,product_recommendation,1,0,0,0.0,1,1,0,73
6258,dormant_user_reactivation_v1,2025-01-15 00:00:00,control,1,0,0,0.0,0,0,0,106
6264,dormant_user_reactivation_v1,2025-01-15 00:00:00,product_recommendation,0,0,0,0.0,0,0,0,325
6268,dormant_user_reactivation_v1,2025-01-15 00:00:00,education_content,1,0,0,0.0,1,0,0,146
6269,dormant_user_reactivation_v1,2025-01-15 00:00:00,education_content,1,1,1,3439.16,0,0,0,232
6270,dormant_user_reactivation_v1,2025-01-15 00:00:00,control,1,0,0,0.0,0,0,0,336
6271,dormant_user_reactivation_v1,2025-01-15 00:00:00,product_recommendation,1,0,0,0.0,0,1,0,56
6272,dormant_user_reactivation_v1,2025-01-15 00:00:00,control,1,0,0,0.0,0,0,0,209
6273,dormant_user_reactivation_v1,2025-01-15 00:00:00,product_recommendation,1,1,0,0.0,0,2,0,83
6274,dormant_user_reactivation_v1,2025-01-15 00:00:00,control,1,0,0,0.0,0,0,0,192
6275,dormant_user_reactivation_v1,2025-01-15 00:00:00,education_content,1,0,0,0.0,1,1,0,61
6277,dormant_user_reactivation_v1,2025-01-15 00:00:00,product_recommendation,1,1,1,5125.23,0,0,0,278
6278,dormant_user_reactivation_v1,2025-01-15 00:00:00,control,1,0,1,1299.22,1,1,1,51
6279,dormant_user_reactivation_v1,2025-01-15 00:00:00,product_recommendation,1,0,0,0.0,0,0,0,248
6280,dormant_user_reactivation_v1,2025-01-15 00:00:00,control,1,0,0,0.0,0,1,0,62
6282,dormant_user_reactivation_v1,2025-01-15 00:00:00,control,1,0,0,0.0,0,0,0,183
6286,dormant_user_reactivation_v1,2025-01-15 00:00:00,product_recommendation,1,0,0,0.0,0,1,0,73
6288,dormant_user_reactivation_v1,2025-01-15 00:00:00,product_recommendation,1,1,0,0.0,0,0,0,256
6289,dormant_user_reactivation_v1,2025-01-15 00:00:00,control,1,0,0,0.0,0,2,0,56
6290,dormant_user_reactivation_v1,2025-01-15 00:00:00,education_content,1,0,0,0.0,0,0,0,280
6291,dormant_user_reactivation_v1,2025-01-15 00:00:00,education_content,1,1,0,0.0,1,0,0,183
6292,dormant_user_reactivation_v1,2025-01-15 00:00:00,control,1,0,0,0.0,1,0,0,124
6293,dormant_user_reactivation_v1,2025-01-15 00:00:00,education_content,1,0,0,0.0,0,0,0,246
6295,dormant_user_reactivation_v1,2025-01-15 00:00:00,product_recommendation,0,0,0,0.0,0,0,0,331
6296,dormant_user_reactivation_v1,2025-01-15 00:00:00,product_recommendation,1,0,0,0.0,0,4,1,45
6297,dormant_user_reactivation_v1,2025-01-15 00:00:00,control,1,0,0,0.0,0,0,0,157
6301,dormant_user_reactivation_v1,2025-01-15 00:00:00,product_recommendation,1,0,0,0.0,0,0,0,241
6302,dormant_user_reactivation_v1,2025-01-15 00:00:00,product_recommendation,1,0,0,0.0,1,1,0,70
6306,dormant_user_reactivation_v1,2025-01-15 00:00:00,product_recommendation,1,0,0,0.0,0,0,0,104
6308,dormant_user_reactivation_v1,2025-01-15 00:00:00,product_recommendation,1,0,0,0.0,1,0,0,176
6309,dormant_user_reactivation_v1,2025-01-15 00:00:00,education_content,1,1,0,0.0,0,0,0,295
6312,dormant_user_reactivation_v1,2025-01-15 00:00:00,product_recommendation,1,0,0,0.0,0,0,0,149
6315,dormant_user_reactivation_v1,2025-01-15 00:00:00,product_recommendation,1,0,0,0.0,0,0,0,160
6318,dormant_user_reactivation_v1,2025-01-15 00:00:00,education_content,1,0,0,0.0,0,1,0,79
6319,dormant_user_reactivation_v1,2025-01-15 00:00:00,product_recommendation,1,0,0,0.0,0,0,0,232
6321,dormant_user_reactivation_v1,2025-01-15 00:00:00,control,1,0,0,0.0,0,0,0,91
6324,dormant_user_reactivation_v1,2025-01-15 00:00:00,product_recommendation,1,0,0,0.0,0,1,0,61
6325,dormant_user_reactivation_v1,2025-01-15 00:00:00,education_content,1,0,0,0.0,0,0,0,211
6328,dormant_user_reactivation_v1,2025-01-15 00:00:00,control,1,0,0,0.0,0,0,0,170
6329,dormant_user_reactivation_v1,2025-01-15 00:00:00,product_recommendation,1,0,0,0.0,0,0,0,147
6331,dormant_user_reactivation_v1,2025-01-15 00:00:00,control,1,0,0,0.0,0,1,0,78
6332,dormant_user_reactivation_v1,2025-01-15 00:00:00,control,1,0,0,0.0,0,0,0,140
6335,dormant_user_reactivation_v1,2025-01-15 00:00:00,product_recommendation,1,0,1,1410.04,0,1,0,77
6336,dormant_user_reactivation_v1,2025-01-15 00:00:00,product_recommendation,1,1,0,0.0,1,0,0,247
6337,dormant_user_reactivation_v1,2025-01-15 00:00:00,control,1,0,0,0.0,1,0,0,344
6340,dormant_user_reactivation_v1,2025-01-15 00:00:00,education_content,1,1,1,4735.34,0,1,0,72
6341,dormant_user_reactivation_v1,2025-01-15 00:00:00,control,1,0,0,0.0,0,0,0,140
6348,dormant_user_reactivation_v1,2025-01-15 00:00:00,education_content,1,1,0,0.0,0,0,0,193
6350,dormant_user_reactivation_v1,2025-01-15 00:00:00,education_content,1,0,0,0.0,0,1,0,66
6351,dormant_user_reactivation_v1,2025-01-15 00:00:00,product_recommendation,1,0,0,0.0,1,0,0,205
6352,dormant_user_reactivation_v1,2025-01-15 00:00:00,product_recommendation,1,0,0,0.0,0,0,0,219
6353,dormant_user_reactivation_v1,2025-01-15 00:00:00,control,1,0,0,0.0,0,0,0,121
6359,dormant_user_reactivation_v1,2025-01-15 00:00:00,control,1,0,1,3252.3,1,1,0,66
6360,dormant_user_reactivation_v1,2025-01-15 00:00:00,education_content,1,0,0,0.0,0,0,0,161
6362,dormant_user_reactivation_v1,2025-01-15 00:00:00,control,1,0,0,0.0,1,1,0,86
6364,dormant_user_reactivation_v1,2025-01-15 00:00:00,education_content,1,0,0,0.0,0,0,0,331
6365,dormant_user_reactivation_v1,2025-01-15 00:00:00,control,1,0,0,0.0,0,1,0,58
6369,dormant_user_reactivation_v1,2025-01-15 00:00:00,education_content,1,0,0,0.0,1,0,0,107
6371,dormant_user_reactivation_v1,2025-01-15 00:00:00,control,1,0,0,0.0,0,0,0,152
6372,dormant_user_reactivation_v1,2025-01-15 00:00:00,control,1,0,1,3590.18,0,0,0,101
6373,dormant_user_reactivation_v1,2025-01-15 00:00:00,education_content,1,0,0,0.0,0,0,0,266
6383,dormant_user_reactivation_v1,2025-01-15 00:00:00,control,1,0,0,0.0,0,1,0,78
6384,dormant_user_reactivation_v1,2025-01-15 00:00:00,control,1,0,0,0.0,0,0,0,236
6385,dormant_user_reactivation_v1,2025-01-15 00:00:00,education_content,1,0,0,0.0,0,0,0,174
6395,dormant_user_reactivation_v1,2025-01-15 00:00:00,control,1,0,1,8722.44,0,0,0,108
6397,dormant_user_reactivation_v1,2025-01-15 00:00:00,product_recommendation,1,0,0,0.0,0,0,0,238
6399,dormant_user_reactivation_v1,2025-01-15 00:00:00,education_content,1,0,0,0.0,1,2,0,60
6400,dormant_user_reactivation_v1,2025-01-15 00:00:00,education_content,1,0,0,0.0,0,0,0,165
6403,dormant_user_reactivation_v1,2025-01-15 00:00:00,product_recommendation,1,0,0,0.0,1,0,0,336
6404,dormant_user_reactivation_v1,2025-01-15 00:00:00,control,1,0,0,0.0,1,0,0,172
6405,dormant_user_reactivation_v1,2025-01-15 00:00:00,control,1,0,0,0.0,0,0,0,210
6406,dormant_user_reactivation_v1,2025-01-15 00:00:00,product_recommendation,1,0,0,0.0,0,1,0,76
6407,dormant_user_reactivation_v1,2025-01-15 00:00:00,education_content,1,0,1,3182.94,0,0,0,98
6408,dormant_user_reactivation_v1,2025-01-15 00:00:00,control,1,0,1,11981.39,0,0,0,155
6410,dormant_user_reactivation_v1,2025-01-15 00:00:00,product_recommendation,1,0,1,32892.92,0,0,0,132
6411,dormant_user_reactivation_v1,2025-01-15 00:00:00,education_content,1,0,0,0.0,0,0,0,346
6413,dormant_user_reactivation_v1,2025-01-15 00:00:00,control,1,0,0,0.0,0,0,0,153
6414,dormant_user_reactivation_v1,2025-01-15 00:00:00,product_recommendation,1,0,0,0.0,1,0,0,161
6415,dormant_user_reactivation_v1,2025-01-15 00:00:00,education_content,1,0,0,0.0,0,0,0,337
6419,dormant_user_reactivation_v1,2025-01-15 00:00:00,product_recommendation,1,0,0,0.0,0,0,0,101
6421,dormant_user_reactivation_v1,2025-01-15 00:00:00,education_content,1,0,0,0.0,0,0,0,299
6422,dormant_user_reactivation_v1,2025-01-15 00:00:00,product_recommendation,1,0,0,0.0,1,1,0,47
6426,dormant_user_reactivation_v1,2025-01-15 00:00:00,education_content,1,0,0,0.0,0,0,0,165
6428,dormant_user_reactivation_v1,2025-01-15 00:00:00,education_content,1,1,0,0.0,0,0,0,151
6431,dormant_user_reactivation_v1,2025-01-15 00:00:00,control,1,0,0,0.0,0,0,0,267
6436,dormant_user_reactivation_v1,2025-01-15 00:00:00,product_recommendation,1,0,0,0.0,0,0,0,103
6437,dormant_user_reactivation_v1,2025-01-15 00:00:00,product_recommendation,1,0,0,0.0,1,1,0,89
6441,dormant_user_reactivation_v1,2025-01-15 00:00:00,product_recommendation,1,0,1,1314.96,0,0,0,149
6443,dormant_user_reactivation_v1,2025-01-15 00:00:00,control,1,1,0,0.0,0,0,0,236
6448,dormant_user_reactivation_v1,2025-01-15 00:00:00,product_recommendation,1,0,0,0.0,1,0,0,290
6450,dormant_user_reactivation_v1,2025-01-15 00:00:00,product_recommendation,1,0,0,0.0,0,1,0,66
6453,dormant_user_reactivation_v1,2025-01-15 00:00:00,control,1,0,0,0.0,0,0,0,138
6454,dormant_user_reactivation_v1,2025-01-15 00:00:00,education_content,1,0,0,0.0,1,1,0,47
6455,dormant_user_reactivation_v1,2025-01-15 00:00:00,product_recommendation,1,0,0,0.0,1,1,0,47
6456,dormant_user_reactivation_v1,2025-01-15 00:00:00,product_recommendation,1,0,0,0.0,0,0,0,321
6457,dormant_user_reactivation_v1,2025-01-15 00:00:00,product_recommendation,1,0,0,0.0,0,0,0,263
6458,dormant_user_reactivation_v1,2025-01-15 00:00:00,education_content,1,0,0,0.0,1,0,0,106
6460,dormant_user_reactivation_v1,2025-01-15 00:00:00,education_content,1,0,0,0.0,0,0,0,181
6461,dormant_user_reactivation_v1,2025-01-15 00:00:00,education_content,0,0,0,0.0,1,0,0,241
6462,dormant_user_reactivation_v1,2025-01-15 00:00:00,control,1,0,0,0.0,1,1,1,66
6464,dormant_user_reactivation_v1,2025-01-15 00:00:00,control,1,0,0,0.0,0,0,0,327
6468,dormant_user_reactivation_v1,2025-01-15 00:00:00,product_recommendation,1,0,0,0.0,0,0,0,130
6470,dormant_user_reactivation_v1,2025-01-15 00:00:00,product_recommendation,1,1,0,0.0,0,0,0,289
6473,dormant_user_reactivation_v1,2025-01-15 00:00:00,product_recommendation,1,0,0,0.0,0,0,0,95
6477,dormant_user_reactivation_v1,2025-01-15 00:00:00,education_content,1,1,0,0.0,1,2,0,63
6478,dormant_user_reactivation_v1,2025-01-15 00:00:00,education_content,1,0,0,0.0,0,0,0,171
6481,dormant_user_reactivation_v1,2025-01-15 00:00:00,education_content,1,0,0,0.0,0,0,0,158
6484,dormant_user_reactivation_v1,2025-01-15 00:00:00,control,1,0,0,0.0,1,0,0,136
6486,dormant_user_reactivation_v1,2025-01-15 00:00:00,product_recommendation,0,0,0,0.0,0,0,0,240
6488,dormant_user_reactivation_v1,2025-01-15 00:00:00,control,1,0,0,0.0,0,1,0,87
6492,dormant_user_reactivation_v1,2025-01-15 00:00:00,education_content,1,0,0,0.0,0,1,0,53
6493,dormant_user_reactivation_v1,2025-01-15 00:00:00,education_content,1,0,0,0.0,0,1,0,63
6495,dormant_user_reactivation_v1,2025-01-15 00:00:00,product_recommendation,1,0,0,0.0,0,0,0,96
6496,dormant_user_reactivation_v1,2025-01-15 00:00:00,control,1,0,0,0.0,0,1,0,89
6499,dormant_user_reactivation_v1,2025-01-15 00:00:00,education_content,1,0,0,0.0,0,0,0,147
6500,dormant_user_reactivation_v1,2025-01-15 00:00:00,product_recommendation,1,1,0,0.0,0,0,0,228
6504,dormant_user_reactivation_v1,2025-01-15 00:00:00,control,1,0,0,0.0,0,1,0,75
6506,dormant_user_reactivation_v1,2025-01-15 00:00:00,control,1,0,0,0.0,0,0,0,167
6511,dormant_user_reactivation_v1,2025-01-15 00:00:00,control,1,0,1,2763.83,1,0,0,187
6512,dormant_user_reactivation_v1,2025-01-15 00:00:00,control,1,0,0,0.0,0,2,0,72
6513,dormant_user_reactivation_v1,2025-01-15 00:00:00,control,1,0,0,0.0,1,2,0,72
6514,dormant_user_reactivation_v1,2025-01-15 00:00:00,control,1,0,0,0.0,0,1,0,53
6515,dormant_user_reactivation_v1,2025-01-15 00:00:00,product_recommendation,1,0,0,0.0,0,0,0,209
6517,dormant_user_reactivation_v1,2025-01-15 00:00:00,education_content,1,0,0,0.0,1,0,0,102
6519,dormant_user_reactivation_v1,2025-01-15 00:00:00,product_recommendation,1,0,0,0.0,0,0,0,170
6521,dormant_user_reactivation_v1,2025-01-15 00:00:00,education_content,1,0,0,0.0,0,0,0,302
6523,dormant_user_reactivation_v1,2025-01-15 00:00:00,control,1,0,0,0.0,0,0,0,144
6527,dormant_user_reactivation_v1,2025-01-15 00:00:00,education_content,1,1,0,0.0,0,0,0,150
6528,dormant_user_reactivation_v1,2025-01-15 00:00:00,control,1,0,0,0.0,0,0,0,200
6530,dormant_user_reactivation_v1,2025-01-15 00:00:00,control,1,0,0,0.0,1,2,0,80
6535,dormant_user_reactivation_v1,2025-01-15 00:00:00,product_recommendation,1,0,0,0.0,0,1,0,81
6538,dormant_user_reactivation_v1,2025-01-15 00:00:00,control,1,0,0,0.0,0,0,0,234
6539,dormant_user_reactivation_v1,2025-01-15 00:00:00,control,1,0,0,0.0,0,0,0,153
6541,dormant_user_reactivation_v1,2025-01-15 00:00:00,control,1,0,0,0.0,1,2,0,64
6544,dormant_user_reactivation_v1,2025-01-15 00:00:00,education_content,1,0,1,1431.77,1,0,0,209
6545,dormant_user_reactivation_v1,2025-01-15 00:00:00,control,1,0,0,0.0,0,0,0,92
6546,dormant_user_reactivation_v1,2025-01-15 00:00:00,education_content,1,0,0,0.0,0,2,0,70
6550,dormant_user_reactivation_v1,2025-01-15 00:00:00,control,1,0,0,0.0,0,0,0,163
6551,dormant_user_reactivation_v1,2025-01-15 00:00:00,education_content,1,0,0,0.0,0,0,0,374
6552,dormant_user_reactivation_v1,2025-01-15 00:00:00,education_content,1,0,0,0.0,0,0,0,269
6554,dormant_user_reactivation_v1,2025-01-15 00:00:00,control,1,0,0,0.0,0,0,0,192
6557,dormant_user_reactivation_v1,2025-01-15 00:00:00,product_recommendation,1,0,0,0.0,0,0,1,109
6558,dormant_user_reactivation_v1,2025-01-15 00:00:00,product_recommendation,1,1,0,0.0,0,2,0,60
6559,dormant_user_reactivation_v1,2025-01-15 00:00:00,product_recommendation,1,0,0,0.0,0,0,0,158
6560,dormant_user_reactivation_v1,2025-01-15 00:00:00,education_content,1,0,0,0.0,0,0,0,278
6562,dormant_user_reactivation_v1,2025-01-15 00:00:00,education_content,1,0,0,0.0,1,0,0,195
6563,dormant_user_reactivation_v1,2025-01-15 00:00:00,product_recommendation,1,0,0,0.0,0,0,0,114
6564,dormant_user_reactivation_v1,2025-01-15 00:00:00,control,1,0,0,0.0,0,0,0,188
6565,dormant_user_reactivation_v1,2025-01-15 00:00:00,education_content,1,0,0,0.0,1,1,0,63
6567,dormant_user_reactivation_v1,2025-01-15 00:00:00,control,1,0,1,4086.87,1,1,0,67
6570,dormant_user_reactivation_v1,2025-01-15 00:00:00,control,1,0,0,0.0,0,2,0,60
6571,dormant_user_reactivation_v1,2025-01-15 00:00:00,control,1,0,0,0.0,0,0,0,271
6573,dormant_user_reactivation_v1,2025-01-15 00:00:00,control,1,0,0,0.0,0,0,0,197
6574,dormant_user_reactivation_v1,2025-01-15 00:00:00,product_recommendation,1,0,0,0.0,0,0,0,179
6577,dormant_user_reactivation_v1,2025-01-15 00:00:00,product_recommendation,1,0,0,0.0,0,0,0,146
6579,dormant_user_reactivation_v1,2025-01-15 00:00:00,product_recommendation,1,0,0,0.0,0,0,0,312
6580,dormant_user_reactivation_v1,2025-01-15 00:00:00,education_content,1,0,0,0.0,0,0,0,222
6583,dormant_user_reactivation_v1,2025-01-15 00:00:00,product_recommendation,1,1,0,0.0,0,2,0,64
6584,dormant_user_reactivation_v1,2025-01-15 00:00:00,control,1,0,0,0.0,0,0,0,177
6585,dormant_user_reactivation_v1,2025-01-15 00:00:00,product_recommendation,1,1,0,0.0,0,0,0,142
6586,dormant_user_reactivation_v1,2025-01-15 00:00:00,education_content,1,0,0,0.0,1,0,0,334
6589,dormant_user_reactivation_v1,2025-01-15 00:00:00,control,1,0,0,0.0,0,1,0,55
6591,dormant_user_reactivation_v1,2025-01-15 00:00:00,education_content,1,0,0,0.0,0,0,0,135
6594,dormant_user_reactivation_v1,2025-01-15 00:00:00,education_content,1,0,0,0.0,0,0,0,73
6595,dormant_user_reactivation_v1,2025-01-15 00:00:00,product_recommendation,1,0,0,0.0,0,0,0,306
6598,dormant_user_reactivation_v1,2025-01-15 00:00:00,education_content,1,0,0,0.0,0,0,0,103
6601,dormant_user_reactivation_v1,2025-01-15 00:00:00,control,1,0,0,0.0,0,0,0,203
6603,dormant_user_reactivation_v1,2025-01-15 00:00:00,control,1,0,0,0.0,0,0,0,187
6608,dormant_user_reactivation_v1,2025-01-15 00:00:00,education_content,1,0,0,0.0,1,0,0,113
6609,dormant_user_reactivation_v1,2025-01-15 00:00:00,product_recommendation,1,0,0,0.0,0,1,0,69
6611,dormant_user_reactivation_v1,2025-01-15 00:00:00,education_content,1,0,0,0.0,0,0,0,354
6612,dormant_user_reactivation_v1,2025-01-15 00:00:00,education_content,1,0,0,0.0,0,0,0,334
6616,dormant_user_reactivation_v1,2025-01-15 00:00:00,product_recommendation,1,0,0,0.0,0,0,0,256
6617,dormant_user_reactivation_v1,2025-01-15 00:00:00,control,1,0,0,0.0,0,1,0,59
6618,dormant_user_reactivation_v1,2025-01-15 00:00:00,product_recommendation,1,0,0,0.0,0,0,0,139
6619,dormant_user_reactivation_v1,2025-01-15 00:00:00,control,1,0,0,0.0,0,0,0,201
6620,dormant_user_reactivation_v1,2025-01-15 00:00:00,product_recommendation,1,1,0,0.0,1,1,0,78
6622,dormant_user_reactivation_v1,2025-01-15 00:00:00,education_content,1,0,0,0.0,1,1,0,56
6627,dormant_user_reactivation_v1,2025-01-15 00:00:00,control,1,0,0,0.0,1,0,0,86
6630,dormant_user_reactivation_v1,2025-01-15 00:00:00,education_content,1,0,0,0.0,1,1,0,78
6633,dormant_user_reactivation_v1,2025-01-15 00:00:00,control,1,0,0,0.0,0,0,0,283
6635,dormant_user_reactivation_v1,2025-01-15 00:00:00,product_recommendation,1,0,0,0.0,0,0,0,136
6637,dormant_user_reactivation_v1,2025-01-15 00:00:00,control,1,0,0,0.0,0,1,0,72
6642,dormant_user_reactivation_v1,2025-01-15 00:00:00,education_content,1,0,1,3357.82,1,0,0,93
6643,dormant_user_reactivation_v1,2025-01-15 00:00:00,control,1,0,0,0.0,0,0,0,188
6647,dormant_user_reactivation_v1,2025-01-15 00:00:00,education_content,1,0,0,0.0,1,3,0,67
6648,dormant_user_reactivation_v1,2025-01-15 00:00:00,control,1,0,0,0.0,0,0,0,251
6649,dormant_user_reactivation_v1,2025-01-15 00:00:00,product_recommendation,1,0,0,0.0,0,2,0,70
6650,dormant_user_reactivation_v1,2025-01-15 00:00:00,product_recommendation,1,0,0,0.0,0,0,0,209
6652,dormant_user_reactivation_v1,2025-01-15 00:00:00,control,1,0,0,0.0,0,0,0,305
6653,dormant_user_reactivation_v1,2025-01-15 00:00:00,product_recommendation,1,0,0,0.0,0,0,0,121
6658,dormant_user_reactivation_v1,2025-01-15 00:00:00,education_content,1,1,0,0.0,0,1,0,80
6659,dormant_user_reactivation_v1,2025-01-15 00:00:00,education_content,1,0,0,0.0,0,0,0,221
6660,dormant_user_reactivation_v1,2025-01-15 00:00:00,education_content,1,0,0,0.0,0,0,0,268
6661,dormant_user_reactivation_v1,2025-01-15 00:00:00,product_recommendation,1,0,0,0.0,0,0,0,179
6662,dormant_user_reactivation_v1,2025-01-15 00:00:00,control,1,0,0,0.0,0,0,0,194
6664,dormant_user_reactivation_v1,2025-01-15 00:00:00,product_recommendation,1,0,0,0.0,0,0,0,273
6665,dormant_user_reactivation_v1,2025-01-15 00:00:00,product_recommendation,1,0,0,0.0,0,0,0,239
6666,dormant_user_reactivation_v1,2025-01-15 00:00:00,control,1,0,0,0.0,0,0,0,323
6671,dormant_user_reactivation_v1,2025-01-15 00:00:00,education_content,1,0,1,1348.41,0,0,0,275
6678,dormant_user_reactivation_v1,2025-01-15 00:00:00,education_content,1,0,0,0.0,0,0,0,122
6682,dormant_user_reactivation_v1,2025-01-15 00:00:00,control,1,0,0,0.0,0,0,0,158
6684,dormant_user_reactivation_v1,2025-01-15 00:00:00,education_content,1,0,1,5086.16,0,0,0,236
6686,dormant_user_reactivation_v1,2025-01-15 00:00:00,education_content,1,0,0,0.0,0,0,0,197
6687,dormant_user_reactivation_v1,2025-01-15 00:00:00,education_content,1,0,0,0.0,1,1,0,81
6689,dormant_user_reactivation_v1,2025-01-15 00:00:00,control,1,0,0,0.0,0,1,0,61
6691,dormant_user_reactivation_v1,2025-01-15 00:00:00,product_recommendation,1,0,0,0.0,0,0,0,192
6693,dormant_user_reactivation_v1,2025-01-15 00:00:00,education_content,1,0,0,0.0,0,0,0,270
6696,dormant_user_reactivation_v1,2025-01-15 00:00:00,product_recommendation,1,0,0,0.0,0,0,0,197
6697,dormant_user_reactivation_v1,2025-01-15 00:00:00,education_content,1,0,0,0.0,0,0,0,248
6698,dormant_user_reactivation_v1,2025-01-15 00:00:00,control,1,0,0,0.0,0,0,0,65
6705,dormant_user_reactivation_v1,2025-01-15 00:00:00,education_content,1,0,0,0.0,1,1,0,60
6707,dormant_user_reactivation_v1,2025-01-15 00:00:00,education_content,1,1,0,0.0,0,4,0,47
6709,dormant_user_reactivation_v1,2025-01-15 00:00:00,education_content,1,0,0,0.0,0,0,0,239
6713,dormant_user_reactivation_v1,2025-01-15 00:00:00,education_content,1,0,0,0.0,0,0,0,154
6717,dormant_user_reactivation_v1,2025-01-15 00:00:00,control,1,0,0,0.0,0,2,0,53
6719,dormant_user_reactivation_v1,2025-01-15 00:00:00,product_recommendation,1,0,0,0.0,0,0,0,134
6721,dormant_user_reactivation_v1,2025-01-15 00:00:00,product_recommendation,1,0,0,0.0,0,0,0,137
6725,dormant_user_reactivation_v1,2025-01-15 00:00:00,education_content,1,0,0,0.0,0,0,0,179
6726,dormant_user_reactivation_v1,2025-01-15 00:00:00,education_content,1,0,0,0.0,0,0,0,136
6728,dormant_user_reactivation_v1,2025-01-15 00:00:00,product_recommendation,1,0,0,0.0,0,0,0,156
6730,dormant_user_reactivation_v1,2025-01-15 00:00:00,education_content,1,0,0,0.0,0,0,0,324
6735,dormant_user_reactivation_v1,2025-01-15 00:00:00,product_recommendation,1,0,0,0.0,0,0,0,155
6737,dormant_user_reactivation_v1,2025-01-15 00:00:00,education_content,1,1,0,0.0,1,0,0,186
6738,dormant_user_reactivation_v1,2025-01-15 00:00:00,control,1,0,0,0.0,1,0,0,96
6739,dormant_user_reactivation_v1,2025-01-15 00:00:00,control,1,0,1,8444.52,0,0,0,175
6745,dormant_user_reactivation_v1,2025-01-15 00:00:00,education_content,1,0,0,0.0,0,0,0,264
6749,dormant_user_reactivation_v1,2025-01-15 00:00:00,product_recommendation,1,1,0,0.0,1,0,0,141
6755,dormant_user_reactivation_v1,2025-01-15 00:00:00,education_content,1,0,0,0.0,0,0,0,83
6760,dormant_user_reactivation_v1,2025-01-15 00:00:00,education_content,1,0,0,0.0,0,0,0,118
6761,dormant_user_reactivation_v1,2025-01-15 00:00:00,education_content,1,0,0,0.0,0,0,0,152
6764,dormant_user_reactivation_v1,2025-01-15 00:00:00,education_content,1,1,0,0.0,0,0,0,119
6766,dormant_user_reactivation_v1,2025-01-15 00:00:00,control,1,0,0,0.0,0,0,0,144
6767,dormant_user_reactivation_v1,2025-01-15 00:00:00,product_recommendation,0,0,0,0.0,0,0,0,253
6769,dormant_user_reactivation_v1,2025-01-15 00:00:00,product_recommendation,1,0,0,0.0,0,0,0,235
6771,dormant_user_reactivation_v1,2025-01-15 00:00:00,control,1,0,0,0.0,0,1,0,78
6772,dormant_user_reactivation_v1,2025-01-15 00:00:00,control,1,0,0,0.0,1,0,0,175
6775,dormant_user_reactivation_v1,2025-01-15 00:00:00,product_recommendation,1,0,0,0.0,0,0,0,278
6776,dormant_user_reactivation_v1,2025-01-15 00:00:00,product_recommendation,0,0,0,0.0,0,0,0,106
6777,dormant_user_reactivation_v1,2025-01-15 00:00:00,education_content,1,0,1,1783.33,0,0,0,215
6779,dormant_user_reactivation_v1,2025-01-15 00:00:00,education_content,1,0,0,0.0,0,0,0,132
6780,dormant_user_reactivation_v1,2025-01-15 00:00:00,product_recommendation,1,0,0,0.0,0,1,0,69
6783,dormant_user_reactivation_v1,2025-01-15 00:00:00,control,1,0,0,0.0,0,0,0,151
6784,dormant_user_reactivation_v1,2025-01-15 00:00:00,control,1,0,0,0.0,0,0,0,120
6785,dormant_user_reactivation_v1,2025-01-15 00:00:00,education_content,1,0,0,0.0,0,0,0,283
6786,dormant_user_reactivation_v1,2025-01-15 00:00:00,product_recommendation,1,1,0,0.0,0,1,0,54
6788,dormant_user_reactivation_v1,2025-01-15 00:00:00,product_recommendation,1,1,0,0.0,0,0,0,124
6789,dormant_user_reactivation_v1,2025-01-15 00:00:00,education_content,1,0,0,0.0,0,1,0,81
6793,dormant_user_reactivation_v1,2025-01-15 00:00:00,education_content,1,0,0,0.0,1,1,0,85
6794,dormant_user_reactivation_v1,2025-01-15 00:00:00,education_content,1,0,0,0.0,1,0,0,121
6795,dormant_user_reactivation_v1,2025-01-15 00:00:00,control,1,0,0,0.0,0,0,0,98
6799,dormant_user_reactivation_v1,2025-01-15 00:00:00,product_recommendation,1,0,0,0.0,0,0,0,116
6800,dormant_user_reactivation_v1,2025-01-15 00:00:00,product_recommendation,1,0,0,0.0,0,0,0,101
6801,dormant_user_reactivation_v1,2025-01-15 00:00:00,control,1,0,0,0.0,0,0,0,367
6804,dormant_user_reactivation_v1,2025-01-15 00:00:00,control,1,0,0,0.0,0,0,0,247
6805,dormant_user_reactivation_v1,2025-01-15 00:00:00,education_content,1,0,0,0.0,0,0,0,252
6809,dormant_user_reactivation_v1,2025-01-15 00:00:00,control,1,0,0,0.0,0,0,0,146
6811,dormant_user_reactivation_v1,2025-01-15 00:00:00,education_content,1,0,0,0.0,0,1,0,87
6814,dormant_user_reactivation_v1,2025-01-15 00:00:00,education_content,1,0,0,0.0,0,1,0,53
6815,dormant_user_reactivation_v1,2025-01-15 00:00:00,product_recommendation,1,1,0,0.0,0,0,0,250
6817,dormant_user_reactivation_v1,2025-01-15 00:00:00,control,1,0,0,0.0,0,1,0,60
6818,dormant_user_reactivation_v1,2025-01-15 00:00:00,control,1,0,0,0.0,0,0,0,270
6819,dormant_user_reactivation_v1,2025-01-15 00:00:00,control,1,0,0,0.0,0,0,0,297
6822,dormant_user_reactivation_v1,2025-01-15 00:00:00,education_content,1,1,0,0.0,0,0,0,247
6824,dormant_user_reactivation_v1,2025-01-15 00:00:00,education_content,1,0,0,0.0,1,1,0,84
6826,dormant_user_reactivation_v1,2025-01-15 00:00:00,education_content,1,0,0,0.0,0,1,0,65
6827,dormant_user_reactivation_v1,2025-01-15 00:00:00,product_recommendation,1,0,0,0.0,0,1,0,50
6828,dormant_user_reactivation_v1,2025-01-15 00:00:00,education_content,1,0,0,0.0,1,0,0,139
6829,dormant_user_reactivation_v1,2025-01-15 00:00:00,control,1,0,0,0.0,0,1,0,78
6831,dormant_user_reactivation_v1,2025-01-15 00:00:00,education_content,1,0,0,0.0,1,0,0,108
6835,dormant_user_reactivation_v1,2025-01-15 00:00:00,education_content,1,0,0,0.0,0,0,0,104
6837,dormant_user_reactivation_v1,2025-01-15 00:00:00,control,1,0,0,0.0,0,2,0,52
6838,dormant_user_reactivation_v1,2025-01-15 00:00:00,control,1,0,0,0.0,0,0,0,148
6840,dormant_user_reactivation_v1,2025-01-15 00:00:00,education_content,1,0,0,0.0,0,0,0,123
6841,dormant_user_reactivation_v1,2025-01-15 00:00:00,education_content,1,0,1,1082.23,0,1,0,66
6844,dormant_user_reactivation_v1,2025-01-15 00:00:00,product_recommendation,1,0,0,0.0,0,0,0,272
6845,dormant_user_reactivation_v1,2025-01-15 00:00:00,education_content,1,0,0,0.0,0,1,0,53
6848,dormant_user_reactivation_v1,2025-01-15 00:00:00,product_recommendation,1,0,1,5631.69,0,0,0,129
6849,dormant_user_reactivation_v1,2025-01-15 00:00:00,product_recommendation,1,1,0,0.0,0,0,0,157
6850,dormant_user_reactivation_v1,2025-01-15 00:00:00,education_content,1,0,0,0.0,0,0,0,231
6853,dormant_user_reactivation_v1,2025-01-15 00:00:00,product_recommendation,1,0,0,0.0,0,2,0,55
6854,dormant_user_reactivation_v1,2025-01-15 00:00:00,control,1,0,0,0.0,0,0,0,300
6855,dormant_user_reactivation_v1,2025-01-15 00:00:00,education_content,1,1,0,0.0,0,0,0,135
6856,dormant_user_reactivation_v1,2025-01-15 00:00:00,product_recommendation,1,1,0,0.0,0,1,0,48
6859,dormant_user_reactivation_v1,2025-01-15 00:00:00,product_recommendation,1,0,0,0.0,0,0,0,208
6863,dormant_user_reactivation_v1,2025-01-15 00:00:00,education_content,1,0,0,0.0,1,0,0,122
6864,dormant_user_reactivation_v1,2025-01-15 00:00:00,education_content,1,0,0,0.0,0,0,0,172
6866,dormant_user_reactivation_v1,2025-01-15 00:00:00,control,1,0,0,0.0,0,0,0,164
6871,dormant_user_reactivation_v1,2025-01-15 00:00:00,control,1,0,0,0.0,0,0,0,365
6872,dormant_user_reactivation_v1,2025-01-15 00:00:00,control,1,0,0,0.0,0,0,0,197
6874,dormant_user_reactivation_v1,2025-01-15 00:00:00,education_content,1,0,0,0.0,0,0,0,104
6875,dormant_user_reactivation_v1,2025-01-15 00:00:00,control,1,0,0,0.0,0,0,0,155
6877,dormant_user_reactivation_v1,2025-01-15 00:00:00,product_recommendation,1,1,0,0.0,1,0,0,313
6878,dormant_user_reactivation_v1,2025-01-15 00:00:00,product_recommendation,1,0,0,0.0,0,0,0,191
6880,dormant_user_reactivation_v1,2025-01-15 00:00:00,product_recommendation,1,1,0,0.0,1,0,0,160
6881,dormant_user_reactivation_v1,2025-01-15 00:00:00,product_recommendation,1,0,0,0.0,1,0,0,110
6882,dormant_user_reactivation_v1,2025-01-15 00:00:00,control,1,0,0,0.0,0,0,0,148
6884,dormant_user_reactivation_v1,2025-01-15 00:00:00,product_recommendation,1,0,0,0.0,1,1,0,57
6886,dormant_user_reactivation_v1,2025-01-15 00:00:00,control,1,1,0,0.0,0,1,0,67
6888,dormant_user_reactivation_v1,2025-01-15 00:00:00,education_content,1,0,0,0.0,0,0,0,207
6891,dormant_user_reactivation_v1,2025-01-15 00:00:00,product_recommendation,1,1,0,0.0,0,0,0,186
6893,dormant_user_reactivation_v1,2025-01-15 00:00:00,control,0,0,0,0.0,0,0,0,303
6895,dormant_user_reactivation_v1,2025-01-15 00:00:00,education_content,1,1,0,0.0,1,0,0,112
6896,dormant_user_reactivation_v1,2025-01-15 00:00:00,control,1,0,0,0.0,0,1,0,58
6898,dormant_user_reactivation_v1,2025-01-15 00:00:00,control,1,0,0,0.0,0,1,0,85
6900,dormant_user_reactivation_v1,2025-01-15 00:00:00,control,1,0,0,0.0,0,1,1,84
6903,dormant_user_reactivation_v1,2025-01-15 00:00:00,education_content,1,0,1,1283.02,0,1,0,80
6904,dormant_user_reactivation_v1,2025-01-15 00:00:00,control,1,0,1,9425.45,0,0,0,295
6906,dormant_user_reactivation_v1,2025-01-15 00:00:00,product_recommendation,1,0,0,0.0,0,0,0,94
6909,dormant_user_reactivation_v1,2025-01-15 00:00:00,education_content,1,1,0,0.0,0,0,0,330
6910,dormant_user_reactivation_v1,2025-01-15 00:00:00,control,1,0,0,0.0,1,1,0,66
6912,dormant_user_reactivation_v1,2025-01-15 00:00:00,education_content,1,0,0,0.0,0,0,0,327
6916,dormant_user_reactivation_v1,2025-01-15 00:00:00,product_recommendation,1,0,0,0.0,0,0,0,223
6917,dormant_user_reactivation_v1,2025-01-15 00:00:00,education_content,1,0,0,0.0,0,2,0,75
6918,dormant_user_reactivation_v1,2025-01-15 00:00:00,product_recommendation,1,0,0,0.0,0,1,0,89
6919,dormant_user_reactivation_v1,2025-01-15 00:00:00,control,1,0,0,0.0,0,2,0,53
6920,dormant_user_reactivation_v1,2025-01-15 00:00:00,product_recommendation,1,0,0,0.0,0,0,0,148
6925,dormant_user_reactivation_v1,2025-01-15 00:00:00,control,1,0,0,0.0,0,0,0,182
6927,dormant_user_reactivation_v1,2025-01-15 00:00:00,control,1,0,0,0.0,0,0,0,259
6928,dormant_user_reactivation_v1,2025-01-15 00:00:00,education_content,1,1,0,0.0,0,2,0,65
6929,dormant_user_reactivation_v1,2025-01-15 00:00:00,control,1,0,0,0.0,1,1,0,80
6931,dormant_user_reactivation_v1,2025-01-15 00:00:00,product_recommendation,1,0,0,0.0,0,0,0,184
6933,dormant_user_reactivation_v1,2025-01-15 00:00:00,product_recommendation,1,0,0,0.0,0,1,0,56
6934,dormant_user_reactivation_v1,2025-01-15 00:00:00,education_content,1,0,0,0.0,0,0,0,284
6936,dormant_user_reactivation_v1,2025-01-15 00:00:00,control,0,0,0,0.0,0,0,0,278
6938,dormant_user_reactivation_v1,2025-01-15 00:00:00,education_content,1,0,0,0.0,0,2,0,50
6942,dormant_user_reactivation_v1,2025-01-15 00:00:00,education_content,1,0,0,0.0,0,0,0,315
6944,dormant_user_reactivation_v1,2025-01-15 00:00:00,education_content,1,0,0,0.0,0,0,0,116
6959,dormant_user_reactivation_v1,2025-01-15 00:00:00,control,1,0,0,0.0,0,1,0,53
6960,dormant_user_reactivation_v1,2025-01-15 00:00:00,control,1,0,0,0.0,0,0,0,228
6961,dormant_user_reactivation_v1,2025-01-15 00:00:00,product_recommendation,1,0,1,11092.59,1,1,0,85
6962,dormant_user_reactivation_v1,2025-01-15 00:00:00,education_content,1,0,0,0.0,0,0,0,153
6965,dormant_user_reactivation_v1,2025-01-15 00:00:00,control,1,0,0,0.0,0,1,0,63
6967,dormant_user_reactivation_v1,2025-01-15 00:00:00,control,1,0,0,0.0,1,1,0,74
6971,dormant_user_reactivation_v1,2025-01-15 00:00:00,control,1,0,0,0.0,0,0,0,123
6974,dormant_user_reactivation_v1,2025-01-15 00:00:00,education_content,1,0,0,0.0,0,0,0,255
6977,dormant_user_reactivation_v1,2025-01-15 00:00:00,product_recommendation,1,0,0,0.0,0,0,0,220
6979,dormant_user_reactivation_v1,2025-01-15 00:00:00,control,1,0,0,0.0,0,3,0,68
6980,dormant_user_reactivation_v1,2025-01-15 00:00:00,control,1,0,0,0.0,0,0,0,111
6982,dormant_user_reactivation_v1,2025-01-15 00:00:00,product_recommendation,1,0,1,26783.69,0,0,0,148
6983,dormant_user_reactivation_v1,2025-01-15 00:00:00,control,1,0,0,0.0,0,0,0,127
6985,dormant_user_reactivation_v1,2025-01-15 00:00:00,education_content,1,1,0,0.0,1,3,0,56
6986,dormant_user_reactivation_v1,2025-01-15 00:00:00,control,1,0,0,0.0,0,0,0,308
6988,dormant_user_reactivation_v1,2025-01-15 00:00:00,education_content,1,0,0,0.0,0,0,0,111
6990,dormant_user_reactivation_v1,2025-01-15 00:00:00,product_recommendation,1,0,0,0.0,0,1,0,57
6994,dormant_user_reactivation_v1,2025-01-15 00:00:00,control,1,0,0,0.0,1,0,0,185
6995,dormant_user_reactivation_v1,2025-01-15 00:00:00,control,1,0,0,0.0,0,0,0,146
6998,dormant_user_reactivation_v1,2025-01-15 00:00:00,product_recommendation,1,0,0,0.0,0,0,0,307
7003,dormant_user_reactivation_v1,2025-01-15 00:00:00,product_recommendation,1,0,0,0.0,0,0,0,125
7004,dormant_user_reactivation_v1,2025-01-15 00:00:00,product_recommendation,1,1,0,0.0,0,1,0,82
7005,dormant_user_reactivation_v1,2025-01-15 00:00:00,control,1,0,0,0.0,0,2,0,82
7006,dormant_user_reactivation_v1,2025-01-15 00:00:00,product_recommendation,1,0,0,0.0,0,0,0,257
7007,dormant_user_reactivation_v1,2025-01-15 00:00:00,education_content,1,0,0,0.0,0,7,1,49
7008,dormant_user_reactivation_v1,2025-01-15 00:00:00,product_recommendation,1,0,0,0.0,0,0,0,214
7009,dormant_user_reactivation_v1,2025-01-15 00:00:00,product_recommendation,1,0,0,0.0,0,0,0,147
7012,dormant_user_reactivation_v1,2025-01-15 00:00:00,education_content,1,0,0,0.0,0,0,0,225
7014,dormant_user_reactivation_v1,2025-01-15 00:00:00,product_recommendation,1,0,0,0.0,0,0,0,279
7017,dormant_user_reactivation_v1,2025-01-15 00:00:00,control,1,0,0,0.0,0,0,0,141
7018,dormant_user_reactivation_v1,2025-01-15 00:00:00,product_recommendation,1,0,0,0.0,0,1,0,87
7019,dormant_user_reactivation_v1,2025-01-15 00:00:00,education_content,1,0,0,0.0,0,0,0,226
7020,dormant_user_reactivation_v1,2025-01-15 00:00:00,control,1,0,0,0.0,1,1,0,83
7021,dormant_user_reactivation_v1,2025-01-15 00:00:00,product_recommendation,1,0,0,0.0,0,3,0,64
7026,dormant_user_reactivation_v1,2025-01-15 00:00:00,control,1,0,0,0.0,0,0,0,324
7028,dormant_user_reactivation_v1,2025-01-15 00:00:00,control,1,0,0,0.0,0,0,0,191
7030,dormant_user_reactivation_v1,2025-01-15 00:00:00,product_recommendation,1,0,0,0.0,0,0,0,188
7032,dormant_user_reactivation_v1,2025-01-15 00:00:00,education_content,1,0,1,3630.88,0,2,0,53
7033,dormant_user_reactivation_v1,2025-01-15 00:00:00,control,1,0,0,0.0,0,0,0,158
7036,dormant_user_reactivation_v1,2025-01-15 00:00:00,education_content,1,0,0,0.0,0,0,0,138
7037,dormant_user_reactivation_v1,2025-01-15 00:00:00,product_recommendation,1,0,1,3821.79,0,1,0,55
7039,dormant_user_reactivation_v1,2025-01-15 00:00:00,control,1,1,0,0.0,1,1,0,70
7040,dormant_user_reactivation_v1,2025-01-15 00:00:00,education_content,1,0,0,0.0,0,0,0,262
7046,dormant_user_reactivation_v1,2025-01-15 00:00:00,education_content,1,0,1,4893.69,1,1,0,73
7048,dormant_user_reactivation_v1,2025-01-15 00:00:00,product_recommendation,1,0,1,13730.72,0,0,0,226
7049,dormant_user_reactivation_v1,2025-01-15 00:00:00,product_recommendation,1,0,0,0.0,1,0,0,170
7050,dormant_user_reactivation_v1,2025-01-15 00:00:00,product_recommendation,1,1,0,0.0,0,0,0,176
7052,dormant_user_reactivation_v1,2025-01-15 00:00:00,control,1,0,0,0.0,0,0,0,139
7058,dormant_user_reactivation_v1,2025-01-15 00:00:00,education_content,0,0,0,0.0,0,0,0,138
7064,dormant_user_reactivation_v1,2025-01-15 00:00:00,product_recommendation,1,0,0,0.0,1,2,0,61
7068,dormant_user_reactivation_v1,2025-01-15 00:00:00,product_recommendation,1,0,0,0.0,0,0,0,113
7069,dormant_user_reactivation_v1,2025-01-15 00:00:00,education_content,1,0,0,0.0,0,0,0,120
7070,dormant_user_reactivation_v1,2025-01-15 00:00:00,product_recommendation,1,0,0,0.0,0,0,0,173
7071,dormant_user_reactivation_v1,2025-01-15 00:00:00,product_recommendation,1,0,0,0.0,0,0,0,191
7072,dormant_user_reactivation_v1,2025-01-15 00:00:00,product_recommendation,1,0,0,0.0,0,0,0,256
7075,dormant_user_reactivation_v1,2025-01-15 00:00:00,control,1,0,0,0.0,0,0,0,139
7076,dormant_user_reactivation_v1,2025-01-15 00:00:00,product_recommendation,1,1,0,0.0,0,1,0,61
7077,dormant_user_reactivation_v1,2025-01-15 00:00:00,education_content,1,0,0,0.0,0,0,0,135
7078,dormant_user_reactivation_v1,2025-01-15 00:00:00,education_content,1,0,0,0.0,1,0,0,91
7080,dormant_user_reactivation_v1,2025-01-15 00:00:00,product_recommendation,1,0,0,0.0,1,0,0,249
7082,dormant_user_reactivation_v1,2025-01-15 00:00:00,control,1,0,0,0.0,0,0,0,272
7086,dormant_user_reactivation_v1,2025-01-15 00:00:00,education_content,1,0,0,0.0,0,2,0,82
7087,dormant_user_reactivation_v1,2025-01-15 00:00:00,product_recommendation,1,1,0,0.0,0,0,0,183
7088,dormant_user_reactivation_v1,2025-01-15 00:00:00,control,1,0,0,0.0,0,0,0,236
7090,dormant_user_reactivation_v1,2025-01-15 00:00:00,education_content,1,0,0,0.0,0,0,0,244
7092,dormant_user_reactivation_v1,2025-01-15 00:00:00,education_content,1,0,0,0.0,0,0,0,271
7100,dormant_user_reactivation_v1,2025-01-15 00:00:00,education_content,0,0,0,0.0,0,0,0,176
7101,dormant_user_reactivation_v1,2025-01-15 00:00:00,education_content,1,0,1,2559.81,0,0,0,330
7107,dormant_user_reactivation_v1,2025-01-15 00:00:00,control,1,0,0,0.0,0,0,0,190
7108,dormant_user_reactivation_v1,2025-01-15 00:00:00,product_recommendation,1,1,0,0.0,0,1,0,81
7109,dormant_user_reactivation_v1,2025-01-15 00:00:00,education_content,1,1,0,0.0,0,0,0,184
7114,dormant_user_reactivation_v1,2025-01-15 00:00:00,education_content,1,0,0,0.0,0,0,0,262
7117,dormant_user_reactivation_v1,2025-01-15 00:00:00,product_recommendation,1,0,0,0.0,0,0,0,70
7118,dormant_user_reactivation_v1,2025-01-15 00:00:00,education_content,1,1,0,0.0,0,0,0,325
7119,dormant_user_reactivation_v1,2025-01-15 00:00:00,education_content,1,0,0,0.0,0,0,0,165
7120,dormant_user_reactivation_v1,2025-01-15 00:00:00,control,0,0,0,0.0,0,0,0,151
7124,dormant_user_reactivation_v1,2025-01-15 00:00:00,product_recommendation,1,0,0,0.0,0,1,0,63
7125,dormant_user_reactivation_v1,2025-01-15 00:00:00,education_content,1,0,0,0.0,1,0,0,313
7127,dormant_user_reactivation_v1,2025-01-15 00:00:00,control,1,0,0,0.0,0,0,0,180
7128,dormant_user_reactivation_v1,2025-01-15 00:00:00,control,1,0,0,0.0,0,0,0,134
7129,dormant_user_reactivation_v1,2025-01-15 00:00:00,product_recommendation,1,0,1,2493.19,1,3,0,55
7130,dormant_user_reactivation_v1,2025-01-15 00:00:00,education_content,1,1,0,0.0,0,0,0,190
7131,dormant_user_reactivation_v1,2025-01-15 00:00:00,control,1,0,0,0.0,0,0,0,179
7134,dormant_user_reactivation_v1,2025-01-15 00:00:00,product_recommendation,1,0,0,0.0,0,0,0,245
7136,dormant_user_reactivation_v1,2025-01-15 00:00:00,product_recommendation,1,0,0,0.0,1,0,1,101
7138,dormant_user_reactivation_v1,2025-01-15 00:00:00,education_content,1,0,0,0.0,0,0,0,294
7139,dormant_user_reactivation_v1,2025-01-15 00:00:00,education_content,1,0,0,0.0,0,1,0,86
7140,dormant_user_reactivation_v1,2025-01-15 00:00:00,product_recommendation,1,0,0,0.0,0,0,0,109
7142,dormant_user_reactivation_v1,2025-01-15 00:00:00,control,1,0,0,0.0,0,0,0,113
7150,dormant_user_reactivation_v1,2025-01-15 00:00:00,control,1,0,0,0.0,0,0,0,99
7153,dormant_user_reactivation_v1,2025-01-15 00:00:00,control,1,0,0,0.0,0,0,0,152
7156,dormant_user_reactivation_v1,2025-01-15 00:00:00,control,1,0,0,0.0,0,0,0,91
7157,dormant_user_reactivation_v1,2025-01-15 00:00:00,education_content,1,0,0,0.0,0,1,0,50
7158,dormant_user_reactivation_v1,2025-01-15 00:00:00,control,1,0,0,0.0,0,0,0,205
7161,dormant_user_reactivation_v1,2025-01-15 00:00:00,product_recommendation,1,1,0,0.0,0,0,0,221
7162,dormant_user_reactivation_v1,2025-01-15 00:00:00,education_content,1,0,0,0.0,0,0,0,303
7163,dormant_user_reactivation_v1,2025-01-15 00:00:00,product_recommendation,1,0,0,0.0,1,2,0,51
7166,dormant_user_reactivation_v1,2025-01-15 00:00:00,control,1,0,0,0.0,0,1,0,76
7167,dormant_user_reactivation_v1,2025-01-15 00:00:00,education_content,1,0,0,0.0,0,0,0,265
7169,dormant_user_reactivation_v1,2025-01-15 00:00:00,product_recommendation,0,0,0,0.0,1,0,0,178
7171,dormant_user_reactivation_v1,2025-01-15 00:00:00,education_content,1,0,0,0.0,1,0,0,302
7173,dormant_user_reactivation_v1,2025-01-15 00:00:00,product_recommendation,1,0,0,0.0,0,0,0,210
7178,dormant_user_reactivation_v1,2025-01-15 00:00:00,education_content,1,0,0,0.0,0,1,0,45
7179,dormant_user_reactivation_v1,2025-01-15 00:00:00,education_content,1,1,1,5723.01,1,0,0,330
7180,dormant_user_reactivation_v1,2025-01-15 00:00:00,education_content,1,0,0,0.0,0,0,0,236
7182,dormant_user_reactivation_v1,2025-01-15 00:00:00,product_recommendation,1,0,0,0.0,0,0,0,146
7184,dormant_user_reactivation_v1,2025-01-15 00:00:00,control,1,0,0,0.0,0,0,0,78
7186,dormant_user_reactivation_v1,2025-01-15 00:00:00,education_content,1,0,1,4070.14,1,0,0,106
7188,dormant_user_reactivation_v1,2025-01-15 00:00:00,education_content,1,0,0,0.0,0,0,0,335
7189,dormant_user_reactivation_v1,2025-01-15 00:00:00,education_content,1,0,0,0.0,0,1,0,46
7191,dormant_user_reactivation_v1,2025-01-15 00:00:00,education_content,1,0,0,0.0,1,1,0,79
7192,dormant_user_reactivation_v1,2025-01-15 00:00:00,product_recommendation,1,0,0,0.0,0,0,0,105
7193,dormant_user_reactivation_v1,2025-01-15 00:00:00,control,1,0,0,0.0,0,1,0,69
7194,dormant_user_reactivation_v1,2025-01-15 00:00:00,control,1,0,0,0.0,0,0,0,144
7199,dormant_user_reactivation_v1,2025-01-15 00:00:00,control,1,0,0,0.0,0,0,0,102
7200,dormant_user_reactivation_v1,2025-01-15 00:00:00,education_content,1,0,0,0.0,0,0,0,334
7202,dormant_user_reactivation_v1,2025-01-15 00:00:00,control,1,0,0,0.0,1,0,0,108
7203,dormant_user_reactivation_v1,2025-01-15 00:00:00,education_content,1,0,0,0.0,0,1,0,87
7204,dormant_user_reactivation_v1,2025-01-15 00:00:00,control,1,0,0,0.0,0,1,0,83
7205,dormant_user_reactivation_v1,2025-01-15 00:00:00,control,1,0,0,0.0,0,0,0,92
7209,dormant_user_reactivation_v1,2025-01-15 00:00:00,product_recommendation,1,0,0,0.0,0,0,0,101
7210,dormant_user_reactivation_v1,2025-01-15 00:00:00,control,1,0,0,0.0,1,0,0,90
7211,dormant_user_reactivation_v1,2025-01-15 00:00:00,control,1,0,0,0.0,0,0,0,290
7213,dormant_user_reactivation_v1,2025-01-15 00:00:00,education_content,1,1,0,0.0,0,0,0,220
7217,dormant_user_reactivation_v1,2025-01-15 00:00:00,education_content,1,0,0,0.0,0,0,0,260
7220,dormant_user_reactivation_v1,2025-01-15 00:00:00,product_recommendation,1,0,0,0.0,0,0,0,125
7222,dormant_user_reactivation_v1,2025-01-15 00:00:00,education_content,1,1,0,0.0,1,3,0,57
7224,dormant_user_reactivation_v1,2025-01-15 00:00:00,control,0,0,0,0.0,0,0,0,318
7225,dormant_user_reactivation_v1,2025-01-15 00:00:00,education_content,1,0,0,0.0,0,0,0,270
7227,dormant_user_reactivation_v1,2025-01-15 00:00:00,education_content,1,0,0,0.0,0,0,0,94
7228,dormant_user_reactivation_v1,2025-01-15 00:00:00,control,1,0,0,0.0,0,0,0,193
7230,dormant_user_reactivation_v1,2025-01-15 00:00:00,control,1,0,0,0.0,1,0,0,141
7231,dormant_user_reactivation_v1,2025-01-15 00:00:00,education_content,1,1,0,0.0,0,1,0,66
7232,dormant_user_reactivation_v1,2025-01-15 00:00:00,control,1,0,0,0.0,0,2,1,51
7234,dormant_user_reactivation_v1,2025-01-15 00:00:00,product_recommendation,1,0,0,0.0,0,0,0,162
7235,dormant_user_reactivation_v1,2025-01-15 00:00:00,education_content,1,0,0,0.0,0,0,0,234
7236,dormant_user_reactivation_v1,2025-01-15 00:00:00,education_content,1,0,0,0.0,0,0,0,220
7240,dormant_user_reactivation_v1,2025-01-15 00:00:00,education_content,1,0,0,0.0,1,1,0,56
7242,dormant_user_reactivation_v1,2025-01-15 00:00:00,control,1,0,0,0.0,0,0,0,265
7250,dormant_user_reactivation_v1,2025-01-15 00:00:00,control,1,0,0,0.0,0,1,0,83
7254,dormant_user_reactivation_v1,2025-01-15 00:00:00,control,1,0,0,0.0,0,0,0,325
7255,dormant_user_reactivation_v1,2025-01-15 00:00:00,product_recommendation,1,0,0,0.0,0,0,0,280
7256,dormant_user_reactivation_v1,2025-01-15 00:00:00,control,1,0,0,0.0,0,0,0,163
7257,dormant_user_reactivation_v1,2025-01-15 00:00:00,education_content,1,1,0,0.0,0,0,0,179
7258,dormant_user_reactivation_v1,2025-01-15 00:00:00,control,1,0,0,0.0,1,1,0,81
7260,dormant_user_reactivation_v1,2025-01-15 00:00:00,education_content,1,0,0,0.0,1,1,0,86
7261,dormant_user_reactivation_v1,2025-01-15 00:00:00,control,1,0,0,0.0,0,2,0,46
7263,dormant_user_reactivation_v1,2025-01-15 00:00:00,control,1,0,0,0.0,0,0,0,144
7264,dormant_user_reactivation_v1,2025-01-15 00:00:00,education_content,1,0,0,0.0,1,1,0,75
7265,dormant_user_reactivation_v1,2025-01-15 00:00:00,product_recommendation,1,0,0,0.0,0,0,0,115
7266,dormant_user_reactivation_v1,2025-01-15 00:00:00,product_recommendation,1,1,0,0.0,0,0,0,143
7269,dormant_user_reactivation_v1,2025-01-15 00:00:00,control,1,0,0,0.0,0,0,0,278
7270,dormant_user_reactivation_v1,2025-01-15 00:00:00,education_content,1,0,0,0.0,0,0,0,139
7272,dormant_user_reactivation_v1,2025-01-15 00:00:00,product_recommendation,1,0,0,0.0,0,0,0,244
7275,dormant_user_reactivation_v1,2025-01-15 00:00:00,product_recommendation,1,0,0,0.0,0,0,0,180
7279,dormant_user_reactivation_v1,2025-01-15 00:00:00,control,1,0,0,0.0,0,0,0,147
7281,dormant_user_reactivation_v1,2025-01-15 00:00:00,education_content,1,0,0,0.0,1,1,0,55
7284,dormant_user_reactivation_v1,2025-01-15 00:00:00,control,1,0,0,0.0,0,0,0,216
7285,dormant_user_reactivation_v1,2025-01-15 00:00:00,education_content,1,0,1,1980.27,1,3,0,57
7291,dormant_user_reactivation_v1,2025-01-15 00:00:00,product_recommendation,1,0,0,0.0,0,0,0,160
7292,dormant_user_reactivation_v1,2025-01-15 00:00:00,product_recommendation,1,0,0,0.0,1,3,0,70
7294,dormant_user_reactivation_v1,2025-01-15 00:00:00,education_content,1,0,0,0.0,0,0,0,244
7295,dormant_user_reactivation_v1,2025-01-15 00:00:00,education_content,1,0,1,473.47,1,0,0,107
7296,dormant_user_reactivation_v1,2025-01-15 00:00:00,education_content,1,0,0,0.0,0,0,0,103
7299,dormant_user_reactivation_v1,2025-01-15 00:00:00,control,1,0,0,0.0,0,1,0,46
7301,dormant_user_reactivation_v1,2025-01-15 00:00:00,education_content,1,0,0,0.0,1,2,0,56
7304,dormant_user_reactivation_v1,2025-01-15 00:00:00,product_recommendation,1,0,0,0.0,0,0,0,92
7308,dormant_user_reactivation_v1,2025-01-15 00:00:00,product_recommendation,1,0,0,0.0,0,1,0,53
7310,dormant_user_reactivation_v1,2025-01-15 00:00:00,education_content,1,0,0,0.0,0,0,0,275
7316,dormant_user_reactivation_v1,2025-01-15 00:00:00,control,1,0,0,0.0,0,0,0,296
7317,dormant_user_reactivation_v1,2025-01-15 00:00:00,education_content,1,0,1,474.0,0,0,0,162
7318,dormant_user_reactivation_v1,2025-01-15 00:00:00,product_recommendation,1,0,0,0.0,0,0,0,184
7319,dormant_user_reactivation_v1,2025-01-15 00:00:00,product_recommendation,1,0,0,0.0,0,0,0,158
7321,dormant_user_reactivation_v1,2025-01-15 00:00:00,product_recommendation,1,0,0,0.0,0,0,0,269
7323,dormant_user_reactivation_v1,2025-01-15 00:00:00,education_content,1,1,1,10311.46,0,0,0,179
7325,dormant_user_reactivation_v1,2025-01-15 00:00:00,product_recommendation,1,0,0,0.0,0,0,0,116
7326,dormant_user_reactivation_v1,2025-01-15 00:00:00,product_recommendation,0,0,0,0.0,0,0,0,180
7332,dormant_user_reactivation_v1,2025-01-15 00:00:00,control,1,0,0,0.0,0,0,0,113
7333,dormant_user_reactivation_v1,2025-01-15 00:00:00,control,1,0,1,2586.7,0,0,0,93
7334,dormant_user_reactivation_v1,2025-01-15 00:00:00,education_content,1,1,0,0.0,0,1,0,58
7335,dormant_user_reactivation_v1,2025-01-15 00:00:00,product_recommendation,1,0,0,0.0,0,0,0,288
7336,dormant_user_reactivation_v1,2025-01-15 00:00:00,education_content,0,0,0,0.0,1,2,0,50
7339,dormant_user_reactivation_v1,2025-01-15 00:00:00,control,1,0,0,0.0,0,0,0,301
7340,dormant_user_reactivation_v1,2025-01-15 00:00:00,education_content,1,0,0,0.0,1,0,0,183
7342,dormant_user_reactivation_v1,2025-01-15 00:00:00,education_content,1,0,0,0.0,0,0,0,126
7343,dormant_user_reactivation_v1,2025-01-15 00:00:00,education_content,1,0,0,0.0,0,0,0,108
7349,dormant_user_reactivation_v1,2025-01-15 00:00:00,education_content,1,0,0,0.0,0,0,0,357
7351,dormant_user_reactivation_v1,2025-01-15 00:00:00,education_content,1,0,0,0.0,0,0,0,212
7353,dormant_user_reactivation_v1,2025-01-15 00:00:00,education_content,1,0,0,0.0,0,0,0,254
7355,dormant_user_reactivation_v1,2025-01-15 00:00:00,control,1,0,0,0.0,0,0,0,290
7359,dormant_user_reactivation_v1,2025-01-15 00:00:00,education_content,1,0,0,0.0,0,0,0,278
7360,dormant_user_reactivation_v1,2025-01-15 00:00:00,education_content,1,0,0,0.0,1,0,0,204
7364,dormant_user_reactivation_v1,2025-01-15 00:00:00,product_recommendation,1,0,0,0.0,0,0,0,108
7369,dormant_user_reactivation_v1,2025-01-15 00:00:00,control,1,0,0,0.0,0,0,0,98
7370,dormant_user_reactivation_v1,2025-01-15 00:00:00,product_recommendation,1,0,0,0.0,0,0,0,287
7373,dormant_user_reactivation_v1,2025-01-15 00:00:00,product_recommendation,1,0,1,1182.05,1,0,0,248
7375,dormant_user_reactivation_v1,2025-01-15 00:00:00,education_content,1,0,0,0.0,1,0,0,229
7377,dormant_user_reactivation_v1,2025-01-15 00:00:00,control,1,0,0,0.0,0,0,0,145
7378,dormant_user_reactivation_v1,2025-01-15 00:00:00,education_content,1,0,1,15804.71,1,0,0,339
7384,dormant_user_reactivation_v1,2025-01-15 00:00:00,product_recommendation,1,0,1,2341.37,0,0,0,179
7385,dormant_user_reactivation_v1,2025-01-15 00:00:00,control,1,0,0,0.0,0,0,0,101
7386,dormant_user_reactivation_v1,2025-01-15 00:00:00,control,1,0,0,0.0,0,0,0,206
7392,dormant_user_reactivation_v1,2025-01-15 00:00:00,product_recommendation,1,0,0,0.0,0,0,0,266
7393,dormant_user_reactivation_v1,2025-01-15 00:00:00,education_content,1,0,0,0.0,0,2,0,52
7395,dormant_user_reactivation_v1,2025-01-15 00:00:00,education_content,1,1,0,0.0,1,0,0,118
7400,dormant_user_reactivation_v1,2025-01-15 00:00:00,education_content,1,0,0,0.0,1,0,0,91
7403,dormant_user_reactivation_v1,2025-01-15 00:00:00,control,1,0,0,0.0,0,0,0,128
7407,dormant_user_reactivation_v1,2025-01-15 00:00:00,product_recommendation,1,0,0,0.0,0,1,0,61
7408,dormant_user_reactivation_v1,2025-01-15 00:00:00,product_recommendation,1,0,0,0.0,0,0,0,105
7409,dormant_user_reactivation_v1,2025-01-15 00:00:00,education_content,0,0,0,0.0,0,0,0,262
7410,dormant_user_reactivation_v1,2025-01-15 00:00:00,control,1,0,0,0.0,0,0,0,182
7411,dormant_user_reactivation_v1,2025-01-15 00:00:00,control,1,0,0,0.0,0,0,0,217
7413,dormant_user_reactivation_v1,2025-01-15 00:00:00,education_content,1,0,0,0.0,0,0,0,93
7414,dormant_user_reactivation_v1,2025-01-15 00:00:00,education_content,1,1,0,0.0,0,0,0,133
7416,dormant_user_reactivation_v1,2025-01-15 00:00:00,control,1,0,0,0.0,0,0,0,211
7418,dormant_user_reactivation_v1,2025-01-15 00:00:00,education_content,1,0,0,0.0,0,0,0,198
7420,dormant_user_reactivation_v1,2025-01-15 00:00:00,education_content,1,0,0,0.0,0,2,0,69
7426,dormant_user_reactivation_v1,2025-01-15 00:00:00,education_content,1,0,0,0.0,1,0,0,90
7427,dormant_user_reactivation_v1,2025-01-15 00:00:00,control,1,0,0,0.0,0,0,0,186
7428,dormant_user_reactivation_v1,2025-01-15 00:00:00,control,1,0,0,0.0,0,0,0,107
7431,dormant_user_reactivation_v1,2025-01-15 00:00:00,education_content,0,0,0,0.0,0,0,0,347
7432,dormant_user_reactivation_v1,2025-01-15 00:00:00,product_recommendation,1,0,0,0.0,0,0,0,272
7433,dormant_user_reactivation_v1,2025-01-15 00:00:00,product_recommendation,1,1,0,0.0,0,0,0,145
7434,dormant_user_reactivation_v1,2025-01-15 00:00:00,product_recommendation,1,0,0,0.0,0,0,0,358
7437,dormant_user_reactivation_v1,2025-01-15 00:00:00,control,1,0,0,0.0,0,0,0,92
7438,dormant_user_reactivation_v1,2025-01-15 00:00:00,education_content,1,0,0,0.0,0,0,0,118
7439,dormant_user_reactivation_v1,2025-01-15 00:00:00,education_content,1,0,0,0.0,0,1,0,55
7442,dormant_user_reactivation_v1,2025-01-15 00:00:00,education_content,1,0,0,0.0,0,0,0,177
7446,dormant_user_reactivation_v1,2025-01-15 00:00:00,product_recommendation,1,1,0,0.0,0,2,0,51
7450,dormant_user_reactivation_v1,2025-01-15 00:00:00,education_content,1,0,0,0.0,0,0,0,159
7453,dormant_user_reactivation_v1,2025-01-15 00:00:00,control,1,0,0,0.0,0,0,0,111
7454,dormant_user_reactivation_v1,2025-01-15 00:00:00,product_recommendation,1,0,0,0.0,1,0,0,318
7459,dormant_user_reactivation_v1,2025-01-15 00:00:00,education_content,1,1,0,0.0,1,1,0,46
7461,dormant_user_reactivation_v1,2025-01-15 00:00:00,product_recommendation,1,0,0,0.0,0,2,0,57
7462,dormant_user_reactivation_v1,2025-01-15 00:00:00,education_content,1,0,0,0.0,0,3,0,50
7468,dormant_user_reactivation_v1,2025-01-15 00:00:00,control,1,0,0,0.0,0,0,0,281
7470,dormant_user_reactivation_v1,2025-01-15 00:00:00,education_content,1,1,0,0.0,0,0,0,160
7471,dormant_user_reactivation_v1,2025-01-15 00:00:00,product_recommendation,1,0,0,0.0,0,0,0,349
7477,dormant_user_reactivation_v1,2025-01-15 00:00:00,product_recommendation,1,0,0,0.0,0,0,0,194
7479,dormant_user_reactivation_v1,2025-01-15 00:00:00,control,1,0,0,0.0,0,0,0,123
7482,dormant_user_reactivation_v1,2025-01-15 00:00:00,education_content,1,0,0,0.0,0,0,0,182
7484,dormant_user_reactivation_v1,2025-01-15 00:00:00,control,1,0,0,0.0,0,1,0,88
7486,dormant_user_reactivation_v1,2025-01-15 00:00:00,product_recommendation,1,0,0,0.0,0,0,0,148
7489,dormant_user_reactivation_v1,2025-01-15 00:00:00,product_recommendation,1,1,0,0.0,0,0,0,183
7490,dormant_user_reactivation_v1,2025-01-15 00:00:00,control,1,0,0,0.0,0,0,0,132
7493,dormant_user_reactivation_v1,2025-01-15 00:00:00,control,1,0,0,0.0,0,0,0,236
7496,dormant_user_reactivation_v1,2025-01-15 00:00:00,education_content,1,0,0,0.0,1,0,0,101
7499,dormant_user_reactivation_v1,2025-01-15 00:00:00,product_recommendation,1,0,0,0.0,0,1,0,80
7506,dormant_user_reactivation_v1,2025-01-15 00:00:00,education_content,1,0,0,0.0,0,0,0,91
7507,dormant_user_reactivation_v1,2025-01-15 00:00:00,education_content,1,0,0,0.0,0,0,0,152
7512,dormant_user_reactivation_v1,2025-01-15 00:00:00,education_content,1,0,0,0.0,1,0,0,324
7516,dormant_user_reactivation_v1,2025-01-15 00:00:00,education_content,1,0,0,0.0,0,0,0,334
7517,dormant_user_reactivation_v1,2025-01-15 00:00:00,control,1,0,0,0.0,0,0,0,332
7518,dormant_user_reactivation_v1,2025-01-15 00:00:00,product_recommendation,1,0,0,0.0,0,0,0,138
7520,dormant_user_reactivation_v1,2025-01-15 00:00:00,education_content,1,0,0,0.0,0,0,0,251
7521,dormant_user_reactivation_v1,2025-01-15 00:00:00,control,1,0,0,0.0,0,0,0,209
7524,dormant_user_reactivation_v1,2025-01-15 00:00:00,product_recommendation,1,0,0,0.0,0,1,0,66
7525,dormant_user_reactivation_v1,2025-01-15 00:00:00,product_recommendation,1,0,0,0.0,0,0,0,249
7526,dormant_user_reactivation_v1,2025-01-15 00:00:00,education_content,1,0,0,0.0,0,0,0,254
7527,dormant_user_reactivation_v1,2025-01-15 00:00:00,education_content,1,0,0,0.0,0,0,0,121
7528,dormant_user_reactivation_v1,2025-01-15 00:00:00,control,1,0,0,0.0,1,2,0,60
7533,dormant_user_reactivation_v1,2025-01-15 00:00:00,education_content,1,0,0,0.0,0,0,0,113
7538,dormant_user_reactivation_v1,2025-01-15 00:00:00,control,1,0,0,0.0,0,0,0,96
7540,dormant_user_reactivation_v1,2025-01-15 00:00:00,education_content,1,0,0,0.0,0,2,0,48
7545,dormant_user_reactivation_v1,2025-01-15 00:00:00,education_content,1,0,1,8653.85,0,0,0,95
7546,dormant_user_reactivation_v1,2025-01-15 00:00:00,product_recommendation,1,1,0,0.0,0,1,0,48
7547,dormant_user_reactivation_v1,2025-01-15 00:00:00,education_content,1,1,0,0.0,0,0,0,114
7550,dormant_user_reactivation_v1,2025-01-15 00:00:00,product_recommendation,1,0,0,0.0,0,1,0,73
7552,dormant_user_reactivation_v1,2025-01-15 00:00:00,education_content,1,0,0,0.0,1,0,0,93
7553,dormant_user_reactivation_v1,2025-01-15 00:00:00,control,1,1,0,0.0,0,0,0,195
7556,dormant_user_reactivation_v1,2025-01-15 00:00:00,product_recommendation,1,0,1,5844.57,0,0,0,217
7557,dormant_user_reactivation_v1,2025-01-15 00:00:00,control,1,0,0,0.0,1,3,0,75
7558,dormant_user_reactivation_v1,2025-01-15 00:00:00,control,1,0,0,0.0,0,0,0,179
7562,dormant_user_reactivation_v1,2025-01-15 00:00:00,education_content,1,0,0,0.0,0,0,0,221
7563,dormant_user_reactivation_v1,2025-01-15 00:00:00,education_content,1,0,0,0.0,0,0,0,146
7566,dormant_user_reactivation_v1,2025-01-15 00:00:00,control,1,0,0,0.0,0,0,0,155
7568,dormant_user_reactivation_v1,2025-01-15 00:00:00,control,1,0,0,0.0,0,0,0,94
7570,dormant_user_reactivation_v1,2025-01-15 00:00:00,product_recommendation,1,0,0,0.0,0,2,0,60
7571,dormant_user_reactivation_v1,2025-01-15 00:00:00,product_recommendation,1,0,0,0.0,0,0,0,110
7576,dormant_user_reactivation_v1,2025-01-15 00:00:00,product_recommendation,0,0,0,0.0,0,0,0,281
7580,dormant_user_reactivation_v1,2025-01-15 00:00:00,education_content,1,0,0,0.0,0,0,0,256
7585,dormant_user_reactivation_v1,2025-01-15 00:00:00,control,1,0,0,0.0,1,0,0,299
7587,dormant_user_reactivation_v1,2025-01-15 00:00:00,education_content,1,0,0,0.0,0,0,0,301
7590,dormant_user_reactivation_v1,2025-01-15 00:00:00,product_recommendation,1,0,0,0.0,0,2,0,52
7591,dormant_user_reactivation_v1,2025-01-15 00:00:00,product_recommendation,1,0,0,0.0,0,0,0,312
7592,dormant_user_reactivation_v1,2025-01-15 00:00:00,product_recommendation,1,1,1,1466.32,0,0,0,106
7594,dormant_user_reactivation_v1,2025-01-15 00:00:00,education_content,1,0,0,0.0,0,3,0,61
7597,dormant_user_reactivation_v1,2025-01-15 00:00:00,education_content,1,0,0,0.0,0,0,0,258
7599,dormant_user_reactivation_v1,2025-01-15 00:00:00,education_content,1,0,0,0.0,0,1,0,74
7600,dormant_user_reactivation_v1,2025-01-15 00:00:00,product_recommendation,1,0,0,0.0,0,1,0,62
7605,dormant_user_reactivation_v1,2025-01-15 00:00:00,control,1,0,0,0.0,0,0,0,303
7606,dormant_user_reactivation_v1,2025-01-15 00:00:00,control,1,0,0,0.0,0,0,0,90
7607,dormant_user_reactivation_v1,2025-01-15 00:00:00,control,1,0,0,0.0,0,0,0,160
7608,dormant_user_reactivation_v1,2025-01-15 00:00:00,education_content,1,0,0,0.0,0,0,0,225
7610,dormant_user_reactivation_v1,2025-01-15 00:00:00,education_content,1,0,0,0.0,0,0,0,200
7611,dormant_user_reactivation_v1,2025-01-15 00:00:00,product_recommendation,1,0,0,0.0,0,1,0,82
7618,dormant_user_reactivation_v1,2025-01-15 00:00:00,control,1,0,0,0.0,0,0,0,306
7621,dormant_user_reactivation_v1,2025-01-15 00:00:00,education_content,1,0,0,0.0,0,0,0,185
7624,dormant_user_reactivation_v1,2025-01-15 00:00:00,product_recommendation,1,0,0,0.0,0,0,0,268
7629,dormant_user_reactivation_v1,2025-01-15 00:00:00,control,1,0,1,2189.83,0,0,0,239
7631,dormant_user_reactivation_v1,2025-01-15 00:00:00,control,1,0,1,1909.84,0,0,0,213
7632,dormant_user_reactivation_v1,2025-01-15 00:00:00,education_content,1,0,0,0.0,0,1,0,52
7634,dormant_user_reactivation_v1,2025-01-15 00:00:00,control,0,0,0,0.0,0,0,0,313
7641,dormant_user_reactivation_v1,2025-01-15 00:00:00,education_content,1,1,0,0.0,0,0,0,98
7642,dormant_user_reactivation_v1,2025-01-15 00:00:00,product_recommendation,1,0,0,0.0,0,0,0,93
7643,dormant_user_reactivation_v1,2025-01-15 00:00:00,control,1,0,0,0.0,0,0,0,97
7645,dormant_user_reactivation_v1,2025-01-15 00:00:00,education_content,1,0,0,0.0,1,0,0,173
7650,dormant_user_reactivation_v1,2025-01-15 00:00:00,control,1,0,0,0.0,1,2,0,45
7654,dormant_user_reactivation_v1,2025-01-15 00:00:00,control,1,0,0,0.0,0,0,0,99
7655,dormant_user_reactivation_v1,2025-01-15 00:00:00,product_recommendation,1,0,0,0.0,0,0,0,197
7658,dormant_user_reactivation_v1,2025-01-15 00:00:00,education_content,1,0,0,0.0,0,1,0,68
7660,dormant_user_reactivation_v1,2025-01-15 00:00:00,product_recommendation,1,1,0,0.0,1,0,0,209
7661,dormant_user_reactivation_v1,2025-01-15 00:00:00,education_content,1,0,0,0.0,1,2,0,73
7662,dormant_user_reactivation_v1,2025-01-15 00:00:00,control,1,0,0,0.0,0,0,0,189
7663,dormant_user_reactivation_v1,2025-01-15 00:00:00,control,0,0,0,0.0,0,0,0,125
7665,dormant_user_reactivation_v1,2025-01-15 00:00:00,education_content,1,0,0,0.0,1,0,0,143
7666,dormant_user_reactivation_v1,2025-01-15 00:00:00,education_content,1,0,0,0.0,0,0,0,157
7667,dormant_user_reactivation_v1,2025-01-15 00:00:00,education_content,1,0,0,0.0,0,1,0,60
7671,dormant_user_reactivation_v1,2025-01-15 00:00:00,control,1,0,0,0.0,0,0,0,138
7672,dormant_user_reactivation_v1,2025-01-15 00:00:00,product_recommendation,1,1,0,0.0,0,0,0,173
7682,dormant_user_reactivation_v1,2025-01-15 00:00:00,control,1,0,0,0.0,0,2,2,65
7683,dormant_user_reactivation_v1,2025-01-15 00:00:00,product_recommendation,1,0,1,15306.95,1,0,0,178
7685,dormant_user_reactivation_v1,2025-01-15 00:00:00,control,1,1,0,0.0,0,1,0,77
7686,dormant_user_reactivation_v1,2025-01-15 00:00:00,product_recommendation,1,0,0,0.0,0,0,0,110
7687,dormant_user_reactivation_v1,2025-01-15 00:00:00,education_content,1,1,0,0.0,0,0,0,223
7688,dormant_user_reactivation_v1,2025-01-15 00:00:00,control,1,0,0,0.0,0,0,0,230
7690,dormant_user_reactivation_v1,2025-01-15 00:00:00,product_recommendation,1,1,0,0.0,0,0,0,161
7691,dormant_user_reactivation_v1,2025-01-15 00:00:00,product_recommendation,1,1,0,0.0,0,0,0,281
7692,dormant_user_reactivation_v1,2025-01-15 00:00:00,education_content,1,1,0,0.0,0,0,0,222
7693,dormant_user_reactivation_v1,2025-01-15 00:00:00,education_content,1,0,0,0.0,0,1,0,59
7694,dormant_user_reactivation_v1,2025-01-15 00:00:00,product_recommendation,1,0,0,0.0,0,0,0,165
7696,dormant_user_reactivation_v1,2025-01-15 00:00:00,control,1,0,0,0.0,0,0,0,274
7698,dormant_user_reactivation_v1,2025-01-15 00:00:00,control,0,0,0,0.0,0,1,0,51
7699,dormant_user_reactivation_v1,2025-01-15 00:00:00,control,1,0,0,0.0,0,0,0,245
7700,dormant_user_reactivation_v1,2025-01-15 00:00:00,control,1,0,0,0.0,0,0,0,250
7701,dormant_user_reactivation_v1,2025-01-15 00:00:00,control,1,0,0,0.0,0,0,0,221
7702,dormant_user_reactivation_v1,2025-01-15 00:00:00,product_recommendation,1,0,0,0.0,0,0,0,151
7705,dormant_user_reactivation_v1,2025-01-15 00:00:00,control,1,0,0,0.0,0,0,0,250
7707,dormant_user_reactivation_v1,2025-01-15 00:00:00,control,0,0,0,0.0,0,1,0,54
7708,dormant_user_reactivation_v1,2025-01-15 00:00:00,education_content,1,1,0,0.0,0,0,0,206
7709,dormant_user_reactivation_v1,2025-01-15 00:00:00,education_content,1,0,0,0.0,0,1,0,78
7710,dormant_user_reactivation_v1,2025-01-15 00:00:00,education_content,1,0,0,0.0,0,0,0,175
7712,dormant_user_reactivation_v1,2025-01-15 00:00:00,control,1,0,0,0.0,1,0,0,249
7715,dormant_user_reactivation_v1,2025-01-15 00:00:00,product_recommendation,1,0,0,0.0,0,0,0,202
7717,dormant_user_reactivation_v1,2025-01-15 00:00:00,control,1,0,0,0.0,0,3,0,51
7719,dormant_user_reactivation_v1,2025-01-15 00:00:00,education_content,1,0,0,0.0,0,0,0,258
7721,dormant_user_reactivation_v1,2025-01-15 00:00:00,control,1,0,0,0.0,0,1,0,76
7722,dormant_user_reactivation_v1,2025-01-15 00:00:00,control,1,0,0,0.0,0,0,0,163
7723,dormant_user_reactivation_v1,2025-01-15 00:00:00,control,1,0,0,0.0,0,0,0,173
7724,dormant_user_reactivation_v1,2025-01-15 00:00:00,control,1,0,0,0.0,0,0,0,260
7725,dormant_user_reactivation_v1,2025-01-15 00:00:00,control,1,0,0,0.0,0,0,0,172
7726,dormant_user_reactivation_v1,2025-01-15 00:00:00,product_recommendation,1,0,0,0.0,0,0,0,92
7727,dormant_user_reactivation_v1,2025-01-15 00:00:00,product_recommendation,1,0,0,0.0,0,0,0,343
7728,dormant_user_reactivation_v1,2025-01-15 00:00:00,education_content,1,1,0,0.0,1,0,0,68
7732,dormant_user_reactivation_v1,2025-01-15 00:00:00,product_recommendation,1,0,0,0.0,0,0,0,95
7735,dormant_user_reactivation_v1,2025-01-15 00:00:00,control,1,0,0,0.0,0,2,0,67
7739,dormant_user_reactivation_v1,2025-01-15 00:00:00,product_recommendation,1,0,0,0.0,0,0,0,342
7740,dormant_user_reactivation_v1,2025-01-15 00:00:00,education_content,1,0,0,0.0,0,0,0,286
7746,dormant_user_reactivation_v1,2025-01-15 00:00:00,education_content,1,0,1,867.47,1,0,0,272
7748,dormant_user_reactivation_v1,2025-01-15 00:00:00,control,1,0,0,0.0,1,0,0,228
7750,dormant_user_reactivation_v1,2025-01-15 00:00:00,education_content,1,0,0,0.0,0,2,0,53
7751,dormant_user_reactivation_v1,2025-01-15 00:00:00,education_content,1,0,0,0.0,0,0,0,224
7754,dormant_user_reactivation_v1,2025-01-15 00:00:00,education_content,1,0,1,1290.45,0,0,0,119
7755,dormant_user_reactivation_v1,2025-01-15 00:00:00,education_content,1,0,0,0.0,1,1,0,75
7756,dormant_user_reactivation_v1,2025-01-15 00:00:00,control,1,0,0,0.0,0,0,0,186
7757,dormant_user_reactivation_v1,2025-01-15 00:00:00,product_recommendation,1,0,0,0.0,0,0,0,203
7758,dormant_user_reactivation_v1,2025-01-15 00:00:00,education_content,1,0,0,0.0,0,0,0,301
7759,dormant_user_reactivation_v1,2025-01-15 00:00:00,control,1,0,0,0.0,0,2,1,78
7760,dormant_user_reactivation_v1,2025-01-15 00:00:00,control,1,0,0,0.0,0,0,0,109
7761,dormant_user_reactivation_v1,2025-01-15 00:00:00,control,1,0,0,0.0,0,1,0,78
7762,dormant_user_reactivation_v1,2025-01-15 00:00:00,control,1,0,0,0.0,0,0,0,146
7767,dormant_user_reactivation_v1,2025-01-15 00:00:00,education_content,1,0,0,0.0,0,0,0,301
7768,dormant_user_reactivation_v1,2025-01-15 00:00:00,product_recommendation,1,0,0,0.0,0,0,0,193
7769,dormant_user_reactivation_v1,2025-01-15 00:00:00,product_recommendation,1,0,0,0.0,0,0,0,105
7771,dormant_user_reactivation_v1,2025-01-15 00:00:00,control,1,0,0,0.0,0,1,0,89
7772,dormant_user_reactivation_v1,2025-01-15 00:00:00,education_content,1,0,0,0.0,1,0,0,179
7773,dormant_user_reactivation_v1,2025-01-15 00:00:00,product_recommendation,1,0,0,0.0,0,1,0,50
7775,dormant_user_reactivation_v1,2025-01-15 00:00:00,product_recommendation,1,0,0,0.0,0,0,0,134
7777,dormant_user_reactivation_v1,2025-01-15 00:00:00,education_content,1,0,0,0.0,0,1,0,75
7778,dormant_user_reactivation_v1,2025-01-15 00:00:00,education_content,1,0,0,0.0,0,0,0,180
7779,dormant_user_reactivation_v1,2025-01-15 00:00:00,education_content,1,0,0,0.0,1,0,0,330
7781,dormant_user_reactivation_v1,2025-01-15 00:00:00,education_content,1,0,0,0.0,0,0,0,159
7786,dormant_user_reactivation_v1,2025-01-15 00:00:00,control,1,0,0,0.0,0,0,0,122
7788,dormant_user_reactivation_v1,2025-01-15 00:00:00,product_recommendation,1,0,0,0.0,0,1,0,80
7791,dormant_user_reactivation_v1,2025-01-15 00:00:00,product_recommendation,1,1,0,0.0,0,0,0,113
7792,dormant_user_reactivation_v1,2025-01-15 00:00:00,education_content,1,1,0,0.0,0,3,0,61
7793,dormant_user_reactivation_v1,2025-01-15 00:00:00,education_content,1,1,0,0.0,0,0,0,166
7798,dormant_user_reactivation_v1,2025-01-15 00:00:00,control,1,0,0,0.0,1,0,0,289
7799,dormant_user_reactivation_v1,2025-01-15 00:00:00,control,1,0,0,0.0,0,0,0,130
7802,dormant_user_reactivation_v1,2025-01-15 00:00:00,education_content,0,0,0,0.0,1,1,0,55
7803,dormant_user_reactivation_v1,2025-01-15 00:00:00,education_content,1,0,0,0.0,0,1,0,87
7807,dormant_user_reactivation_v1,2025-01-15 00:00:00,education_content,1,0,0,0.0,0,1,0,46
7812,dormant_user_reactivation_v1,2025-01-15 00:00:00,education_content,1,0,0,0.0,1,0,0,228
7814,dormant_user_reactivation_v1,2025-01-15 00:00:00,education_content,1,0,0,0.0,0,0,0,96
7815,dormant_user_reactivation_v1,2025-01-15 00:00:00,product_recommendation,1,0,1,7664.62,0,0,0,296
7816,dormant_user_reactivation_v1,2025-01-15 00:00:00,education_content,1,0,0,0.0,0,0,0,222
7817,dormant_user_reactivation_v1,2025-01-15 00:00:00,education_content,1,0,0,0.0,0,0,0,170
7819,dormant_user_reactivation_v1,2025-01-15 00:00:00,education_content,1,0,0,0.0,0,0,0,280
7821,dormant_user_reactivation_v1,2025-01-15 00:00:00,education_content,1,0,0,0.0,0,0,0,179
7823,dormant_user_reactivation_v1,2025-01-15 00:00:00,control,1,0,0,0.0,0,0,0,338
7825,dormant_user_reactivation_v1,2025-01-15 00:00:00,product_recommendation,1,0,0,0.0,0,0,0,115
7827,dormant_user_reactivation_v1,2025-01-15 00:00:00,education_content,1,1,0,0.0,0,1,0,70
7828,dormant_user_reactivation_v1,2025-01-15 00:00:00,product_recommendation,1,0,1,3203.58,0,0,0,178
7829,dormant_user_reactivation_v1,2025-01-15 00:00:00,control,1,0,0,0.0,0,1,0,71
7830,dormant_user_reactivation_v1,2025-01-15 00:00:00,education_content,1,1,0,0.0,0,1,0,65
7834,dormant_user_reactivation_v1,2025-01-15 00:00:00,product_recommendation,1,1,0,0.0,0,0,0,169
7837,dormant_user_reactivation_v1,2025-01-15 00:00:00,product_recommendation,1,1,0,0.0,1,1,0,54
7839,dormant_user_reactivation_v1,2025-01-15 00:00:00,control,1,0,0,0.0,0,0,0,161
7841,dormant_user_reactivation_v1,2025-01-15 00:00:00,education_content,1,0,0,0.0,0,0,0,165
7843,dormant_user_reactivation_v1,2025-01-15 00:00:00,control,1,0,0,0.0,0,1,0,47
7845,dormant_user_reactivation_v1,2025-01-15 00:00:00,education_content,1,0,0,0.0,0,0,0,155
7846,dormant_user_reactivation_v1,2025-01-15 00:00:00,product_recommendation,1,0,0,0.0,1,0,0,186
7851,dormant_user_reactivation_v1,2025-01-15 00:00:00,control,1,0,1,883.48,1,0,0,244
7852,dormant_user_reactivation_v1,2025-01-15 00:00:00,control,1,0,0,0.0,0,0,0,114
7856,dormant_user_reactivation_v1,2025-01-15 00:00:00,control,1,0,0,0.0,0,0,0,221
7857,dormant_user_reactivation_v1,2025-01-15 00:00:00,education_content,1,1,0,0.0,0,0,0,154
7864,dormant_user_reactivation_v1,2025-01-15 00:00:00,control,1,0,0,0.0,0,0,0,107
7865,dormant_user_reactivation_v1,2025-01-15 00:00:00,education_content,1,1,1,2653.84,1,0,0,226
7868,dormant_user_reactivation_v1,2025-01-15 00:00:00,control,1,0,0,0.0,0,3,0,62
7869,dormant_user_reactivation_v1,2025-01-15 00:00:00,product_recommendation,1,0,0,0.0,0,0,0,146
7873,dormant_user_reactivation_v1,2025-01-15 00:00:00,education_content,1,0,0,0.0,1,0,0,244
7877,dormant_user_reactivation_v1,2025-01-15 00:00:00,education_content,1,0,1,1614.64,0,0,0,286
7879,dormant_user_reactivation_v1,2025-01-15 00:00:00,product_recommendation,1,0,0,0.0,0,0,0,357
7880,dormant_user_reactivation_v1,2025-01-15 00:00:00,control,1,0,0,0.0,0,0,0,232
7882,dormant_user_reactivation_v1,2025-01-15 00:00:00,product_recommendation,1,1,0,0.0,1,0,0,304
7890,dormant_user_reactivation_v1,2025-01-15 00:00:00,education_content,1,1,0,0.0,1,0,0,129
7891,dormant_user_reactivation_v1,2025-01-15 00:00:00,product_recommendation,1,0,0,0.0,0,0,0,99
7892,dormant_user_reactivation_v1,2025-01-15 00:00:00,education_content,1,0,0,0.0,0,0,0,273
7896,dormant_user_reactivation_v1,2025-01-15 00:00:00,education_content,1,0,1,1138.71,0,0,0,127
7899,dormant_user_reactivation_v1,2025-01-15 00:00:00,education_content,1,0,0,0.0,0,0,0,226
7900,dormant_user_reactivation_v1,2025-01-15 00:00:00,education_content,1,0,0,0.0,0,0,0,312
7901,dormant_user_reactivation_v1,2025-01-15 00:00:00,education_content,1,0,0,0.0,0,0,0,101
7902,dormant_user_reactivation_v1,2025-01-15 00:00:00,education_content,1,0,0,0.0,0,0,0,260
7907,dormant_user_reactivation_v1,2025-01-15 00:00:00,education_content,1,0,0,0.0,0,0,0,146
7908,dormant_user_reactivation_v1,2025-01-15 00:00:00,control,1,0,0,0.0,0,0,0,236
7909,dormant_user_reactivation_v1,2025-01-15 00:00:00,product_recommendation,1,0,0,0.0,0,0,0,106
7910,dormant_user_reactivation_v1,2025-01-15 00:00:00,product_recommendation,1,0,0,0.0,0,1,0,84
7912,dormant_user_reactivation_v1,2025-01-15 00:00:00,control,1,0,0,0.0,0,0,0,306
7913,dormant_user_reactivation_v1,2025-01-15 00:00:00,education_content,1,0,1,3131.36,0,4,0,65
7914,dormant_user_reactivation_v1,2025-01-15 00:00:00,control,1,0,0,0.0,0,0,0,88
7917,dormant_user_reactivation_v1,2025-01-15 00:00:00,control,1,0,0,0.0,0,0,0,181
7918,dormant_user_reactivation_v1,2025-01-15 00:00:00,control,1,0,0,0.0,0,0,0,160
7919,dormant_user_reactivation_v1,2025-01-15 00:00:00,product_recommendation,1,0,0,0.0,0,1,0,50
7920,dormant_user_reactivation_v1,2025-01-15 00:00:00,control,1,0,0,0.0,0,0,0,123
7925,dormant_user_reactivation_v1,2025-01-15 00:00:00,education_content,1,0,0,0.0,0,1,0,52
7926,dormant_user_reactivation_v1,2025-01-15 00:00:00,education_content,1,1,0,0.0,0,0,0,255
7931,dormant_user_reactivation_v1,2025-01-15 00:00:00,education_content,1,0,1,4244.59,0,0,0,125
7933,dormant_user_reactivation_v1,2025-01-15 00:00:00,product_recommendation,1,0,0,0.0,0,2,0,46
7934,dormant_user_reactivation_v1,2025-01-15 00:00:00,product_recommendation,1,0,0,0.0,0,0,0,197
7935,dormant_user_reactivation_v1,2025-01-15 00:00:00,education_content,0,0,0,0.0,1,0,0,323
7939,dormant_user_reactivation_v1,2025-01-15 00:00:00,education_content,1,0,0,0.0,0,0,0,277
7940,dormant_user_reactivation_v1,2025-01-15 00:00:00,control,1,0,0,0.0,0,0,0,234
7944,dormant_user_reactivation_v1,2025-01-15 00:00:00,product_recommendation,1,0,0,0.0,0,0,0,358
7946,dormant_user_reactivation_v1,2025-01-15 00:00:00,control,1,0,0,0.0,0,0,0,199
7947,dormant_user_reactivation_v1,2025-01-15 00:00:00,product_recommendation,1,0,0,0.0,0,0,0,293
7951,dormant_user_reactivation_v1,2025-01-15 00:00:00,education_content,1,0,0,0.0,1,0,0,132
7954,dormant_user_reactivation_v1,2025-01-15 00:00:00,control,0,0,0,0.0,0,0,0,158
7957,dormant_user_reactivation_v1,2025-01-15 00:00:00,product_recommendation,1,0,0,0.0,1,1,0,61
7959,dormant_user_reactivation_v1,2025-01-15 00:00:00,control,1,0,0,0.0,0,0,0,98
7960,dormant_user_reactivation_v1,2025-01-15 00:00:00,education_content,1,0,0,0.0,0,1,0,50
7963,dormant_user_reactivation_v1,2025-01-15 00:00:00,control,1,0,0,0.0,0,0,0,120
7966,dormant_user_reactivation_v1,2025-01-15 00:00:00,education_content,1,0,0,0.0,0,0,0,310
7969,dormant_user_reactivation_v1,2025-01-15 00:00:00,education_content,0,0,0,0.0,0,1,0,88
7972,dormant_user_reactivation_v1,2025-01-15 00:00:00,control,1,0,0,0.0,0,0,0,93
7973,dormant_user_reactivation_v1,2025-01-15 00:00:00,product_recommendation,1,0,0,0.0,0,0,0,134
7974,dormant_user_reactivation_v1,2025-01-15 00:00:00,control,1,0,0,0.0,0,0,0,273
7977,dormant_user_reactivation_v1,2025-01-15 00:00:00,control,1,0,0,0.0,0,0,0,113
7979,dormant_user_reactivation_v1,2025-01-15 00:00:00,control,1,0,1,3848.34,0,0,0,121
7984,dormant_user_reactivation_v1,2025-01-15 00:00:00,education_content,1,1,0,0.0,1,0,0,276
7985,dormant_user_reactivation_v1,2025-01-15 00:00:00,product_recommendation,1,0,0,0.0,0,2,0,77
7986,dormant_user_reactivation_v1,2025-01-15 00:00:00,education_content,1,0,0,0.0,0,0,0,240
7988,dormant_user_reactivation_v1,2025-01-15 00:00:00,product_recommendation,1,0,0,0.0,0,0,0,230
7989,dormant_user_reactivation_v1,2025-01-15 00:00:00,education_content,1,0,0,0.0,0,0,0,131
7991,dormant_user_reactivation_v1,2025-01-15 00:00:00,control,1,0,0,0.0,0,0,0,243
7992,dormant_user_reactivation_v1,2025-01-15 00:00:00,control,1,0,0,0.0,0,1,0,67
7993,dormant_user_reactivation_v1,2025-01-15 00:00:00,product_recommendation,1,0,0,0.0,0,0,0,253
7997,dormant_user_reactivation_v1,2025-01-15 00:00:00,control,1,0,0,0.0,0,0,0,123
7998,dormant_user_reactivation_v1,2025-01-15 00:00:00,product_recommendation,1,1,0,0.0,0,0,0,236
8002,dormant_user_reactivation_v1,2025-01-15 00:00:00,product_recommendation,1,0,0,0.0,0,1,0,52
8003,dormant_user_reactivation_v1,2025-01-15 00:00:00,control,1,0,0,0.0,0,0,0,91
8008,dormant_user_reactivation_v1,2025-01-15 00:00:00,education_content,1,0,0,0.0,0,0,0,194
8009,dormant_user_reactivation_v1,2025-01-15 00:00:00,education_content,1,0,0,0.0,0,0,1,99
8010,dormant_user_reactivation_v1,2025-01-15 00:00:00,product_recommendation,1,0,0,0.0,1,0,0,125
8011,dormant_user_reactivation_v1,2025-01-15 00:00:00,education_content,1,0,0,0.0,0,2,0,56
8012,dormant_user_reactivation_v1,2025-01-15 00:00:00,control,1,0,0,0.0,0,0,0,285
8013,dormant_user_reactivation_v1,2025-01-15 00:00:00,control,1,0,0,0.0,0,2,0,54
8016,dormant_user_reactivation_v1,2025-01-15 00:00:00,control,1,1,0,0.0,0,0,0,202
8017,dormant_user_reactivation_v1,2025-01-15 00:00:00,control,1,0,0,0.0,0,1,0,75
8021,dormant_user_reactivation_v1,2025-01-15 00:00:00,control,1,0,0,0.0,0,0,0,268
8022,dormant_user_reactivation_v1,2025-01-15 00:00:00,education_content,1,1,0,0.0,0,1,0,63
8025,dormant_user_reactivation_v1,2025-01-15 00:00:00,product_recommendation,1,0,0,0.0,0,0,0,155
8026,dormant_user_reactivation_v1,2025-01-15 00:00:00,education_content,1,0,0,0.0,0,0,0,152
8029,dormant_user_reactivation_v1,2025-01-15 00:00:00,control,1,0,0,0.0,0,0,0,242
8030,dormant_user_reactivation_v1,2025-01-15 00:00:00,education_content,1,1,0,0.0,1,7,0,45
8034,dormant_user_reactivation_v1,2025-01-15 00:00:00,product_recommendation,1,0,0,0.0,0,0,0,148
8036,dormant_user_reactivation_v1,2025-01-15 00:00:00,product_recommendation,1,0,0,0.0,1,1,0,55
8037,dormant_user_reactivation_v1,2025-01-15 00:00:00,product_recommendation,1,0,0,0.0,0,3,0,61
8039,dormant_user_reactivation_v1,2025-01-15 00:00:00,education_content,1,1,0,0.0,0,0,0,269
8040,dormant_user_reactivation_v1,2025-01-15 00:00:00,control,1,0,0,0.0,0,0,0,122
8042,dormant_user_reactivation_v1,2025-01-15 00:00:00,product_recommendation,1,0,0,0.0,0,0,0,135
8044,dormant_user_reactivation_v1,2025-01-15 00:00:00,control,1,0,0,0.0,0,0,0,146
8046,dormant_user_reactivation_v1,2025-01-15 00:00:00,control,1,0,0,0.0,0,0,0,279
8048,dormant_user_reactivation_v1,2025-01-15 00:00:00,education_content,1,0,0,0.0,0,0,0,144
8051,dormant_user_reactivation_v1,2025-01-15 00:00:00,control,1,0,0,0.0,0,1,0,82
8053,dormant_user_reactivation_v1,2025-01-15 00:00:00,product_recommendation,1,0,0,0.0,0,1,0,81
8055,dormant_user_reactivation_v1,2025-01-15 00:00:00,product_recommendation,1,0,0,0.0,0,0,0,103
8057,dormant_user_reactivation_v1,2025-01-15 00:00:00,product_recommendation,0,0,0,0.0,0,0,0,218
8059,dormant_user_reactivation_v1,2025-01-15 00:00:00,control,1,0,0,0.0,1,0,0,200
8060,dormant_user_reactivation_v1,2025-01-15 00:00:00,product_recommendation,1,0,0,0.0,0,0,0,107
8062,dormant_user_reactivation_v1,2025-01-15 00:00:00,product_recommendation,1,1,0,0.0,0,1,0,86
8068,dormant_user_reactivation_v1,2025-01-15 00:00:00,education_content,1,0,0,0.0,0,0,0,199
8069,dormant_user_reactivation_v1,2025-01-15 00:00:00,control,1,0,0,0.0,1,0,0,358
8070,dormant_user_reactivation_v1,2025-01-15 00:00:00,control,1,0,0,0.0,0,0,0,148
8071,dormant_user_reactivation_v1,2025-01-15 00:00:00,control,1,0,1,3957.02,0,0,0,179
8072,dormant_user_reactivation_v1,2025-01-15 00:00:00,education_content,1,0,0,0.0,0,0,0,278
8073,dormant_user_reactivation_v1,2025-01-15 00:00:00,education_content,0,0,0,0.0,0,0,0,127
8075,dormant_user_reactivation_v1,2025-01-15 00:00:00,education_content,1,0,1,1851.14,1,1,0,54
8078,dormant_user_reactivation_v1,2025-01-15 00:00:00,product_recommendation,1,1,0,0.0,0,1,0,45
8080,dormant_user_reactivation_v1,2025-01-15 00:00:00,product_recommendation,0,0,0,0.0,0,0,0,216
8084,dormant_user_reactivation_v1,2025-01-15 00:00:00,product_recommendation,1,0,0,0.0,0,1,0,77
8086,dormant_user_reactivation_v1,2025-01-15 00:00:00,product_recommendation,1,0,0,0.0,0,0,0,204
8087,dormant_user_reactivation_v1,2025-01-15 00:00:00,education_content,1,0,0,0.0,0,1,0,77
8093,dormant_user_reactivation_v1,2025-01-15 00:00:00,product_recommendation,1,1,0,0.0,0,0,0,150
8094,dormant_user_reactivation_v1,2025-01-15 00:00:00,education_content,1,0,0,0.0,0,0,0,146
8096,dormant_user_reactivation_v1,2025-01-15 00:00:00,product_recommendation,1,0,0,0.0,0,0,0,114
8097,dormant_user_reactivation_v1,2025-01-15 00:00:00,control,1,0,0,0.0,0,0,0,148
8102,dormant_user_reactivation_v1,2025-01-15 00:00:00,product_recommendation,1,0,0,0.0,0,0,0,105
8105,dormant_user_reactivation_v1,2025-01-15 00:00:00,product_recommendation,1,0,0,0.0,0,0,0,333
8107,dormant_user_reactivation_v1,2025-01-15 00:00:00,education_content,1,1,0,0.0,0,1,0,87
8110,dormant_user_reactivation_v1,2025-01-15 00:00:00,education_content,1,0,0,0.0,0,0,0,194
8112,dormant_user_reactivation_v1,2025-01-15 00:00:00,product_recommendation,1,0,0,0.0,0,0,0,203
8115,dormant_user_reactivation_v1,2025-01-15 00:00:00,control,1,0,0,0.0,0,1,0,74
8116,dormant_user_reactivation_v1,2025-01-15 00:00:00,product_recommendation,1,0,1,1116.23,1,1,0,76
8117,dormant_user_reactivation_v1,2025-01-15 00:00:00,control,1,0,0,0.0,0,0,0,332
8118,dormant_user_reactivation_v1,2025-01-15 00:00:00,control,1,0,0,0.0,0,0,0,247
8120,dormant_user_reactivation_v1,2025-01-15 00:00:00,product_recommendation,1,0,0,0.0,0,0,0,233
8122,dormant_user_reactivation_v1,2025-01-15 00:00:00,education_content,1,0,0,0.0,0,0,0,96
8124,dormant_user_reactivation_v1,2025-01-15 00:00:00,product_recommendation,1,0,0,0.0,0,2,0,67
8130,dormant_user_reactivation_v1,2025-01-15 00:00:00,product_recommendation,1,0,0,0.0,0,0,0,293
8131,dormant_user_reactivation_v1,2025-01-15 00:00:00,education_content,1,0,0,0.0,1,0,0,103
8132,dormant_user_reactivation_v1,2025-01-15 00:00:00,education_content,1,0,0,0.0,0,0,0,257
8137,dormant_user_reactivation_v1,2025-01-15 00:00:00,control,1,0,0,0.0,0,0,0,194
8138,dormant_user_reactivation_v1,2025-01-15 00:00:00,product_recommendation,1,1,0,0.0,1,0,0,91
8139,dormant_user_reactivation_v1,2025-01-15 00:00:00,control,1,0,0,0.0,0,1,0,89
8141,dormant_user_reactivation_v1,2025-01-15 00:00:00,education_content,1,0,0,0.0,0,1,0,80
8146,dormant_user_reactivation_v1,2025-01-15 00:00:00,education_content,1,0,0,0.0,0,0,0,144
8147,dormant_user_reactivation_v1,2025-01-15 00:00:00,education_content,1,1,0,0.0,0,0,0,104
8149,dormant_user_reactivation_v1,2025-01-15 00:00:00,control,1,0,0,0.0,0,2,0,51
8150,dormant_user_reactivation_v1,2025-01-15 00:00:00,control,1,0,0,0.0,0,1,0,77
8153,dormant_user_reactivation_v1,2025-01-15 00:00:00,education_content,1,0,0,0.0,0,0,0,111
8156,dormant_user_reactivation_v1,2025-01-15 00:00:00,education_content,1,0,0,0.0,1,0,0,150
8158,dormant_user_reactivation_v1,2025-01-15 00:00:00,product_recommendation,1,1,0,0.0,0,1,0,79
8159,dormant_user_reactivation_v1,2025-01-15 00:00:00,product_recommendation,1,0,0,0.0,0,0,0,118
8162,dormant_user_reactivation_v1,2025-01-15 00:00:00,product_recommendation,1,0,0,0.0,1,0,0,122
8163,dormant_user_reactivation_v1,2025-01-15 00:00:00,education_content,1,0,0,0.0,0,1,0,58
8165,dormant_user_reactivation_v1,2025-01-15 00:00:00,control,0,0,0,0.0,0,0,0,108
8166,dormant_user_reactivation_v1,2025-01-15 00:00:00,control,1,0,0,0.0,0,0,0,127
8168,dormant_user_reactivation_v1,2025-01-15 00:00:00,control,1,0,0,0.0,0,0,0,190
8172,dormant_user_reactivation_v1,2025-01-15 00:00:00,product_recommendation,1,0,0,0.0,0,0,0,223
8174,dormant_user_reactivation_v1,2025-01-15 00:00:00,control,1,0,0,0.0,0,1,0,80
8177,dormant_user_reactivation_v1,2025-01-15 00:00:00,control,1,0,0,0.0,0,0,0,241
8178,dormant_user_reactivation_v1,2025-01-15 00:00:00,education_content,1,0,0,0.0,0,0,0,115
8179,dormant_user_reactivation_v1,2025-01-15 00:00:00,control,1,0,0,0.0,0,0,0,126
8180,dormant_user_reactivation_v1,2025-01-15 00:00:00,product_recommendation,1,0,0,0.0,0,0,0,258
8182,dormant_user_reactivation_v1,2025-01-15 00:00:00,education_content,1,0,0,0.0,0,1,0,52
8184,dormant_user_reactivation_v1,2025-01-15 00:00:00,product_recommendation,0,0,0,0.0,0,0,0,161
8186,dormant_user_reactivation_v1,2025-01-15 00:00:00,control,1,0,0,0.0,0,0,0,92
8187,dormant_user_reactivation_v1,2025-01-15 00:00:00,control,1,0,0,0.0,0,1,0,80
8190,dormant_user_reactivation_v1,2025-01-15 00:00:00,education_content,1,0,0,0.0,0,0,0,148
8192,dormant_user_reactivation_v1,2025-01-15 00:00:00,product_recommendation,1,0,0,0.0,0,1,0,69
8193,dormant_user_reactivation_v1,2025-01-15 00:00:00,control,1,0,0,0.0,0,1,0,67
8196,dormant_user_reactivation_v1,2025-01-15 00:00:00,control,1,0,0,0.0,0,3,0,50
8197,dormant_user_reactivation_v1,2025-01-15 00:00:00,product_recommendation,1,1,0,0.0,0,0,0,232
8198,dormant_user_reactivation_v1,2025-01-15 00:00:00,control,1,0,0,0.0,0,0,0,282
8201,dormant_user_reactivation_v1,2025-01-15 00:00:00,control,1,0,0,0.0,0,0,0,227
8202,dormant_user_reactivation_v1,2025-01-15 00:00:00,product_recommendation,1,1,0,0.0,0,0,0,105
8206,dormant_user_reactivation_v1,2025-01-15 00:00:00,product_recommendation,1,0,0,0.0,0,0,0,360
8209,dormant_user_reactivation_v1,2025-01-15 00:00:00,education_content,1,0,1,3897.44,1,2,0,55
8212,dormant_user_reactivation_v1,2025-01-15 00:00:00,control,1,0,0,0.0,0,0,0,183
8214,dormant_user_reactivation_v1,2025-01-15 00:00:00,education_content,1,0,0,0.0,0,0,0,230
8217,dormant_user_reactivation_v1,2025-01-15 00:00:00,education_content,1,0,0,0.0,0,0,0,295
8218,dormant_user_reactivation_v1,2025-01-15 00:00:00,control,1,0,0,0.0,0,0,0,93
8219,dormant_user_reactivation_v1,2025-01-15 00:00:00,education_content,1,0,0,0.0,0,0,0,117
8221,dormant_user_reactivation_v1,2025-01-15 00:00:00,control,1,0,0,0.0,0,0,0,255
8222,dormant_user_reactivation_v1,2025-01-15 00:00:00,control,1,0,0,0.0,0,0,0,124
8226,dormant_user_reactivation_v1,2025-01-15 00:00:00,product_recommendation,1,0,0,0.0,1,0,0,262
8228,dormant_user_reactivation_v1,2025-01-15 00:00:00,product_recommendation,1,0,0,0.0,0,1,0,63
8233,dormant_user_reactivation_v1,2025-01-15 00:00:00,product_recommendation,1,0,0,0.0,0,0,0,112
8235,dormant_user_reactivation_v1,2025-01-15 00:00:00,control,1,0,0,0.0,0,0,0,159
8236,dormant_user_reactivation_v1,2025-01-15 00:00:00,education_content,1,0,0,0.0,1,0,0,267
8237,dormant_user_reactivation_v1,2025-01-15 00:00:00,control,1,0,0,0.0,0,0,0,188
8238,dormant_user_reactivation_v1,2025-01-15 00:00:00,education_content,1,0,0,0.0,0,2,0,47
8240,dormant_user_reactivation_v1,2025-01-15 00:00:00,product_recommendation,1,0,0,0.0,0,0,0,300
8244,dormant_user_reactivation_v1,2025-01-15 00:00:00,product_recommendation,1,0,0,0.0,0,0,0,311
8246,dormant_user_reactivation_v1,2025-01-15 00:00:00,education_content,1,0,0,0.0,0,1,0,84
8247,dormant_user_reactivation_v1,2025-01-15 00:00:00,control,1,0,0,0.0,0,1,0,84
8249,dormant_user_reactivation_v1,2025-01-15 00:00:00,product_recommendation,1,1,0,0.0,0,1,0,81
8253,dormant_user_reactivation_v1,2025-01-15 00:00:00,education_content,1,1,0,0.0,0,0,0,242
8254,dormant_user_reactivation_v1,2025-01-15 00:00:00,product_recommendation,1,0,0,0.0,0,0,0,161
8256,dormant_user_reactivation_v1,2025-01-15 00:00:00,control,1,0,0,0.0,0,0,0,257
8259,dormant_user_reactivation_v1,2025-01-15 00:00:00,control,1,0,0,0.0,0,0,0,111
8260,dormant_user_reactivation_v1,2025-01-15 00:00:00,product_recommendation,1,0,0,0.0,0,0,0,94
8262,dormant_user_reactivation_v1,2025-01-15 00:00:00,control,1,0,0,0.0,0,2,0,68
8263,dormant_user_reactivation_v1,2025-01-15 00:00:00,education_content,1,0,0,0.0,0,0,0,166
8264,dormant_user_reactivation_v1,2025-01-15 00:00:00,education_content,1,0,0,0.0,0,2,0,58
8265,dormant_user_reactivation_v1,2025-01-15 00:00:00,education_content,1,0,0,0.0,0,0,0,169
8266,dormant_user_reactivation_v1,2025-01-15 00:00:00,education_content,1,0,0,0.0,0,1,0,69
8269,dormant_user_reactivation_v1,2025-01-15 00:00:00,product_recommendation,1,0,1,4011.58,1,0,0,198
8273,dormant_user_reactivation_v1,2025-01-15 00:00:00,control,1,0,0,0.0,1,2,0,67
8276,dormant_user_reactivation_v1,2025-01-15 00:00:00,product_recommendation,1,0,1,6798.46,0,0,0,165
8278,dormant_user_reactivation_v1,2025-01-15 00:00:00,control,1,0,0,0.0,0,0,0,120
8282,dormant_user_reactivation_v1,2025-01-15 00:00:00,control,1,0,0,0.0,0,0,0,281
8283,dormant_user_reactivation_v1,2025-01-15 00:00:00,control,1,0,0,0.0,0,0,0,168
8284,dormant_user_reactivation_v1,2025-01-15 00:00:00,control,1,0,0,0.0,0,0,0,289
8285,dormant_user_reactivation_v1,2025-01-15 00:00:00,education_content,1,0,0,0.0,1,0,0,240
8286,dormant_user_reactivation_v1,2025-01-15 00:00:00,control,1,0,0,0.0,0,0,0,161
8289,dormant_user_reactivation_v1,2025-01-15 00:00:00,product_recommendation,1,0,0,0.0,0,2,0,48
8293,dormant_user_reactivation_v1,2025-01-15 00:00:00,education_content,0,0,0,0.0,0,0,0,230
8294,dormant_user_reactivation_v1,2025-01-15 00:00:00,education_content,1,0,0,0.0,0,1,0,82
8295,dormant_user_reactivation_v1,2025-01-15 00:00:00,product_recommendation,1,1,0,0.0,0,0,0,301
8300,dormant_user_reactivation_v1,2025-01-15 00:00:00,control,1,0,0,0.0,0,0,0,102
8302,dormant_user_reactivation_v1,2025-01-15 00:00:00,control,1,0,0,0.0,0,0,0,166
8303,dormant_user_reactivation_v1,2025-01-15 00:00:00,control,1,0,0,0.0,0,1,0,81
8305,dormant_user_reactivation_v1,2025-01-15 00:00:00,education_content,1,0,0,0.0,0,0,0,225
8306,dormant_user_reactivation_v1,2025-01-15 00:00:00,product_recommendation,1,0,0,0.0,0,4,0,63
8308,dormant_user_reactivation_v1,2025-01-15 00:00:00,education_content,1,0,0,0.0,0,0,0,168
8316,dormant_user_reactivation_v1,2025-01-15 00:00:00,control,1,0,0,0.0,0,1,0,82
8320,dormant_user_reactivation_v1,2025-01-15 00:00:00,product_recommendation,1,0,0,0.0,0,1,0,78
8322,dormant_user_reactivation_v1,2025-01-15 00:00:00,education_content,1,0,0,0.0,0,1,0,51
8324,dormant_user_reactivation_v1,2025-01-15 00:00:00,product_recommendation,1,0,0,0.0,0,0,0,113
8325,dormant_user_reactivation_v1,2025-01-15 00:00:00,product_recommendation,1,0,0,0.0,0,0,0,91
8327,dormant_user_reactivation_v1,2025-01-15 00:00:00,product_recommendation,1,0,0,0.0,0,0,0,238
8328,dormant_user_reactivation_v1,2025-01-15 00:00:00,education_content,1,0,0,0.0,1,0,0,111
8329,dormant_user_reactivation_v1,2025-01-15 00:00:00,education_content,1,0,1,7441.82,0,0,1,107
8330,dormant_user_reactivation_v1,2025-01-15 00:00:00,education_content,0,0,0,0.0,1,0,0,127
8331,dormant_user_reactivation_v1,2025-01-15 00:00:00,control,1,0,0,0.0,0,0,0,245
8333,dormant_user_reactivation_v1,2025-01-15 00:00:00,product_recommendation,1,0,0,0.0,0,0,0,235
8336,dormant_user_reactivation_v1,2025-01-15 00:00:00,control,1,0,0,0.0,0,0,0,107
8337,dormant_user_reactivation_v1,2025-01-15 00:00:00,education_content,1,0,0,0.0,1,1,0,47
8338,dormant_user_reactivation_v1,2025-01-15 00:00:00,education_content,1,0,0,0.0,0,0,0,254
8340,dormant_user_reactivation_v1,2025-01-15 00:00:00,education_content,1,0,0,0.0,0,0,0,91
8342,dormant_user_reactivation_v1,2025-01-15 00:00:00,education_content,1,1,0,0.0,0,2,0,61
8343,dormant_user_reactivation_v1,2025-01-15 00:00:00,education_content,1,0,0,0.0,0,1,0,71
8344,dormant_user_reactivation_v1,2025-01-15 00:00:00,control,1,0,0,0.0,0,1,0,85
8345,dormant_user_reactivation_v1,2025-01-15 00:00:00,control,1,0,0,0.0,0,0,0,117
8346,dormant_user_reactivation_v1,2025-01-15 00:00:00,control,1,0,0,0.0,0,1,0,86
8349,dormant_user_reactivation_v1,2025-01-15 00:00:00,education_content,1,0,0,0.0,0,0,0,115
8350,dormant_user_reactivation_v1,2025-01-15 00:00:00,control,1,0,0,0.0,0,1,0,61
8351,dormant_user_reactivation_v1,2025-01-15 00:00:00,education_content,1,0,0,0.0,1,0,0,311
8354,dormant_user_reactivation_v1,2025-01-15 00:00:00,control,1,0,0,0.0,0,0,0,337
8356,dormant_user_reactivation_v1,2025-01-15 00:00:00,control,1,0,0,0.0,0,1,0,53
8357,dormant_user_reactivation_v1,2025-01-15 00:00:00,education_content,1,0,0,0.0,0,1,0,67
8358,dormant_user_reactivation_v1,2025-01-15 00:00:00,control,1,0,0,0.0,0,0,0,368
8359,dormant_user_reactivation_v1,2025-01-15 00:00:00,education_content,1,0,0,0.0,0,0,0,173
8360,dormant_user_reactivation_v1,2025-01-15 00:00:00,education_content,1,0,0,0.0,0,0,0,134
8361,dormant_user_reactivation_v1,2025-01-15 00:00:00,education_content,1,0,0,0.0,0,0,0,213
8363,dormant_user_reactivation_v1,2025-01-15 00:00:00,product_recommendation,1,0,0,0.0,0,1,0,87
8364,dormant_user_reactivation_v1,2025-01-15 00:00:00,education_content,1,0,0,0.0,0,0,0,158
8365,dormant_user_reactivation_v1,2025-01-15 00:00:00,product_recommendation,1,0,0,0.0,0,0,0,243
8366,dormant_user_reactivation_v1,2025-01-15 00:00:00,product_recommendation,1,1,0,0.0,0,0,0,331
8368,dormant_user_reactivation_v1,2025-01-15 00:00:00,control,1,0,0,0.0,0,1,0,46
8374,dormant_user_reactivation_v1,2025-01-15 00:00:00,control,1,0,0,0.0,0,0,0,193
8377,dormant_user_reactivation_v1,2025-01-15 00:00:00,education_content,1,0,0,0.0,0,0,0,198
8378,dormant_user_reactivation_v1,2025-01-15 00:00:00,control,1,0,0,0.0,0,1,0,48
8379,dormant_user_reactivation_v1,2025-01-15 00:00:00,control,1,0,0,0.0,0,0,0,97
8381,dormant_user_reactivation_v1,2025-01-15 00:00:00,product_recommendation,1,0,0,0.0,0,1,0,61
8384,dormant_user_reactivation_v1,2025-01-15 00:00:00,control,1,0,0,0.0,0,4,0,50
8386,dormant_user_reactivation_v1,2025-01-15 00:00:00,education_content,1,0,0,0.0,0,0,0,248
8387,dormant_user_reactivation_v1,2025-01-15 00:00:00,education_content,1,0,0,0.0,1,0,0,284
8388,dormant_user_reactivation_v1,2025-01-15 00:00:00,education_content,1,0,0,0.0,0,0,0,187
8389,dormant_user_reactivation_v1,2025-01-15 00:00:00,education_content,1,0,0,0.0,0,0,0,123
8391,dormant_user_reactivation_v1,2025-01-15 00:00:00,product_recommendation,1,0,0,0.0,0,0,0,316
8394,dormant_user_reactivation_v1,2025-01-15 00:00:00,education_content,1,0,0,0.0,0,0,0,130
8396,dormant_user_reactivation_v1,2025-01-15 00:00:00,control,1,0,0,0.0,0,0,0,160
8397,dormant_user_reactivation_v1,2025-01-15 00:00:00,control,1,0,0,0.0,0,0,0,81
8400,dormant_user_reactivation_v1,2025-01-15 00:00:00,education_content,1,0,0,0.0,0,1,0,68
8401,dormant_user_reactivation_v1,2025-01-15 00:00:00,education_content,1,0,0,0.0,0,1,0,63
8403,dormant_user_reactivation_v1,2025-01-15 00:00:00,product_recommendation,1,0,0,0.0,0,0,0,275
8404,dormant_user_reactivation_v1,2025-01-15 00:00:00,product_recommendation,1,1,0,0.0,0,2,0,51
8405,dormant_user_reactivation_v1,2025-01-15 00:00:00,education_content,1,0,0,0.0,0,0,0,248
8406,dormant_user_reactivation_v1,2025-01-15 00:00:00,control,1,0,0,0.0,0,0,0,191
8410,dormant_user_reactivation_v1,2025-01-15 00:00:00,control,1,0,0,0.0,0,0,0,120
8411,dormant_user_reactivation_v1,2025-01-15 00:00:00,education_content,1,0,0,0.0,0,1,0,86
8415,dormant_user_reactivation_v1,2025-01-15 00:00:00,product_recommendation,1,0,0,0.0,0,0,0,261
8416,dormant_user_reactivation_v1,2025-01-15 00:00:00,education_content,1,0,0,0.0,0,0,0,85
8417,dormant_user_reactivation_v1,2025-01-15 00:00:00,education_content,1,0,0,0.0,0,0,0,169
8418,dormant_user_reactivation_v1,2025-01-15 00:00:00,control,1,0,0,0.0,0,0,0,256
8420,dormant_user_reactivation_v1,2025-01-15 00:00:00,product_recommendation,1,0,0,0.0,0,0,0,272
8427,dormant_user_reactivation_v1,2025-01-15 00:00:00,education_content,1,0,0,0.0,0,0,0,106
8428,dormant_user_reactivation_v1,2025-01-15 00:00:00,control,1,0,0,0.0,0,0,0,121
8429,dormant_user_reactivation_v1,2025-01-15 00:00:00,control,1,0,0,0.0,0,0,0,194
8432,dormant_user_reactivation_v1,2025-01-15 00:00:00,product_recommendation,1,0,0,0.0,0,0,0,95
8435,dormant_user_reactivation_v1,2025-01-15 00:00:00,product_recommendation,1,1,0,0.0,0,0,0,99
8437,dormant_user_reactivation_v1,2025-01-15 00:00:00,product_recommendation,1,1,0,0.0,0,1,0,45
8438,dormant_user_reactivation_v1,2025-01-15 00:00:00,product_recommendation,1,0,0,0.0,0,0,0,116
8440,dormant_user_reactivation_v1,2025-01-15 00:00:00,product_recommendation,1,1,0,0.0,0,0,0,123
8441,dormant_user_reactivation_v1,2025-01-15 00:00:00,product_recommendation,1,0,0,0.0,0,0,0,160
8442,dormant_user_reactivation_v1,2025-01-15 00:00:00,control,1,0,0,0.0,1,0,0,172
8446,dormant_user_reactivation_v1,2025-01-15 00:00:00,education_content,1,0,1,1731.64,1,1,0,79
8449,dormant_user_reactivation_v1,2025-01-15 00:00:00,education_content,1,1,0,0.0,0,0,0,300
8452,dormant_user_reactivation_v1,2025-01-15 00:00:00,control,1,0,0,0.0,0,0,0,270
8453,dormant_user_reactivation_v1,2025-01-15 00:00:00,product_recommendation,0,0,0,0.0,0,0,0,151
8456,dormant_user_reactivation_v1,2025-01-15 00:00:00,product_recommendation,1,0,0,0.0,1,1,0,52
8458,dormant_user_reactivation_v1,2025-01-15 00:00:00,control,1,0,0,0.0,0,0,0,224
8459,dormant_user_reactivation_v1,2025-01-15 00:00:00,education_content,1,1,0,0.0,0,0,0,110
8462,dormant_user_reactivation_v1,2025-01-15 00:00:00,education_content,1,0,0,0.0,1,1,0,85
8463,dormant_user_reactivation_v1,2025-01-15 00:00:00,education_content,1,0,0,0.0,0,0,0,147
8464,dormant_user_reactivation_v1,2025-01-15 00:00:00,product_recommendation,1,0,0,0.0,0,0,0,146
8470,dormant_user_reactivation_v1,2025-01-15 00:00:00,education_content,1,0,0,0.0,0,0,0,120
8479,dormant_user_reactivation_v1,2025-01-15 00:00:00,education_content,1,0,0,0.0,0,1,0,66
8482,dormant_user_reactivation_v1,2025-01-15 00:00:00,education_content,1,0,0,0.0,0,0,0,246
8483,dormant_user_reactivation_v1,2025-01-15 00:00:00,education_content,1,0,0,0.0,0,0,0,208
8485,dormant_user_reactivation_v1,2025-01-15 00:00:00,education_content,1,0,1,3542.6,0,0,0,216
8487,dormant_user_reactivation_v1,2025-01-15 00:00:00,education_content,1,0,0,0.0,1,0,0,189
8489,dormant_user_reactivation_v1,2025-01-15 00:00:00,education_content,1,0,0,0.0,0,0,0,186
8493,dormant_user_reactivation_v1,2025-01-15 00:00:00,product_recommendation,1,0,0,0.0,0,0,0,245
8494,dormant_user_reactivation_v1,2025-01-15 00:00:00,control,1,0,0,0.0,0,1,0,57
8501,dormant_user_reactivation_v1,2025-01-15 00:00:00,control,1,0,0,0.0,0,0,0,168
8503,dormant_user_reactivation_v1,2025-01-15 00:00:00,product_recommendation,1,1,0,0.0,1,0,0,150
8504,dormant_user_reactivation_v1,2025-01-15 00:00:00,education_content,1,0,0,0.0,0,0,0,184
8507,dormant_user_reactivation_v1,2025-01-15 00:00:00,product_recommendation,1,0,0,0.0,0,0,0,196
8508,dormant_user_reactivation_v1,2025-01-15 00:00:00,education_content,1,1,0,0.0,0,1,0,55
8509,dormant_user_reactivation_v1,2025-01-15 00:00:00,product_recommendation,1,0,0,0.0,0,0,0,218
8510,dormant_user_reactivation_v1,2025-01-15 00:00:00,product_recommendation,1,0,0,0.0,0,0,0,298
8513,dormant_user_reactivation_v1,2025-01-15 00:00:00,control,1,0,0,0.0,0,0,0,108
8514,dormant_user_reactivation_v1,2025-01-15 00:00:00,control,1,0,0,0.0,0,0,0,356
8515,dormant_user_reactivation_v1,2025-01-15 00:00:00,education_content,1,0,0,0.0,0,1,0,45
8516,dormant_user_reactivation_v1,2025-01-15 00:00:00,control,1,0,0,0.0,1,1,0,59
8517,dormant_user_reactivation_v1,2025-01-15 00:00:00,product_recommendation,1,0,0,0.0,0,0,0,263
8518,dormant_user_reactivation_v1,2025-01-15 00:00:00,control,1,0,0,0.0,0,0,0,277
8523,dormant_user_reactivation_v1,2025-01-15 00:00:00,education_content,1,0,0,0.0,0,0,0,363
8524,dormant_user_reactivation_v1,2025-01-15 00:00:00,control,1,0,0,0.0,0,0,0,177
8526,dormant_user_reactivation_v1,2025-01-15 00:00:00,product_recommendation,1,0,0,0.0,0,0,0,177
8527,dormant_user_reactivation_v1,2025-01-15 00:00:00,control,1,0,0,0.0,0,0,0,137
8531,dormant_user_reactivation_v1,2025-01-15 00:00:00,control,1,1,0,0.0,0,0,0,102
8533,dormant_user_reactivation_v1,2025-01-15 00:00:00,control,1,0,0,0.0,0,0,0,165
8534,dormant_user_reactivation_v1,2025-01-15 00:00:00,product_recommendation,1,0,0,0.0,1,1,0,86
8537,dormant_user_reactivation_v1,2025-01-15 00:00:00,education_content,1,0,0,0.0,0,0,0,93
8539,dormant_user_reactivation_v1,2025-01-15 00:00:00,product_recommendation,1,1,0,0.0,0,0,0,109
8541,dormant_user_reactivation_v1,2025-01-15 00:00:00,product_recommendation,1,0,0,0.0,0,0,0,227
8545,dormant_user_reactivation_v1,2025-01-15 00:00:00,product_recommendation,1,1,0,0.0,1,0,0,249
8548,dormant_user_reactivation_v1,2025-01-15 00:00:00,product_recommendation,1,0,0,0.0,0,2,0,65
8550,dormant_user_reactivation_v1,2025-01-15 00:00:00,control,1,0,1,7030.81,0,0,0,185
8552,dormant_user_reactivation_v1,2025-01-15 00:00:00,product_recommendation,1,0,0,0.0,1,0,0,177
8554,dormant_user_reactivation_v1,2025-01-15 00:00:00,control,1,0,0,0.0,0,0,0,201
8557,dormant_user_reactivation_v1,2025-01-15 00:00:00,control,1,0,0,0.0,0,0,0,193
8558,dormant_user_reactivation_v1,2025-01-15 00:00:00,education_content,1,0,0,0.0,0,0,0,158
8559,dormant_user_reactivation_v1,2025-01-15 00:00:00,control,1,0,0,0.0,0,0,0,369
8560,dormant_user_reactivation_v1,2025-01-15 00:00:00,control,1,0,0,0.0,0,1,0,82
8563,dormant_user_reactivation_v1,2025-01-15 00:00:00,education_content,1,1,0,0.0,1,0,0,147
8568,dormant_user_reactivation_v1,2025-01-15 00:00:00,product_recommendation,1,0,0,0.0,0,0,0,302
8570,dormant_user_reactivation_v1,2025-01-15 00:00:00,control,1,0,1,2852.48,0,0,0,121
8576,dormant_user_reactivation_v1,2025-01-15 00:00:00,control,1,0,0,0.0,0,0,0,174
8578,dormant_user_reactivation_v1,2025-01-15 00:00:00,product_recommendation,1,1,0,0.0,0,0,0,124
8580,dormant_user_reactivation_v1,2025-01-15 00:00:00,education_content,1,0,0,0.0,0,0,0,128
8584,dormant_user_reactivation_v1,2025-01-15 00:00:00,control,1,0,0,0.0,0,0,0,124
8585,dormant_user_reactivation_v1,2025-01-15 00:00:00,product_recommendation,1,0,0,0.0,0,0,0,101
8586,dormant_user_reactivation_v1,2025-01-15 00:00:00,product_recommendation,1,0,0,0.0,0,0,0,168
8588,dormant_user_reactivation_v1,2025-01-15 00:00:00,product_recommendation,1,0,0,0.0,0,0,0,113
8589,dormant_user_reactivation_v1,2025-01-15 00:00:00,control,1,0,0,0.0,0,0,0,93
8594,dormant_user_reactivation_v1,2025-01-15 00:00:00,control,1,0,0,0.0,0,0,0,354
8595,dormant_user_reactivation_v1,2025-01-15 00:00:00,control,1,0,0,0.0,1,1,0,72
8600,dormant_user_reactivation_v1,2025-01-15 00:00:00,product_recommendation,1,1,0,0.0,0,0,0,258
8601,dormant_user_reactivation_v1,2025-01-15 00:00:00,education_content,1,0,0,0.0,0,1,0,50
8604,dormant_user_reactivation_v1,2025-01-15 00:00:00,education_content,1,1,0,0.0,0,0,0,140
8605,dormant_user_reactivation_v1,2025-01-15 00:00:00,control,1,0,0,0.0,0,0,0,110
8606,dormant_user_reactivation_v1,2025-01-15 00:00:00,control,1,0,0,0.0,0,0,0,112
8609,dormant_user_reactivation_v1,2025-01-15 00:00:00,education_content,1,0,0,0.0,1,0,0,215
8611,dormant_user_reactivation_v1,2025-01-15 00:00:00,product_recommendation,1,0,0,0.0,0,0,0,198
8613,dormant_user_reactivation_v1,2025-01-15 00:00:00,control,1,0,0,0.0,0,0,0,273
8619,dormant_user_reactivation_v1,2025-01-15 00:00:00,product_recommendation,1,0,0,0.0,0,0,0,341
8620,dormant_user_reactivation_v1,2025-01-15 00:00:00,control,1,0,0,0.0,1,0,0,127
8621,dormant_user_reactivation_v1,2025-01-15 00:00:00,education_content,1,0,0,0.0,1,0,0,120
8622,dormant_user_reactivation_v1,2025-01-15 00:00:00,product_recommendation,1,0,0,0.0,0,0,0,221
8623,dormant_user_reactivation_v1,2025-01-15 00:00:00,product_recommendation,1,0,1,8473.45,0,1,0,79
8624,dormant_user_reactivation_v1,2025-01-15 00:00:00,education_content,1,1,0,0.0,0,0,0,178
8626,dormant_user_reactivation_v1,2025-01-15 00:00:00,control,1,0,0,0.0,0,0,0,116
8627,dormant_user_reactivation_v1,2025-01-15 00:00:00,product_recommendation,1,0,0,0.0,1,0,0,94
8628,dormant_user_reactivation_v1,2025-01-15 00:00:00,control,1,0,0,0.0,0,2,0,79
8629,dormant_user_reactivation_v1,2025-01-15 00:00:00,education_content,1,0,0,0.0,0,0,0,138
8630,dormant_user_reactivation_v1,2025-01-15 00:00:00,control,1,0,0,0.0,0,0,0,114
8631,dormant_user_reactivation_v1,2025-01-15 00:00:00,education_content,1,0,0,0.0,1,0,0,191
8632,dormant_user_reactivation_v1,2025-01-15 00:00:00,education_content,1,0,0,0.0,1,0,0,290
8633,dormant_user_reactivation_v1,2025-01-15 00:00:00,education_content,1,0,0,0.0,0,0,0,290
8636,dormant_user_reactivation_v1,2025-01-15 00:00:00,control,1,0,0,0.0,0,0,0,70
8637,dormant_user_reactivation_v1,2025-01-15 00:00:00,education_content,1,0,0,0.0,0,0,0,326
8638,dormant_user_reactivation_v1,2025-01-15 00:00:00,control,1,0,0,0.0,0,0,0,142
8641,dormant_user_reactivation_v1,2025-01-15 00:00:00,education_content,1,1,0,0.0,1,0,0,83
8642,dormant_user_reactivation_v1,2025-01-15 00:00:00,control,1,0,0,0.0,0,0,0,108
8644,dormant_user_reactivation_v1,2025-01-15 00:00:00,education_content,1,0,0,0.0,1,1,0,67
8645,dormant_user_reactivation_v1,2025-01-15 00:00:00,control,1,0,0,0.0,0,1,0,69
8646,dormant_user_reactivation_v1,2025-01-15 00:00:00,product_recommendation,1,0,0,0.0,0,0,0,160
8648,dormant_user_reactivation_v1,2025-01-15 00:00:00,education_content,1,0,0,0.0,0,0,0,260
8651,dormant_user_reactivation_v1,2025-01-15 00:00:00,control,1,0,0,0.0,0,0,0,110
8654,dormant_user_reactivation_v1,2025-01-15 00:00:00,product_recommendation,0,0,0,0.0,0,0,0,92
8656,dormant_user_reactivation_v1,2025-01-15 00:00:00,product_recommendation,1,0,0,0.0,0,0,0,175
8657,dormant_user_reactivation_v1,2025-01-15 00:00:00,product_recommendation,1,0,0,0.0,0,0,0,139
8658,dormant_user_reactivation_v1,2025-01-15 00:00:00,product_recommendation,1,0,0,0.0,0,0,0,337
8659,dormant_user_reactivation_v1,2025-01-15 00:00:00,product_recommendation,1,1,0,0.0,0,0,0,115
8660,dormant_user_reactivation_v1,2025-01-15 00:00:00,control,1,0,0,0.0,0,0,0,211
8661,dormant_user_reactivation_v1,2025-01-15 00:00:00,control,1,0,0,0.0,0,0,0,271
8665,dormant_user_reactivation_v1,2025-01-15 00:00:00,control,1,0,0,0.0,0,1,0,83
8667,dormant_user_reactivation_v1,2025-01-15 00:00:00,education_content,1,0,0,0.0,0,1,0,62
8669,dormant_user_reactivation_v1,2025-01-15 00:00:00,education_content,1,0,0,0.0,0,0,0,178
8670,dormant_user_reactivation_v1,2025-01-15 00:00:00,product_recommendation,1,0,0,0.0,0,0,0,222
8671,dormant_user_reactivation_v1,2025-01-15 00:00:00,product_recommendation,1,0,0,0.0,0,0,1,94
8677,dormant_user_reactivation_v1,2025-01-15 00:00:00,education_content,1,0,0,0.0,1,0,0,147
8680,dormant_user_reactivation_v1,2025-01-15 00:00:00,product_recommendation,1,0,0,0.0,0,0,0,113
8681,dormant_user_reactivation_v1,2025-01-15 00:00:00,control,1,0,0,0.0,0,1,0,53
8684,dormant_user_reactivation_v1,2025-01-15 00:00:00,product_recommendation,1,0,0,0.0,0,0,0,240
8685,dormant_user_reactivation_v1,2025-01-15 00:00:00,product_recommendation,1,0,0,0.0,1,0,0,104
8687,dormant_user_reactivation_v1,2025-01-15 00:00:00,education_content,1,1,0,0.0,0,0,0,147
8688,dormant_user_reactivation_v1,2025-01-15 00:00:00,product_recommendation,1,0,0,0.0,1,0,0,224
8691,dormant_user_reactivation_v1,2025-01-15 00:00:00,education_content,1,1,0,0.0,0,0,0,146
8693,dormant_user_reactivation_v1,2025-01-15 00:00:00,education_content,1,0,0,0.0,0,0,0,119
8694,dormant_user_reactivation_v1,2025-01-15 00:00:00,product_recommendation,1,0,0,0.0,0,2,0,71
8695,dormant_user_reactivation_v1,2025-01-15 00:00:00,control,1,0,0,0.0,0,1,0,54
8696,dormant_user_reactivation_v1,2025-01-15 00:00:00,education_content,1,0,0,0.0,0,0,0,172
8697,dormant_user_reactivation_v1,2025-01-15 00:00:00,control,1,0,0,0.0,0,0,0,260
8698,dormant_user_reactivation_v1,2025-01-15 00:00:00,education_content,1,0,0,0.0,0,0,0,317
8699,dormant_user_reactivation_v1,2025-01-15 00:00:00,control,1,0,0,0.0,1,0,0,287
8700,dormant_user_reactivation_v1,2025-01-15 00:00:00,control,1,0,0,0.0,0,0,0,106
8702,dormant_user_reactivation_v1,2025-01-15 00:00:00,product_recommendation,1,1,0,0.0,0,0,0,331
8704,dormant_user_reactivation_v1,2025-01-15 00:00:00,control,1,0,0,0.0,0,1,0,82
8705,dormant_user_reactivation_v1,2025-01-15 00:00:00,education_content,1,0,0,0.0,1,0,0,105
8706,dormant_user_reactivation_v1,2025-01-15 00:00:00,control,1,0,0,0.0,0,0,0,153
8707,dormant_user_reactivation_v1,2025-01-15 00:00:00,product_recommendation,1,0,0,0.0,0,1,0,70
8709,dormant_user_reactivation_v1,2025-01-15 00:00:00,product_recommendation,1,0,0,0.0,0,0,0,158
8716,dormant_user_reactivation_v1,2025-01-15 00:00:00,control,1,0,0,0.0,1,1,0,87
8718,dormant_user_reactivation_v1,2025-01-15 00:00:00,education_content,1,0,0,0.0,0,0,0,220
8719,dormant_user_reactivation_v1,2025-01-15 00:00:00,education_content,1,0,0,0.0,0,0,0,335
8720,dormant_user_reactivation_v1,2025-01-15 00:00:00,control,1,0,0,0.0,0,0,0,91
8721,dormant_user_reactivation_v1,2025-01-15 00:00:00,education_content,1,0,0,0.0,0,0,0,134
8722,dormant_user_reactivation_v1,2025-01-15 00:00:00,control,1,0,0,0.0,0,0,0,122
8723,dormant_user_reactivation_v1,2025-01-15 00:00:00,control,1,0,0,0.0,0,0,0,233
8724,dormant_user_reactivation_v1,2025-01-15 00:00:00,education_content,1,0,0,0.0,1,0,1,111
8725,dormant_user_reactivation_v1,2025-01-15 00:00:00,control,1,0,0,0.0,1,0,0,102
8730,dormant_user_reactivation_v1,2025-01-15 00:00:00,education_content,1,1,0,0.0,0,0,0,109
8731,dormant_user_reactivation_v1,2025-01-15 00:00:00,control,1,0,0,0.0,0,0,0,125
8733,dormant_user_reactivation_v1,2025-01-15 00:00:00,control,1,0,1,2944.96,1,0,0,103
8734,dormant_user_reactivation_v1,2025-01-15 00:00:00,education_content,1,1,0,0.0,0,0,0,209
8735,dormant_user_reactivation_v1,2025-01-15 00:00:00,control,1,0,0,0.0,1,1,0,79
8736,dormant_user_reactivation_v1,2025-01-15 00:00:00,control,1,0,0,0.0,1,0,0,181
8737,dormant_user_reactivation_v1,2025-01-15 00:00:00,education_content,1,0,1,520.14,1,1,0,65
8738,dormant_user_reactivation_v1,2025-01-15 00:00:00,control,1,0,0,0.0,1,2,0,54
8739,dormant_user_reactivation_v1,2025-01-15 00:00:00,control,1,0,0,0.0,0,0,0,92
8743,dormant_user_reactivation_v1,2025-01-15 00:00:00,education_content,1,0,0,0.0,0,0,0,146
8745,dormant_user_reactivation_v1,2025-01-15 00:00:00,control,1,0,0,0.0,0,0,0,171
8746,dormant_user_reactivation_v1,2025-01-15 00:00:00,education_content,1,0,0,0.0,0,0,0,149
8749,dormant_user_reactivation_v1,2025-01-15 00:00:00,product_recommendation,1,0,0,0.0,0,0,0,323
8751,dormant_user_reactivation_v1,2025-01-15 00:00:00,education_content,1,0,0,0.0,0,0,0,198
8754,dormant_user_reactivation_v1,2025-01-15 00:00:00,product_recommendation,1,0,0,0.0,0,0,0,186
8756,dormant_user_reactivation_v1,2025-01-15 00:00:00,control,1,0,1,3030.89,0,1,0,80
8758,dormant_user_reactivation_v1,2025-01-15 00:00:00,control,1,0,0,0.0,0,2,0,64
8759,dormant_user_reactivation_v1,2025-01-15 00:00:00,education_content,1,0,0,0.0,1,1,0,80
8760,dormant_user_reactivation_v1,2025-01-15 00:00:00,product_recommendation,1,0,0,0.0,0,0,0,142
8762,dormant_user_reactivation_v1,2025-01-15 00:00:00,control,1,0,0,0.0,0,0,0,320
8764,dormant_user_reactivation_v1,2025-01-15 00:00:00,product_recommendation,1,0,0,0.0,0,0,0,326
8767,dormant_user_reactivation_v1,2025-01-15 00:00:00,control,0,0,0,0.0,0,0,0,183
8769,dormant_user_reactivation_v1,2025-01-15 00:00:00,product_recommendation,1,0,1,3419.96,1,0,0,71
8770,dormant_user_reactivation_v1,2025-01-15 00:00:00,product_recommendation,1,0,0,0.0,0,0,0,122
8774,dormant_user_reactivation_v1,2025-01-15 00:00:00,education_content,1,0,0,0.0,0,1,0,83
8775,dormant_user_reactivation_v1,2025-01-15 00:00:00,education_content,1,0,0,0.0,0,0,0,154
8776,dormant_user_reactivation_v1,2025-01-15 00:00:00,education_content,1,0,0,0.0,0,0,0,256
8777,dormant_user_reactivation_v1,2025-01-15 00:00:00,product_recommendation,1,0,0,0.0,0,1,0,86
8780,dormant_user_reactivation_v1,2025-01-15 00:00:00,control,1,0,0,0.0,0,0,0,243
8783,dormant_user_reactivation_v1,2025-01-15 00:00:00,education_content,1,0,0,0.0,0,0,0,199
8786,dormant_user_reactivation_v1,2025-01-15 00:00:00,product_recommendation,1,0,0,0.0,0,0,0,194
8788,dormant_user_reactivation_v1,2025-01-15 00:00:00,product_recommendation,1,0,0,0.0,0,1,0,83
8790,dormant_user_reactivation_v1,2025-01-15 00:00:00,education_content,1,0,0,0.0,0,0,0,277
8791,dormant_user_reactivation_v1,2025-01-15 00:00:00,product_recommendation,1,0,0,0.0,0,1,0,88
8793,dormant_user_reactivation_v1,2025-01-15 00:00:00,education_content,1,1,0,0.0,0,0,0,157
8794,dormant_user_reactivation_v1,2025-01-15 00:00:00,education_content,1,1,0,0.0,0,2,0,51
8797,dormant_user_reactivation_v1,2025-01-15 00:00:00,education_content,1,0,0,0.0,0,1,0,86
8799,dormant_user_reactivation_v1,2025-01-15 00:00:00,control,1,0,0,0.0,1,0,0,292
8800,dormant_user_reactivation_v1,2025-01-15 00:00:00,control,0,0,0,0.0,0,0,0,111
8802,dormant_user_reactivation_v1,2025-01-15 00:00:00,education_content,1,0,1,7046.3,0,0,0,110
8803,dormant_user_reactivation_v1,2025-01-15 00:00:00,control,1,0,0,0.0,0,0,0,215
8806,dormant_user_reactivation_v1,2025-01-15 00:00:00,product_recommendation,0,0,0,0.0,0,0,0,90
8807,dormant_user_reactivation_v1,2025-01-15 00:00:00,education_content,1,1,0,0.0,1,0,0,256
8808,dormant_user_reactivation_v1,2025-01-15 00:00:00,product_recommendation,1,0,0,0.0,0,1,0,62
8810,dormant_user_reactivation_v1,2025-01-15 00:00:00,control,1,0,0,0.0,0,0,0,118
8811,dormant_user_reactivation_v1,2025-01-15 00:00:00,control,1,0,0,0.0,1,1,0,72
8813,dormant_user_reactivation_v1,2025-01-15 00:00:00,product_recommendation,1,1,0,0.0,0,0,0,217
8814,dormant_user_reactivation_v1,2025-01-15 00:00:00,product_recommendation,1,0,0,0.0,0,1,0,48
8815,dormant_user_reactivation_v1,2025-01-15 00:00:00,education_content,1,0,0,0.0,0,0,0,148
8816,dormant_user_reactivation_v1,2025-01-15 00:00:00,control,1,0,0,0.0,0,0,0,117
8817,dormant_user_reactivation_v1,2025-01-15 00:00:00,education_content,1,0,0,0.0,1,2,0,49
8820,dormant_user_reactivation_v1,2025-01-15 00:00:00,product_recommendation,1,0,0,0.0,0,0,0,291
8822,dormant_user_reactivation_v1,2025-01-15 00:00:00,product_recommendation,1,0,0,0.0,0,0,0,168
8823,dormant_user_reactivation_v1,2025-01-15 00:00:00,education_content,1,0,0,0.0,0,0,0,238
8829,dormant_user_reactivation_v1,2025-01-15 00:00:00,control,1,0,0,0.0,0,0,0,137
8830,dormant_user_reactivation_v1,2025-01-15 00:00:00,product_recommendation,1,0,0,0.0,0,1,0,48
8832,dormant_user_reactivation_v1,2025-01-15 00:00:00,control,1,0,0,0.0,0,0,0,94
8836,dormant_user_reactivation_v1,2025-01-15 00:00:00,education_content,1,0,0,0.0,0,0,0,231
8837,dormant_user_reactivation_v1,2025-01-15 00:00:00,control,1,0,0,0.0,0,0,0,209
8840,dormant_user_reactivation_v1,2025-01-15 00:00:00,product_recommendation,1,0,0,0.0,0,0,0,103
8841,dormant_user_reactivation_v1,2025-01-15 00:00:00,control,1,0,0,0.0,0,0,0,110
8847,dormant_user_reactivation_v1,2025-01-15 00:00:00,education_content,1,0,1,3626.0,0,0,0,341
8849,dormant_user_reactivation_v1,2025-01-15 00:00:00,education_content,1,0,0,0.0,0,2,0,57
8850,dormant_user_reactivation_v1,2025-01-15 00:00:00,product_recommendation,1,0,0,0.0,0,0,0,180
8851,dormant_user_reactivation_v1,2025-01-15 00:00:00,education_content,1,0,0,0.0,1,2,0,57
8854,dormant_user_reactivation_v1,2025-01-15 00:00:00,product_recommendation,1,0,1,604.62,1,0,0,90
8856,dormant_user_reactivation_v1,2025-01-15 00:00:00,product_recommendation,1,0,0,0.0,0,0,0,343
8857,dormant_user_reactivation_v1,2025-01-15 00:00:00,control,1,0,0,0.0,0,0,0,180
8859,dormant_user_reactivation_v1,2025-01-15 00:00:00,product_recommendation,1,0,0,0.0,0,0,0,105
8860,dormant_user_reactivation_v1,2025-01-15 00:00:00,control,1,0,0,0.0,0,2,0,68
8861,dormant_user_reactivation_v1,2025-01-15 00:00:00,product_recommendation,1,0,0,0.0,0,0,0,92
8864,dormant_user_reactivation_v1,2025-01-15 00:00:00,education_content,1,0,0,0.0,0,0,0,249
8865,dormant_user_reactivation_v1,2025-01-15 00:00:00,product_recommendation,1,0,1,1191.27,1,0,1,183
8866,dormant_user_reactivation_v1,2025-01-15 00:00:00,control,1,0,0,0.0,0,1,0,58
8867,dormant_user_reactivation_v1,2025-01-15 00:00:00,control,1,0,0,0.0,0,1,0,50
8868,dormant_user_reactivation_v1,2025-01-15 00:00:00,product_recommendation,1,0,0,0.0,0,1,0,65
8869,dormant_user_reactivation_v1,2025-01-15 00:00:00,product_recommendation,1,0,0,0.0,0,0,0,220
8872,dormant_user_reactivation_v1,2025-01-15 00:00:00,education_content,1,0,0,0.0,0,0,0,72
8873,dormant_user_reactivation_v1,2025-01-15 00:00:00,product_recommendation,1,0,0,0.0,0,0,0,165
8877,dormant_user_reactivation_v1,2025-01-15 00:00:00,product_recommendation,1,1,0,0.0,0,1,0,49
8880,dormant_user_reactivation_v1,2025-01-15 00:00:00,education_content,1,1,0,0.0,0,0,0,257
8883,dormant_user_reactivation_v1,2025-01-15 00:00:00,product_recommendation,1,1,0,0.0,0,1,0,85
8884,dormant_user_reactivation_v1,2025-01-15 00:00:00,education_content,1,0,0,0.0,0,1,0,73
8886,dormant_user_reactivation_v1,2025-01-15 00:00:00,control,1,0,0,0.0,0,0,0,194
8887,dormant_user_reactivation_v1,2025-01-15 00:00:00,product_recommendation,1,0,0,0.0,0,0,0,110
8889,dormant_user_reactivation_v1,2025-01-15 00:00:00,product_recommendation,1,0,0,0.0,0,0,0,248
8890,dormant_user_reactivation_v1,2025-01-15 00:00:00,product_recommendation,1,1,0,0.0,0,0,0,152
8891,dormant_user_reactivation_v1,2025-01-15 00:00:00,education_content,1,0,0,0.0,0,0,0,171
8897,dormant_user_reactivation_v1,2025-01-15 00:00:00,education_content,1,1,0,0.0,1,0,0,248
8905,dormant_user_reactivation_v1,2025-01-15 00:00:00,control,1,0,0,0.0,0,1,0,74
8907,dormant_user_reactivation_v1,2025-01-15 00:00:00,control,1,0,0,0.0,0,1,0,77
8908,dormant_user_reactivation_v1,2025-01-15 00:00:00,product_recommendation,1,0,0,0.0,0,1,0,76
8916,dormant_user_reactivation_v1,2025-01-15 00:00:00,product_recommendation,1,1,0,0.0,0,2,1,53
8919,dormant_user_reactivation_v1,2025-01-15 00:00:00,education_content,1,0,0,0.0,0,0,0,162
8920,dormant_user_reactivation_v1,2025-01-15 00:00:00,control,1,0,0,0.0,1,0,0,312
8922,dormant_user_reactivation_v1,2025-01-15 00:00:00,education_content,1,0,1,1445.17,1,0,0,100
8924,dormant_user_reactivation_v1,2025-01-15 00:00:00,control,1,0,0,0.0,0,0,0,143
8930,dormant_user_reactivation_v1,2025-01-15 00:00:00,product_recommendation,1,0,0,0.0,0,0,0,238
8931,dormant_user_reactivation_v1,2025-01-15 00:00:00,control,1,0,0,0.0,0,0,0,251
8942,dormant_user_reactivation_v1,2025-01-15 00:00:00,control,1,0,0,0.0,1,2,0,50
8944,dormant_user_reactivation_v1,2025-01-15 00:00:00,control,1,0,0,0.0,0,0,0,225
8945,dormant_user_reactivation_v1,2025-01-15 00:00:00,education_content,1,0,0,0.0,1,1,0,59
8954,dormant_user_reactivation_v1,2025-01-15 00:00:00,education_content,1,0,0,0.0,0,0,0,293
8956,dormant_user_reactivation_v1,2025-01-15 00:00:00,product_recommendation,1,0,0,0.0,0,0,0,311
8957,dormant_user_reactivation_v1,2025-01-15 00:00:00,control,1,0,0,0.0,0,0,0,206
8958,dormant_user_reactivation_v1,2025-01-15 00:00:00,product_recommendation,1,0,0,0.0,0,0,0,201
8962,dormant_user_reactivation_v1,2025-01-15 00:00:00,product_recommendation,1,0,0,0.0,0,1,0,77
8963,dormant_user_reactivation_v1,2025-01-15 00:00:00,product_recommendation,1,0,0,0.0,1,1,0,87
8968,dormant_user_reactivation_v1,2025-01-15 00:00:00,product_recommendation,1,0,0,0.0,0,0,0,187
8969,dormant_user_reactivation_v1,2025-01-15 00:00:00,control,1,0,0,0.0,0,0,0,220
8970,dormant_user_reactivation_v1,2025-01-15 00:00:00,control,1,0,0,0.0,0,2,0,49
8974,dormant_user_reactivation_v1,2025-01-15 00:00:00,control,1,0,0,0.0,0,0,0,90
8975,dormant_user_reactivation_v1,2025-01-15 00:00:00,control,1,0,0,0.0,0,0,0,186
8976,dormant_user_reactivation_v1,2025-01-15 00:00:00,control,1,0,0,0.0,0,0,0,97
8977,dormant_user_reactivation_v1,2025-01-15 00:00:00,control,1,0,0,0.0,0,2,0,65
8979,dormant_user_reactivation_v1,2025-01-15 00:00:00,control,1,0,0,0.0,0,0,0,211
8983,dormant_user_reactivation_v1,2025-01-15 00:00:00,control,1,0,0,0.0,0,0,0,148
8984,dormant_user_reactivation_v1,2025-01-15 00:00:00,education_content,1,0,0,0.0,0,1,0,81
8985,dormant_user_reactivation_v1,2025-01-15 00:00:00,education_content,1,0,0,0.0,0,0,0,118
8986,dormant_user_reactivation_v1,2025-01-15 00:00:00,education_content,0,0,0,0.0,0,0,0,163
8993,dormant_user_reactivation_v1,2025-01-15 00:00:00,product_recommendation,1,0,0,0.0,1,4,0,48
8995,dormant_user_reactivation_v1,2025-01-15 00:00:00,education_content,1,0,0,0.0,0,0,0,160
8996,dormant_user_reactivation_v1,2025-01-15 00:00:00,product_recommendation,1,0,0,0.0,0,0,0,125
8998,dormant_user_reactivation_v1,2025-01-15 00:00:00,product_recommendation,1,0,0,0.0,0,4,0,51
9001,dormant_user_reactivation_v1,2025-01-15 00:00:00,product_recommendation,1,1,0,0.0,0,1,0,57
9003,dormant_user_reactivation_v1,2025-01-15 00:00:00,control,1,0,0,0.0,0,4,0,57
9004,dormant_user_reactivation_v1,2025-01-15 00:00:00,education_content,1,0,0,0.0,0,0,0,261
9005,dormant_user_reactivation_v1,2025-01-15 00:00:00,education_content,1,0,0,0.0,0,0,0,298
9006,dormant_user_reactivation_v1,2025-01-15 00:00:00,education_content,1,1,0,0.0,1,3,0,53
9007,dormant_user_reactivation_v1,2025-01-15 00:00:00,product_recommendation,1,0,0,0.0,0,0,0,128
9008,dormant_user_reactivation_v1,2025-01-15 00:00:00,education_content,1,1,0,0.0,0,0,0,119
9009,dormant_user_reactivation_v1,2025-01-15 00:00:00,product_recommendation,1,0,1,6986.09,0,0,0,235
9011,dormant_user_reactivation_v1,2025-01-15 00:00:00,control,1,0,0,0.0,0,0,0,123
9017,dormant_user_reactivation_v1,2025-01-15 00:00:00,product_recommendation,1,0,0,0.0,0,0,0,257
9022,dormant_user_reactivation_v1,2025-01-15 00:00:00,product_recommendation,1,0,0,0.0,0,0,0,105
9023,dormant_user_reactivation_v1,2025-01-15 00:00:00,control,1,0,0,0.0,0,0,0,316
9025,dormant_user_reactivation_v1,2025-01-15 00:00:00,control,1,0,0,0.0,0,0,0,223
9026,dormant_user_reactivation_v1,2025-01-15 00:00:00,control,1,0,0,0.0,0,0,0,227
9031,dormant_user_reactivation_v1,2025-01-15 00:00:00,control,1,0,0,0.0,0,1,0,54
9033,dormant_user_reactivation_v1,2025-01-15 00:00:00,control,1,0,0,0.0,0,0,0,340
9036,dormant_user_reactivation_v1,2025-01-15 00:00:00,product_recommendation,1,0,0,0.0,0,0,0,209
9041,dormant_user_reactivation_v1,2025-01-15 00:00:00,product_recommendation,1,0,0,0.0,0,0,0,116
9042,dormant_user_reactivation_v1,2025-01-15 00:00:00,product_recommendation,1,0,0,0.0,0,0,0,129
9043,dormant_user_reactivation_v1,2025-01-15 00:00:00,education_content,1,0,0,0.0,0,0,0,194
9044,dormant_user_reactivation_v1,2025-01-15 00:00:00,product_recommendation,1,0,0,0.0,1,2,0,45
9045,dormant_user_reactivation_v1,2025-01-15 00:00:00,control,1,0,0,0.0,1,1,0,65
9048,dormant_user_reactivation_v1,2025-01-15 00:00:00,education_content,1,0,0,0.0,0,0,0,148
9049,dormant_user_reactivation_v1,2025-01-15 00:00:00,product_recommendation,0,0,0,0.0,1,1,0,54
9051,dormant_user_reactivation_v1,2025-01-15 00:00:00,control,1,0,0,0.0,1,0,0,186
9054,dormant_user_reactivation_v1,2025-01-15 00:00:00,control,1,0,0,0.0,0,0,0,176
9056,dormant_user_reactivation_v1,2025-01-15 00:00:00,control,1,0,1,4461.32,1,0,0,99
9057,dormant_user_reactivation_v1,2025-01-15 00:00:00,education_content,1,0,0,0.0,0,2,0,80
9058,dormant_user_reactivation_v1,2025-01-15 00:00:00,control,1,0,1,1793.95,1,0,0,165
9062,dormant_user_reactivation_v1,2025-01-15 00:00:00,product_recommendation,1,0,0,0.0,0,0,0,164
9067,dormant_user_reactivation_v1,2025-01-15 00:00:00,control,1,0,0,0.0,0,2,0,49
9068,dormant_user_reactivation_v1,2025-01-15 00:00:00,product_recommendation,1,0,0,0.0,0,0,0,166
9070,dormant_user_reactivation_v1,2025-01-15 00:00:00,product_recommendation,1,0,0,0.0,0,0,0,300
9071,dormant_user_reactivation_v1,2025-01-15 00:00:00,education_content,1,0,0,0.0,0,0,0,264
9073,dormant_user_reactivation_v1,2025-01-15 00:00:00,control,1,0,0,0.0,1,1,0,76
9075,dormant_user_reactivation_v1,2025-01-15 00:00:00,education_content,1,0,0,0.0,0,0,0,165
9080,dormant_user_reactivation_v1,2025-01-15 00:00:00,control,1,0,0,0.0,0,0,0,194
9082,dormant_user_reactivation_v1,2025-01-15 00:00:00,education_content,1,0,0,0.0,1,0,0,161
9088,dormant_user_reactivation_v1,2025-01-15 00:00:00,education_content,1,0,0,0.0,1,0,0,163
9091,dormant_user_reactivation_v1,2025-01-15 00:00:00,control,1,0,1,7755.46,0,2,0,63
9092,dormant_user_reactivation_v1,2025-01-15 00:00:00,control,1,0,0,0.0,0,0,0,158
9098,dormant_user_reactivation_v1,2025-01-15 00:00:00,control,1,0,0,0.0,0,0,0,181
9100,dormant_user_reactivation_v1,2025-01-15 00:00:00,product_recommendation,1,0,0,0.0,0,0,0,114
9103,dormant_user_reactivation_v1,2025-01-15 00:00:00,product_recommendation,1,0,0,0.0,0,1,0,50
9104,dormant_user_reactivation_v1,2025-01-15 00:00:00,product_recommendation,1,0,0,0.0,0,0,0,136
9105,dormant_user_reactivation_v1,2025-01-15 00:00:00,education_content,1,0,0,0.0,1,0,0,130
9108,dormant_user_reactivation_v1,2025-01-15 00:00:00,control,1,1,0,0.0,1,0,0,166
9109,dormant_user_reactivation_v1,2025-01-15 00:00:00,product_recommendation,1,0,0,0.0,0,1,0,89
9115,dormant_user_reactivation_v1,2025-01-15 00:00:00,education_content,1,0,0,0.0,0,0,0,204
9116,dormant_user_reactivation_v1,2025-01-15 00:00:00,control,1,0,0,0.0,1,0,0,323
9120,dormant_user_reactivation_v1,2025-01-15 00:00:00,product_recommendation,1,0,0,0.0,0,0,0,148
9121,dormant_user_reactivation_v1,2025-01-15 00:00:00,product_recommendation,1,0,0,0.0,0,1,0,58
9125,dormant_user_reactivation_v1,2025-01-15 00:00:00,education_content,1,0,0,0.0,0,1,0,83
9126,dormant_user_reactivation_v1,2025-01-15 00:00:00,control,0,0,0,0.0,0,1,0,57
9127,dormant_user_reactivation_v1,2025-01-15 00:00:00,control,1,0,0,0.0,0,1,0,57
9128,dormant_user_reactivation_v1,2025-01-15 00:00:00,product_recommendation,1,0,0,0.0,0,0,0,157
9131,dormant_user_reactivation_v1,2025-01-15 00:00:00,product_recommendation,1,0,0,0.0,0,0,0,172
9132,dormant_user_reactivation_v1,2025-01-15 00:00:00,education_content,1,0,0,0.0,0,0,0,90
9134,dormant_user_reactivation_v1,2025-01-15 00:00:00,product_recommendation,1,0,0,0.0,0,1,0,56
9135,dormant_user_reactivation_v1,2025-01-15 00:00:00,education_content,1,0,0,0.0,0,0,0,235
9138,dormant_user_reactivation_v1,2025-01-15 00:00:00,education_content,1,0,0,0.0,0,0,0,263
9143,dormant_user_reactivation_v1,2025-01-15 00:00:00,control,1,0,0,0.0,0,0,0,224
9150,dormant_user_reactivation_v1,2025-01-15 00:00:00,education_content,1,1,0,0.0,0,1,0,86
9153,dormant_user_reactivation_v1,2025-01-15 00:00:00,education_content,1,0,0,0.0,0,0,0,168
9157,dormant_user_reactivation_v1,2025-01-15 00:00:00,control,1,0,0,0.0,0,1,0,62
9160,dormant_user_reactivation_v1,2025-01-15 00:00:00,control,1,0,0,0.0,0,0,0,158
9164,dormant_user_reactivation_v1,2025-01-15 00:00:00,product_recommendation,1,0,0,0.0,0,0,0,301
9166,dormant_user_reactivation_v1,2025-01-15 00:00:00,control,1,0,0,0.0,0,0,0,97
9169,dormant_user_reactivation_v1,2025-01-15 00:00:00,product_recommendation,1,0,0,0.0,0,0,0,297
9170,dormant_user_reactivation_v1,2025-01-15 00:00:00,control,1,0,0,0.0,1,0,0,237
9171,dormant_user_reactivation_v1,2025-01-15 00:00:00,education_content,1,0,0,0.0,1,0,0,119
9172,dormant_user_reactivation_v1,2025-01-15 00:00:00,product_recommendation,1,0,0,0.0,0,0,0,162
9173,dormant_user_reactivation_v1,2025-01-15 00:00:00,control,1,0,0,0.0,0,0,0,173
9174,dormant_user_reactivation_v1,2025-01-15 00:00:00,control,1,0,0,0.0,0,0,0,157
9177,dormant_user_reactivation_v1,2025-01-15 00:00:00,control,1,0,0,0.0,0,0,0,258
9179,dormant_user_reactivation_v1,2025-01-15 00:00:00,education_content,1,0,1,4180.6,0,0,0,203
9181,dormant_user_reactivation_v1,2025-01-15 00:00:00,product_recommendation,1,1,0,0.0,0,0,0,103
9184,dormant_user_reactivation_v1,2025-01-15 00:00:00,control,1,0,0,0.0,0,0,0,331
9186,dormant_user_reactivation_v1,2025-01-15 00:00:00,education_content,1,1,0,0.0,1,1,0,64
9187,dormant_user_reactivation_v1,2025-01-15 00:00:00,control,1,0,0,0.0,0,0,0,322
9189,dormant_user_reactivation_v1,2025-01-15 00:00:00,education_content,1,0,0,0.0,0,0,0,123
9190,dormant_user_reactivation_v1,2025-01-15 00:00:00,product_recommendation,1,0,0,0.0,0,1,0,77
9191,dormant_user_reactivation_v1,2025-01-15 00:00:00,education_content,1,0,0,0.0,0,0,0,273
9192,dormant_user_reactivation_v1,2025-01-15 00:00:00,product_recommendation,1,0,1,2847.55,0,0,0,175
9201,dormant_user_reactivation_v1,2025-01-15 00:00:00,product_recommendation,1,0,0,0.0,0,0,0,194
9203,dormant_user_reactivation_v1,2025-01-15 00:00:00,control,1,0,0,0.0,0,1,0,70
9205,dormant_user_reactivation_v1,2025-01-15 00:00:00,product_recommendation,1,0,0,0.0,0,2,0,63
9206,dormant_user_reactivation_v1,2025-01-15 00:00:00,product_recommendation,1,0,0,0.0,0,2,0,58
9207,dormant_user_reactivation_v1,2025-01-15 00:00:00,product_recommendation,1,1,0,0.0,0,1,0,89
9208,dormant_user_reactivation_v1,2025-01-15 00:00:00,control,1,1,0,0.0,0,0,0,186
9209,dormant_user_reactivation_v1,2025-01-15 00:00:00,control,1,0,0,0.0,0,0,0,127
9210,dormant_user_reactivation_v1,2025-01-15 00:00:00,control,0,0,0,0.0,1,2,0,64
9214,dormant_user_reactivation_v1,2025-01-15 00:00:00,control,1,0,0,0.0,1,0,0,131
9215,dormant_user_reactivation_v1,2025-01-15 00:00:00,control,1,0,0,0.0,0,2,0,63
9217,dormant_user_reactivation_v1,2025-01-15 00:00:00,product_recommendation,1,1,0,0.0,0,0,0,128
9218,dormant_user_reactivation_v1,2025-01-15 00:00:00,education_content,1,0,0,0.0,0,0,0,223
9220,dormant_user_reactivation_v1,2025-01-15 00:00:00,education_content,1,0,0,0.0,1,0,0,181
9222,dormant_user_reactivation_v1,2025-01-15 00:00:00,product_recommendation,1,0,0,0.0,0,0,0,322
9224,dormant_user_reactivation_v1,2025-01-15 00:00:00,control,1,0,0,0.0,0,0,0,168
9231,dormant_user_reactivation_v1,2025-01-15 00:00:00,product_recommendation,1,0,1,3319.68,1,0,0,184
9234,dormant_user_reactivation_v1,2025-01-15 00:00:00,control,1,0,0,0.0,0,1,0,45
9240,dormant_user_reactivation_v1,2025-01-15 00:00:00,product_recommendation,1,0,0,0.0,1,0,0,144
9241,dormant_user_reactivation_v1,2025-01-15 00:00:00,product_recommendation,1,0,0,0.0,0,0,0,93
9242,dormant_user_reactivation_v1,2025-01-15 00:00:00,education_content,1,0,1,1198.72,0,0,0,332
9243,dormant_user_reactivation_v1,2025-01-15 00:00:00,product_recommendation,1,1,0,0.0,0,0,0,195
9244,dormant_user_reactivation_v1,2025-01-15 00:00:00,product_recommendation,1,1,0,0.0,0,3,0,53
9245,dormant_user_reactivation_v1,2025-01-15 00:00:00,control,1,0,0,0.0,0,0,0,256
9247,dormant_user_reactivation_v1,2025-01-15 00:00:00,product_recommendation,1,1,0,0.0,1,1,0,62
9249,dormant_user_reactivation_v1,2025-01-15 00:00:00,product_recommendation,1,1,0,0.0,0,1,0,71
9250,dormant_user_reactivation_v1,2025-01-15 00:00:00,control,1,0,0,0.0,0,0,0,101
9255,dormant_user_reactivation_v1,2025-01-15 00:00:00,control,1,0,0,0.0,0,0,0,189
9257,dormant_user_reactivation_v1,2025-01-15 00:00:00,education_content,1,0,0,0.0,0,0,0,126
9258,dormant_user_reactivation_v1,2025-01-15 00:00:00,product_recommendation,1,0,0,0.0,0,1,0,76
9259,dormant_user_reactivation_v1,2025-01-15 00:00:00,product_recommendation,1,0,0,0.0,0,0,0,94
9264,dormant_user_reactivation_v1,2025-01-15 00:00:00,control,1,0,0,0.0,0,1,0,52
9265,dormant_user_reactivation_v1,2025-01-15 00:00:00,education_content,1,0,0,0.0,0,0,0,176
9274,dormant_user_reactivation_v1,2025-01-15 00:00:00,control,1,0,0,0.0,0,2,0,50
9275,dormant_user_reactivation_v1,2025-01-15 00:00:00,control,1,0,0,0.0,0,1,0,68
9276,dormant_user_reactivation_v1,2025-01-15 00:00:00,control,1,0,0,0.0,0,0,0,98
9277,dormant_user_reactivation_v1,2025-01-15 00:00:00,control,1,0,0,0.0,0,0,0,92
9278,dormant_user_reactivation_v1,2025-01-15 00:00:00,product_recommendation,1,0,0,0.0,0,0,0,149
9279,dormant_user_reactivation_v1,2025-01-15 00:00:00,product_recommendation,1,0,0,0.0,0,0,0,344
9280,dormant_user_reactivation_v1,2025-01-15 00:00:00,product_recommendation,1,0,0,0.0,0,0,0,226
9282,dormant_user_reactivation_v1,2025-01-15 00:00:00,education_content,1,0,0,0.0,1,0,0,237
9284,dormant_user_reactivation_v1,2025-01-15 00:00:00,product_recommendation,1,0,0,0.0,0,0,0,316
9286,dormant_user_reactivation_v1,2025-01-15 00:00:00,product_recommendation,1,0,0,0.0,1,1,0,56
9290,dormant_user_reactivation_v1,2025-01-15 00:00:00,education_content,1,0,1,10801.65,0,0,0,126
9292,dormant_user_reactivation_v1,2025-01-15 00:00:00,control,1,0,0,0.0,0,1,0,74
9298,dormant_user_reactivation_v1,2025-01-15 00:00:00,product_recommendation,1,0,0,0.0,0,0,0,243
9299,dormant_user_reactivation_v1,2025-01-15 00:00:00,control,1,0,0,0.0,0,0,0,291
9304,dormant_user_reactivation_v1,2025-01-15 00:00:00,education_content,1,0,0,0.0,0,1,0,61
9307,dormant_user_reactivation_v1,2025-01-15 00:00:00,control,1,0,0,0.0,0,0,0,156
9309,dormant_user_reactivation_v1,2025-01-15 00:00:00,control,1,0,0,0.0,0,0,0,190
9310,dormant_user_reactivation_v1,2025-01-15 00:00:00,product_recommendation,1,0,0,0.0,0,0,0,63
9312,dormant_user_reactivation_v1,2025-01-15 00:00:00,education_content,1,1,0,0.0,0,0,0,219
9318,dormant_user_reactivation_v1,2025-01-15 00:00:00,education_content,1,1,0,0.0,0,0,0,132
9321,dormant_user_reactivation_v1,2025-01-15 00:00:00,control,1,0,0,0.0,0,0,0,320
9323,dormant_user_reactivation_v1,2025-01-15 00:00:00,control,1,0,0,0.0,0,0,0,229
9324,dormant_user_reactivation_v1,2025-01-15 00:00:00,product_recommendation,1,0,0,0.0,0,0,0,268
9325,dormant_user_reactivation_v1,2025-01-15 00:00:00,product_recommendation,0,0,0,0.0,1,0,0,268
9327,dormant_user_reactivation_v1,2025-01-15 00:00:00,education_content,1,0,0,0.0,0,0,0,144
9330,dormant_user_reactivation_v1,2025-01-15 00:00:00,product_recommendation,1,0,0,0.0,0,0,0,112
9332,dormant_user_reactivation_v1,2025-01-15 00:00:00,control,1,0,0,0.0,0,1,0,88
9333,dormant_user_reactivation_v1,2025-01-15 00:00:00,product_recommendation,1,0,0,0.0,0,1,0,88
9334,dormant_user_reactivation_v1,2025-01-15 00:00:00,product_recommendation,1,0,1,6419.01,0,0,0,218
9335,dormant_user_reactivation_v1,2025-01-15 00:00:00,control,0,0,0,0.0,0,0,0,129
9336,dormant_user_reactivation_v1,2025-01-15 00:00:00,education_content,1,0,0,0.0,0,0,0,306
9339,dormant_user_reactivation_v1,2025-01-15 00:00:00,product_recommendation,1,0,0,0.0,0,0,0,213
9341,dormant_user_reactivation_v1,2025-01-15 00:00:00,education_content,1,0,0,0.0,0,0,0,125
9345,dormant_user_reactivation_v1,2025-01-15 00:00:00,education_content,1,0,0,0.0,1,0,0,170
9347,dormant_user_reactivation_v1,2025-01-15 00:00:00,education_content,1,0,0,0.0,0,0,0,134
9348,dormant_user_reactivation_v1,2025-01-15 00:00:00,control,1,0,0,0.0,0,1,0,48
9351,dormant_user_reactivation_v1,2025-01-15 00:00:00,control,1,0,0,0.0,0,0,0,167
9356,dormant_user_reactivation_v1,2025-01-15 00:00:00,control,1,0,0,0.0,0,0,0,123
9357,dormant_user_reactivation_v1,2025-01-15 00:00:00,education_content,1,1,1,2718.75,0,1,0,66
9358,dormant_user_reactivation_v1,2025-01-15 00:00:00,control,1,0,0,0.0,0,0,0,183
9361,dormant_user_reactivation_v1,2025-01-15 00:00:00,control,1,0,0,0.0,0,0,0,184
9365,dormant_user_reactivation_v1,2025-01-15 00:00:00,education_content,1,0,0,0.0,0,0,0,177
9366,dormant_user_reactivation_v1,2025-01-15 00:00:00,education_content,1,0,0,0.0,0,0,0,158
9369,dormant_user_reactivation_v1,2025-01-15 00:00:00,product_recommendation,1,0,0,0.0,0,0,0,363
9371,dormant_user_reactivation_v1,2025-01-15 00:00:00,control,1,0,0,0.0,0,0,0,306
9372,dormant_user_reactivation_v1,2025-01-15 00:00:00,education_content,1,0,0,0.0,0,1,0,70
9374,dormant_user_reactivation_v1,2025-01-15 00:00:00,product_recommendation,1,0,0,0.0,0,0,0,251
9376,dormant_user_reactivation_v1,2025-01-15 00:00:00,education_content,1,0,0,0.0,0,0,0,222
9377,dormant_user_reactivation_v1,2025-01-15 00:00:00,control,1,0,0,0.0,1,0,0,144
9379,dormant_user_reactivation_v1,2025-01-15 00:00:00,control,1,0,0,0.0,0,0,0,104
9380,dormant_user_reactivation_v1,2025-01-15 00:00:00,product_recommendation,1,0,0,0.0,0,0,0,261
9381,dormant_user_reactivation_v1,2025-01-15 00:00:00,control,1,0,0,0.0,0,1,0,78
9385,dormant_user_reactivation_v1,2025-01-15 00:00:00,product_recommendation,1,0,0,0.0,0,2,2,46
9386,dormant_user_reactivation_v1,2025-01-15 00:00:00,product_recommendation,1,0,0,0.0,0,0,0,267
9388,dormant_user_reactivation_v1,2025-01-15 00:00:00,product_recommendation,1,0,0,0.0,0,0,0,151
9393,dormant_user_reactivation_v1,2025-01-15 00:00:00,product_recommendation,1,0,0,0.0,0,0,0,108
9394,dormant_user_reactivation_v1,2025-01-15 00:00:00,control,1,0,0,0.0,0,0,0,197
9395,dormant_user_reactivation_v1,2025-01-15 00:00:00,education_content,1,0,0,0.0,0,0,0,142
9396,dormant_user_reactivation_v1,2025-01-15 00:00:00,control,1,0,0,0.0,1,0,0,152
9397,dormant_user_reactivation_v1,2025-01-15 00:00:00,control,0,0,0,0.0,0,0,0,107
9399,dormant_user_reactivation_v1,2025-01-15 00:00:00,control,1,0,0,0.0,0,1,0,76
9402,dormant_user_reactivation_v1,2025-01-15 00:00:00,education_content,1,0,0,0.0,0,0,0,181
9404,dormant_user_reactivation_v1,2025-01-15 00:00:00,product_recommendation,1,1,0,0.0,1,0,0,130
9406,dormant_user_reactivation_v1,2025-01-15 00:00:00,education_content,1,0,1,1906.04,0,0,0,168
9409,dormant_user_reactivation_v1,2025-01-15 00:00:00,product_recommendation,1,1,0,0.0,0,2,0,66
9412,dormant_user_reactivation_v1,2025-01-15 00:00:00,control,1,1,0,0.0,0,0,0,152
9413,dormant_user_reactivation_v1,2025-01-15 00:00:00,education_content,1,1,0,0.0,0,0,0,244
9414,dormant_user_reactivation_v1,2025-01-15 00:00:00,product_recommendation,1,0,0,0.0,0,0,0,218
9416,dormant_user_reactivation_v1,2025-01-15 00:00:00,control,1,0,0,0.0,0,2,0,80
9421,dormant_user_reactivation_v1,2025-01-15 00:00:00,product_recommendation,1,0,0,0.0,0,1,0,86
9423,dormant_user_reactivation_v1,2025-01-15 00:00:00,education_content,1,0,0,0.0,0,0,0,102
9424,dormant_user_reactivation_v1,2025-01-15 00:00:00,education_content,0,0,0,0.0,0,0,0,113
9430,dormant_user_reactivation_v1,2025-01-15 00:00:00,control,1,0,0,0.0,1,0,0,139
9431,dormant_user_reactivation_v1,2025-01-15 00:00:00,education_content,1,0,0,0.0,0,0,0,191
9435,dormant_user_reactivation_v1,2025-01-15 00:00:00,product_recommendation,1,0,0,0.0,0,0,0,60
9437,dormant_user_reactivation_v1,2025-01-15 00:00:00,education_content,1,0,0,0.0,0,1,2,79
9439,dormant_user_reactivation_v1,2025-01-15 00:00:00,education_content,1,0,0,0.0,0,0,0,114
9440,dormant_user_reactivation_v1,2025-01-15 00:00:00,product_recommendation,1,0,0,0.0,1,0,0,251
9441,dormant_user_reactivation_v1,2025-01-15 00:00:00,product_recommendation,1,0,0,0.0,0,0,0,173
9442,dormant_user_reactivation_v1,2025-01-15 00:00:00,control,1,0,0,0.0,0,1,0,63
9443,dormant_user_reactivation_v1,2025-01-15 00:00:00,education_content,1,0,0,0.0,0,1,0,61
9444,dormant_user_reactivation_v1,2025-01-15 00:00:00,control,1,0,0,0.0,0,0,0,163
9445,dormant_user_reactivation_v1,2025-01-15 00:00:00,education_content,1,0,0,0.0,0,0,0,140
9449,dormant_user_reactivation_v1,2025-01-15 00:00:00,control,1,0,0,0.0,0,2,0,72
9450,dormant_user_reactivation_v1,2025-01-15 00:00:00,product_recommendation,1,0,0,0.0,0,0,0,120
9452,dormant_user_reactivation_v1,2025-01-15 00:00:00,control,1,0,1,2675.36,1,0,0,236
9453,dormant_user_reactivation_v1,2025-01-15 00:00:00,product_recommendation,1,0,0,0.0,0,0,0,253
9454,dormant_user_reactivation_v1,2025-01-15 00:00:00,education_content,1,0,0,0.0,0,0,0,140
9455,dormant_user_reactivation_v1,2025-01-15 00:00:00,education_content,1,0,0,0.0,0,0,0,289
9457,dormant_user_reactivation_v1,2025-01-15 00:00:00,education_content,1,0,0,0.0,0,0,0,128
9458,dormant_user_reactivation_v1,2025-01-15 00:00:00,product_recommendation,1,0,0,0.0,0,5,1,54
9461,dormant_user_reactivation_v1,2025-01-15 00:00:00,education_content,1,0,0,0.0,1,1,0,58
9463,dormant_user_reactivation_v1,2025-01-15 00:00:00,control,1,0,1,2280.23,0,0,0,118
9464,dormant_user_reactivation_v1,2025-01-15 00:00:00,product_recommendation,1,0,0,0.0,0,0,0,283
9465,dormant_user_reactivation_v1,2025-01-15 00:00:00,education_content,1,0,0,0.0,0,0,0,228
9469,dormant_user_reactivation_v1,2025-01-15 00:00:00,control,0,0,0,0.0,1,2,0,69
9470,dormant_user_reactivation_v1,2025-01-15 00:00:00,education_content,1,0,0,0.0,0,0,0,251
9472,dormant_user_reactivation_v1,2025-01-15 00:00:00,education_content,1,0,0,0.0,0,0,0,157
9476,dormant_user_reactivation_v1,2025-01-15 00:00:00,education_content,1,0,0,0.0,0,0,0,110
9477,dormant_user_reactivation_v1,2025-01-15 00:00:00,product_recommendation,1,0,0,0.0,1,3,0,46
9478,dormant_user_reactivation_v1,2025-01-15 00:00:00,education_content,1,0,0,0.0,0,0,0,177
9479,dormant_user_reactivation_v1,2025-01-15 00:00:00,control,1,0,0,0.0,1,0,0,107
9481,dormant_user_reactivation_v1,2025-01-15 00:00:00,control,1,0,0,0.0,0,0,0,240
9482,dormant_user_reactivation_v1,2025-01-15 00:00:00,control,1,0,0,0.0,0,1,0,77
9484,dormant_user_reactivation_v1,2025-01-15 00:00:00,education_content,1,0,0,0.0,1,0,0,95
9485,dormant_user_reactivation_v1,2025-01-15 00:00:00,product_recommendation,1,0,0,0.0,0,0,0,255
9487,dormant_user_reactivation_v1,2025-01-15 00:00:00,product_recommendation,1,0,0,0.0,0,0,0,265
9490,dormant_user_reactivation_v1,2025-01-15 00:00:00,control,1,1,0,0.0,0,0,0,294
9493,dormant_user_reactivation_v1,2025-01-15 00:00:00,product_recommendation,1,0,0,0.0,0,0,0,290
9496,dormant_user_reactivation_v1,2025-01-15 00:00:00,control,1,0,0,0.0,1,0,0,276
9502,dormant_user_reactivation_v1,2025-01-15 00:00:00,product_recommendation,1,0,0,0.0,0,1,0,50
9503,dormant_user_reactivation_v1,2025-01-15 00:00:00,education_content,1,0,1,4056.31,0,0,0,282
9504,dormant_user_reactivation_v1,2025-01-15 00:00:00,product_recommendation,1,1,1,777.13,0,1,0,49
9505,dormant_user_reactivation_v1,2025-01-15 00:00:00,product_recommendation,1,0,1,2555.0,0,0,0,126
9506,dormant_user_reactivation_v1,2025-01-15 00:00:00,product_recommendation,1,0,0,0.0,0,0,0,143
9507,dormant_user_reactivation_v1,2025-01-15 00:00:00,control,1,0,0,0.0,0,0,0,93
9510,dormant_user_reactivation_v1,2025-01-15 00:00:00,control,1,0,0,0.0,0,1,0,52
9511,dormant_user_reactivation_v1,2025-01-15 00:00:00,product_recommendation,1,0,0,0.0,0,0,0,207
9512,dormant_user_reactivation_v1,2025-01-15 00:00:00,control,1,0,0,0.0,0,0,0,128
9517,dormant_user_reactivation_v1,2025-01-15 00:00:00,education_content,1,0,0,0.0,0,0,0,138
9518,dormant_user_reactivation_v1,2025-01-15 00:00:00,product_recommendation,0,0,0,0.0,0,1,0,59
9522,dormant_user_reactivation_v1,2025-01-15 00:00:00,education_content,1,0,0,0.0,0,0,0,145
9526,dormant_user_reactivation_v1,2025-01-15 00:00:00,product_recommendation,1,0,0,0.0,0,0,0,354
9528,dormant_user_reactivation_v1,2025-01-15 00:00:00,product_recommendation,1,0,0,0.0,0,0,0,162
9529,dormant_user_reactivation_v1,2025-01-15 00:00:00,education_content,1,0,0,0.0,0,0,0,248
9531,dormant_user_reactivation_v1,2025-01-15 00:00:00,education_content,1,0,0,0.0,0,0,0,102
9533,dormant_user_reactivation_v1,2025-01-15 00:00:00,control,1,0,0,0.0,0,0,0,141
9534,dormant_user_reactivation_v1,2025-01-15 00:00:00,product_recommendation,1,0,0,0.0,0,0,0,143
9535,dormant_user_reactivation_v1,2025-01-15 00:00:00,product_recommendation,1,0,0,0.0,0,0,0,239
9536,dormant_user_reactivation_v1,2025-01-15 00:00:00,product_recommendation,1,1,0,0.0,0,0,0,137
9537,dormant_user_reactivation_v1,2025-01-15 00:00:00,product_recommendation,1,0,0,0.0,1,0,0,135
9539,dormant_user_reactivation_v1,2025-01-15 00:00:00,product_recommendation,1,1,0,0.0,0,0,0,149
9540,dormant_user_reactivation_v1,2025-01-15 00:00:00,product_recommendation,1,1,0,0.0,0,0,0,140
9543,dormant_user_reactivation_v1,2025-01-15 00:00:00,control,1,0,0,0.0,0,0,0,99
9544,dormant_user_reactivation_v1,2025-01-15 00:00:00,control,1,0,0,0.0,1,0,0,107
9547,dormant_user_reactivation_v1,2025-01-15 00:00:00,control,1,0,1,8072.46,0,2,0,68
9551,dormant_user_reactivation_v1,2025-01-15 00:00:00,control,1,0,0,0.0,1,0,0,249
9552,dormant_user_reactivation_v1,2025-01-15 00:00:00,education_content,1,0,0,0.0,0,0,0,201
9554,dormant_user_reactivation_v1,2025-01-15 00:00:00,control,1,0,0,0.0,0,0,0,289
9555,dormant_user_reactivation_v1,2025-01-15 00:00:00,product_recommendation,1,0,1,6987.23,0,0,0,218
9559,dormant_user_reactivation_v1,2025-01-15 00:00:00,product_recommendation,1,0,1,11537.07,0,0,0,322
9561,dormant_user_reactivation_v1,2025-01-15 00:00:00,product_recommendation,1,0,0,0.0,0,0,0,209
9562,dormant_user_reactivation_v1,2025-01-15 00:00:00,education_content,1,0,0,0.0,0,0,0,292
9566,dormant_user_reactivation_v1,2025-01-15 00:00:00,education_content,1,0,1,6420.0,1,0,0,230
9567,dormant_user_reactivation_v1,2025-01-15 00:00:00,control,1,0,0,0.0,0,1,0,85
9568,dormant_user_reactivation_v1,2025-01-15 00:00:00,education_content,1,0,0,0.0,0,0,1,164
9569,dormant_user_reactivation_v1,2025-01-15 00:00:00,control,1,0,0,0.0,0,0,0,273
9570,dormant_user_reactivation_v1,2025-01-15 00:00:00,control,1,0,0,0.0,0,0,0,279
9576,dormant_user_reactivation_v1,2025-01-15 00:00:00,control,1,0,0,0.0,0,1,0,56
9578,dormant_user_reactivation_v1,2025-01-15 00:00:00,control,1,0,0,0.0,1,0,0,114
9579,dormant_user_reactivation_v1,2025-01-15 00:00:00,control,1,0,0,0.0,1,0,0,278
9580,dormant_user_reactivation_v1,2025-01-15 00:00:00,control,1,0,0,0.0,0,0,0,174
9581,dormant_user_reactivation_v1,2025-01-15 00:00:00,control,1,0,0,0.0,0,0,0,357
9582,dormant_user_reactivation_v1,2025-01-15 00:00:00,control,1,0,0,0.0,0,0,0,166
9583,dormant_user_reactivation_v1,2025-01-15 00:00:00,control,1,0,0,0.0,0,0,0,102
9585,dormant_user_reactivation_v1,2025-01-15 00:00:00,control,1,0,0,0.0,0,1,0,66
9586,dormant_user_reactivation_v1,2025-01-15 00:00:00,product_recommendation,1,0,0,0.0,0,1,0,63
9588,dormant_user_reactivation_v1,2025-01-15 00:00:00,education_content,1,1,1,11972.33,0,1,0,59
9589,dormant_user_reactivation_v1,2025-01-15 00:00:00,product_recommendation,1,1,0,0.0,1,2,0,62
9591,dormant_user_reactivation_v1,2025-01-15 00:00:00,product_recommendation,1,0,0,0.0,0,0,0,231
9593,dormant_user_reactivation_v1,2025-01-15 00:00:00,control,1,0,0,0.0,0,0,0,103
9594,dormant_user_reactivation_v1,2025-01-15 00:00:00,control,1,0,0,0.0,0,0,0,208
9595,dormant_user_reactivation_v1,2025-01-15 00:00:00,product_recommendation,1,0,0,0.0,0,0,0,345
9596,dormant_user_reactivation_v1,2025-01-15 00:00:00,control,1,0,0,0.0,0,1,0,47
9597,dormant_user_reactivation_v1,2025-01-15 00:00:00,education_content,1,0,0,0.0,0,0,0,147
9599,dormant_user_reactivation_v1,2025-01-15 00:00:00,product_recommendation,1,0,0,0.0,0,0,0,217
9601,dormant_user_reactivation_v1,2025-01-15 00:00:00,education_content,1,0,0,0.0,0,1,0,74
9606,dormant_user_reactivation_v1,2025-01-15 00:00:00,control,1,0,0,0.0,0,0,0,219
9607,dormant_user_reactivation_v1,2025-01-15 00:00:00,product_recommendation,1,0,0,0.0,0,1,0,46
9608,dormant_user_reactivation_v1,2025-01-15 00:00:00,education_content,1,0,0,0.0,0,1,0,80
9612,dormant_user_reactivation_v1,2025-01-15 00:00:00,education_content,1,0,0,0.0,0,2,0,56
9615,dormant_user_reactivation_v1,2025-01-15 00:00:00,education_content,1,0,0,0.0,1,2,0,61
9617,dormant_user_reactivation_v1,2025-01-15 00:00:00,product_recommendation,1,0,0,0.0,0,0,0,168
9618,dormant_user_reactivation_v1,2025-01-15 00:00:00,control,1,0,0,0.0,1,0,0,333
9621,dormant_user_reactivation_v1,2025-01-15 00:00:00,education_content,1,0,0,0.0,0,0,0,208
9623,dormant_user_reactivation_v1,2025-01-15 00:00:00,product_recommendation,0,0,0,0.0,0,0,0,83
9625,dormant_user_reactivation_v1,2025-01-15 00:00:00,product_recommendation,1,0,0,0.0,0,1,0,61
9627,dormant_user_reactivation_v1,2025-01-15 00:00:00,product_recommendation,1,0,0,0.0,0,0,0,93
9630,dormant_user_reactivation_v1,2025-01-15 00:00:00,product_recommendation,1,0,0,0.0,0,0,0,251
9631,dormant_user_reactivation_v1,2025-01-15 00:00:00,control,1,0,1,4201.75,0,0,0,156
9632,dormant_user_reactivation_v1,2025-01-15 00:00:00,control,1,0,0,0.0,0,0,0,176
9633,dormant_user_reactivation_v1,2025-01-15 00:00:00,control,1,0,0,0.0,0,1,0,56
9636,dormant_user_reactivation_v1,2025-01-15 00:00:00,control,1,0,0,0.0,0,0,0,312
9640,dormant_user_reactivation_v1,2025-01-15 00:00:00,education_content,1,0,0,0.0,0,7,1,46
9642,dormant_user_reactivation_v1,2025-01-15 00:00:00,education_content,1,0,0,0.0,0,0,0,218
9644,dormant_user_reactivation_v1,2025-01-15 00:00:00,product_recommendation,1,0,0,0.0,0,0,0,256
9645,dormant_user_reactivation_v1,2025-01-15 00:00:00,education_content,1,0,0,0.0,0,1,0,69
9647,dormant_user_reactivation_v1,2025-01-15 00:00:00,product_recommendation,1,0,0,0.0,0,0,0,256
9648,dormant_user_reactivation_v1,2025-01-15 00:00:00,product_recommendation,1,0,0,0.0,0,0,0,132
9649,dormant_user_reactivation_v1,2025-01-15 00:00:00,control,1,0,0,0.0,0,0,0,165
9651,dormant_user_reactivation_v1,2025-01-15 00:00:00,product_recommendation,1,1,0,0.0,0,0,0,276
9654,dormant_user_reactivation_v1,2025-01-15 00:00:00,control,1,0,0,0.0,0,0,0,150
9658,dormant_user_reactivation_v1,2025-01-15 00:00:00,control,1,0,0,0.0,0,0,0,151
9666,dormant_user_reactivation_v1,2025-01-15 00:00:00,education_content,1,0,0,0.0,1,1,0,63
9667,dormant_user_reactivation_v1,2025-01-15 00:00:00,control,1,0,0,0.0,0,0,0,130
9670,dormant_user_reactivation_v1,2025-01-15 00:00:00,product_recommendation,1,0,0,0.0,0,0,0,248
9671,dormant_user_reactivation_v1,2025-01-15 00:00:00,control,1,0,0,0.0,1,0,0,248
9673,dormant_user_reactivation_v1,2025-01-15 00:00:00,control,1,0,0,0.0,1,0,0,108
9675,dormant_user_reactivation_v1,2025-01-15 00:00:00,control,1,0,0,0.0,0,0,0,296
9679,dormant_user_reactivation_v1,2025-01-15 00:00:00,control,1,0,0,0.0,0,1,0,79
9681,dormant_user_reactivation_v1,2025-01-15 00:00:00,product_recommendation,1,0,0,0.0,0,0,0,195
9682,dormant_user_reactivation_v1,2025-01-15 00:00:00,control,1,0,0,0.0,0,0,0,127
9683,dormant_user_reactivation_v1,2025-01-15 00:00:00,product_recommendation,1,0,0,0.0,1,0,0,208
9684,dormant_user_reactivation_v1,2025-01-15 00:00:00,product_recommendation,1,0,0,0.0,0,0,0,222
9685,dormant_user_reactivation_v1,2025-01-15 00:00:00,product_recommendation,1,0,0,0.0,0,0,0,112
9686,dormant_user_reactivation_v1,2025-01-15 00:00:00,education_content,1,0,0,0.0,1,0,0,90
9687,dormant_user_reactivation_v1,2025-01-15 00:00:00,control,1,0,0,0.0,0,1,0,50
9692,dormant_user_reactivation_v1,2025-01-15 00:00:00,control,1,0,0,0.0,1,0,0,129
9694,dormant_user_reactivation_v1,2025-01-15 00:00:00,control,1,0,0,0.0,0,0,0,323
9695,dormant_user_reactivation_v1,2025-01-15 00:00:00,product_recommendation,1,0,0,0.0,0,1,0,47
9696,dormant_user_reactivation_v1,2025-01-15 00:00:00,product_recommendation,1,0,1,8032.86,0,0,0,182
9700,dormant_user_reactivation_v1,2025-01-15 00:00:00,education_content,1,0,0,0.0,0,0,0,254
9701,dormant_user_reactivation_v1,2025-01-15 00:00:00,product_recommendation,1,0,0,0.0,0,1,0,54
9703,dormant_user_reactivation_v1,2025-01-15 00:00:00,product_recommendation,0,0,0,0.0,0,0,0,282
9704,dormant_user_reactivation_v1,2025-01-15 00:00:00,product_recommendation,1,0,0,0.0,0,0,0,145
9706,dormant_user_reactivation_v1,2025-01-15 00:00:00,product_recommendation,1,0,0,0.0,0,0,0,90
9709,dormant_user_reactivation_v1,2025-01-15 00:00:00,control,1,0,0,0.0,0,0,0,179
9710,dormant_user_reactivation_v1,2025-01-15 00:00:00,control,1,0,0,0.0,0,0,0,125
9711,dormant_user_reactivation_v1,2025-01-15 00:00:00,education_content,1,0,0,0.0,0,0,0,118
9712,dormant_user_reactivation_v1,2025-01-15 00:00:00,control,1,0,0,0.0,0,0,0,281
9714,dormant_user_reactivation_v1,2025-01-15 00:00:00,education_content,1,0,0,0.0,0,0,0,164
9715,dormant_user_reactivation_v1,2025-01-15 00:00:00,control,1,0,0,0.0,0,0,0,361
9717,dormant_user_reactivation_v1,2025-01-15 00:00:00,control,1,0,0,0.0,0,0,0,117
9718,dormant_user_reactivation_v1,2025-01-15 00:00:00,product_recommendation,1,0,0,0.0,0,3,0,68
9719,dormant_user_reactivation_v1,2025-01-15 00:00:00,education_content,1,0,0,0.0,0,0,0,145
9721,dormant_user_reactivation_v1,2025-01-15 00:00:00,education_content,1,0,0,0.0,0,0,0,301
9724,dormant_user_reactivation_v1,2025-01-15 00:00:00,control,1,0,0,0.0,1,0,0,231
9725,dormant_user_reactivation_v1,2025-01-15 00:00:00,control,1,0,1,1262.74,0,0,0,232
9727,dormant_user_reactivation_v1,2025-01-15 00:00:00,product_recommendation,0,0,0,0.0,0,1,0,78
9730,dormant_user_reactivation_v1,2025-01-15 00:00:00,product_recommendation,1,0,0,0.0,0,0,0,101
9731,dormant_user_reactivation_v1,2025-01-15 00:00:00,control,1,0,0,0.0,0,0,0,212
9733,dormant_user_reactivation_v1,2025-01-15 00:00:00,education_content,1,1,0,0.0,0,1,0,48
9734,dormant_user_reactivation_v1,2025-01-15 00:00:00,education_content,1,0,0,0.0,0,0,0,65
9736,dormant_user_reactivation_v1,2025-01-15 00:00:00,education_content,1,0,0,0.0,0,0,0,125
9738,dormant_user_reactivation_v1,2025-01-15 00:00:00,education_content,1,0,0,0.0,0,0,0,328
9739,dormant_user_reactivation_v1,2025-01-15 00:00:00,control,1,1,0,0.0,1,1,0,54
9740,dormant_user_reactivation_v1,2025-01-15 00:00:00,control,1,0,0,0.0,0,0,0,300
9741,dormant_user_reactivation_v1,2025-01-15 00:00:00,education_content,1,0,0,0.0,0,0,2,157
9742,dormant_user_reactivation_v1,2025-01-15 00:00:00,education_content,1,0,0,0.0,0,0,0,116
9744,dormant_user_reactivation_v1,2025-01-15 00:00:00,control,1,0,0,0.0,0,1,0,57
9749,dormant_user_reactivation_v1,2025-01-15 00:00:00,product_recommendation,1,0,0,0.0,0,0,0,281
9751,dormant_user_reactivation_v1,2025-01-15 00:00:00,control,1,0,0,0.0,0,0,0,181
9752,dormant_user_reactivation_v1,2025-01-15 00:00:00,control,1,0,0,0.0,0,0,0,210
9753,dormant_user_reactivation_v1,2025-01-15 00:00:00,product_recommendation,1,0,0,0.0,0,0,0,95
9756,dormant_user_reactivation_v1,2025-01-15 00:00:00,education_content,1,0,0,0.0,0,0,0,266
9759,dormant_user_reactivation_v1,2025-01-15 00:00:00,product_recommendation,1,0,0,0.0,0,0,0,261
9760,dormant_user_reactivation_v1,2025-01-15 00:00:00,education_content,1,0,0,0.0,0,0,0,130
9763,dormant_user_reactivation_v1,2025-01-15 00:00:00,education_content,1,0,0,0.0,0,0,0,101
9764,dormant_user_reactivation_v1,2025-01-15 00:00:00,product_recommendation,0,0,0,0.0,1,0,0,217
9765,dormant_user_reactivation_v1,2025-01-15 00:00:00,product_recommendation,1,0,0,0.0,0,0,0,150
9766,dormant_user_reactivation_v1,2025-01-15 00:00:00,control,1,0,0,0.0,0,0,0,130
9767,dormant_user_reactivation_v1,2025-01-15 00:00:00,control,1,0,0,0.0,0,0,0,247
9768,dormant_user_reactivation_v1,2025-01-15 00:00:00,education_content,1,0,0,0.0,0,0,0,230
9769,dormant_user_reactivation_v1,2025-01-15 00:00:00,control,1,0,0,0.0,1,0,0,144
9773,dormant_user_reactivation_v1,2025-01-15 00:00:00,product_recommendation,1,1,0,0.0,0,1,0,66
9775,dormant_user_reactivation_v1,2025-01-15 00:00:00,product_recommendation,1,0,1,7548.87,0,0,0,109
9777,dormant_user_reactivation_v1,2025-01-15 00:00:00,education_content,1,0,0,0.0,0,0,0,129
9779,dormant_user_reactivation_v1,2025-01-15 00:00:00,education_content,1,0,0,0.0,0,0,0,155
9781,dormant_user_reactivation_v1,2025-01-15 00:00:00,control,1,0,0,0.0,0,0,0,137
9782,dormant_user_reactivation_v1,2025-01-15 00:00:00,education_content,1,0,0,0.0,0,0,0,167
9783,dormant_user_reactivation_v1,2025-01-15 00:00:00,product_recommendation,0,0,0,0.0,0,0,0,158
9784,dormant_user_reactivation_v1,2025-01-15 00:00:00,control,1,0,0,0.0,0,0,0,101
9785,dormant_user_reactivation_v1,2025-01-15 00:00:00,control,1,0,0,0.0,0,0,0,102
9787,dormant_user_reactivation_v1,2025-01-15 00:00:00,control,1,0,0,0.0,0,0,0,198
9788,dormant_user_reactivation_v1,2025-01-15 00:00:00,education_content,1,0,0,0.0,0,0,0,300
9789,dormant_user_reactivation_v1,2025-01-15 00:00:00,education_content,1,0,0,0.0,1,1,0,49
9792,dormant_user_reactivation_v1,2025-01-15 00:00:00,product_recommendation,1,0,0,0.0,0,0,0,128
9796,dormant_user_reactivation_v1,2025-01-15 00:00:00,control,1,0,0,0.0,0,0,0,316
9799,dormant_user_reactivation_v1,2025-01-15 00:00:00,education_content,1,0,0,0.0,0,0,0,193
9801,dormant_user_reactivation_v1,2025-01-15 00:00:00,product_recommendation,1,0,0,0.0,0,1,0,80
9802,dormant_user_reactivation_v1,2025-01-15 00:00:00,product_recommendation,1,0,0,0.0,0,0,0,113
9804,dormant_user_reactivation_v1,2025-01-15 00:00:00,product_recommendation,1,1,0,0.0,0,0,0,206
9805,dormant_user_reactivation_v1,2025-01-15 00:00:00,education_content,1,0,0,0.0,0,0,0,374
9809,dormant_user_reactivation_v1,2025-01-15 00:00:00,education_content,1,0,0,0.0,0,0,0,96
9811,dormant_user_reactivation_v1,2025-01-15 00:00:00,product_recommendation,1,1,0,0.0,1,0,0,90
9812,dormant_user_reactivation_v1,2025-01-15 00:00:00,control,1,0,0,0.0,0,0,0,283
9817,dormant_user_reactivation_v1,2025-01-15 00:00:00,control,1,0,0,0.0,0,0,0,295
9818,dormant_user_reactivation_v1,2025-01-15 00:00:00,control,1,0,0,0.0,0,1,0,85
9819,dormant_user_reactivation_v1,2025-01-15 00:00:00,education_content,1,0,0,0.0,0,0,0,126
9821,dormant_user_reactivation_v1,2025-01-15 00:00:00,education_content,1,1,0,0.0,0,2,0,54
9822,dormant_user_reactivation_v1,2025-01-15 00:00:00,education_content,1,0,0,0.0,0,0,0,164
9834,dormant_user_reactivation_v1,2025-01-15 00:00:00,product_recommendation,1,0,0,0.0,0,0,0,103
9838,dormant_user_reactivation_v1,2025-01-15 00:00:00,control,1,0,0,0.0,0,0,0,311
9839,dormant_user_reactivation_v1,2025-01-15 00:00:00,education_content,1,0,0,0.0,0,0,0,165
9842,dormant_user_reactivation_v1,2025-01-15 00:00:00,control,1,0,0,0.0,1,0,0,62
9845,dormant_user_reactivation_v1,2025-01-15 00:00:00,education_content,1,0,0,0.0,1,0,0,106
9846,dormant_user_reactivation_v1,2025-01-15 00:00:00,product_recommendation,1,0,0,0.0,0,2,0,77
9847,dormant_user_reactivation_v1,2025-01-15 00:00:00,education_content,1,0,0,0.0,0,0,0,100
9848,dormant_user_reactivation_v1,2025-01-15 00:00:00,product_recommendation,1,1,0,0.0,0,0,0,196
9849,dormant_user_reactivation_v1,2025-01-15 00:00:00,product_recommendation,1,0,0,0.0,0,0,0,190
9850,dormant_user_reactivation_v1,2025-01-15 00:00:00,control,1,1,0,0.0,0,4,0,58
9851,dormant_user_reactivation_v1,2025-01-15 00:00:00,product_recommendation,1,0,1,8231.36,0,0,0,253
9852,dormant_user_reactivation_v1,2025-01-15 00:00:00,product_recommendation,1,0,0,0.0,0,0,0,126
9854,dormant_user_reactivation_v1,2025-01-15 00:00:00,control,1,0,0,0.0,0,1,1,77
9855,dormant_user_reactivation_v1,2025-01-15 00:00:00,control,1,0,0,0.0,0,0,0,104
9858,dormant_user_reactivation_v1,2025-01-15 00:00:00,education_content,1,0,0,0.0,0,0,0,243
9859,dormant_user_reactivation_v1,2025-01-15 00:00:00,education_content,0,0,0,0.0,0,1,0,69
9860,dormant_user_reactivation_v1,2025-01-15 00:00:00,education_content,1,0,0,0.0,0,0,0,279
9863,dormant_user_reactivation_v1,2025-01-15 00:00:00,control,1,0,0,0.0,0,0,0,230
9867,dormant_user_reactivation_v1,2025-01-15 00:00:00,education_content,1,0,0,0.0,1,0,0,249
9868,dormant_user_reactivation_v1,2025-01-15 00:00:00,control,1,0,0,0.0,0,0,0,131
9869,dormant_user_reactivation_v1,2025-01-15 00:00:00,control,1,0,0,0.0,0,0,0,120
9870,dormant_user_reactivation_v1,2025-01-15 00:00:00,education_content,1,0,0,0.0,1,0,0,119
9871,dormant_user_reactivation_v1,2025-01-15 00:00:00,education_content,1,0,0,0.0,0,0,0,149
9873,dormant_user_reactivation_v1,2025-01-15 00:00:00,control,1,0,0,0.0,0,0,0,189
9876,dormant_user_reactivation_v1,2025-01-15 00:00:00,control,1,0,0,0.0,0,0,0,183
9877,dormant_user_reactivation_v1,2025-01-15 00:00:00,control,1,0,0,0.0,0,1,0,72
9878,dormant_user_reactivation_v1,2025-01-15 00:00:00,product_recommendation,1,0,0,0.0,1,0,0,318
9879,dormant_user_reactivation_v1,2025-01-15 00:00:00,control,1,0,0,0.0,0,1,0,54
9887,dormant_user_reactivation_v1,2025-01-15 00:00:00,control,1,0,0,0.0,0,0,0,150
9888,dormant_user_reactivation_v1,2025-01-15 00:00:00,education_content,1,0,1,2884.51,0,0,0,274
9889,dormant_user_reactivation_v1,2025-01-15 00:00:00,education_content,1,0,0,0.0,0,0,0,67
9890,dormant_user_reactivation_v1,2025-01-15 00:00:00,control,1,0,0,0.0,1,0,0,102
9891,dormant_user_reactivation_v1,2025-01-15 00:00:00,control,0,0,0,0.0,0,0,0,208
9892,dormant_user_reactivation_v1,2025-01-15 00:00:00,control,1,0,0,0.0,0,0,0,245
9893,dormant_user_reactivation_v1,2025-01-15 00:00:00,control,1,0,0,0.0,1,0,0,102
9894,dormant_user_reactivation_v1,2025-01-15 00:00:00,education_content,1,0,0,0.0,1,0,0,219
9895,dormant_user_reactivation_v1,2025-01-15 00:00:00,control,1,0,0,0.0,0,0,0,283
9898,dormant_user_reactivation_v1,2025-01-15 00:00:00,product_recommendation,1,0,0,0.0,1,1,0,79
9902,dormant_user_reactivation_v1,2025-01-15 00:00:00,product_recommendation,1,0,0,0.0,0,0,0,119
9905,dormant_user_reactivation_v1,2025-01-15 00:00:00,education_content,1,0,1,1270.57,0,2,0,62
9906,dormant_user_reactivation_v1,2025-01-15 00:00:00,control,1,0,0,0.0,0,0,0,257
9907,dormant_user_reactivation_v1,2025-01-15 00:00:00,education_content,0,0,0,0.0,0,0,0,215
9908,dormant_user_reactivation_v1,2025-01-15 00:00:00,education_content,1,0,0,0.0,0,0,0,111
9911,dormant_user_reactivation_v1,2025-01-15 00:00:00,education_content,1,0,0,0.0,1,0,0,130
9912,dormant_user_reactivation_v1,2025-01-15 00:00:00,product_recommendation,1,0,0,0.0,1,1,0,66
9916,dormant_user_reactivation_v1,2025-01-15 00:00:00,product_recommendation,1,0,0,0.0,0,0,0,135
9917,dormant_user_reactivation_v1,2025-01-15 00:00:00,product_recommendation,1,0,0,0.0,0,0,0,115
9918,dormant_user_reactivation_v1,2025-01-15 00:00:00,control,1,0,0,0.0,0,1,0,66
9921,dormant_user_reactivation_v1,2025-01-15 00:00:00,education_content,1,0,0,0.0,0,0,0,107
9922,dormant_user_reactivation_v1,2025-01-15 00:00:00,control,0,0,0,0.0,0,0,0,174
9923,dormant_user_reactivation_v1,2025-01-15 00:00:00,control,1,0,0,0.0,0,0,0,92
9925,dormant_user_reactivation_v1,2025-01-15 00:00:00,education_content,1,0,0,0.0,0,0,0,268
9926,dormant_user_reactivation_v1,2025-01-15 00:00:00,education_content,1,0,0,0.0,1,1,0,51
9928,dormant_user_reactivation_v1,2025-01-15 00:00:00,product_recommendation,1,1,0,0.0,0,0,0,197
9929,dormant_user_reactivation_v1,2025-01-15 00:00:00,control,1,0,0,0.0,0,1,0,88
9930,dormant_user_reactivation_v1,2025-01-15 00:00:00,education_content,1,0,0,0.0,1,0,0,135
9935,dormant_user_reactivation_v1,2025-01-15 00:00:00,control,1,0,0,0.0,0,0,0,141
9939,dormant_user_reactivation_v1,2025-01-15 00:00:00,product_recommendation,1,0,0,0.0,1,0,0,176
9941,dormant_user_reactivation_v1,2025-01-15 00:00:00,education_content,1,0,0,0.0,0,1,0,72
9942,dormant_user_reactivation_v1,2025-01-15 00:00:00,product_recommendation,0,0,0,0.0,0,0,0,243
9943,dormant_user_reactivation_v1,2025-01-15 00:00:00,education_content,1,0,0,0.0,0,0,0,144
9944,dormant_user_reactivation_v1,2025-01-15 00:00:00,product_recommendation,1,0,0,0.0,0,0,0,271
9945,dormant_user_reactivation_v1,2025-01-15 00:00:00,control,1,0,0,0.0,0,0,0,139
9947,dormant_user_reactivation_v1,2025-01-15 00:00:00,product_recommendation,1,0,0,0.0,0,0,0,264
9948,dormant_user_reactivation_v1,2025-01-15 00:00:00,product_recommendation,1,0,0,0.0,0,0,0,253
9950,dormant_user_reactivation_v1,2025-01-15 00:00:00,product_recommendation,1,1,0,0.0,0,2,0,65
9951,dormant_user_reactivation_v1,2025-01-15 00:00:00,product_recommendation,1,0,0,0.0,1,0,0,119
9952,dormant_user_reactivation_v1,2025-01-15 00:00:00,control,1,0,0,0.0,1,0,0,151
9954,dormant_user_reactivation_v1,2025-01-15 00:00:00,product_recommendation,1,1,0,0.0,0,0,0,140
9955,dormant_user_reactivation_v1,2025-01-15 00:00:00,education_content,1,0,0,0.0,0,1,0,53
9956,dormant_user_reactivation_v1,2025-01-15 00:00:00,control,1,0,0,0.0,0,0,0,99
9957,dormant_user_reactivation_v1,2025-01-15 00:00:00,education_content,0,0,0,0.0,0,0,0,249
9958,dormant_user_reactivation_v1,2025-01-15 00:00:00,control,1,0,0,0.0,0,0,0,145
9960,dormant_user_reactivation_v1,2025-01-15 00:00:00,product_recommendation,1,0,0,0.0,0,1,0,62
9961,dormant_user_reactivation_v1,2025-01-15 00:00:00,control,1,0,0,0.0,1,0,0,275
9964,dormant_user_reactivation_v1,2025-01-15 00:00:00,education_content,1,0,0,0.0,0,0,0,129
9965,dormant_user_reactivation_v1,2025-01-15 00:00:00,control,1,0,0,0.0,0,0,0,109
9966,dormant_user_reactivation_v1,2025-01-15 00:00:00,control,1,0,0,0.0,0,0,0,228
9967,dormant_user_reactivation_v1,2025-01-15 00:00:00,education_content,1,0,0,0.0,0,0,0,277
9975,dormant_user_reactivation_v1,2025-01-15 00:00:00,education_content,1,0,0,0.0,0,1,0,60
9976,dormant_user_reactivation_v1,2025-01-15 00:00:00,education_content,1,0,0,0.0,1,2,0,55
9977,dormant_user_reactivation_v1,2025-01-15 00:00:00,education_content,1,0,0,0.0,0,0,0,255
9980,dormant_user_reactivation_v1,2025-01-15 00:00:00,product_recommendation,1,0,0,0.0,0,0,0,289
9981,dormant_user_reactivation_v1,2025-01-15 00:00:00,education_content,1,0,0,0.0,0,0,0,147
9983,dormant_user_reactivation_v1,2025-01-15 00:00:00,control,1,0,1,1828.78,0,0,0,222
9984,dormant_user_reactivation_v1,2025-01-15 00:00:00,product_recommendation,1,1,0,0.0,0,0,0,142
9985,dormant_user_reactivation_v1,2025-01-15 00:00:00,product_recommendation,1,0,0,0.0,0,0,0,122
9986,dormant_user_reactivation_v1,2025-01-15 00:00:00,control,1,0,0,0.0,0,0,0,181
9989,dormant_user_reactivation_v1,2025-01-15 00:00:00,control,1,0,0,0.0,0,0,0,166
9990,dormant_user_reactivation_v1,2025-01-15 00:00:00,product_recommendation,1,0,0,0.0,1,0,0,172
9991,dormant_user_reactivation_v1,2025-01-15 00:00:00,control,1,0,0,0.0,0,0,0,277
9992,dormant_user_reactivation_v1,2025-01-15 00:00:00,education_content,1,0,0,0.0,0,0,0,125
9993,dormant_user_reactivation_v1,2025-01-15 00:00:00,product_recommendation,1,1,0,0.0,0,0,0,127
9994,dormant_user_reactivation_v1,2025-01-15 00:00:00,product_recommendation,1,0,0,0.0,0,3,0,76
9995,dormant_user_reactivation_v1,2025-01-15 00:00:00,education_content,1,0,0,0.0,0,0,0,151
9996,dormant_user_reactivation_v1,2025-01-15 00:00:00,control,1,0,0,0.0,0,1,0,87
9999,dormant_user_reactivation_v1,2025-01-15 00:00:00,control,1,0,0,0.0,0,0,0,352
10000,dormant_user_reactivation_v1,2025-01-15 00:00:00,product_recommendation,1,0,0,0.0,0,0,0,128
10003,dormant_user_reactivation_v1,2025-01-15 00:00:00,product_recommendation,1,1,0,0.0,0,0,0,264
10004,dormant_user_reactivation_v1,2025-01-15 00:00:00,product_recommendation,1,0,0,0.0,0,0,0,196
10007,dormant_user_reactivation_v1,2025-01-15 00:00:00,education_content,1,0,0,0.0,0,0,0,81
10008,dormant_user_reactivation_v1,2025-01-15 00:00:00,control,1,1,0,0.0,0,0,0,106
10009,dormant_user_reactivation_v1,2025-01-15 00:00:00,control,1,0,0,0.0,0,1,0,71
10010,dormant_user_reactivation_v1,2025-01-15 00:00:00,control,1,0,0,0.0,1,0,0,102
10013,dormant_user_reactivation_v1,2025-01-15 00:00:00,education_content,1,0,0,0.0,0,0,0,142
10014,dormant_user_reactivation_v1,2025-01-15 00:00:00,product_recommendation,1,0,0,0.0,0,0,0,116
10015,dormant_user_reactivation_v1,2025-01-15 00:00:00,education_content,1,0,0,0.0,0,0,0,185
10016,dormant_user_reactivation_v1,2025-01-15 00:00:00,product_recommendation,1,1,0,0.0,1,0,0,174
10018,dormant_user_reactivation_v1,2025-01-15 00:00:00,product_recommendation,1,0,1,707.48,1,1,0,80
10019,dormant_user_reactivation_v1,2025-01-15 00:00:00,control,1,0,0,0.0,1,2,0,74
10020,dormant_user_reactivation_v1,2025-01-15 00:00:00,product_recommendation,1,1,0,0.0,0,0,0,188
10021,dormant_user_reactivation_v1,2025-01-15 00:00:00,product_recommendation,1,0,0,0.0,0,0,0,284
10022,dormant_user_reactivation_v1,2025-01-15 00:00:00,control,1,0,0,0.0,0,0,0,220
10027,dormant_user_reactivation_v1,2025-01-15 00:00:00,control,1,0,0,0.0,0,0,0,168
10028,dormant_user_reactivation_v1,2025-01-15 00:00:00,control,1,0,0,0.0,1,0,0,288
10029,dormant_user_reactivation_v1,2025-01-15 00:00:00,control,1,0,0,0.0,0,2,0,56
10038,dormant_user_reactivation_v1,2025-01-15 00:00:00,control,1,0,0,0.0,0,0,0,83
10039,dormant_user_reactivation_v1,2025-01-15 00:00:00,product_recommendation,0,0,0,0.0,0,0,0,98
10042,dormant_user_reactivation_v1,2025-01-15 00:00:00,control,1,0,0,0.0,1,0,0,212
10045,dormant_user_reactivation_v1,2025-01-15 00:00:00,education_content,1,0,0,0.0,0,0,0,212
10046,dormant_user_reactivation_v1,2025-01-15 00:00:00,product_recommendation,1,0,0,0.0,0,0,0,201
10047,dormant_user_reactivation_v1,2025-01-15 00:00:00,education_content,1,0,0,0.0,0,0,0,140
10048,dormant_user_reactivation_v1,2025-01-15 00:00:00,education_content,1,0,0,0.0,0,0,0,81
10049,dormant_user_reactivation_v1,2025-01-15 00:00:00,product_recommendation,1,0,0,0.0,0,0,0,278
10052,dormant_user_reactivation_v1,2025-01-15 00:00:00,control,0,0,0,0.0,0,0,0,112
10061,dormant_user_reactivation_v1,2025-01-15 00:00:00,product_recommendation,1,0,0,0.0,0,1,0,51
10062,dormant_user_reactivation_v1,2025-01-15 00:00:00,product_recommendation,0,0,0,0.0,0,1,0,81
10063,dormant_user_reactivation_v1,2025-01-15 00:00:00,product_recommendation,1,1,0,0.0,1,1,0,87
10068,dormant_user_reactivation_v1,2025-01-15 00:00:00,product_recommendation,1,0,0,0.0,0,2,0,45
10070,dormant_user_reactivation_v1,2025-01-15 00:00:00,product_recommendation,1,0,0,0.0,0,0,0,153
10071,dormant_user_reactivation_v1,2025-01-15 00:00:00,control,1,0,0,0.0,0,0,0,224
10074,dormant_user_reactivation_v1,2025-01-15 00:00:00,product_recommendation,1,1,0,0.0,0,0,0,111
10077,dormant_user_reactivation_v1,2025-01-15 00:00:00,education_content,1,1,0,0.0,1,0,0,140
10079,dormant_user_reactivation_v1,2025-01-15 00:00:00,control,0,0,0,0.0,0,0,0,320
10081,dormant_user_reactivation_v1,2025-01-15 00:00:00,product_recommendation,1,0,0,0.0,0,1,0,45
10083,dormant_user_reactivation_v1,2025-01-15 00:00:00,product_recommendation,1,0,0,0.0,1,0,0,323
10085,dormant_user_reactivation_v1,2025-01-15 00:00:00,education_content,1,0,0,0.0,0,0,0,118
10087,dormant_user_reactivation_v1,2025-01-15 00:00:00,product_recommendation,1,0,0,0.0,0,0,0,173
10089,dormant_user_reactivation_v1,2025-01-15 00:00:00,education_content,1,0,0,0.0,0,0,0,249
10091,dormant_user_reactivation_v1,2025-01-15 00:00:00,product_recommendation,1,0,0,0.0,1,0,0,162
10096,dormant_user_reactivation_v1,2025-01-15 00:00:00,product_recommendation,1,0,0,0.0,0,0,0,229
10099,dormant_user_reactivation_v1,2025-01-15 00:00:00,product_recommendation,1,1,0,0.0,1,0,0,171
10104,dormant_user_reactivation_v1,2025-01-15 00:00:00,product_recommendation,1,0,0,0.0,0,0,0,141
10109,dormant_user_reactivation_v1,2025-01-15 00:00:00,education_content,1,1,0,0.0,0,1,0,80
10111,dormant_user_reactivation_v1,2025-01-15 00:00:00,product_recommendation,1,0,0,0.0,0,0,0,229
10112,dormant_user_reactivation_v1,2025-01-15 00:00:00,product_recommendation,1,0,0,0.0,0,0,0,345
10113,dormant_user_reactivation_v1,2025-01-15 00:00:00,product_recommendation,1,0,0,0.0,1,0,0,252
10114,dormant_user_reactivation_v1,2025-01-15 00:00:00,product_recommendation,1,0,0,0.0,1,2,0,63
10116,dormant_user_reactivation_v1,2025-01-15 00:00:00,product_recommendation,1,0,0,0.0,0,0,0,188
10119,dormant_user_reactivation_v1,2025-01-15 00:00:00,education_content,1,0,0,0.0,0,0,0,102
10120,dormant_user_reactivation_v1,2025-01-15 00:00:00,product_recommendation,1,0,0,0.0,0,0,0,329
10123,dormant_user_reactivation_v1,2025-01-15 00:00:00,control,1,0,0,0.0,0,1,0,70
10126,dormant_user_reactivation_v1,2025-01-15 00:00:00,product_recommendation,1,0,0,0.0,0,0,0,146
10127,dormant_user_reactivation_v1,2025-01-15 00:00:00,control,1,0,0,0.0,0,1,0,69
10130,dormant_user_reactivation_v1,2025-01-15 00:00:00,education_content,1,0,0,0.0,0,0,0,226
10132,dormant_user_reactivation_v1,2025-01-15 00:00:00,product_recommendation,1,1,0,0.0,0,0,0,242
10135,dormant_user_reactivation_v1,2025-01-15 00:00:00,product_recommendation,1,0,0,0.0,0,0,0,139
10137,dormant_user_reactivation_v1,2025-01-15 00:00:00,product_recommendation,1,0,0,0.0,1,0,0,181
10140,dormant_user_reactivation_v1,2025-01-15 00:00:00,control,1,0,1,10741.13,1,0,0,206
10141,dormant_user_reactivation_v1,2025-01-15 00:00:00,product_recommendation,1,0,0,0.0,0,0,0,73
10145,dormant_user_reactivation_v1,2025-01-15 00:00:00,education_content,1,0,0,0.0,0,0,0,115
10146,dormant_user_reactivation_v1,2025-01-15 00:00:00,control,1,0,0,0.0,0,0,0,93
10148,dormant_user_reactivation_v1,2025-01-15 00:00:00,education_content,1,0,0,0.0,0,0,0,285
10152,dormant_user_reactivation_v1,2025-01-15 00:00:00,education_content,1,0,0,0.0,0,1,0,66
10154,dormant_user_reactivation_v1,2025-01-15 00:00:00,education_content,1,0,0,0.0,0,0,0,63
10155,dormant_user_reactivation_v1,2025-01-15 00:00:00,control,1,0,0,0.0,0,1,0,70
10157,dormant_user_reactivation_v1,2025-01-15 00:00:00,product_recommendation,1,0,0,0.0,0,1,0,80
10160,dormant_user_reactivation_v1,2025-01-15 00:00:00,education_content,1,0,0,0.0,0,0,0,112
10163,dormant_user_reactivation_v1,2025-01-15 00:00:00,product_recommendation,1,0,0,0.0,1,0,0,158
10167,dormant_user_reactivation_v1,2025-01-15 00:00:00,education_content,1,0,0,0.0,0,1,0,88
10168,dormant_user_reactivation_v1,2025-01-15 00:00:00,product_recommendation,1,0,0,0.0,0,0,0,127
10169,dormant_user_reactivation_v1,2025-01-15 00:00:00,control,1,0,1,538.47,1,0,0,141
10170,dormant_user_reactivation_v1,2025-01-15 00:00:00,product_recommendation,1,0,0,0.0,0,1,0,53
10172,dormant_user_reactivation_v1,2025-01-15 00:00:00,education_content,1,0,0,0.0,0,0,0,265
10173,dormant_user_reactivation_v1,2025-01-15 00:00:00,education_content,1,1,0,0.0,0,0,0,159
10174,dormant_user_reactivation_v1,2025-01-15 00:00:00,education_content,1,0,1,3425.12,0,0,0,169
10175,dormant_user_reactivation_v1,2025-01-15 00:00:00,control,1,0,0,0.0,0,0,0,109
10176,dormant_user_reactivation_v1,2025-01-15 00:00:00,control,1,0,0,0.0,0,0,0,215
10177,dormant_user_reactivation_v1,2025-01-15 00:00:00,control,1,0,0,0.0,0,0,0,339
10180,dormant_user_reactivation_v1,2025-01-15 00:00:00,education_content,1,1,0,0.0,0,0,0,179
10181,dormant_user_reactivation_v1,2025-01-15 00:00:00,control,1,0,0,0.0,0,3,0,70
10183,dormant_user_reactivation_v1,2025-01-15 00:00:00,control,1,0,0,0.0,0,0,0,204
10185,dormant_user_reactivation_v1,2025-01-15 00:00:00,product_recommendation,1,1,0,0.0,0,0,0,110
10186,dormant_user_reactivation_v1,2025-01-15 00:00:00,control,1,0,0,0.0,0,0,0,162
10187,dormant_user_reactivation_v1,2025-01-15 00:00:00,education_content,1,0,1,1972.04,1,0,0,91
10190,dormant_user_reactivation_v1,2025-01-15 00:00:00,education_content,1,0,0,0.0,0,0,0,138
10191,dormant_user_reactivation_v1,2025-01-15 00:00:00,product_recommendation,1,0,1,6864.73,1,0,0,112
10192,dormant_user_reactivation_v1,2025-01-15 00:00:00,control,1,0,0,0.0,0,0,0,179
10193,dormant_user_reactivation_v1,2025-01-15 00:00:00,product_recommendation,1,0,0,0.0,0,0,0,172
10194,dormant_user_reactivation_v1,2025-01-15 00:00:00,education_content,1,0,0,0.0,0,1,0,78
10195,dormant_user_reactivation_v1,2025-01-15 00:00:00,control,1,0,0,0.0,0,1,0,57
10198,dormant_user_reactivation_v1,2025-01-15 00:00:00,product_recommendation,1,1,0,0.0,0,0,0,223
10203,dormant_user_reactivation_v1,2025-01-15 00:00:00,product_recommendation,0,0,0,0.0,0,0,0,320
10204,dormant_user_reactivation_v1,2025-01-15 00:00:00,education_content,1,0,0,0.0,0,0,0,209
10207,dormant_user_reactivation_v1,2025-01-15 00:00:00,product_recommendation,1,0,0,0.0,0,0,0,136
10208,dormant_user_reactivation_v1,2025-01-15 00:00:00,control,1,1,0,0.0,0,0,0,271
10209,dormant_user_reactivation_v1,2025-01-15 00:00:00,education_content,1,0,0,0.0,0,0,0,248
10213,dormant_user_reactivation_v1,2025-01-15 00:00:00,product_recommendation,1,0,0,0.0,0,2,0,46
10216,dormant_user_reactivation_v1,2025-01-15 00:00:00,product_recommendation,1,0,0,0.0,0,0,0,181
10217,dormant_user_reactivation_v1,2025-01-15 00:00:00,control,1,0,0,0.0,0,1,0,48
10222,dormant_user_reactivation_v1,2025-01-15 00:00:00,control,1,0,0,0.0,0,0,0,191
10223,dormant_user_reactivation_v1,2025-01-15 00:00:00,education_content,1,0,0,0.0,0,0,0,248
10225,dormant_user_reactivation_v1,2025-01-15 00:00:00,control,1,0,0,0.0,0,0,0,211
10226,dormant_user_reactivation_v1,2025-01-15 00:00:00,product_recommendation,1,0,0,0.0,0,1,0,48
10227,dormant_user_reactivation_v1,2025-01-15 00:00:00,product_recommendation,1,0,0,0.0,0,0,0,232
10228,dormant_user_reactivation_v1,2025-01-15 00:00:00,education_content,1,0,0,0.0,0,0,0,297
10233,dormant_user_reactivation_v1,2025-01-15 00:00:00,product_recommendation,1,0,0,0.0,0,0,0,132
10236,dormant_user_reactivation_v1,2025-01-15 00:00:00,control,1,0,0,0.0,0,0,0,155
10241,dormant_user_reactivation_v1,2025-01-15 00:00:00,education_content,1,0,0,0.0,0,0,0,161
10242,dormant_user_reactivation_v1,2025-01-15 00:00:00,control,1,0,0,0.0,1,0,0,295
10244,dormant_user_reactivation_v1,2025-01-15 00:00:00,education_content,1,1,0,0.0,0,2,0,47
10247,dormant_user_reactivation_v1,2025-01-15 00:00:00,education_content,1,0,0,0.0,1,0,0,307
10248,dormant_user_reactivation_v1,2025-01-15 00:00:00,control,1,0,0,0.0,0,0,0,250
10254,dormant_user_reactivation_v1,2025-01-15 00:00:00,product_recommendation,1,0,0,0.0,0,0,0,112
10256,dormant_user_reactivation_v1,2025-01-15 00:00:00,product_recommendation,1,0,0,0.0,0,0,0,105
10257,dormant_user_reactivation_v1,2025-01-15 00:00:00,control,1,0,0,0.0,0,0,0,143
10261,dormant_user_reactivation_v1,2025-01-15 00:00:00,control,1,0,0,0.0,1,0,0,161
10262,dormant_user_reactivation_v1,2025-01-15 00:00:00,control,1,0,0,0.0,0,0,0,160
10263,dormant_user_reactivation_v1,2025-01-15 00:00:00,control,1,0,0,0.0,1,1,0,58
10264,dormant_user_reactivation_v1,2025-01-15 00:00:00,control,1,0,0,0.0,1,2,0,57
10265,dormant_user_reactivation_v1,2025-01-15 00:00:00,control,1,0,0,0.0,0,0,0,158
10266,dormant_user_reactivation_v1,2025-01-15 00:00:00,control,1,0,0,0.0,1,2,0,71
10268,dormant_user_reactivation_v1,2025-01-15 00:00:00,education_content,1,0,0,0.0,1,0,0,186
10269,dormant_user_reactivation_v1,2025-01-15 00:00:00,education_content,1,1,0,0.0,0,0,0,340
10271,dormant_user_reactivation_v1,2025-01-15 00:00:00,product_recommendation,0,0,0,0.0,0,0,0,143
10273,dormant_user_reactivation_v1,2025-01-15 00:00:00,product_recommendation,1,0,0,0.0,0,0,0,107
10275,dormant_user_reactivation_v1,2025-01-15 00:00:00,product_recommendation,1,0,1,3217.8,0,0,0,135
10277,dormant_user_reactivation_v1,2025-01-15 00:00:00,education_content,1,0,0,0.0,1,0,0,70
10279,dormant_user_reactivation_v1,2025-01-15 00:00:00,product_recommendation,1,0,0,0.0,0,0,0,170
10281,dormant_user_reactivation_v1,2025-01-15 00:00:00,education_content,1,0,0,0.0,0,0,0,140
10282,dormant_user_reactivation_v1,2025-01-15 00:00:00,product_recommendation,1,0,0,0.0,0,1,0,56
10283,dormant_user_reactivation_v1,2025-01-15 00:00:00,product_recommendation,1,0,0,0.0,0,0,0,222
10286,dormant_user_reactivation_v1,2025-01-15 00:00:00,product_recommendation,1,0,0,0.0,0,0,0,241
10288,dormant_user_reactivation_v1,2025-01-15 00:00:00,control,1,0,0,0.0,0,0,0,108
10294,dormant_user_reactivation_v1,2025-01-15 00:00:00,product_recommendation,1,1,0,0.0,1,0,0,100
10296,dormant_user_reactivation_v1,2025-01-15 00:00:00,education_content,1,0,0,0.0,0,0,0,129
10297,dormant_user_reactivation_v1,2025-01-15 00:00:00,product_recommendation,1,0,1,4172.7,0,0,0,274
10298,dormant_user_reactivation_v1,2025-01-15 00:00:00,product_recommendation,1,0,0,0.0,0,0,0,128
10299,dormant_user_reactivation_v1,2025-01-15 00:00:00,control,1,0,0,0.0,0,0,0,94
10302,dormant_user_reactivation_v1,2025-01-15 00:00:00,education_content,1,0,0,0.0,0,0,0,304
10306,dormant_user_reactivation_v1,2025-01-15 00:00:00,control,1,0,0,0.0,0,0,0,266
10309,dormant_user_reactivation_v1,2025-01-15 00:00:00,product_recommendation,1,0,0,0.0,0,0,0,114
10319,dormant_user_reactivation_v1,2025-01-15 00:00:00,education_content,1,0,1,2758.32,0,0,0,160
10321,dormant_user_reactivation_v1,2025-01-15 00:00:00,control,1,0,0,0.0,0,0,0,106
10324,dormant_user_reactivation_v1,2025-01-15 00:00:00,education_content,1,0,0,0.0,0,0,0,210
10326,dormant_user_reactivation_v1,2025-01-15 00:00:00,education_content,1,0,0,0.0,0,0,0,210
10328,dormant_user_reactivation_v1,2025-01-15 00:00:00,product_recommendation,1,0,0,0.0,0,2,0,65
10334,dormant_user_reactivation_v1,2025-01-15 00:00:00,product_recommendation,0,0,0,0.0,0,0,0,264
10335,dormant_user_reactivation_v1,2025-01-15 00:00:00,education_content,1,1,0,0.0,0,0,2,94
10336,dormant_user_reactivation_v1,2025-01-15 00:00:00,control,1,0,0,0.0,0,0,0,147
10337,dormant_user_reactivation_v1,2025-01-15 00:00:00,control,1,0,0,0.0,0,0,0,190
10338,dormant_user_reactivation_v1,2025-01-15 00:00:00,education_content,1,0,1,3430.0,0,0,0,110
10340,dormant_user_reactivation_v1,2025-01-15 00:00:00,product_recommendation,1,0,0,0.0,0,0,0,103
10341,dormant_user_reactivation_v1,2025-01-15 00:00:00,education_content,1,0,0,0.0,0,1,0,48
10342,dormant_user_reactivation_v1,2025-01-15 00:00:00,education_content,1,0,0,0.0,0,0,0,294
10345,dormant_user_reactivation_v1,2025-01-15 00:00:00,control,1,0,0,0.0,0,0,0,92
10346,dormant_user_reactivation_v1,2025-01-15 00:00:00,education_content,1,1,0,0.0,0,0,0,257
10347,dormant_user_reactivation_v1,2025-01-15 00:00:00,control,1,1,0,0.0,0,0,0,265
10349,dormant_user_reactivation_v1,2025-01-15 00:00:00,control,1,0,0,0.0,1,0,0,193
10356,dormant_user_reactivation_v1,2025-01-15 00:00:00,education_content,1,0,0,0.0,0,0,0,235
10358,dormant_user_reactivation_v1,2025-01-15 00:00:00,product_recommendation,1,0,0,0.0,0,0,0,115
10360,dormant_user_reactivation_v1,2025-01-15 00:00:00,control,1,0,0,0.0,0,0,0,154
10361,dormant_user_reactivation_v1,2025-01-15 00:00:00,product_recommendation,1,0,0,0.0,0,0,2,90
10362,dormant_user_reactivation_v1,2025-01-15 00:00:00,education_content,1,0,0,0.0,0,0,0,93
10364,dormant_user_reactivation_v1,2025-01-15 00:00:00,product_recommendation,1,0,0,0.0,0,0,0,102
10365,dormant_user_reactivation_v1,2025-01-15 00:00:00,education_content,1,0,0,0.0,0,0,0,263
10369,dormant_user_reactivation_v1,2025-01-15 00:00:00,control,1,0,0,0.0,0,0,0,160
10370,dormant_user_reactivation_v1,2025-01-15 00:00:00,control,1,0,0,0.0,0,0,0,210
10371,dormant_user_reactivation_v1,2025-01-15 00:00:00,education_content,1,0,0,0.0,0,4,0,45
10372,dormant_user_reactivation_v1,2025-01-15 00:00:00,education_content,1,0,0,0.0,0,4,1,51
10373,dormant_user_reactivation_v1,2025-01-15 00:00:00,product_recommendation,1,0,0,0.0,0,0,0,292
10375,dormant_user_reactivation_v1,2025-01-15 00:00:00,product_recommendation,1,0,1,1642.37,0,0,0,276
10376,dormant_user_reactivation_v1,2025-01-15 00:00:00,product_recommendation,1,0,0,0.0,0,0,0,153
10377,dormant_user_reactivation_v1,2025-01-15 00:00:00,product_recommendation,1,0,0,0.0,0,1,0,59
10379,dormant_user_reactivation_v1,2025-01-15 00:00:00,education_content,1,0,0,0.0,0,0,0,122
10380,dormant_user_reactivation_v1,2025-01-15 00:00:00,education_content,1,0,0,0.0,0,0,0,163
10381,dormant_user_reactivation_v1,2025-01-15 00:00:00,education_content,1,0,0,0.0,0,0,0,95
10384,dormant_user_reactivation_v1,2025-01-15 00:00:00,control,0,0,0,0.0,0,0,0,261
10385,dormant_user_reactivation_v1,2025-01-15 00:00:00,product_recommendation,1,1,0,0.0,0,0,1,189
10388,dormant_user_reactivation_v1,2025-01-15 00:00:00,product_recommendation,1,0,0,0.0,0,1,0,46
10390,dormant_user_reactivation_v1,2025-01-15 00:00:00,control,1,0,0,0.0,0,0,0,169
10393,dormant_user_reactivation_v1,2025-01-15 00:00:00,product_recommendation,1,0,0,0.0,0,0,0,120
10394,dormant_user_reactivation_v1,2025-01-15 00:00:00,product_recommendation,1,0,0,0.0,0,0,0,229
10395,dormant_user_reactivation_v1,2025-01-15 00:00:00,control,1,0,0,0.0,0,0,0,137
10397,dormant_user_reactivation_v1,2025-01-15 00:00:00,control,1,0,0,0.0,0,1,1,52
10398,dormant_user_reactivation_v1,2025-01-15 00:00:00,product_recommendation,1,0,0,0.0,0,0,0,209
10399,dormant_user_reactivation_v1,2025-01-15 00:00:00,product_recommendation,1,0,1,6634.6,0,1,0,73
10400,dormant_user_reactivation_v1,2025-01-15 00:00:00,product_recommendation,1,0,0,0.0,0,0,0,138
10401,dormant_user_reactivation_v1,2025-01-15 00:00:00,education_content,1,0,0,0.0,0,0,0,148
10402,dormant_user_reactivation_v1,2025-01-15 00:00:00,control,1,0,0,0.0,0,0,0,169
10407,dormant_user_reactivation_v1,2025-01-15 00:00:00,product_recommendation,1,0,0,0.0,1,0,0,264
10411,dormant_user_reactivation_v1,2025-01-15 00:00:00,product_recommendation,1,0,0,0.0,0,1,0,62
10412,dormant_user_reactivation_v1,2025-01-15 00:00:00,product_recommendation,1,0,0,0.0,1,1,0,71
10414,dormant_user_reactivation_v1,2025-01-15 00:00:00,control,1,0,0,0.0,0,0,0,176
10417,dormant_user_reactivation_v1,2025-01-15 00:00:00,education_content,1,1,0,0.0,0,0,0,161
10418,dormant_user_reactivation_v1,2025-01-15 00:00:00,education_content,1,1,0,0.0,1,1,0,64
10420,dormant_user_reactivation_v1,2025-01-15 00:00:00,education_content,1,0,0,0.0,1,2,0,55
10422,dormant_user_reactivation_v1,2025-01-15 00:00:00,education_content,1,0,0,0.0,0,0,0,194
10424,dormant_user_reactivation_v1,2025-01-15 00:00:00,product_recommendation,1,0,0,0.0,1,0,0,124
10425,dormant_user_reactivation_v1,2025-01-15 00:00:00,product_recommendation,1,1,0,0.0,0,0,0,255
10428,dormant_user_reactivation_v1,2025-01-15 00:00:00,education_content,1,0,0,0.0,0,0,0,235
10430,dormant_user_reactivation_v1,2025-01-15 00:00:00,education_content,1,0,0,0.0,0,1,0,73
10431,dormant_user_reactivation_v1,2025-01-15 00:00:00,control,1,0,0,0.0,0,0,0,99
10433,dormant_user_reactivation_v1,2025-01-15 00:00:00,product_recommendation,1,1,0,0.0,0,0,0,168
10435,dormant_user_reactivation_v1,2025-01-15 00:00:00,control,1,0,0,0.0,0,0,0,305
10436,dormant_user_reactivation_v1,2025-01-15 00:00:00,product_recommendation,1,0,0,0.0,0,0,0,188
10439,dormant_user_reactivation_v1,2025-01-15 00:00:00,control,1,0,0,0.0,0,0,0,61
10440,dormant_user_reactivation_v1,2025-01-15 00:00:00,education_content,0,0,0,0.0,0,0,0,211
10445,dormant_user_reactivation_v1,2025-01-15 00:00:00,control,1,0,0,0.0,0,0,0,104
10446,dormant_user_reactivation_v1,2025-01-15 00:00:00,control,1,0,0,0.0,0,1,0,54
10448,dormant_user_reactivation_v1,2025-01-15 00:00:00,education_content,1,0,0,0.0,0,2,0,48
10449,dormant_user_reactivation_v1,2025-01-15 00:00:00,control,1,0,0,0.0,0,0,0,281
10453,dormant_user_reactivation_v1,2025-01-15 00:00:00,control,1,0,0,0.0,0,0,0,224
10454,dormant_user_reactivation_v1,2025-01-15 00:00:00,control,1,0,0,0.0,0,0,0,97
10456,dormant_user_reactivation_v1,2025-01-15 00:00:00,control,1,0,0,0.0,0,2,0,62
10457,dormant_user_reactivation_v1,2025-01-15 00:00:00,control,1,0,0,0.0,1,1,0,65
10461,dormant_user_reactivation_v1,2025-01-15 00:00:00,product_recommendation,1,0,0,0.0,0,0,0,120
10464,dormant_user_reactivation_v1,2025-01-15 00:00:00,education_content,1,1,0,0.0,0,0,0,151
10465,dormant_user_reactivation_v1,2025-01-15 00:00:00,product_recommendation,1,0,0,0.0,0,0,0,114
10466,dormant_user_reactivation_v1,2025-01-15 00:00:00,control,1,0,0,0.0,0,1,2,80
10467,dormant_user_reactivation_v1,2025-01-15 00:00:00,product_recommendation,1,0,0,0.0,0,0,0,109
10468,dormant_user_reactivation_v1,2025-01-15 00:00:00,product_recommendation,1,0,0,0.0,1,0,0,174
10469,dormant_user_reactivation_v1,2025-01-15 00:00:00,product_recommendation,1,0,0,0.0,0,1,0,72
10470,dormant_user_reactivation_v1,2025-01-15 00:00:00,control,1,0,0,0.0,1,0,0,312
10471,dormant_user_reactivation_v1,2025-01-15 00:00:00,education_content,1,0,1,1047.36,0,0,0,152
10477,dormant_user_reactivation_v1,2025-01-15 00:00:00,control,1,0,0,0.0,0,0,0,120
10484,dormant_user_reactivation_v1,2025-01-15 00:00:00,control,1,0,1,7334.67,0,0,0,265
10485,dormant_user_reactivation_v1,2025-01-15 00:00:00,product_recommendation,1,0,0,0.0,0,0,0,255
10487,dormant_user_reactivation_v1,2025-01-15 00:00:00,education_content,0,0,0,0.0,0,0,0,306
10488,dormant_user_reactivation_v1,2025-01-15 00:00:00,control,1,0,0,0.0,0,0,0,146
10490,dormant_user_reactivation_v1,2025-01-15 00:00:00,education_content,1,0,0,0.0,0,0,0,95
10492,dormant_user_reactivation_v1,2025-01-15 00:00:00,product_recommendation,1,0,0,0.0,0,0,0,201
10493,dormant_user_reactivation_v1,2025-01-15 00:00:00,education_content,1,0,1,2083.73,1,0,0,141
10498,dormant_user_reactivation_v1,2025-01-15 00:00:00,product_recommendation,1,0,0,0.0,0,1,0,64
10500,dormant_user_reactivation_v1,2025-01-15 00:00:00,product_recommendation,1,0,0,0.0,0,3,0,54
10501,dormant_user_reactivation_v1,2025-01-15 00:00:00,product_recommendation,1,0,0,0.0,0,0,1,221
10502,dormant_user_reactivation_v1,2025-01-15 00:00:00,product_recommendation,1,0,0,0.0,1,0,0,269
10507,dormant_user_reactivation_v1,2025-01-15 00:00:00,product_recommendation,1,0,0,0.0,1,0,0,145
10510,dormant_user_reactivation_v1,2025-01-15 00:00:00,product_recommendation,0,0,0,0.0,0,0,0,244
10511,dormant_user_reactivation_v1,2025-01-15 00:00:00,control,0,0,0,0.0,1,0,0,146
10514,dormant_user_reactivation_v1,2025-01-15 00:00:00,control,1,0,0,0.0,0,0,0,164
10515,dormant_user_reactivation_v1,2025-01-15 00:00:00,control,1,0,0,0.0,0,0,0,90
10516,dormant_user_reactivation_v1,2025-01-15 00:00:00,control,1,0,0,0.0,0,0,0,299
10517,dormant_user_reactivation_v1,2025-01-15 00:00:00,product_recommendation,1,0,0,0.0,0,0,0,175
10518,dormant_user_reactivation_v1,2025-01-15 00:00:00,education_content,1,1,0,0.0,0,1,0,80
10520,dormant_user_reactivation_v1,2025-01-15 00:00:00,control,1,0,0,0.0,0,0,0,315
10524,dormant_user_reactivation_v1,2025-01-15 00:00:00,control,1,0,0,0.0,0,1,0,53
10525,dormant_user_reactivation_v1,2025-01-15 00:00:00,product_recommendation,1,0,0,0.0,1,0,0,215
10530,dormant_user_reactivation_v1,2025-01-15 00:00:00,education_content,1,0,0,0.0,0,0,0,155
10531,dormant_user_reactivation_v1,2025-01-15 00:00:00,control,1,0,0,0.0,0,0,0,219
10532,dormant_user_reactivation_v1,2025-01-15 00:00:00,education_content,1,0,0,0.0,1,0,0,127
10536,dormant_user_reactivation_v1,2025-01-15 00:00:00,education_content,1,0,0,0.0,0,0,0,211
10537,dormant_user_reactivation_v1,2025-01-15 00:00:00,control,1,0,0,0.0,0,0,0,69
10540,dormant_user_reactivation_v1,2025-01-15 00:00:00,education_content,1,1,0,0.0,0,0,0,290
10543,dormant_user_reactivation_v1,2025-01-15 00:00:00,control,1,0,0,0.0,1,0,0,333
10544,dormant_user_reactivation_v1,2025-01-15 00:00:00,education_content,1,0,0,0.0,1,1,0,84
10546,dormant_user_reactivation_v1,2025-01-15 00:00:00,control,1,0,0,0.0,0,0,0,119
10547,dormant_user_reactivation_v1,2025-01-15 00:00:00,product_recommendation,1,0,0,0.0,0,2,0,73
10548,dormant_user_reactivation_v1,2025-01-15 00:00:00,control,1,0,0,0.0,0,0,0,117
10551,dormant_user_reactivation_v1,2025-01-15 00:00:00,control,1,0,0,0.0,0,0,0,359
10553,dormant_user_reactivation_v1,2025-01-15 00:00:00,control,1,0,0,0.0,0,0,0,312
10554,dormant_user_reactivation_v1,2025-01-15 00:00:00,product_recommendation,1,0,0,0.0,0,1,0,61
10557,dormant_user_reactivation_v1,2025-01-15 00:00:00,product_recommendation,1,0,0,0.0,0,0,0,77
10558,dormant_user_reactivation_v1,2025-01-15 00:00:00,product_recommendation,0,0,0,0.0,0,1,0,57
10559,dormant_user_reactivation_v1,2025-01-15 00:00:00,product_recommendation,1,0,0,0.0,0,0,0,261
10562,dormant_user_reactivation_v1,2025-01-15 00:00:00,education_content,1,0,0,0.0,0,1,0,81
10563,dormant_user_reactivation_v1,2025-01-15 00:00:00,product_recommendation,1,0,0,0.0,0,1,0,67
10564,dormant_user_reactivation_v1,2025-01-15 00:00:00,control,1,0,0,0.0,0,0,0,376
10565,dormant_user_reactivation_v1,2025-01-15 00:00:00,education_content,1,0,0,0.0,1,0,0,92
10566,dormant_user_reactivation_v1,2025-01-15 00:00:00,education_content,1,0,1,11194.69,1,0,0,271
10567,dormant_user_reactivation_v1,2025-01-15 00:00:00,education_content,1,0,0,0.0,0,1,0,69
10570,dormant_user_reactivation_v1,2025-01-15 00:00:00,control,1,0,0,0.0,0,0,0,267
10571,dormant_user_reactivation_v1,2025-01-15 00:00:00,control,1,0,0,0.0,0,0,0,186
10574,dormant_user_reactivation_v1,2025-01-15 00:00:00,education_content,1,0,0,0.0,0,0,0,283
10575,dormant_user_reactivation_v1,2025-01-15 00:00:00,control,1,0,0,0.0,0,0,0,160
10576,dormant_user_reactivation_v1,2025-01-15 00:00:00,education_content,1,0,0,0.0,0,0,0,62
10578,dormant_user_reactivation_v1,2025-01-15 00:00:00,control,1,0,0,0.0,0,0,0,151
10579,dormant_user_reactivation_v1,2025-01-15 00:00:00,product_recommendation,1,0,1,19061.32,1,0,0,189
10580,dormant_user_reactivation_v1,2025-01-15 00:00:00,control,1,0,0,0.0,0,0,0,173
10582,dormant_user_reactivation_v1,2025-01-15 00:00:00,education_content,1,0,0,0.0,0,2,0,51
10583,dormant_user_reactivation_v1,2025-01-15 00:00:00,control,1,0,0,0.0,0,0,0,155
10585,dormant_user_reactivation_v1,2025-01-15 00:00:00,education_content,1,0,0,0.0,0,0,0,250
10587,dormant_user_reactivation_v1,2025-01-15 00:00:00,product_recommendation,1,1,0,0.0,0,4,1,47
10588,dormant_user_reactivation_v1,2025-01-15 00:00:00,product_recommendation,1,0,0,0.0,0,0,0,153
10591,dormant_user_reactivation_v1,2025-01-15 00:00:00,education_content,1,1,0,0.0,0,0,0,153
10593,dormant_user_reactivation_v1,2025-01-15 00:00:00,product_recommendation,1,0,0,0.0,0,0,1,140
10595,dormant_user_reactivation_v1,2025-01-15 00:00:00,product_recommendation,0,0,0,0.0,0,0,0,255
10600,dormant_user_reactivation_v1,2025-01-15 00:00:00,product_recommendation,1,0,0,0.0,0,1,0,89
10603,dormant_user_reactivation_v1,2025-01-15 00:00:00,product_recommendation,1,0,0,0.0,1,2,0,69
10604,dormant_user_reactivation_v1,2025-01-15 00:00:00,control,1,0,0,0.0,0,0,0,144
10607,dormant_user_reactivation_v1,2025-01-15 00:00:00,education_content,1,0,0,0.0,1,0,0,197
10610,dormant_user_reactivation_v1,2025-01-15 00:00:00,education_content,1,0,0,0.0,0,0,0,215
10611,dormant_user_reactivation_v1,2025-01-15 00:00:00,control,1,0,0,0.0,0,0,0,371
10612,dormant_user_reactivation_v1,2025-01-15 00:00:00,education_content,1,0,0,0.0,0,0,0,142
10616,dormant_user_reactivation_v1,2025-01-15 00:00:00,education_content,1,0,0,0.0,1,0,0,253
10619,dormant_user_reactivation_v1,2025-01-15 00:00:00,control,1,0,0,0.0,1,0,0,118
10621,dormant_user_reactivation_v1,2025-01-15 00:00:00,education_content,1,0,0,0.0,0,0,0,209
10622,dormant_user_reactivation_v1,2025-01-15 00:00:00,control,1,0,0,0.0,0,1,0,82
10623,dormant_user_reactivation_v1,2025-01-15 00:00:00,product_recommendation,1,0,0,0.0,0,0,0,250
10624,dormant_user_reactivation_v1,2025-01-15 00:00:00,product_recommendation,1,0,0,0.0,0,0,0,128
10628,dormant_user_reactivation_v1,2025-01-15 00:00:00,education_content,1,0,0,0.0,0,0,0,142
10629,dormant_user_reactivation_v1,2025-01-15 00:00:00,product_recommendation,1,0,0,0.0,0,0,0,214
10630,dormant_user_reactivation_v1,2025-01-15 00:00:00,product_recommendation,1,1,0,0.0,1,0,0,116
10632,dormant_user_reactivation_v1,2025-01-15 00:00:00,control,1,0,0,0.0,0,0,0,195
10633,dormant_user_reactivation_v1,2025-01-15 00:00:00,control,1,0,0,0.0,0,0,0,168
10634,dormant_user_reactivation_v1,2025-01-15 00:00:00,product_recommendation,1,1,0,0.0,0,2,0,62
10636,dormant_user_reactivation_v1,2025-01-15 00:00:00,control,1,0,0,0.0,0,0,0,263
10641,dormant_user_reactivation_v1,2025-01-15 00:00:00,product_recommendation,1,0,0,0.0,0,0,0,105
10642,dormant_user_reactivation_v1,2025-01-15 00:00:00,education_content,1,0,0,0.0,0,0,0,111
10643,dormant_user_reactivation_v1,2025-01-15 00:00:00,product_recommendation,1,0,0,0.0,0,0,0,160
10646,dormant_user_reactivation_v1,2025-01-15 00:00:00,product_recommendation,1,0,0,0.0,0,0,0,338
10647,dormant_user_reactivation_v1,2025-01-15 00:00:00,product_recommendation,1,1,0,0.0,0,0,0,92
10650,dormant_user_reactivation_v1,2025-01-15 00:00:00,control,1,0,0,0.0,0,0,0,69
10651,dormant_user_reactivation_v1,2025-01-15 00:00:00,product_recommendation,1,0,0,0.0,0,0,0,94
10656,dormant_user_reactivation_v1,2025-01-15 00:00:00,control,1,0,0,0.0,0,0,0,105
10657,dormant_user_reactivation_v1,2025-01-15 00:00:00,control,1,0,0,0.0,0,1,0,70
10659,dormant_user_reactivation_v1,2025-01-15 00:00:00,product_recommendation,1,1,1,1672.07,1,0,0,227
10660,dormant_user_reactivation_v1,2025-01-15 00:00:00,control,1,0,1,3540.4,1,0,0,226
10662,dormant_user_reactivation_v1,2025-01-15 00:00:00,product_recommendation,1,0,0,0.0,0,0,0,158
10666,dormant_user_reactivation_v1,2025-01-15 00:00:00,product_recommendation,1,0,0,0.0,1,0,0,124
10668,dormant_user_reactivation_v1,2025-01-15 00:00:00,education_content,1,0,0,0.0,0,1,0,86
10671,dormant_user_reactivation_v1,2025-01-15 00:00:00,education_content,1,0,0,0.0,0,0,0,90
10672,dormant_user_reactivation_v1,2025-01-15 00:00:00,control,1,0,0,0.0,0,0,0,170
10673,dormant_user_reactivation_v1,2025-01-15 00:00:00,product_recommendation,1,0,0,0.0,0,0,0,106
10676,dormant_user_reactivation_v1,2025-01-15 00:00:00,education_content,1,0,0,0.0,0,0,0,102
10678,dormant_user_reactivation_v1,2025-01-15 00:00:00,education_content,1,0,0,0.0,0,1,0,48
10680,dormant_user_reactivation_v1,2025-01-15 00:00:00,product_recommendation,1,0,0,0.0,0,0,0,188
10681,dormant_user_reactivation_v1,2025-01-15 00:00:00,control,1,0,0,0.0,0,1,0,89
10682,dormant_user_reactivation_v1,2025-01-15 00:00:00,education_content,1,0,0,0.0,0,0,0,211
10684,dormant_user_reactivation_v1,2025-01-15 00:00:00,education_content,1,0,0,0.0,1,0,0,92
10686,dormant_user_reactivation_v1,2025-01-15 00:00:00,education_content,1,1,0,0.0,0,0,0,274
10688,dormant_user_reactivation_v1,2025-01-15 00:00:00,product_recommendation,1,0,0,0.0,0,0,0,379
10693,dormant_user_reactivation_v1,2025-01-15 00:00:00,education_content,1,0,0,0.0,0,0,0,184
10694,dormant_user_reactivation_v1,2025-01-15 00:00:00,education_content,1,0,0,0.0,0,0,0,203
10695,dormant_user_reactivation_v1,2025-01-15 00:00:00,control,1,0,0,0.0,1,0,0,89
10701,dormant_user_reactivation_v1,2025-01-15 00:00:00,education_content,1,0,0,0.0,1,2,0,50
10702,dormant_user_reactivation_v1,2025-01-15 00:00:00,education_content,1,0,0,0.0,0,0,0,170
10703,dormant_user_reactivation_v1,2025-01-15 00:00:00,education_content,1,0,0,0.0,1,0,0,315
10705,dormant_user_reactivation_v1,2025-01-15 00:00:00,product_recommendation,1,0,0,0.0,0,1,0,56
10706,dormant_user_reactivation_v1,2025-01-15 00:00:00,product_recommendation,1,0,0,0.0,0,2,0,45
10707,dormant_user_reactivation_v1,2025-01-15 00:00:00,education_content,1,0,0,0.0,0,0,0,242
10709,dormant_user_reactivation_v1,2025-01-15 00:00:00,education_content,1,0,0,0.0,0,0,0,140
10711,dormant_user_reactivation_v1,2025-01-15 00:00:00,product_recommendation,1,0,1,592.81,0,2,0,76
10712,dormant_user_reactivation_v1,2025-01-15 00:00:00,product_recommendation,1,0,0,0.0,0,1,0,56
10717,dormant_user_reactivation_v1,2025-01-15 00:00:00,product_recommendation,1,0,0,0.0,0,0,0,171
10719,dormant_user_reactivation_v1,2025-01-15 00:00:00,control,1,0,0,0.0,0,0,0,114
10722,dormant_user_reactivation_v1,2025-01-15 00:00:00,education_content,0,0,0,0.0,0,1,0,84
10724,dormant_user_reactivation_v1,2025-01-15 00:00:00,education_content,1,0,0,0.0,0,0,0,203
10731,dormant_user_reactivation_v1,2025-01-15 00:00:00,education_content,1,0,0,0.0,0,1,0,58
10733,dormant_user_reactivation_v1,2025-01-15 00:00:00,education_content,1,0,0,0.0,0,5,1,45
10735,dormant_user_reactivation_v1,2025-01-15 00:00:00,control,1,0,0,0.0,0,2,0,50
10736,dormant_user_reactivation_v1,2025-01-15 00:00:00,control,1,0,0,0.0,0,0,0,117
10742,dormant_user_reactivation_v1,2025-01-15 00:00:00,product_recommendation,1,0,0,0.0,0,1,0,82
10745,dormant_user_reactivation_v1,2025-01-15 00:00:00,control,1,0,0,0.0,0,0,0,130
10746,dormant_user_reactivation_v1,2025-01-15 00:00:00,control,1,0,0,0.0,1,0,0,115
10749,dormant_user_reactivation_v1,2025-01-15 00:00:00,product_recommendation,1,1,0,0.0,0,0,0,271
10750,dormant_user_reactivation_v1,2025-01-15 00:00:00,product_recommendation,1,0,0,0.0,0,0,0,211
10752,dormant_user_reactivation_v1,2025-01-15 00:00:00,product_recommendation,1,0,0,0.0,0,0,0,97
10753,dormant_user_reactivation_v1,2025-01-15 00:00:00,product_recommendation,1,0,0,0.0,0,0,0,137
10757,dormant_user_reactivation_v1,2025-01-15 00:00:00,education_content,1,0,0,0.0,0,0,0,115
10759,dormant_user_reactivation_v1,2025-01-15 00:00:00,product_recommendation,1,0,0,0.0,1,0,0,177
10760,dormant_user_reactivation_v1,2025-01-15 00:00:00,education_content,1,0,0,0.0,0,0,0,241
10761,dormant_user_reactivation_v1,2025-01-15 00:00:00,education_content,1,0,0,0.0,0,0,0,196
10763,dormant_user_reactivation_v1,2025-01-15 00:00:00,product_recommendation,1,0,0,0.0,0,0,0,221
10765,dormant_user_reactivation_v1,2025-01-15 00:00:00,product_recommendation,1,0,0,0.0,0,0,0,203
10767,dormant_user_reactivation_v1,2025-01-15 00:00:00,education_content,1,1,0,0.0,0,1,0,73
10768,dormant_user_reactivation_v1,2025-01-15 00:00:00,control,1,0,0,0.0,0,0,0,214
10769,dormant_user_reactivation_v1,2025-01-15 00:00:00,product_recommendation,1,0,0,0.0,0,0,0,181
10770,dormant_user_reactivation_v1,2025-01-15 00:00:00,education_content,0,0,0,0.0,0,0,0,144
10771,dormant_user_reactivation_v1,2025-01-15 00:00:00,product_recommendation,1,0,0,0.0,0,0,0,219
10773,dormant_user_reactivation_v1,2025-01-15 00:00:00,product_recommendation,1,0,0,0.0,1,0,0,190
10774,dormant_user_reactivation_v1,2025-01-15 00:00:00,education_content,1,0,0,0.0,1,0,0,208
10777,dormant_user_reactivation_v1,2025-01-15 00:00:00,control,1,0,0,0.0,1,0,0,350
10778,dormant_user_reactivation_v1,2025-01-15 00:00:00,education_content,1,0,0,0.0,0,0,0,146
10779,dormant_user_reactivation_v1,2025-01-15 00:00:00,product_recommendation,1,0,0,0.0,0,0,0,124
10781,dormant_user_reactivation_v1,2025-01-15 00:00:00,product_recommendation,1,0,0,0.0,0,0,0,157
10783,dormant_user_reactivation_v1,2025-01-15 00:00:00,education_content,1,0,0,0.0,0,3,0,50
10784,dormant_user_reactivation_v1,2025-01-15 00:00:00,control,1,0,0,0.0,0,0,0,117
10785,dormant_user_reactivation_v1,2025-01-15 00:00:00,control,1,1,0,0.0,0,0,0,156
10787,dormant_user_reactivation_v1,2025-01-15 00:00:00,education_content,1,0,0,0.0,0,0,0,124
10789,dormant_user_reactivation_v1,2025-01-15 00:00:00,control,1,0,0,0.0,0,0,0,171
10790,dormant_user_reactivation_v1,2025-01-15 00:00:00,product_recommendation,1,0,1,2295.62,0,0,0,186
10791,dormant_user_reactivation_v1,2025-01-15 00:00:00,education_content,1,0,0,0.0,0,1,0,70
10792,dormant_user_reactivation_v1,2025-01-15 00:00:00,product_recommendation,1,0,0,0.0,0,0,0,193
10794,dormant_user_reactivation_v1,2025-01-15 00:00:00,control,1,0,0,0.0,0,0,0,108
10797,dormant_user_reactivation_v1,2025-01-15 00:00:00,education_content,0,0,0,0.0,1,0,0,167
10798,dormant_user_reactivation_v1,2025-01-15 00:00:00,education_content,1,0,0,0.0,0,1,0,75
10800,dormant_user_reactivation_v1,2025-01-15 00:00:00,education_content,1,1,1,2612.23,0,0,0,90
10801,dormant_user_reactivation_v1,2025-01-15 00:00:00,product_recommendation,1,0,0,0.0,0,0,0,203
10803,dormant_user_reactivation_v1,2025-01-15 00:00:00,product_recommendation,1,1,0,0.0,0,0,0,267
10805,dormant_user_reactivation_v1,2025-01-15 00:00:00,education_content,1,0,0,0.0,0,1,0,69
10810,dormant_user_reactivation_v1,2025-01-15 00:00:00,education_content,1,0,0,0.0,0,0,0,142
10811,dormant_user_reactivation_v1,2025-01-15 00:00:00,education_content,1,1,0,0.0,0,0,0,183
10814,dormant_user_reactivation_v1,2025-01-15 00:00:00,education_content,1,1,0,0.0,0,0,0,112
10818,dormant_user_reactivation_v1,2025-01-15 00:00:00,control,1,0,0,0.0,1,1,0,62
10821,dormant_user_reactivation_v1,2025-01-15 00:00:00,education_content,1,0,0,0.0,0,1,0,61
10823,dormant_user_reactivation_v1,2025-01-15 00:00:00,education_content,1,0,0,0.0,0,0,0,137
10829,dormant_user_reactivation_v1,2025-01-15 00:00:00,control,1,0,0,0.0,0,0,0,139
10830,dormant_user_reactivation_v1,2025-01-15 00:00:00,control,1,0,0,0.0,0,0,0,126
10831,dormant_user_reactivation_v1,2025-01-15 00:00:00,control,1,0,0,0.0,0,0,0,145
10832,dormant_user_reactivation_v1,2025-01-15 00:00:00,product_recommendation,1,0,0,0.0,0,0,0,102
10835,dormant_user_reactivation_v1,2025-01-15 00:00:00,education_content,1,1,1,3113.21,1,1,0,73
10836,dormant_user_reactivation_v1,2025-01-15 00:00:00,education_content,1,0,0,0.0,0,0,0,95
10838,dormant_user_reactivation_v1,2025-01-15 00:00:00,education_content,1,0,0,0.0,0,1,0,74
10839,dormant_user_reactivation_v1,2025-01-15 00:00:00,control,1,0,0,0.0,0,0,0,275
10840,dormant_user_reactivation_v1,2025-01-15 00:00:00,control,1,0,0,0.0,0,0,0,244
10842,dormant_user_reactivation_v1,2025-01-15 00:00:00,education_content,1,0,0,0.0,0,0,0,268
10844,dormant_user_reactivation_v1,2025-01-15 00:00:00,education_content,1,0,0,0.0,1,1,0,47
10845,dormant_user_reactivation_v1,2025-01-15 00:00:00,control,1,0,0,0.0,0,1,0,88
10846,dormant_user_reactivation_v1,2025-01-15 00:00:00,control,1,0,0,0.0,1,0,0,221
10847,dormant_user_reactivation_v1,2025-01-15 00:00:00,control,1,0,0,0.0,0,1,0,83
10849,dormant_user_reactivation_v1,2025-01-15 00:00:00,product_recommendation,1,0,0,0.0,0,0,0,316
10850,dormant_user_reactivation_v1,2025-01-15 00:00:00,education_content,1,0,0,0.0,1,1,0,80
10852,dormant_user_reactivation_v1,2025-01-15 00:00:00,education_content,1,0,0,0.0,0,0,0,318
10853,dormant_user_reactivation_v1,2025-01-15 00:00:00,education_content,1,0,0,0.0,0,0,0,259
10855,dormant_user_reactivation_v1,2025-01-15 00:00:00,education_content,1,0,0,0.0,0,0,0,97
10861,dormant_user_reactivation_v1,2025-01-15 00:00:00,product_recommendation,1,0,0,0.0,0,2,0,62
10862,dormant_user_reactivation_v1,2025-01-15 00:00:00,education_content,1,0,0,0.0,0,0,0,104
10866,dormant_user_reactivation_v1,2025-01-15 00:00:00,control,1,1,0,0.0,0,0,0,194
10867,dormant_user_reactivation_v1,2025-01-15 00:00:00,product_recommendation,1,0,0,0.0,1,0,0,123
10868,dormant_user_reactivation_v1,2025-01-15 00:00:00,product_recommendation,1,0,0,0.0,0,0,0,222
10871,dormant_user_reactivation_v1,2025-01-15 00:00:00,product_recommendation,1,0,0,0.0,0,3,0,55
10872,dormant_user_reactivation_v1,2025-01-15 00:00:00,product_recommendation,1,0,0,0.0,0,0,0,185
10873,dormant_user_reactivation_v1,2025-01-15 00:00:00,product_recommendation,1,0,0,0.0,0,0,0,258
10874,dormant_user_reactivation_v1,2025-01-15 00:00:00,product_recommendation,1,0,0,0.0,0,0,0,212
10875,dormant_user_reactivation_v1,2025-01-15 00:00:00,product_recommendation,1,0,0,0.0,0,0,0,314
10876,dormant_user_reactivation_v1,2025-01-15 00:00:00,education_content,1,0,0,0.0,1,0,0,236
10878,dormant_user_reactivation_v1,2025-01-15 00:00:00,education_content,1,0,0,0.0,0,0,0,129
10879,dormant_user_reactivation_v1,2025-01-15 00:00:00,education_content,1,0,0,0.0,0,0,0,173
10880,dormant_user_reactivation_v1,2025-01-15 00:00:00,product_recommendation,1,0,0,0.0,0,0,0,204
10881,dormant_user_reactivation_v1,2025-01-15 00:00:00,product_recommendation,1,0,1,3249.14,0,0,0,152
10886,dormant_user_reactivation_v1,2025-01-15 00:00:00,education_content,1,0,0,0.0,0,0,0,164
10887,dormant_user_reactivation_v1,2025-01-15 00:00:00,education_content,1,0,0,0.0,0,1,0,57
10888,dormant_user_reactivation_v1,2025-01-15 00:00:00,education_content,1,0,0,0.0,0,0,0,213
10889,dormant_user_reactivation_v1,2025-01-15 00:00:00,control,1,0,1,5083.96,0,1,0,64
10892,dormant_user_reactivation_v1,2025-01-15 00:00:00,control,1,0,0,0.0,0,0,0,359
10893,dormant_user_reactivation_v1,2025-01-15 00:00:00,education_content,1,0,0,0.0,0,1,0,72
10894,dormant_user_reactivation_v1,2025-01-15 00:00:00,education_content,1,0,0,0.0,0,0,0,220
10895,dormant_user_reactivation_v1,2025-01-15 00:00:00,control,1,0,0,0.0,0,0,0,277
10897,dormant_user_reactivation_v1,2025-01-15 00:00:00,control,1,0,0,0.0,0,0,0,117
10898,dormant_user_reactivation_v1,2025-01-15 00:00:00,education_content,1,0,0,0.0,0,0,0,278
10899,dormant_user_reactivation_v1,2025-01-15 00:00:00,education_content,1,0,0,0.0,1,1,0,55
10900,dormant_user_reactivation_v1,2025-01-15 00:00:00,product_recommendation,1,0,0,0.0,0,0,0,106
10902,dormant_user_reactivation_v1,2025-01-15 00:00:00,control,1,0,0,0.0,0,0,0,190
10905,dormant_user_reactivation_v1,2025-01-15 00:00:00,product_recommendation,1,0,0,0.0,0,1,2,66
10908,dormant_user_reactivation_v1,2025-01-15 00:00:00,control,1,0,0,0.0,1,0,0,331
10909,dormant_user_reactivation_v1,2025-01-15 00:00:00,education_content,1,0,0,0.0,0,0,0,150
10911,dormant_user_reactivation_v1,2025-01-15 00:00:00,education_content,1,0,0,0.0,1,0,0,265
10913,dormant_user_reactivation_v1,2025-01-15 00:00:00,product_recommendation,1,0,0,0.0,0,0,0,327
10914,dormant_user_reactivation_v1,2025-01-15 00:00:00,control,1,0,0,0.0,1,0,0,221
10915,dormant_user_reactivation_v1,2025-01-15 00:00:00,control,1,0,0,0.0,0,0,0,140
10917,dormant_user_reactivation_v1,2025-01-15 00:00:00,education_content,1,0,1,1938.83,0,0,0,171
10918,dormant_user_reactivation_v1,2025-01-15 00:00:00,product_recommendation,1,0,1,5484.1,0,0,0,183
10920,dormant_user_reactivation_v1,2025-01-15 00:00:00,product_recommendation,1,0,0,0.0,0,1,0,83
10922,dormant_user_reactivation_v1,2025-01-15 00:00:00,education_content,1,1,0,0.0,1,1,0,62
10924,dormant_user_reactivation_v1,2025-01-15 00:00:00,product_recommendation,1,1,0,0.0,0,0,0,63
10928,dormant_user_reactivation_v1,2025-01-15 00:00:00,education_content,1,0,0,0.0,0,0,0,106
10931,dormant_user_reactivation_v1,2025-01-15 00:00:00,product_recommendation,1,0,0,0.0,0,0,0,185
10934,dormant_user_reactivation_v1,2025-01-15 00:00:00,product_recommendation,1,0,0,0.0,0,0,1,159
10937,dormant_user_reactivation_v1,2025-01-15 00:00:00,education_content,0,0,0,0.0,0,0,0,122
10944,dormant_user_reactivation_v1,2025-01-15 00:00:00,education_content,1,1,0,0.0,0,0,0,232
10945,dormant_user_reactivation_v1,2025-01-15 00:00:00,control,1,0,0,0.0,0,0,0,259
10950,dormant_user_reactivation_v1,2025-01-15 00:00:00,product_recommendation,1,0,0,0.0,0,0,0,98
10951,dormant_user_reactivation_v1,2025-01-15 00:00:00,education_content,1,0,0,0.0,0,0,0,222
10952,dormant_user_reactivation_v1,2025-01-15 00:00:00,product_recommendation,1,0,0,0.0,0,0,0,227
10954,dormant_user_reactivation_v1,2025-01-15 00:00:00,product_recommendation,1,1,1,944.63,0,0,0,255
10957,dormant_user_reactivation_v1,2025-01-15 00:00:00,control,1,0,0,0.0,1,1,0,60
10959,dormant_user_reactivation_v1,2025-01-15 00:00:00,product_recommendation,1,0,0,0.0,1,1,0,56
10960,dormant_user_reactivation_v1,2025-01-15 00:00:00,education_content,1,0,0,0.0,1,0,0,209
10963,dormant_user_reactivation_v1,2025-01-15 00:00:00,control,1,0,0,0.0,0,0,0,312
10964,dormant_user_reactivation_v1,2025-01-15 00:00:00,education_content,1,0,0,0.0,0,1,0,46
10965,dormant_user_reactivation_v1,2025-01-15 00:00:00,control,1,0,0,0.0,0,0,0,147
10966,dormant_user_reactivation_v1,2025-01-15 00:00:00,control,1,0,0,0.0,0,0,0,173
10967,dormant_user_reactivation_v1,2025-01-15 00:00:00,product_recommendation,1,0,0,0.0,0,0,0,299
10968,dormant_user_reactivation_v1,2025-01-15 00:00:00,education_content,1,1,0,0.0,1,0,0,205
10969,dormant_user_reactivation_v1,2025-01-15 00:00:00,education_content,1,0,0,0.0,0,0,0,254
10970,dormant_user_reactivation_v1,2025-01-15 00:00:00,control,1,0,0,0.0,1,2,0,67
10971,dormant_user_reactivation_v1,2025-01-15 00:00:00,control,1,0,0,0.0,0,0,0,95
10974,dormant_user_reactivation_v1,2025-01-15 00:00:00,control,1,0,0,0.0,0,1,0,59
10975,dormant_user_reactivation_v1,2025-01-15 00:00:00,education_content,1,0,0,0.0,0,0,0,210
10976,dormant_user_reactivation_v1,2025-01-15 00:00:00,control,0,0,0,0.0,0,0,0,107
10979,dormant_user_reactivation_v1,2025-01-15 00:00:00,education_content,1,1,0,0.0,0,0,0,144
10980,dormant_user_reactivation_v1,2025-01-15 00:00:00,education_content,1,0,0,0.0,0,0,0,220
10981,dormant_user_reactivation_v1,2025-01-15 00:00:00,education_content,1,0,0,0.0,0,0,0,94
10984,dormant_user_reactivation_v1,2025-01-15 00:00:00,control,1,0,0,0.0,0,0,0,308
10985,dormant_user_reactivation_v1,2025-01-15 00:00:00,product_recommendation,1,1,0,0.0,0,0,0,111
10986,dormant_user_reactivation_v1,2025-01-15 00:00:00,product_recommendation,1,1,0,0.0,1,0,0,192
10988,dormant_user_reactivation_v1,2025-01-15 00:00:00,education_content,1,0,1,2845.23,1,0,0,169
10992,dormant_user_reactivation_v1,2025-01-15 00:00:00,education_content,1,0,1,5276.32,0,0,0,166
10993,dormant_user_reactivation_v1,2025-01-15 00:00:00,control,1,0,0,0.0,0,0,0,260
10998,dormant_user_reactivation_v1,2025-01-15 00:00:00,control,1,0,0,0.0,0,0,0,236
10999,dormant_user_reactivation_v1,2025-01-15 00:00:00,education_content,1,0,0,0.0,0,0,0,191
11000,dormant_user_reactivation_v1,2025-01-15 00:00:00,product_recommendation,1,0,0,0.0,0,0,0,241
11001,dormant_user_reactivation_v1,2025-01-15 00:00:00,control,1,0,0,0.0,0,3,1,47
11002,dormant_user_reactivation_v1,2025-01-15 00:00:00,education_content,1,0,0,0.0,0,0,0,246
11005,dormant_user_reactivation_v1,2025-01-15 00:00:00,education_content,1,1,0,0.0,0,0,0,106
11006,dormant_user_reactivation_v1,2025-01-15 00:00:00,product_recommendation,1,0,0,0.0,0,0,0,282
11007,dormant_user_reactivation_v1,2025-01-15 00:00:00,control,1,0,0,0.0,0,0,0,231
11008,dormant_user_reactivation_v1,2025-01-15 00:00:00,product_recommendation,1,0,0,0.0,0,0,0,106
11012,dormant_user_reactivation_v1,2025-01-15 00:00:00,product_recommendation,1,0,0,0.0,0,0,0,128
11014,dormant_user_reactivation_v1,2025-01-15 00:00:00,control,1,0,0,0.0,1,0,0,112
11017,dormant_user_reactivation_v1,2025-01-15 00:00:00,product_recommendation,1,1,0,0.0,1,0,0,215
11018,dormant_user_reactivation_v1,2025-01-15 00:00:00,education_content,1,0,0,0.0,0,0,0,231
11019,dormant_user_reactivation_v1,2025-01-15 00:00:00,education_content,1,0,0,0.0,0,0,0,169
11021,dormant_user_reactivation_v1,2025-01-15 00:00:00,control,1,1,0,0.0,0,1,0,54
11026,dormant_user_reactivation_v1,2025-01-15 00:00:00,product_recommendation,1,0,0,0.0,1,1,0,49
11027,dormant_user_reactivation_v1,2025-01-15 00:00:00,control,1,0,0,0.0,1,0,0,238
11028,dormant_user_reactivation_v1,2025-01-15 00:00:00,control,1,0,0,0.0,0,0,0,225
11035,dormant_user_reactivation_v1,2025-01-15 00:00:00,control,1,0,0,0.0,0,0,0,105
11037,dormant_user_reactivation_v1,2025-01-15 00:00:00,education_content,1,0,0,0.0,0,1,0,66
11038,dormant_user_reactivation_v1,2025-01-15 00:00:00,product_recommendation,1,0,0,0.0,1,0,0,72
11039,dormant_user_reactivation_v1,2025-01-15 00:00:00,product_recommendation,1,0,0,0.0,0,0,0,211
11040,dormant_user_reactivation_v1,2025-01-15 00:00:00,control,1,0,0,0.0,0,1,0,48
11041,dormant_user_reactivation_v1,2025-01-15 00:00:00,control,1,0,0,0.0,0,0,0,90
11044,dormant_user_reactivation_v1,2025-01-15 00:00:00,education_content,0,0,0,0.0,0,3,0,48
11045,dormant_user_reactivation_v1,2025-01-15 00:00:00,control,1,0,0,0.0,1,0,0,96
11046,dormant_user_reactivation_v1,2025-01-15 00:00:00,product_recommendation,1,0,0,0.0,0,0,0,102
11049,dormant_user_reactivation_v1,2025-01-15 00:00:00,education_content,1,1,0,0.0,0,0,0,156
11050,dormant_user_reactivation_v1,2025-01-15 00:00:00,product_recommendation,1,0,0,0.0,1,0,0,151
11051,dormant_user_reactivation_v1,2025-01-15 00:00:00,education_content,1,0,0,0.0,0,1,0,60
11052,dormant_user_reactivation_v1,2025-01-15 00:00:00,education_content,1,0,0,0.0,0,0,0,138
11053,dormant_user_reactivation_v1,2025-01-15 00:00:00,product_recommendation,1,0,0,0.0,0,0,0,350
11054,dormant_user_reactivation_v1,2025-01-15 00:00:00,control,1,0,0,0.0,0,1,0,83
11056,dormant_user_reactivation_v1,2025-01-15 00:00:00,product_recommendation,1,0,0,0.0,1,0,0,147
11058,dormant_user_reactivation_v1,2025-01-15 00:00:00,product_recommendation,1,0,0,0.0,1,0,0,136
11062,dormant_user_reactivation_v1,2025-01-15 00:00:00,product_recommendation,1,0,0,0.0,0,0,0,101
11065,dormant_user_reactivation_v1,2025-01-15 00:00:00,control,1,0,0,0.0,0,0,0,346
11066,dormant_user_reactivation_v1,2025-01-15 00:00:00,education_content,1,0,0,0.0,1,0,0,149
11068,dormant_user_reactivation_v1,2025-01-15 00:00:00,education_content,1,0,0,0.0,1,1,0,57
11070,dormant_user_reactivation_v1,2025-01-15 00:00:00,control,1,0,0,0.0,0,0,0,108
11072,dormant_user_reactivation_v1,2025-01-15 00:00:00,product_recommendation,1,0,0,0.0,0,0,0,234
11073,dormant_user_reactivation_v1,2025-01-15 00:00:00,product_recommendation,1,0,0,0.0,0,0,0,192
11076,dormant_user_reactivation_v1,2025-01-15 00:00:00,product_recommendation,1,0,1,4575.18,0,0,0,141
11078,dormant_user_reactivation_v1,2025-01-15 00:00:00,product_recommendation,1,1,0,0.0,1,0,0,117
11079,dormant_user_reactivation_v1,2025-01-15 00:00:00,education_content,1,0,0,0.0,1,0,0,336
11085,dormant_user_reactivation_v1,2025-01-15 00:00:00,control,1,0,0,0.0,0,0,0,137
11089,dormant_user_reactivation_v1,2025-01-15 00:00:00,control,1,0,0,0.0,0,1,0,78
11090,dormant_user_reactivation_v1,2025-01-15 00:00:00,control,1,0,0,0.0,1,0,0,276
11092,dormant_user_reactivation_v1,2025-01-15 00:00:00,control,1,0,0,0.0,1,0,0,179
11093,dormant_user_reactivation_v1,2025-01-15 00:00:00,education_content,1,0,0,0.0,0,0,0,239
11096,dormant_user_reactivation_v1,2025-01-15 00:00:00,education_content,1,0,0,0.0,0,0,0,242
11097,dormant_user_reactivation_v1,2025-01-15 00:00:00,control,1,0,0,0.0,0,0,0,125
11099,dormant_user_reactivation_v1,2025-01-15 00:00:00,product_recommendation,1,0,0,0.0,0,0,0,145
11101,dormant_user_reactivation_v1,2025-01-15 00:00:00,product_recommendation,1,0,0,0.0,0,0,0,244
11102,dormant_user_reactivation_v1,2025-01-15 00:00:00,education_content,1,0,0,0.0,0,0,0,172
11103,dormant_user_reactivation_v1,2025-01-15 00:00:00,product_recommendation,1,0,0,0.0,0,0,0,101
11108,dormant_user_reactivation_v1,2025-01-15 00:00:00,control,1,0,0,0.0,0,2,0,48
11110,dormant_user_reactivation_v1,2025-01-15 00:00:00,product_recommendation,1,0,1,500.77,0,0,0,325
11111,dormant_user_reactivation_v1,2025-01-15 00:00:00,education_content,1,1,0,0.0,0,0,0,127
11113,dormant_user_reactivation_v1,2025-01-15 00:00:00,control,1,0,0,0.0,0,0,0,126
11114,dormant_user_reactivation_v1,2025-01-15 00:00:00,product_recommendation,1,0,0,0.0,1,0,0,249
11116,dormant_user_reactivation_v1,2025-01-15 00:00:00,education_content,1,0,0,0.0,0,0,0,87
11119,dormant_user_reactivation_v1,2025-01-15 00:00:00,control,1,0,0,0.0,0,0,0,195
11120,dormant_user_reactivation_v1,2025-01-15 00:00:00,control,1,0,0,0.0,0,0,0,100
11121,dormant_user_reactivation_v1,2025-01-15 00:00:00,education_content,1,0,0,0.0,0,0,0,287
11122,dormant_user_reactivation_v1,2025-01-15 00:00:00,product_recommendation,1,0,0,0.0,0,0,0,141
11123,dormant_user_reactivation_v1,2025-01-15 00:00:00,education_content,1,0,0,0.0,0,0,0,156
11124,dormant_user_reactivation_v1,2025-01-15 00:00:00,control,1,0,0,0.0,0,0,0,133
11125,dormant_user_reactivation_v1,2025-01-15 00:00:00,control,0,0,0,0.0,0,1,1,84
11127,dormant_user_reactivation_v1,2025-01-15 00:00:00,control,1,0,0,0.0,0,0,0,220
11133,dormant_user_reactivation_v1,2025-01-15 00:00:00,education_content,1,0,0,0.0,1,0,0,264
11134,dormant_user_reactivation_v1,2025-01-15 00:00:00,education_content,1,0,0,0.0,0,0,0,257
11136,dormant_user_reactivation_v1,2025-01-15 00:00:00,product_recommendation,1,0,0,0.0,0,0,0,132
11146,dormant_user_reactivation_v1,2025-01-15 00:00:00,control,1,0,0,0.0,0,1,0,87
11148,dormant_user_reactivation_v1,2025-01-15 00:00:00,education_content,1,0,0,0.0,0,0,0,108
11150,dormant_user_reactivation_v1,2025-01-15 00:00:00,control,1,0,0,0.0,0,1,0,55
11155,dormant_user_reactivation_v1,2025-01-15 00:00:00,education_content,1,0,0,0.0,0,0,0,107
11171,dormant_user_reactivation_v1,2025-01-15 00:00:00,education_content,1,1,0,0.0,0,0,0,200
11172,dormant_user_reactivation_v1,2025-01-15 00:00:00,control,1,0,0,0.0,0,1,0,67
11174,dormant_user_reactivation_v1,2025-01-15 00:00:00,education_content,1,0,0,0.0,0,0,0,241
11175,dormant_user_reactivation_v1,2025-01-15 00:00:00,control,1,0,0,0.0,0,3,0,67
11178,dormant_user_reactivation_v1,2025-01-15 00:00:00,control,1,0,1,12690.36,0,0,0,66
11179,dormant_user_reactivation_v1,2025-01-15 00:00:00,education_content,1,1,0,0.0,1,0,0,142
11181,dormant_user_reactivation_v1,2025-01-15 00:00:00,education_content,1,0,0,0.0,0,0,0,117
11182,dormant_user_reactivation_v1,2025-01-15 00:00:00,control,1,0,0,0.0,0,0,0,343
11183,dormant_user_reactivation_v1,2025-01-15 00:00:00,product_recommendation,0,0,0,0.0,0,0,0,234
11184,dormant_user_reactivation_v1,2025-01-15 00:00:00,education_content,1,0,0,0.0,0,0,0,237
11186,dormant_user_reactivation_v1,2025-01-15 00:00:00,control,1,0,0,0.0,0,0,0,86
11189,dormant_user_reactivation_v1,2025-01-15 00:00:00,control,1,0,0,0.0,1,1,0,73
11192,dormant_user_reactivation_v1,2025-01-15 00:00:00,education_content,1,0,0,0.0,0,0,0,114
11193,dormant_user_reactivation_v1,2025-01-15 00:00:00,education_content,1,0,0,0.0,0,0,0,244
11194,dormant_user_reactivation_v1,2025-01-15 00:00:00,education_content,1,0,0,0.0,0,0,0,231
11195,dormant_user_reactivation_v1,2025-01-15 00:00:00,control,1,0,0,0.0,0,1,0,67
11196,dormant_user_reactivation_v1,2025-01-15 00:00:00,education_content,1,0,0,0.0,0,0,0,304
11197,dormant_user_reactivation_v1,2025-01-15 00:00:00,control,1,0,0,0.0,0,2,0,86
11199,dormant_user_reactivation_v1,2025-01-15 00:00:00,education_content,1,0,0,0.0,0,0,0,108
11200,dormant_user_reactivation_v1,2025-01-15 00:00:00,product_recommendation,1,0,0,0.0,0,0,0,218
11202,dormant_user_reactivation_v1,2025-01-15 00:00:00,control,1,0,0,0.0,0,2,0,51
11203,dormant_user_reactivation_v1,2025-01-15 00:00:00,product_recommendation,1,0,0,0.0,0,0,0,144
11204,dormant_user_reactivation_v1,2025-01-15 00:00:00,control,1,0,0,0.0,0,0,0,348
11207,dormant_user_reactivation_v1,2025-01-15 00:00:00,control,1,0,0,0.0,0,0,0,139
11210,dormant_user_reactivation_v1,2025-01-15 00:00:00,product_recommendation,1,0,0,0.0,0,1,0,73
11211,dormant_user_reactivation_v1,2025-01-15 00:00:00,education_content,0,0,0,0.0,1,0,0,367
11212,dormant_user_reactivation_v1,2025-01-15 00:00:00,education_content,1,0,0,0.0,0,1,0,76
11213,dormant_user_reactivation_v1,2025-01-15 00:00:00,education_content,1,1,1,7439.36,0,0,0,95
11217,dormant_user_reactivation_v1,2025-01-15 00:00:00,control,1,0,0,0.0,0,4,2,72
11218,dormant_user_reactivation_v1,2025-01-15 00:00:00,education_content,1,0,1,13248.43,1,0,0,216
11221,dormant_user_reactivation_v1,2025-01-15 00:00:00,control,1,0,0,0.0,0,0,0,225
11226,dormant_user_reactivation_v1,2025-01-15 00:00:00,education_content,1,0,0,0.0,0,0,0,118
11229,dormant_user_reactivation_v1,2025-01-15 00:00:00,product_recommendation,0,0,0,0.0,0,0,0,127
11230,dormant_user_reactivation_v1,2025-01-15 00:00:00,control,1,0,0,0.0,0,1,0,72
11232,dormant_user_reactivation_v1,2025-01-15 00:00:00,control,1,0,0,0.0,0,0,0,141
11234,dormant_user_reactivation_v1,2025-01-15 00:00:00,education_content,1,0,0,0.0,0,0,0,209
11235,dormant_user_reactivation_v1,2025-01-15 00:00:00,product_recommendation,1,0,0,0.0,0,0,0,229
11238,dormant_user_reactivation_v1,2025-01-15 00:00:00,product_recommendation,1,0,0,0.0,0,0,0,256
11241,dormant_user_reactivation_v1,2025-01-15 00:00:00,education_content,1,0,1,1255.91,0,0,0,100
11245,dormant_user_reactivation_v1,2025-01-15 00:00:00,education_content,1,0,0,0.0,1,0,0,245
11250,dormant_user_reactivation_v1,2025-01-15 00:00:00,education_content,0,0,0,0.0,0,0,0,86
11253,dormant_user_reactivation_v1,2025-01-15 00:00:00,education_content,1,0,0,0.0,0,1,0,51
11255,dormant_user_reactivation_v1,2025-01-15 00:00:00,control,1,0,0,0.0,0,0,0,310
11258,dormant_user_reactivation_v1,2025-01-15 00:00:00,education_content,1,1,0,0.0,0,0,0,149
11259,dormant_user_reactivation_v1,2025-01-15 00:00:00,education_content,1,0,0,0.0,0,1,0,63
11260,dormant_user_reactivation_v1,2025-01-15 00:00:00,product_recommendation,1,0,0,0.0,0,0,0,262
11263,dormant_user_reactivation_v1,2025-01-15 00:00:00,control,1,0,1,4111.69,0,2,0,48
11265,dormant_user_reactivation_v1,2025-01-15 00:00:00,control,1,0,0,0.0,0,1,0,74
11267,dormant_user_reactivation_v1,2025-01-15 00:00:00,control,1,0,0,0.0,0,0,0,220
11269,dormant_user_reactivation_v1,2025-01-15 00:00:00,control,1,0,0,0.0,0,0,0,175
11271,dormant_user_reactivation_v1,2025-01-15 00:00:00,education_content,1,0,0,0.0,0,0,0,187
11273,dormant_user_reactivation_v1,2025-01-15 00:00:00,product_recommendation,1,1,0,0.0,0,1,0,73
11275,dormant_user_reactivation_v1,2025-01-15 00:00:00,education_content,1,0,0,0.0,0,0,0,332
11277,dormant_user_reactivation_v1,2025-01-15 00:00:00,product_recommendation,1,0,1,2655.02,1,0,0,192
11280,dormant_user_reactivation_v1,2025-01-15 00:00:00,product_recommendation,1,0,0,0.0,0,0,0,221
11281,dormant_user_reactivation_v1,2025-01-15 00:00:00,education_content,1,0,0,0.0,0,1,0,74
11286,dormant_user_reactivation_v1,2025-01-15 00:00:00,control,0,0,0,0.0,0,0,0,242
11289,dormant_user_reactivation_v1,2025-01-15 00:00:00,product_recommendation,1,0,0,0.0,1,0,0,117
11291,dormant_user_reactivation_v1,2025-01-15 00:00:00,control,1,0,0,0.0,0,1,0,64
11292,dormant_user_reactivation_v1,2025-01-15 00:00:00,education_content,1,0,0,0.0,0,0,0,173
11295,dormant_user_reactivation_v1,2025-01-15 00:00:00,education_content,1,0,0,0.0,0,0,0,300
11297,dormant_user_reactivation_v1,2025-01-15 00:00:00,control,1,0,0,0.0,0,0,0,145
11301,dormant_user_reactivation_v1,2025-01-15 00:00:00,product_recommendation,1,0,0,0.0,0,0,0,91
11304,dormant_user_reactivation_v1,2025-01-15 00:00:00,control,1,0,0,0.0,0,0,0,138
11306,dormant_user_reactivation_v1,2025-01-15 00:00:00,education_content,1,0,0,0.0,0,2,0,50
11307,dormant_user_reactivation_v1,2025-01-15 00:00:00,product_recommendation,1,0,1,4014.33,1,0,0,359
11308,dormant_user_reactivation_v1,2025-01-15 00:00:00,control,1,0,0,0.0,0,1,0,61
11309,dormant_user_reactivation_v1,2025-01-15 00:00:00,control,1,0,0,0.0,0,0,0,102
11310,dormant_user_reactivation_v1,2025-01-15 00:00:00,education_content,0,0,0,0.0,0,0,0,172
11314,dormant_user_reactivation_v1,2025-01-15 00:00:00,control,1,0,0,0.0,0,1,0,66
11315,dormant_user_reactivation_v1,2025-01-15 00:00:00,education_content,1,1,0,0.0,0,0,0,219
11316,dormant_user_reactivation_v1,2025-01-15 00:00:00,education_content,1,0,0,0.0,1,1,0,88
11319,dormant_user_reactivation_v1,2025-01-15 00:00:00,education_content,1,0,0,0.0,0,0,0,83
11321,dormant_user_reactivation_v1,2025-01-15 00:00:00,education_content,1,0,0,0.0,1,1,0,53
11322,dormant_user_reactivation_v1,2025-01-15 00:00:00,control,1,0,0,0.0,1,0,0,332
11323,dormant_user_reactivation_v1,2025-01-15 00:00:00,education_content,1,1,0,0.0,1,0,0,212
11325,dormant_user_reactivation_v1,2025-01-15 00:00:00,control,1,0,0,0.0,0,0,0,94
11326,dormant_user_reactivation_v1,2025-01-15 00:00:00,product_recommendation,1,0,0,0.0,0,0,0,275
11332,dormant_user_reactivation_v1,2025-01-15 00:00:00,product_recommendation,1,0,0,0.0,0,0,0,175
11333,dormant_user_reactivation_v1,2025-01-15 00:00:00,education_content,1,0,0,0.0,0,0,0,139
11335,dormant_user_reactivation_v1,2025-01-15 00:00:00,education_content,1,0,0,0.0,0,0,0,258
11341,dormant_user_reactivation_v1,2025-01-15 00:00:00,education_content,1,0,0,0.0,0,0,0,220
11345,dormant_user_reactivation_v1,2025-01-15 00:00:00,education_content,1,0,0,0.0,0,0,0,155
11349,dormant_user_reactivation_v1,2025-01-15 00:00:00,education_content,1,0,0,0.0,1,0,0,235
11351,dormant_user_reactivation_v1,2025-01-15 00:00:00,product_recommendation,1,0,0,0.0,0,0,0,279
11352,dormant_user_reactivation_v1,2025-01-15 00:00:00,product_recommendation,1,1,0,0.0,0,1,0,81
11353,dormant_user_reactivation_v1,2025-01-15 00:00:00,control,1,0,0,0.0,0,0,0,122
11354,dormant_user_reactivation_v1,2025-01-15 00:00:00,control,1,0,0,0.0,0,0,0,300
11358,dormant_user_reactivation_v1,2025-01-15 00:00:00,control,1,0,0,0.0,0,0,0,316
11361,dormant_user_reactivation_v1,2025-01-15 00:00:00,product_recommendation,1,0,0,0.0,0,2,0,67
11366,dormant_user_reactivation_v1,2025-01-15 00:00:00,control,1,0,0,0.0,0,0,0,309
11368,dormant_user_reactivation_v1,2025-01-15 00:00:00,control,1,0,0,0.0,0,2,0,49
11369,dormant_user_reactivation_v1,2025-01-15 00:00:00,education_content,1,0,0,0.0,1,0,0,255
11370,dormant_user_reactivation_v1,2025-01-15 00:00:00,control,1,0,0,0.0,0,0,0,147
11373,dormant_user_reactivation_v1,2025-01-15 00:00:00,product_recommendation,1,0,0,0.0,1,1,0,66
11374,dormant_user_reactivation_v1,2025-01-15 00:00:00,education_content,1,0,0,0.0,0,0,0,105
11376,dormant_user_reactivation_v1,2025-01-15 00:00:00,product_recommendation,1,1,0,0.0,0,0,0,113
11377,dormant_user_reactivation_v1,2025-01-15 00:00:00,product_recommendation,1,0,0,0.0,1,0,0,124
11379,dormant_user_reactivation_v1,2025-01-15 00:00:00,control,1,0,0,0.0,0,1,0,64
11380,dormant_user_reactivation_v1,2025-01-15 00:00:00,product_recommendation,1,1,0,0.0,0,2,0,55
11381,dormant_user_reactivation_v1,2025-01-15 00:00:00,control,1,0,0,0.0,0,0,0,271
11382,dormant_user_reactivation_v1,2025-01-15 00:00:00,product_recommendation,1,0,0,0.0,0,0,0,150
11385,dormant_user_reactivation_v1,2025-01-15 00:00:00,product_recommendation,1,0,0,0.0,1,0,0,166
11390,dormant_user_reactivation_v1,2025-01-15 00:00:00,education_content,1,0,0,0.0,0,0,0,241
11391,dormant_user_reactivation_v1,2025-01-15 00:00:00,control,1,0,0,0.0,0,0,0,231
11392,dormant_user_reactivation_v1,2025-01-15 00:00:00,control,1,0,0,0.0,0,0,0,113
11393,dormant_user_reactivation_v1,2025-01-15 00:00:00,control,1,0,0,0.0,0,0,0,230
11395,dormant_user_reactivation_v1,2025-01-15 00:00:00,product_recommendation,1,0,0,0.0,0,0,0,293
11396,dormant_user_reactivation_v1,2025-01-15 00:00:00,control,1,0,0,0.0,0,1,0,84
11397,dormant_user_reactivation_v1,2025-01-15 00:00:00,product_recommendation,1,0,0,0.0,0,0,0,201
11398,dormant_user_reactivation_v1,2025-01-15 00:00:00,product_recommendation,1,0,0,0.0,0,0,0,297
11400,dormant_user_reactivation_v1,2025-01-15 00:00:00,education_content,1,0,0,0.0,0,0,0,147
11401,dormant_user_reactivation_v1,2025-01-15 00:00:00,control,1,0,0,0.0,1,1,0,88
11405,dormant_user_reactivation_v1,2025-01-15 00:00:00,education_content,1,0,0,0.0,1,0,0,147
11409,dormant_user_reactivation_v1,2025-01-15 00:00:00,product_recommendation,1,0,0,0.0,1,0,0,363
11410,dormant_user_reactivation_v1,2025-01-15 00:00:00,product_recommendation,1,0,0,0.0,0,0,0,269
11411,dormant_user_reactivation_v1,2025-01-15 00:00:00,product_recommendation,1,0,1,4927.08,0,0,0,105
11415,dormant_user_reactivation_v1,2025-01-15 00:00:00,product_recommendation,1,0,0,0.0,0,0,0,197
11417,dormant_user_reactivation_v1,2025-01-15 00:00:00,control,1,0,0,0.0,0,0,0,305
11418,dormant_user_reactivation_v1,2025-01-15 00:00:00,education_content,1,0,0,0.0,0,1,0,82
11422,dormant_user_reactivation_v1,2025-01-15 00:00:00,control,1,0,0,0.0,0,0,0,173
11425,dormant_user_reactivation_v1,2025-01-15 00:00:00,control,1,0,0,0.0,0,2,0,53
11426,dormant_user_reactivation_v1,2025-01-15 00:00:00,control,1,0,1,1340.18,1,0,0,192
11427,dormant_user_reactivation_v1,2025-01-15 00:00:00,education_content,1,0,0,0.0,0,0,0,337
11428,dormant_user_reactivation_v1,2025-01-15 00:00:00,control,1,0,0,0.0,1,0,0,222
11429,dormant_user_reactivation_v1,2025-01-15 00:00:00,product_recommendation,1,0,0,0.0,1,0,0,328
11430,dormant_user_reactivation_v1,2025-01-15 00:00:00,product_recommendation,1,0,0,0.0,0,0,0,339
11434,dormant_user_reactivation_v1,2025-01-15 00:00:00,education_content,1,0,0,0.0,0,0,0,114
11435,dormant_user_reactivation_v1,2025-01-15 00:00:00,product_recommendation,1,0,0,0.0,0,0,0,94
11437,dormant_user_reactivation_v1,2025-01-15 00:00:00,education_content,1,0,0,0.0,1,0,0,121
11440,dormant_user_reactivation_v1,2025-01-15 00:00:00,product_recommendation,1,1,0,0.0,0,0,0,107
11441,dormant_user_reactivation_v1,2025-01-15 00:00:00,control,1,0,0,0.0,0,0,0,121
11444,dormant_user_reactivation_v1,2025-01-15 00:00:00,product_recommendation,1,0,0,0.0,1,0,0,209
11446,dormant_user_reactivation_v1,2025-01-15 00:00:00,education_content,1,0,0,0.0,0,1,0,83
11447,dormant_user_reactivation_v1,2025-01-15 00:00:00,control,1,0,0,0.0,0,0,0,324
11451,dormant_user_reactivation_v1,2025-01-15 00:00:00,education_content,1,0,0,0.0,0,0,0,237
11452,dormant_user_reactivation_v1,2025-01-15 00:00:00,product_recommendation,1,0,0,0.0,0,0,0,165
11454,dormant_user_reactivation_v1,2025-01-15 00:00:00,education_content,1,0,0,0.0,0,0,0,113
11456,dormant_user_reactivation_v1,2025-01-15 00:00:00,education_content,1,0,0,0.0,1,1,0,56
11457,dormant_user_reactivation_v1,2025-01-15 00:00:00,control,1,0,0,0.0,0,0,0,252
11462,dormant_user_reactivation_v1,2025-01-15 00:00:00,education_content,1,0,0,0.0,0,0,0,125
11463,dormant_user_reactivation_v1,2025-01-15 00:00:00,product_recommendation,1,0,0,0.0,0,0,0,260
11464,dormant_user_reactivation_v1,2025-01-15 00:00:00,product_recommendation,1,0,0,0.0,0,0,0,149
11465,dormant_user_reactivation_v1,2025-01-15 00:00:00,control,1,0,0,0.0,0,0,0,89
11466,dormant_user_reactivation_v1,2025-01-15 00:00:00,education_content,1,0,0,0.0,0,1,0,51
11468,dormant_user_reactivation_v1,2025-01-15 00:00:00,education_content,1,0,0,0.0,0,0,0,234
11469,dormant_user_reactivation_v1,2025-01-15 00:00:00,control,0,0,0,0.0,0,0,0,339
11470,dormant_user_reactivation_v1,2025-01-15 00:00:00,education_content,1,0,0,0.0,0,0,0,181
11475,dormant_user_reactivation_v1,2025-01-15 00:00:00,control,0,0,0,0.0,0,1,0,64
11477,dormant_user_reactivation_v1,2025-01-15 00:00:00,product_recommendation,1,1,0,0.0,0,0,0,167
11478,dormant_user_reactivation_v1,2025-01-15 00:00:00,control,1,0,0,0.0,0,0,0,94
11486,dormant_user_reactivation_v1,2025-01-15 00:00:00,education_content,1,0,0,0.0,1,0,0,309
11487,dormant_user_reactivation_v1,2025-01-15 00:00:00,control,1,0,0,0.0,0,0,0,166
11489,dormant_user_reactivation_v1,2025-01-15 00:00:00,control,1,0,0,0.0,0,3,0,45
11490,dormant_user_reactivation_v1,2025-01-15 00:00:00,product_recommendation,1,0,0,0.0,0,0,0,104
11491,dormant_user_reactivation_v1,2025-01-15 00:00:00,product_recommendation,1,0,0,0.0,1,0,0,161
11493,dormant_user_reactivation_v1,2025-01-15 00:00:00,product_recommendation,1,1,0,0.0,0,3,1,61
11495,dormant_user_reactivation_v1,2025-01-15 00:00:00,control,1,0,0,0.0,0,0,0,70
11496,dormant_user_reactivation_v1,2025-01-15 00:00:00,control,1,0,0,0.0,0,0,0,241
11497,dormant_user_reactivation_v1,2025-01-15 00:00:00,product_recommendation,1,0,0,0.0,0,2,0,63
11501,dormant_user_reactivation_v1,2025-01-15 00:00:00,product_recommendation,1,0,1,4047.93,1,0,0,102
11505,dormant_user_reactivation_v1,2025-01-15 00:00:00,education_content,1,0,0,0.0,0,0,0,125
11506,dormant_user_reactivation_v1,2025-01-15 00:00:00,product_recommendation,1,0,1,2526.03,0,0,0,92
11507,dormant_user_reactivation_v1,2025-01-15 00:00:00,education_content,1,0,0,0.0,0,0,0,139
11509,dormant_user_reactivation_v1,2025-01-15 00:00:00,product_recommendation,1,0,0,0.0,0,0,0,129
11514,dormant_user_reactivation_v1,2025-01-15 00:00:00,control,0,0,0,0.0,0,0,0,95
11515,dormant_user_reactivation_v1,2025-01-15 00:00:00,control,1,0,0,0.0,0,1,0,74
11516,dormant_user_reactivation_v1,2025-01-15 00:00:00,education_content,1,1,1,5827.64,1,1,0,57
11531,dormant_user_reactivation_v1,2025-01-15 00:00:00,control,1,0,0,0.0,0,4,0,68
11533,dormant_user_reactivation_v1,2025-01-15 00:00:00,control,1,0,0,0.0,0,0,0,180
11534,dormant_user_reactivation_v1,2025-01-15 00:00:00,control,1,0,0,0.0,0,0,0,283
11541,dormant_user_reactivation_v1,2025-01-15 00:00:00,product_recommendation,1,0,0,0.0,0,0,0,131
11542,dormant_user_reactivation_v1,2025-01-15 00:00:00,control,0,0,0,0.0,0,0,0,204
11544,dormant_user_reactivation_v1,2025-01-15 00:00:00,control,1,0,0,0.0,0,0,0,177
11545,dormant_user_reactivation_v1,2025-01-15 00:00:00,education_content,1,0,0,0.0,0,0,0,312
11546,dormant_user_reactivation_v1,2025-01-15 00:00:00,product_recommendation,1,0,0,0.0,0,0,0,144
11548,dormant_user_reactivation_v1,2025-01-15 00:00:00,control,1,0,0,0.0,1,1,0,49
11552,dormant_user_reactivation_v1,2025-01-15 00:00:00,education_content,1,0,0,0.0,0,0,0,201
11554,dormant_user_reactivation_v1,2025-01-15 00:00:00,product_recommendation,1,0,0,0.0,0,0,0,103
11559,dormant_user_reactivation_v1,2025-01-15 00:00:00,education_content,1,0,0,0.0,0,1,0,73
11560,dormant_user_reactivation_v1,2025-01-15 00:00:00,education_content,1,0,0,0.0,0,0,0,294
11562,dormant_user_reactivation_v1,2025-01-15 00:00:00,product_recommendation,1,1,0,0.0,0,0,0,115
11568,dormant_user_reactivation_v1,2025-01-15 00:00:00,education_content,1,1,0,0.0,0,1,0,82
11571,dormant_user_reactivation_v1,2025-01-15 00:00:00,product_recommendation,1,0,0,0.0,0,0,0,306
11578,dormant_user_reactivation_v1,2025-01-15 00:00:00,product_recommendation,1,0,0,0.0,0,0,0,273
11580,dormant_user_reactivation_v1,2025-01-15 00:00:00,product_recommendation,1,0,0,0.0,0,0,0,184
11581,dormant_user_reactivation_v1,2025-01-15 00:00:00,control,1,0,0,0.0,0,0,0,127
11583,dormant_user_reactivation_v1,2025-01-15 00:00:00,product_recommendation,0,0,0,0.0,0,0,0,200
11585,dormant_user_reactivation_v1,2025-01-15 00:00:00,education_content,1,0,0,0.0,0,2,0,64
11587,dormant_user_reactivation_v1,2025-01-15 00:00:00,education_content,1,0,0,0.0,1,0,0,114
11590,dormant_user_reactivation_v1,2025-01-15 00:00:00,product_recommendation,1,1,0,0.0,0,0,0,139
11591,dormant_user_reactivation_v1,2025-01-15 00:00:00,product_recommendation,1,0,0,0.0,0,0,0,181
11594,dormant_user_reactivation_v1,2025-01-15 00:00:00,control,1,0,0,0.0,0,2,0,47
11599,dormant_user_reactivation_v1,2025-01-15 00:00:00,product_recommendation,1,0,0,0.0,0,1,0,45
11600,dormant_user_reactivation_v1,2025-01-15 00:00:00,education_content,1,1,0,0.0,0,0,0,186
11601,dormant_user_reactivation_v1,2025-01-15 00:00:00,control,1,0,0,0.0,0,0,0,92
11602,dormant_user_reactivation_v1,2025-01-15 00:00:00,control,1,0,0,0.0,0,1,0,81
11603,dormant_user_reactivation_v1,2025-01-15 00:00:00,product_recommendation,1,0,0,0.0,0,0,0,94
11604,dormant_user_reactivation_v1,2025-01-15 00:00:00,education_content,1,1,0,0.0,0,2,0,60
11605,dormant_user_reactivation_v1,2025-01-15 00:00:00,education_content,1,1,0,0.0,0,0,0,129
11607,dormant_user_reactivation_v1,2025-01-15 00:00:00,control,1,0,0,0.0,0,1,0,54
11611,dormant_user_reactivation_v1,2025-01-15 00:00:00,education_content,1,0,0,0.0,0,1,0,69
11612,dormant_user_reactivation_v1,2025-01-15 00:00:00,education_content,1,0,0,0.0,0,0,0,72
11616,dormant_user_reactivation_v1,2025-01-15 00:00:00,control,1,0,0,0.0,1,0,0,199
11619,dormant_user_reactivation_v1,2025-01-15 00:00:00,control,1,0,0,0.0,0,1,0,51
11620,dormant_user_reactivation_v1,2025-01-15 00:00:00,control,1,0,0,0.0,0,0,0,151
11623,dormant_user_reactivation_v1,2025-01-15 00:00:00,education_content,1,0,0,0.0,0,0,0,164
11624,dormant_user_reactivation_v1,2025-01-15 00:00:00,product_recommendation,1,0,0,0.0,1,0,0,142
11625,dormant_user_reactivation_v1,2025-01-15 00:00:00,education_content,1,0,0,0.0,0,0,0,205
11627,dormant_user_reactivation_v1,2025-01-15 00:00:00,product_recommendation,1,0,0,0.0,0,0,0,142
11631,dormant_user_reactivation_v1,2025-01-15 00:00:00,product_recommendation,1,0,0,0.0,1,0,0,118
11632,dormant_user_reactivation_v1,2025-01-15 00:00:00,education_content,1,0,0,0.0,0,1,0,56
11633,dormant_user_reactivation_v1,2025-01-15 00:00:00,control,1,0,0,0.0,1,0,0,116
11638,dormant_user_reactivation_v1,2025-01-15 00:00:00,control,1,0,0,0.0,0,0,0,264
11639,dormant_user_reactivation_v1,2025-01-15 00:00:00,product_recommendation,1,1,0,0.0,0,1,0,69
11640,dormant_user_reactivation_v1,2025-01-15 00:00:00,education_content,1,0,0,0.0,0,2,1,67
11645,dormant_user_reactivation_v1,2025-01-15 00:00:00,product_recommendation,1,0,0,0.0,0,0,0,128
11646,dormant_user_reactivation_v1,2025-01-15 00:00:00,control,1,0,0,0.0,0,0,0,330
11647,dormant_user_reactivation_v1,2025-01-15 00:00:00,product_recommendation,1,0,0,0.0,0,0,0,155
11648,dormant_user_reactivation_v1,2025-01-15 00:00:00,education_content,1,0,0,0.0,0,0,0,106
11649,dormant_user_reactivation_v1,2025-01-15 00:00:00,education_content,1,1,0,0.0,0,0,0,126
11650,dormant_user_reactivation_v1,2025-01-15 00:00:00,product_recommendation,1,1,0,0.0,0,1,0,59
11651,dormant_user_reactivation_v1,2025-01-15 00:00:00,education_content,1,0,0,0.0,0,0,0,147
11654,dormant_user_reactivation_v1,2025-01-15 00:00:00,control,1,0,0,0.0,0,0,0,129
11658,dormant_user_reactivation_v1,2025-01-15 00:00:00,product_recommendation,1,0,0,0.0,0,0,0,243
11659,dormant_user_reactivation_v1,2025-01-15 00:00:00,control,1,0,0,0.0,0,0,0,104
11668,dormant_user_reactivation_v1,2025-01-15 00:00:00,product_recommendation,1,0,0,0.0,0,1,0,77
11669,dormant_user_reactivation_v1,2025-01-15 00:00:00,education_content,1,0,0,0.0,1,0,0,141
11673,dormant_user_reactivation_v1,2025-01-15 00:00:00,product_recommendation,1,0,0,0.0,0,0,0,99
11675,dormant_user_reactivation_v1,2025-01-15 00:00:00,education_content,1,0,0,0.0,0,1,0,72
11678,dormant_user_reactivation_v1,2025-01-15 00:00:00,product_recommendation,1,0,0,0.0,0,0,0,195
11679,dormant_user_reactivation_v1,2025-01-15 00:00:00,education_content,1,0,0,0.0,1,0,0,276
11681,dormant_user_reactivation_v1,2025-01-15 00:00:00,product_recommendation,1,0,0,0.0,1,0,0,221
11685,dormant_user_reactivation_v1,2025-01-15 00:00:00,product_recommendation,1,0,0,0.0,1,1,0,62
11687,dormant_user_reactivation_v1,2025-01-15 00:00:00,education_content,1,0,0,0.0,0,0,0,181
11688,dormant_user_reactivation_v1,2025-01-15 00:00:00,control,1,0,0,0.0,0,1,0,65
11695,dormant_user_reactivation_v1,2025-01-15 00:00:00,control,1,0,0,0.0,1,0,0,134
11703,dormant_user_reactivation_v1,2025-01-15 00:00:00,education_content,1,0,0,0.0,0,1,0,84
11706,dormant_user_reactivation_v1,2025-01-15 00:00:00,product_recommendation,1,1,0,0.0,0,2,0,80
11707,dormant_user_reactivation_v1,2025-01-15 00:00:00,education_content,1,0,0,0.0,0,0,0,136
11708,dormant_user_reactivation_v1,2025-01-15 00:00:00,education_content,1,0,0,0.0,0,1,0,88
11714,dormant_user_reactivation_v1,2025-01-15 00:00:00,control,1,0,0,0.0,0,0,0,266
11715,dormant_user_reactivation_v1,2025-01-15 00:00:00,education_content,1,0,0,0.0,0,0,0,101
11718,dormant_user_reactivation_v1,2025-01-15 00:00:00,control,1,0,0,0.0,0,1,0,83
11720,dormant_user_reactivation_v1,2025-01-15 00:00:00,education_content,1,0,0,0.0,0,0,0,226
11721,dormant_user_reactivation_v1,2025-01-15 00:00:00,product_recommendation,1,0,0,0.0,1,0,0,74
11723,dormant_user_reactivation_v1,2025-01-15 00:00:00,product_recommendation,1,0,0,0.0,0,0,0,297
11724,dormant_user_reactivation_v1,2025-01-15 00:00:00,product_recommendation,1,0,0,0.0,0,1,0,47
11726,dormant_user_reactivation_v1,2025-01-15 00:00:00,control,1,0,0,0.0,0,0,0,153
11728,dormant_user_reactivation_v1,2025-01-15 00:00:00,control,1,0,1,17080.08,0,0,0,139
11730,dormant_user_reactivation_v1,2025-01-15 00:00:00,control,1,0,0,0.0,0,0,0,248
11734,dormant_user_reactivation_v1,2025-01-15 00:00:00,education_content,1,1,0,0.0,0,2,0,47
11735,dormant_user_reactivation_v1,2025-01-15 00:00:00,education_content,1,1,0,0.0,0,0,0,125
11736,dormant_user_reactivation_v1,2025-01-15 00:00:00,education_content,1,0,0,0.0,0,1,0,49
11738,dormant_user_reactivation_v1,2025-01-15 00:00:00,education_content,1,0,0,0.0,0,0,0,304
11739,dormant_user_reactivation_v1,2025-01-15 00:00:00,education_content,1,0,0,0.0,0,0,0,211
11741,dormant_user_reactivation_v1,2025-01-15 00:00:00,education_content,1,0,0,0.0,0,3,0,61
11744,dormant_user_reactivation_v1,2025-01-15 00:00:00,control,1,0,0,0.0,0,0,2,102
11745,dormant_user_reactivation_v1,2025-01-15 00:00:00,education_content,1,0,0,0.0,0,0,0,135
11750,dormant_user_reactivation_v1,2025-01-15 00:00:00,control,1,0,0,0.0,1,0,0,132
11751,dormant_user_reactivation_v1,2025-01-15 00:00:00,control,1,0,0,0.0,0,1,0,61
11752,dormant_user_reactivation_v1,2025-01-15 00:00:00,control,1,0,0,0.0,0,0,0,354
11754,dormant_user_reactivation_v1,2025-01-15 00:00:00,control,1,0,0,0.0,0,0,0,199
11755,dormant_user_reactivation_v1,2025-01-15 00:00:00,education_content,1,0,0,0.0,0,7,1,45
11756,dormant_user_reactivation_v1,2025-01-15 00:00:00,education_content,1,1,0,0.0,1,0,0,192
11758,dormant_user_reactivation_v1,2025-01-15 00:00:00,control,1,0,0,0.0,0,1,0,76
11759,dormant_user_reactivation_v1,2025-01-15 00:00:00,control,1,0,0,0.0,0,0,1,219
11760,dormant_user_reactivation_v1,2025-01-15 00:00:00,education_content,1,0,0,0.0,1,0,0,272
11763,dormant_user_reactivation_v1,2025-01-15 00:00:00,product_recommendation,1,0,0,0.0,0,0,0,285
11765,dormant_user_reactivation_v1,2025-01-15 00:00:00,control,1,0,0,0.0,0,0,0,181
11768,dormant_user_reactivation_v1,2025-01-15 00:00:00,control,1,0,0,0.0,0,1,1,64
11769,dormant_user_reactivation_v1,2025-01-15 00:00:00,product_recommendation,1,0,0,0.0,0,0,0,206
11773,dormant_user_reactivation_v1,2025-01-15 00:00:00,education_content,1,0,0,0.0,0,0,0,314
11774,dormant_user_reactivation_v1,2025-01-15 00:00:00,control,1,0,0,0.0,0,0,0,251
11778,dormant_user_reactivation_v1,2025-01-15 00:00:00,control,0,0,0,0.0,0,0,0,306
11779,dormant_user_reactivation_v1,2025-01-15 00:00:00,education_content,1,0,0,0.0,0,0,0,222
11780,dormant_user_reactivation_v1,2025-01-15 00:00:00,control,1,0,0,0.0,0,0,0,221
11781,dormant_user_reactivation_v1,2025-01-15 00:00:00,product_recommendation,1,0,0,0.0,0,0,0,156
11782,dormant_user_reactivation_v1,2025-01-15 00:00:00,education_content,1,0,0,0.0,0,1,0,62
11784,dormant_user_reactivation_v1,2025-01-15 00:00:00,product_recommendation,1,0,0,0.0,0,0,0,166
11786,dormant_user_reactivation_v1,2025-01-15 00:00:00,control,1,0,0,0.0,0,0,0,148
11787,dormant_user_reactivation_v1,2025-01-15 00:00:00,education_content,0,0,0,0.0,0,2,0,60
11788,dormant_user_reactivation_v1,2025-01-15 00:00:00,education_content,1,1,0,0.0,0,1,0,68
11789,dormant_user_reactivation_v1,2025-01-15 00:00:00,education_content,1,0,0,0.0,0,2,0,66
11790,dormant_user_reactivation_v1,2025-01-15 00:00:00,education_content,1,0,0,0.0,1,0,0,220
11791,dormant_user_reactivation_v1,2025-01-15 00:00:00,education_content,1,1,1,7064.47,0,0,0,150
11794,dormant_user_reactivation_v1,2025-01-15 00:00:00,education_content,1,0,0,0.0,0,0,0,349
11795,dormant_user_reactivation_v1,2025-01-15 00:00:00,control,1,0,0,0.0,0,1,0,69
11796,dormant_user_reactivation_v1,2025-01-15 00:00:00,product_recommendation,1,0,0,0.0,0,0,0,291
11797,dormant_user_reactivation_v1,2025-01-15 00:00:00,control,1,0,0,0.0,0,1,0,89
11798,dormant_user_reactivation_v1,2025-01-15 00:00:00,product_recommendation,1,1,0,0.0,0,0,0,101
11799,dormant_user_reactivation_v1,2025-01-15 00:00:00,education_content,1,0,0,0.0,0,0,0,151
11803,dormant_user_reactivation_v1,2025-01-15 00:00:00,education_content,1,0,0,0.0,0,0,0,216
11804,dormant_user_reactivation_v1,2025-01-15 00:00:00,education_content,1,0,0,0.0,0,0,0,173
11810,dormant_user_reactivation_v1,2025-01-15 00:00:00,product_recommendation,1,0,0,0.0,0,0,0,184
11811,dormant_user_reactivation_v1,2025-01-15 00:00:00,product_recommendation,1,0,0,0.0,0,0,0,169
11814,dormant_user_reactivation_v1,2025-01-15 00:00:00,education_content,1,0,0,0.0,0,0,0,101
11815,dormant_user_reactivation_v1,2025-01-15 00:00:00,control,1,0,0,0.0,1,0,0,90
11816,dormant_user_reactivation_v1,2025-01-15 00:00:00,control,1,0,1,2511.33,0,0,0,247
11817,dormant_user_reactivation_v1,2025-01-15 00:00:00,control,1,0,0,0.0,0,0,0,282
11818,dormant_user_reactivation_v1,2025-01-15 00:00:00,education_content,1,0,0,0.0,0,0,0,202
11820,dormant_user_reactivation_v1,2025-01-15 00:00:00,product_recommendation,1,0,0,0.0,0,0,0,127
11822,dormant_user_reactivation_v1,2025-01-15 00:00:00,education_content,1,0,0,0.0,1,1,0,84
11823,dormant_user_reactivation_v1,2025-01-15 00:00:00,education_content,1,1,0,0.0,0,0,0,178
11826,dormant_user_reactivation_v1,2025-01-15 00:00:00,education_content,1,0,0,0.0,0,0,0,298
11830,dormant_user_reactivation_v1,2025-01-15 00:00:00,product_recommendation,1,0,1,12524.79,0,1,0,64
11832,dormant_user_reactivation_v1,2025-01-15 00:00:00,product_recommendation,1,0,0,0.0,0,0,0,93
11833,dormant_user_reactivation_v1,2025-01-15 00:00:00,control,1,0,0,0.0,0,1,0,54
11834,dormant_user_reactivation_v1,2025-01-15 00:00:00,product_recommendation,1,0,0,0.0,0,0,0,249
11835,dormant_user_reactivation_v1,2025-01-15 00:00:00,control,1,0,0,0.0,0,1,0,48
11836,dormant_user_reactivation_v1,2025-01-15 00:00:00,control,1,0,0,0.0,0,0,0,199
11838,dormant_user_reactivation_v1,2025-01-15 00:00:00,education_content,1,0,0,0.0,1,0,0,112
11841,dormant_user_reactivation_v1,2025-01-15 00:00:00,control,1,0,0,0.0,0,1,0,85
11842,dormant_user_reactivation_v1,2025-01-15 00:00:00,control,1,0,0,0.0,0,1,0,81
11843,dormant_user_reactivation_v1,2025-01-15 00:00:00,product_recommendation,1,0,0,0.0,0,3,0,72
11844,dormant_user_reactivation_v1,2025-01-15 00:00:00,education_content,1,0,0,0.0,0,0,0,179
11853,dormant_user_reactivation_v1,2025-01-15 00:00:00,education_content,1,0,0,0.0,0,0,0,157
11855,dormant_user_reactivation_v1,2025-01-15 00:00:00,product_recommendation,1,0,0,0.0,0,0,0,110
11856,dormant_user_reactivation_v1,2025-01-15 00:00:00,education_content,1,0,1,6759.37,0,0,0,136
11857,dormant_user_reactivation_v1,2025-01-15 00:00:00,control,1,0,0,0.0,0,0,0,352
11859,dormant_user_reactivation_v1,2025-01-15 00:00:00,product_recommendation,1,0,0,0.0,1,0,0,114
11861,dormant_user_reactivation_v1,2025-01-15 00:00:00,control,1,0,0,0.0,0,1,0,64
11862,dormant_user_reactivation_v1,2025-01-15 00:00:00,education_content,1,0,0,0.0,0,1,0,76
11863,dormant_user_reactivation_v1,2025-01-15 00:00:00,education_content,1,0,1,1329.04,1,1,0,58
11864,dormant_user_reactivation_v1,2025-01-15 00:00:00,control,1,1,0,0.0,0,0,0,220
11867,dormant_user_reactivation_v1,2025-01-15 00:00:00,education_content,1,0,0,0.0,1,0,0,286
11870,dormant_user_reactivation_v1,2025-01-15 00:00:00,education_content,1,0,0,0.0,0,4,0,59
11871,dormant_user_reactivation_v1,2025-01-15 00:00:00,control,1,0,0,0.0,0,0,0,200
11873,dormant_user_reactivation_v1,2025-01-15 00:00:00,education_content,1,0,0,0.0,0,0,0,283
11874,dormant_user_reactivation_v1,2025-01-15 00:00:00,education_content,1,0,0,0.0,0,4,0,47
11875,dormant_user_reactivation_v1,2025-01-15 00:00:00,product_recommendation,1,0,0,0.0,0,0,0,137
11882,dormant_user_reactivation_v1,2025-01-15 00:00:00,education_content,1,0,0,0.0,0,0,0,203
11887,dormant_user_reactivation_v1,2025-01-15 00:00:00,control,1,0,0,0.0,0,0,0,252
11889,dormant_user_reactivation_v1,2025-01-15 00:00:00,control,1,0,1,2415.77,1,0,0,195
11894,dormant_user_reactivation_v1,2025-01-15 00:00:00,product_recommendation,1,0,0,0.0,0,0,0,152
11896,dormant_user_reactivation_v1,2025-01-15 00:00:00,control,1,0,0,0.0,0,0,0,341
11897,dormant_user_reactivation_v1,2025-01-15 00:00:00,education_content,1,0,0,0.0,1,0,0,93
11898,dormant_user_reactivation_v1,2025-01-15 00:00:00,product_recommendation,1,1,0,0.0,0,2,0,69
11900,dormant_user_reactivation_v1,2025-01-15 00:00:00,control,1,0,0,0.0,0,2,1,64
11901,dormant_user_reactivation_v1,2025-01-15 00:00:00,control,1,0,0,0.0,0,0,0,149
11910,dormant_user_reactivation_v1,2025-01-15 00:00:00,education_content,1,1,0,0.0,0,4,0,50
11911,dormant_user_reactivation_v1,2025-01-15 00:00:00,education_content,1,0,0,0.0,0,0,0,145
11915,dormant_user_reactivation_v1,2025-01-15 00:00:00,product_recommendation,1,0,0,0.0,1,1,0,65
11916,dormant_user_reactivation_v1,2025-01-15 00:00:00,education_content,1,0,0,0.0,0,0,0,198
11917,dormant_user_reactivation_v1,2025-01-15 00:00:00,control,1,0,0,0.0,0,0,0,201
11921,dormant_user_reactivation_v1,2025-01-15 00:00:00,control,1,0,0,0.0,0,1,1,50
11922,dormant_user_reactivation_v1,2025-01-15 00:00:00,education_content,1,0,0,0.0,0,1,0,69
11923,dormant_user_reactivation_v1,2025-01-15 00:00:00,control,1,0,1,2837.5,0,0,0,279
11924,dormant_user_reactivation_v1,2025-01-15 00:00:00,product_recommendation,1,0,0,0.0,0,0,0,198
11928,dormant_user_reactivation_v1,2025-01-15 00:00:00,control,1,0,0,0.0,1,0,0,107
11930,dormant_user_reactivation_v1,2025-01-15 00:00:00,education_content,1,0,0,0.0,0,0,0,318
11931,dormant_user_reactivation_v1,2025-01-15 00:00:00,control,1,1,0,0.0,0,0,1,128
11933,dormant_user_reactivation_v1,2025-01-15 00:00:00,education_content,1,0,0,0.0,0,0,0,335
11935,dormant_user_reactivation_v1,2025-01-15 00:00:00,control,1,0,0,0.0,0,0,0,153
11936,dormant_user_reactivation_v1,2025-01-15 00:00:00,education_content,1,0,0,0.0,0,0,0,301
11938,dormant_user_reactivation_v1,2025-01-15 00:00:00,product_recommendation,1,0,0,0.0,0,0,0,116
11939,dormant_user_reactivation_v1,2025-01-15 00:00:00,control,1,0,0,0.0,0,0,0,279
11942,dormant_user_reactivation_v1,2025-01-15 00:00:00,education_content,1,0,0,0.0,0,0,0,95
11943,dormant_user_reactivation_v1,2025-01-15 00:00:00,control,1,0,0,0.0,1,0,0,130
11944,dormant_user_reactivation_v1,2025-01-15 00:00:00,product_recommendation,1,0,1,1630.5,0,0,0,179
11946,dormant_user_reactivation_v1,2025-01-15 00:00:00,control,1,0,0,0.0,0,0,0,204
11947,dormant_user_reactivation_v1,2025-01-15 00:00:00,product_recommendation,1,1,0,0.0,0,0,0,119
11955,dormant_user_reactivation_v1,2025-01-15 00:00:00,control,1,0,0,0.0,0,0,0,250
11959,dormant_user_reactivation_v1,2025-01-15 00:00:00,product_recommendation,1,0,0,0.0,1,0,0,304
11961,dormant_user_reactivation_v1,2025-01-15 00:00:00,education_content,1,0,0,0.0,0,0,0,123
11962,dormant_user_reactivation_v1,2025-01-15 00:00:00,product_recommendation,1,0,0,0.0,0,0,0,212
11963,dormant_user_reactivation_v1,2025-01-15 00:00:00,education_content,1,1,0,0.0,0,1,0,50
11969,dormant_user_reactivation_v1,2025-01-15 00:00:00,education_content,1,1,0,0.0,0,0,0,250
11971,dormant_user_reactivation_v1,2025-01-15 00:00:00,product_recommendation,1,0,0,0.0,0,0,0,115
11974,dormant_user_reactivation_v1,2025-01-15 00:00:00,education_content,0,0,0,0.0,0,0,0,79
11975,dormant_user_reactivation_v1,2025-01-15 00:00:00,product_recommendation,1,0,0,0.0,0,2,0,56
11976,dormant_user_reactivation_v1,2025-01-15 00:00:00,control,1,0,1,3382.62,0,1,0,70
11977,dormant_user_reactivation_v1,2025-01-15 00:00:00,product_recommendation,1,0,0,0.0,0,0,0,221
11978,dormant_user_reactivation_v1,2025-01-15 00:00:00,product_recommendation,1,1,0,0.0,0,0,0,125
11979,dormant_user_reactivation_v1,2025-01-15 00:00:00,product_recommendation,1,0,1,6701.57,0,0,0,173
11981,dormant_user_reactivation_v1,2025-01-15 00:00:00,product_recommendation,1,0,0,0.0,0,0,0,106
11982,dormant_user_reactivation_v1,2025-01-15 00:00:00,education_content,1,0,0,0.0,0,0,0,304
11985,dormant_user_reactivation_v1,2025-01-15 00:00:00,product_recommendation,1,0,0,0.0,0,2,0,58
11986,dormant_user_reactivation_v1,2025-01-15 00:00:00,product_recommendation,1,0,0,0.0,0,0,0,118
11988,dormant_user_reactivation_v1,2025-01-15 00:00:00,product_recommendation,1,1,0,0.0,0,0,0,278
11989,dormant_user_reactivation_v1,2025-01-15 00:00:00,product_recommendation,1,0,0,0.0,0,1,0,47
11995,dormant_user_reactivation_v1,2025-01-15 00:00:00,control,1,0,0,0.0,0,1,0,86
11997,dormant_user_reactivation_v1,2025-01-15 00:00:00,control,1,0,0,0.0,0,0,0,142
11998,dormant_user_reactivation_v1,2025-01-15 00:00:00,education_content,1,0,1,9031.47,1,1,0,76
11999,dormant_user_reactivation_v1,2025-01-15 00:00:00,education_content,1,0,0,0.0,0,1,0,49
12000,dormant_user_reactivation_v1,2025-01-15 00:00:00,product_recommendation,1,0,0,0.0,0,0,0,249
