transaction_id,user_id,product_id,transaction_time,transaction_type,amount
973,3636,4,2024-01-04 14:00:00,buy,525.14
3261,11437,3,2024-01-08 14:00:00,buy,816.97
2811,9910,8,2024-01-13 14:00:00,buy,573.39
758,2680,1,2024-01-13 14:00:00,buy,1181.04
2375,8344,4,2024-01-13 14:00:00,buy,1475.53
808,2892,4,2024-01-14 14:00:00,buy,2901.0
353,1234,4,2024-01-14 14:00:00,buy,3828.87
1951,6983,4,2024-01-15 14:00:00,buy,2371.73
2096,7387,1,2024-01-16 14:00:00,buy,3270.76
2901,10322,4,2024-01-16 14:00:00,buy,4560.34
3003,10605,6,2024-01-16 14:00:00,buy,16997.59
1031,3818,4,2024-01-18 14:00:00,buy,13139.48
2091,7370,7,2024-01-19 14:00:00,buy,1308.74
997,3708,3,2024-01-19 14:00:00,buy,42156.08
3015,10643,6,2024-01-20 14:00:00,buy,924.81
1619,5841,1,2024-01-20 14:00:00,buy,1756.14
2771,9769,5,2024-01-22 14:00:00,buy,1357.16
3341,11748,4,2024-01-22 14:00:00,buy,1329.83
558,1947,3,2024-01-22 14:00:00,buy,8851.14
1307,4795,4,2024-01-22 14:00:00,buy,3813.31
1876,6719,2,2024-01-22 14:00:00,buy,1971.76
1902,6828,1,2024-01-22 14:00:00,buy,1203.11
1663,6029,2,2024-01-23 14:00:00,buy,2121.72
924,3390,5,2024-01-23 14:00:00,buy,2356.51
610,2174,3,2024-01-24 14:00:00,buy,824.15
2520,8883,6,2024-01-24 14:00:00,buy,1629.19
443,1451,1,2024-01-26 14:00:00,buy,488.48
22,78,2,2024-01-26 14:00:00,buy,359.23
1083,3927,5,2024-01-26 14:00:00,buy,720.93
1678,6121,5,2024-01-27 14:00:00,buy,8656.91
3073,10850,6,2024-01-27 14:00:00,buy,6116.81
1206,4344,1,2024-01-27 14:00:00,buy,1837.42
1468,5441,3,2024-01-27 14:00:00,buy,1058.7
3168,11115,5,2024-01-28 14:00:00,buy,1297.41
3268,11491,3,2024-01-28 14:00:00,buy,261.39
2451,8646,6,2024-01-28 14:00:00,buy,577.71
2852,10078,4,2024-01-28 14:00:00,buy,25302.88
1770,6381,4,2024-01-28 14:00:00,buy,6336.83
1208,4356,6,2024-01-29 14:00:00,buy,1099.39
308,1125,1,2024-01-29 14:00:00,buy,7834.21
1870,6693,1,2024-01-29 14:00:00,buy,4252.31
787,2790,8,2024-01-29 14:00:00,buy,1887.35
647,2309,3,2024-01-30 14:00:00,buy,1708.62
2994,10593,3,2024-01-30 14:00:00,buy,3827.61
2302,8050,2,2024-01-30 14:00:00,buy,5426.24
2887,10261,4,2024-01-30 14:00:00,buy,8720.1
3362,11803,3,2024-01-31 14:00:00,buy,31791.74
1335,4927,3,2024-01-31 14:00:00,buy,758.41
2424,8560,7,2024-01-31 14:00:00,buy,1016.71
2498,8765,1,2024-02-01 14:00:00,buy,26398.86
2128,7494,8,2024-02-01 14:00:00,buy,1577.53
2578,9070,8,2024-02-01 14:00:00,buy,667.03
1827,6575,1,2024-02-02 14:00:00,buy,693.19
2954,10477,2,2024-02-02 14:00:00,buy,2100.34
804,2862,1,2024-02-03 14:00:00,buy,5117.07
1795,6482,1,2024-02-03 14:00:00,buy,4771.07
2612,9179,5,2024-02-03 14:00:00,buy,2653.08
2615,9187,3,2024-02-03 14:00:00,buy,40966.6
3127,10985,4,2024-02-03 14:00:00,buy,2152.14
376,1325,4,2024-02-03 14:00:00,buy,1341.67
464,1515,3,2024-02-04 14:00:00,buy,2316.02
2837,10042,1,2024-02-04 14:00:00,buy,1868.82
1,18,2,2024-02-04 14:00:00,buy,5704.23
2237,7834,1,2024-02-04 14:00:00,buy,521.66
2085,7359,8,2024-02-04 14:00:00,buy,2079.11
1769,6371,3,2024-02-04 14:00:00,buy,3962.61
3342,11748,6,2024-02-04 15:00:00,buy,1565.8
195,727,6,2024-02-05 14:00:00,buy,564.32
1018,3781,6,2024-02-05 14:00:00,buy,1506.15
422,1426,6,2024-02-05 14:00:00,buy,5622.17
3220,11292,3,2024-02-05 14:00:00,buy,2748.6
2905,10324,1,2024-02-05 14:00:00,buy,2396.99
2500,8767,4,2024-02-06 14:00:00,buy,8233.0
2147,7579,2,2024-02-06 14:00:00,buy,629.79
772,2728,3,2024-02-07 14:00:00,buy,9485.37
1456,5414,4,2024-02-08 14:00:00,buy,14154.33
959,3546,4,2024-02-09 14:00:00,buy,2212.89
506,1704,8,2024-02-09 14:00:00,buy,28548.2
258,981,5,2024-02-10 14:00:00,buy,4652.12
3262,11444,6,2024-02-10 14:00:00,buy,2227.15
1907,6861,8,2024-02-10 14:00:00,buy,6831.11
2721,9535,1,2024-02-10 14:00:00,buy,7619.75
2454,8661,8,2024-02-10 14:00:00,buy,20198.17
2665,9357,3,2024-02-10 14:00:00,buy,5685.53
3285,11576,2,2024-02-10 14:00:00,buy,8724.49
1813,6538,4,2024-02-11 14:00:00,buy,3049.25
884,3232,2,2024-02-11 14:00:00,buy,4868.46
2821,9967,6,2024-02-12 14:00:00,buy,4993.71
2332,8162,3,2024-02-12 14:00:00,buy,6380.81
1402,5236,2,2024-02-12 14:00:00,buy,1593.25
1680,6139,1,2024-02-12 14:00:00,buy,1407.15
354,1234,6,2024-02-12 15:00:00,buy,4217.97
2086,7359,1,2024-02-12 15:00:00,buy,1032.54
2618,9190,6,2024-02-13 14:00:00,buy,419.32
3410,11934,2,2024-02-13 14:00:00,buy,4675.39
2,18,4,2024-02-13 15:00:00,buy,4295.54
3004,10605,6,2024-02-13 15:00:00,buy,5156.14
2656,9317,8,2024-02-14 14:00:00,buy,12555.0
2980,10572,4,2024-02-14 14:00:00,buy,14338.09
1914,6875,2,2024-02-14 14:00:00,buy,32758.35
3099,10927,8,2024-02-14 14:00:00,buy,1666.86
854,3085,8,2024-02-14 14:00:00,buy,5017.69
1099,3985,8,2024-02-14 14:00:00,buy,5606.33
3068,10796,4,2024-02-14 14:00:00,buy,16568.07
1209,4356,6,2024-02-14 15:00:00,buy,700.11
3263,11457,6,2024-02-15 14:00:00,buy,280.6
678,2343,2,2024-02-15 14:00:00,buy,9174.95
731,2591,3,2024-02-15 14:00:00,buy,4804.94
1989,7106,7,2024-02-15 14:00:00,buy,852.93
852,3052,2,2024-02-15 14:00:00,buy,2824.59
2524,8888,7,2024-02-15 14:00:00,buy,573.21
2339,8200,2,2024-02-15 14:00:00,buy,6080.05
1952,6983,2,2024-02-15 15:00:00,buy,935.1
788,2790,7,2024-02-15 15:00:00,buy,1230.16
3135,11026,1,2024-02-16 14:00:00,buy,2649.11
3123,10979,8,2024-02-16 14:00:00,buy,10559.87
2843,10047,1,2024-02-16 14:00:00,buy,501.43
3233,11340,1,2024-02-16 14:00:00,buy,369.75
3062,10773,3,2024-02-16 14:00:00,buy,5484.25
3088,10891,3,2024-02-16 14:00:00,buy,1501.25
2529,8902,2,2024-02-17 14:00:00,buy,7023.43
2835,10040,7,2024-02-17 14:00:00,buy,3903.18
2962,10484,4,2024-02-17 14:00:00,buy,4174.6
922,3382,2,2024-02-17 14:00:00,buy,15096.28
1457,5414,1,2024-02-17 15:00:00,buy,4007.4
2167,7656,2,2024-02-18 14:00:00,buy,6048.14
1635,5942,2,2024-02-18 14:00:00,buy,7701.79
844,3035,4,2024-02-18 14:00:00,buy,1637.25
2537,8915,8,2024-02-19 14:00:00,buy,10237.19
2868,10128,3,2024-02-19 14:00:00,buy,2338.9
1524,5613,1,2024-02-20 14:00:00,buy,290.45
1489,5510,4,2024-02-20 14:00:00,buy,571.53
2976,10515,1,2024-02-20 14:00:00,buy,2371.31
3142,11046,5,2024-02-20 14:00:00,buy,2052.25
432,1441,6,2024-02-20 14:00:00,buy,2189.0
87,343,4,2024-02-20 14:00:00,buy,12574.68
3027,10662,3,2024-02-21 14:00:00,buy,21361.65
1017,3780,4,2024-02-21 14:00:00,buy,2021.05
3286,11576,5,2024-02-21 15:00:00,buy,3492.43
2097,7387,2,2024-02-21 15:00:00,buy,362.81
2986,10578,6,2024-02-22 14:00:00,buy,2516.51
2871,10180,2,2024-02-22 14:00:00,buy,977.28
1276,4579,3,2024-02-23 14:00:00,buy,4694.81
2020,7202,4,2024-02-23 14:00:00,buy,10630.64
3157,11101,4,2024-02-23 14:00:00,buy,1998.33
2686,9412,4,2024-02-23 14:00:00,buy,1968.24
1078,3925,7,2024-02-23 14:00:00,buy,1488.02
1871,6693,4,2024-02-23 15:00:00,buy,1544.29
2995,10593,4,2024-02-23 15:00:00,buy,1276.1
983,3664,6,2024-02-24 14:00:00,buy,4172.82
388,1345,6,2024-02-24 14:00:00,buy,266.0
2888,10261,6,2024-02-24 15:00:00,buy,4564.35
2461,8684,1,2024-02-25 14:00:00,buy,624.92
1241,4445,2,2024-02-25 14:00:00,buy,13208.91
2900,10315,6,2024-02-25 14:00:00,buy,4212.99
2058,7294,5,2024-02-25 14:00:00,buy,20901.91
1411,5285,2,2024-02-25 14:00:00,buy,2699.09
693,2432,6,2024-02-26 14:00:00,buy,1259.54
1110,4010,6,2024-02-26 14:00:00,buy,5143.42
524,1795,1,2024-02-26 14:00:00,buy,19428.96
1691,6172,4,2024-02-26 14:00:00,buy,4069.81
1938,6939,2,2024-02-26 14:00:00,buy,2312.08
1575,5723,2,2024-02-26 14:00:00,buy,1629.86
465,1515,2,2024-02-26 15:00:00,buy,791.38
3343,11748,4,2024-02-26 15:00:00,buy,509.53
309,1125,2,2024-02-26 15:00:00,buy,2186.55
1622,5843,3,2024-02-27 14:00:00,buy,11142.12
62,242,6,2024-02-27 14:00:00,buy,6371.35
2468,8706,4,2024-02-27 14:00:00,buy,3866.22
1754,6328,4,2024-02-27 14:00:00,buy,3711.72
2554,9001,4,2024-02-27 14:00:00,buy,3243.67
1323,4824,7,2024-02-27 14:00:00,buy,7108.8
480,1616,4,2024-02-27 14:00:00,buy,11534.98
1977,7065,4,2024-02-28 14:00:00,buy,3327.97
1365,5087,6,2024-02-28 14:00:00,buy,578.0
2238,7834,7,2024-02-28 15:00:00,buy,128.78
3,18,6,2024-02-28 15:00:00,buy,1287.61
2831,10014,1,2024-02-29 14:00:00,buy,1956.27
708,2509,6,2024-02-29 14:00:00,buy,3832.03
1084,3927,4,2024-02-29 15:00:00,buy,100.0
1877,6719,1,2024-02-29 15:00:00,buy,1119.29
271,999,8,2024-03-01 14:00:00,buy,862.49
1404,5244,2,2024-03-01 14:00:00,buy,3528.09
1390,5204,1,2024-03-01 14:00:00,buy,1091.69
3257,11422,6,2024-03-01 14:00:00,buy,870.26
2273,8005,4,2024-03-01 14:00:00,buy,2633.2
177,694,7,2024-03-02 14:00:00,buy,11428.68
1462,5415,5,2024-03-02 14:00:00,buy,4330.2
3169,11115,5,2024-03-02 15:00:00,buy,336.81
502,1696,7,2024-03-03 14:00:00,buy,3492.86
3243,11374,7,2024-03-03 14:00:00,buy,10593.99
2368,8323,6,2024-03-03 14:00:00,buy,2486.46
1341,4952,6,2024-03-03 14:00:00,buy,7304.35
3134,11016,4,2024-03-03 14:00:00,buy,4310.84
1353,5053,2,2024-03-03 14:00:00,buy,563.68
2722,9535,7,2024-03-03 15:00:00,buy,2837.31
1887,6772,3,2024-03-04 14:00:00,buy,18015.37
238,895,2,2024-03-04 14:00:00,buy,1626.39
2366,8310,1,2024-03-04 14:00:00,buy,675.6
1796,6482,8,2024-03-04 15:00:00,buy,630.7
3016,10643,4,2024-03-04 15:00:00,buy,729.25
2739,9631,2,2024-03-05 14:00:00,buy,774.74
2590,9092,2,2024-03-05 14:00:00,buy,5778.36
1697,6184,1,2024-03-05 14:00:00,buy,1313.19
3215,11258,6,2024-03-05 14:00:00,buy,9024.54
1620,5841,4,2024-03-05 15:00:00,buy,1400.65
1032,3818,4,2024-03-05 15:00:00,buy,6174.46
3235,11349,1,2024-03-06 14:00:00,buy,499.34
2093,7373,2,2024-03-06 14:00:00,buy,1540.49
1480,5474,1,2024-03-06 14:00:00,buy,2051.16
1601,5805,1,2024-03-06 14:00:00,buy,4453.16
638,2257,1,2024-03-06 14:00:00,buy,15471.82
2092,7370,2,2024-03-06 15:00:00,buy,983.37
3158,11104,1,2024-03-07 14:00:00,buy,6159.47
1060,3894,1,2024-03-07 14:00:00,buy,716.47
325,1164,2,2024-03-07 14:00:00,buy,5819.48
3264,11457,2,2024-03-07 15:00:00,buy,138.82
2398,8424,4,2024-03-08 14:00:00,buy,859.53
77,310,3,2024-03-08 14:00:00,buy,3474.17
1134,4122,6,2024-03-08 14:00:00,buy,1803.14
2015,7180,6,2024-03-08 14:00:00,buy,10330.16
88,343,4,2024-03-08 15:00:00,buy,1960.26
628,2220,3,2024-03-09 14:00:00,buy,3424.88
809,2892,5,2024-03-09 15:00:00,buy,801.49
2853,10078,6,2024-03-09 15:00:00,buy,6970.3
2896,10297,2,2024-03-10 14:00:00,buy,7227.14
135,573,4,2024-03-10 14:00:00,buy,468.32
1793,6481,4,2024-03-10 14:00:00,buy,27417.88
1308,4795,2,2024-03-10 15:00:00,buy,1608.59
2613,9179,5,2024-03-10 15:00:00,buy,971.92
925,3390,5,2024-03-10 15:00:00,buy,1088.22
1581,5745,6,2024-03-11 14:00:00,buy,31162.1
2155,7606,1,2024-03-11 14:00:00,buy,969.99
784,2776,1,2024-03-11 14:00:00,buy,1322.92
865,3143,3,2024-03-11 14:00:00,buy,2298.04
2902,10322,4,2024-03-11 15:00:00,buy,3346.82
2804,9864,6,2024-03-12 14:00:00,buy,3154.82
15,65,6,2024-03-12 14:00:00,buy,3725.23
1175,4219,1,2024-03-12 14:00:00,buy,1484.35
2619,9190,6,2024-03-12 15:00:00,buy,730.8
873,3192,1,2024-03-13 14:00:00,buy,15354.88
489,1658,3,2024-03-13 14:00:00,buy,1796.52
2138,7534,6,2024-03-13 14:00:00,buy,1521.08
293,1075,3,2024-03-13 14:00:00,buy,3480.94
3415,11950,6,2024-03-13 14:00:00,buy,2772.72
2889,10261,4,2024-03-13 15:00:00,buy,2149.87
762,2682,4,2024-03-14 14:00:00,buy,1609.72
741,2627,3,2024-03-14 14:00:00,buy,2136.47
569,2013,5,2024-03-14 14:00:00,buy,938.93
1029,3812,6,2024-03-14 14:00:00,buy,290.8
1028,3807,6,2024-03-14 14:00:00,buy,3311.81
576,2025,2,2024-03-14 14:00:00,buy,1611.05
2469,8706,2,2024-03-14 15:00:00,buy,2384.81
1412,5285,5,2024-03-14 15:00:00,buy,1011.27
3020,10652,4,2024-03-15 14:00:00,buy,4762.1
1140,4140,6,2024-03-15 14:00:00,buy,12793.84
1543,5669,1,2024-03-15 14:00:00,buy,12194.9
2808,9894,1,2024-03-15 14:00:00,buy,10765.39
3002,10602,3,2024-03-15 14:00:00,buy,35059.18
3363,11803,2,2024-03-15 15:00:00,buy,28312.54
389,1347,8,2024-03-16 14:00:00,buy,1469.35
1272,4535,1,2024-03-16 14:00:00,buy,3226.77
910,3322,1,2024-03-16 14:00:00,buy,1726.27
401,1379,7,2024-03-16 14:00:00,buy,10178.41
458,1492,4,2024-03-16 14:00:00,buy,939.88
1474,5454,5,2024-03-16 14:00:00,buy,950.12
715,2547,6,2024-03-16 14:00:00,buy,4667.41
611,2174,1,2024-03-16 15:00:00,buy,488.95
885,3232,7,2024-03-16 15:00:00,buy,1438.96
3287,11576,6,2024-03-16 15:00:00,buy,1722.77
1021,3784,2,2024-03-17 14:00:00,buy,1458.65
2666,9357,6,2024-03-17 15:00:00,buy,3163.96
3216,11258,1,2024-03-17 15:00:00,buy,8783.07
2838,10042,2,2024-03-17 15:00:00,buy,505.95
770,2711,2,2024-03-18 14:00:00,buy,2994.08
2610,9175,5,2024-03-18 14:00:00,buy,2675.53
2083,7352,6,2024-03-18 14:00:00,buy,635.61
2336,8187,5,2024-03-18 14:00:00,buy,13951.16
3328,11736,5,2024-03-18 14:00:00,buy,1403.0
991,3670,6,2024-03-18 14:00:00,buy,2480.93
3234,11340,2,2024-03-18 15:00:00,buy,247.93
759,2680,4,2024-03-18 15:00:00,buy,612.51
1207,4344,3,2024-03-18 15:00:00,buy,1069.99
855,3085,2,2024-03-18 15:00:00,buy,1477.62
1324,4824,2,2024-03-18 15:00:00,buy,2916.64
1170,4199,4,2024-03-19 14:00:00,buy,713.03
1721,6235,5,2024-03-19 14:00:00,buy,700.01
429,1438,6,2024-03-19 14:00:00,buy,1396.92
2660,9331,5,2024-03-19 14:00:00,buy,909.71
2885,10248,4,2024-03-19 14:00:00,buy,7753.48
703,2490,4,2024-03-19 14:00:00,buy,944.24
423,1426,6,2024-03-19 15:00:00,buy,2683.53
2836,10040,1,2024-03-19 15:00:00,buy,1397.54
1803,6519,8,2024-03-20 14:00:00,buy,1452.51
2807,9868,6,2024-03-20 14:00:00,buy,3474.91
1349,4996,4,2024-03-20 14:00:00,buy,1018.1
1131,4102,2,2024-03-20 14:00:00,buy,7278.12
2284,8019,6,2024-03-20 14:00:00,buy,13751.79
2119,7450,5,2024-03-21 14:00:00,buy,357.55
3183,11147,8,2024-03-21 14:00:00,buy,2911.13
2753,9679,2,2024-03-21 14:00:00,buy,35453.93
2906,10324,7,2024-03-21 15:00:00,buy,408.9
326,1164,1,2024-03-21 15:00:00,buy,2867.99
789,2790,7,2024-03-22 11:00:00,redeem,730.53
1925,6898,2,2024-03-22 14:00:00,buy,970.94
1613,5830,1,2024-03-22 14:00:00,buy,690.29
2996,10593,2,2024-03-22 15:00:00,buy,1188.47
2812,9910,7,2024-03-22 15:00:00,buy,723.93
2827,9978,4,2024-03-23 14:00:00,buy,518.5
1587,5753,5,2024-03-23 14:00:00,buy,4713.25
2270,7973,3,2024-03-23 14:00:00,buy,11515.2
1888,6772,2,2024-03-23 15:00:00,buy,2337.76
607,2173,3,2024-03-24 14:00:00,buy,133.57
1718,6233,2,2024-03-24 14:00:00,buy,7162.11
2059,7294,5,2024-03-24 15:00:00,buy,4027.3
1939,6939,2,2024-03-24 15:00:00,buy,403.21
2616,9187,2,2024-03-24 15:00:00,buy,23108.73
639,2257,3,2024-03-24 15:00:00,buy,4735.41
2021,7202,5,2024-03-24 15:00:00,buy,2528.99
2006,7161,1,2024-03-25 14:00:00,buy,1193.62
1555,5685,1,2024-03-25 14:00:00,buy,1215.25
1210,4356,2,2024-03-25 15:00:00,buy,696.66
2521,8883,4,2024-03-25 15:00:00,buy,2088.52
2761,9741,1,2024-03-26 14:00:00,buy,4679.81
2439,8601,4,2024-03-26 14:00:00,buy,2076.33
2018,7193,7,2024-03-26 14:00:00,buy,11478.68
780,2755,3,2024-03-26 14:00:00,buy,287.39
1974,7058,1,2024-03-26 14:00:00,buy,1004.1
2756,9688,6,2024-03-26 14:00:00,buy,998.03
2084,7352,4,2024-03-26 15:00:00,buy,126.0
1576,5723,4,2024-03-26 15:00:00,buy,610.3
2287,8025,5,2024-03-27 14:00:00,buy,2909.6
995,3680,1,2024-03-27 14:00:00,buy,1318.38
424,1428,7,2024-03-27 14:00:00,buy,2460.32
202,749,8,2024-03-27 14:00:00,buy,4708.72
13,55,5,2024-03-28 14:00:00,buy,1106.13
971,3633,3,2024-03-28 14:00:00,buy,2019.78
2515,8865,5,2024-03-28 14:00:00,buy,8272.98
1776,6408,4,2024-03-28 14:00:00,buy,12412.78
2778,9782,4,2024-03-28 14:00:00,buy,9174.25
2981,10572,4,2024-03-28 15:00:00,buy,4319.56
3017,10643,2,2024-03-28 15:00:00,buy,1699.47
178,694,1,2024-03-28 15:00:00,buy,2022.01
2621,9190,2,2024-03-28 15:00:00,buy,377.11
657,2321,7,2024-03-29 14:00:00,buy,1522.61
1173,4203,1,2024-03-29 14:00:00,buy,1099.17
718,2553,1,2024-03-29 14:00:00,buy,6301.12
3077,10878,4,2024-03-29 14:00:00,buy,2475.96
790,2790,1,2024-03-29 15:00:00,buy,954.21
886,3232,1,2024-03-29 15:00:00,buy,2452.47
648,2309,2,2024-03-29 15:00:00,buy,615.51
2373,8340,4,2024-03-30 14:00:00,buy,2298.55
2627,9224,6,2024-03-30 14:00:00,buy,1626.97
570,2013,5,2024-03-30 15:00:00,buy,519.33
2538,8915,7,2024-03-30 15:00:00,buy,1993.01
2104,7397,4,2024-03-31 14:00:00,buy,1601.88
3090,10897,4,2024-03-31 14:00:00,buy,1127.63
669,2332,6,2024-03-31 14:00:00,buy,1499.76
2135,7527,6,2024-03-31 14:00:00,buy,28334.34
481,1616,3,2024-03-31 15:00:00,buy,5565.8
2294,8041,1,2024-04-01 14:00:00,buy,1142.26
796,2821,2,2024-04-01 14:00:00,buy,7887.41
2937,10409,3,2024-04-01 14:00:00,buy,4257.43
591,2135,2,2024-04-01 14:00:00,buy,6310.26
2340,8200,7,2024-04-01 15:00:00,buy,2350.53
1621,5841,3,2024-04-01 15:00:00,buy,1823.92
2386,8364,1,2024-04-02 14:00:00,buy,12364.72
3138,11034,6,2024-04-02 14:00:00,buy,2964.3
1376,5131,3,2024-04-02 14:00:00,buy,1077.75
2053,7269,6,2024-04-02 14:00:00,buy,2494.19
868,3180,8,2024-04-02 14:00:00,buy,969.19
3269,11491,1,2024-04-02 15:00:00,buy,114.25
2501,8767,1,2024-04-02 15:00:00,buy,3187.08
78,310,1,2024-04-02 15:00:00,buy,1312.18
2008,7169,6,2024-04-03 14:00:00,buy,7418.19
1986,7094,1,2024-04-03 14:00:00,buy,2177.1
3383,11892,4,2024-04-03 14:00:00,buy,10961.17
1687,6154,6,2024-04-03 14:00:00,buy,3086.44
2611,9175,2,2024-04-03 15:00:00,buy,769.85
3074,10850,5,2024-04-03 15:00:00,buy,741.02
2148,7579,6,2024-04-03 15:00:00,buy,587.05
8,27,1,2024-04-04 14:00:00,buy,5305.78
978,3647,4,2024-04-04 14:00:00,buy,752.79
633,2253,4,2024-04-04 14:00:00,buy,4763.85
1755,6340,8,2024-04-04 14:00:00,buy,895.78
1508,5579,3,2024-04-04 14:00:00,buy,6048.06
20,76,2,2024-04-04 14:00:00,buy,573.21
3069,10802,3,2024-04-04 14:00:00,buy,2136.44
1325,4824,1,2024-04-04 15:00:00,buy,1980.14
2955,10477,1,2024-04-04 15:00:00,buy,758.11
968,3601,3,2024-04-05 14:00:00,buy,485.0
3136,11026,3,2024-04-05 15:00:00,buy,1937.33
3418,11967,6,2024-04-06 14:00:00,buy,8282.62
2323,8133,1,2024-04-06 14:00:00,buy,5846.95
2240,7837,4,2024-04-06 14:00:00,buy,1214.45
1953,6983,6,2024-04-06 15:00:00,buy,1862.82
785,2776,3,2024-04-06 15:00:00,buy,549.77
3258,11422,1,2024-04-06 15:00:00,buy,1972.66
710,2516,6,2024-04-07 14:00:00,buy,3592.99
1164,4188,4,2024-04-07 14:00:00,buy,1636.37
612,2174,8,2024-04-07 15:00:00,buy,164.66
1602,5805,1,2024-04-07 15:00:00,buy,1371.79
402,1379,3,2024-04-07 15:00:00,buy,4018.37
1878,6721,1,2024-04-08 14:00:00,buy,1581.05
404,1387,6,2024-04-08 14:00:00,buy,588.9
1794,6481,3,2024-04-08 15:00:00,buy,3193.95
239,895,2,2024-04-08 15:00:00,buy,1015.95
1413,5285,6,2024-04-08 15:00:00,buy,2166.46
2620,9190,6,2024-04-09 11:00:00,redeem,380.24
2099,7394,4,2024-04-09 14:00:00,buy,4969.42
2243,7856,6,2024-04-09 14:00:00,buy,8137.04
1496,5544,6,2024-04-09 14:00:00,buy,5565.99
394,1374,7,2024-04-09 14:00:00,buy,8079.48
2120,7450,4,2024-04-09 15:00:00,buy,201.38
926,3390,2,2024-04-09 15:00:00,buy,1739.38
507,1704,2,2024-04-09 15:00:00,buy,12171.31
773,2728,3,2024-04-09 15:00:00,buy,3613.3
1019,3781,2,2024-04-09 15:00:00,buy,2665.21
2805,9864,2,2024-04-10 15:00:00,buy,1115.55
1481,5474,2,2024-04-10 15:00:00,buy,517.31
1342,4952,3,2024-04-10 15:00:00,buy,2133.69
517,1764,4,2024-04-11 14:00:00,buy,3107.39
3058,10751,6,2024-04-11 14:00:00,buy,16210.02
974,3636,6,2024-04-11 15:00:00,buy,236.66
2530,8902,3,2024-04-11 15:00:00,buy,807.02
763,2682,1,2024-04-11 15:00:00,buy,773.78
2754,9679,6,2024-04-11 15:00:00,buy,16971.06
2617,9187,3,2024-04-11 15:00:00,buy,18735.79
1391,5204,8,2024-04-11 15:00:00,buy,262.57
2177,7693,4,2024-04-12 14:00:00,buy,13026.3
198,743,6,2024-04-12 14:00:00,buy,2839.55
1236,4426,6,2024-04-12 14:00:00,buy,21389.68
3143,11046,5,2024-04-12 15:00:00,buy,1069.72
1915,6875,6,2024-04-12 15:00:00,buy,7269.26
665,2327,4,2024-04-13 14:00:00,buy,2222.67
3078,10881,6,2024-04-13 14:00:00,buy,6320.65
361,1243,4,2024-04-13 14:00:00,buy,14388.95
2324,8141,4,2024-04-13 14:00:00,buy,3406.78
1719,6233,2,2024-04-13 15:00:00,buy,3576.08
716,2547,5,2024-04-13 15:00:00,buy,2104.43
339,1193,3,2024-04-14 14:00:00,buy,1028.58
545,1879,2,2024-04-14 14:00:00,buy,5990.82
2255,7909,6,2024-04-14 14:00:00,buy,4347.1
2476,8715,1,2024-04-14 14:00:00,buy,2263.99
1681,6139,1,2024-04-14 15:00:00,buy,2582.06
1030,3812,6,2024-04-14 15:00:00,buy,100.0
1814,6538,6,2024-04-14 15:00:00,buy,665.64
827,2944,6,2024-04-15 14:00:00,buy,1540.53
1174,4205,1,2024-04-15 14:00:00,buy,1266.77
745,2636,3,2024-04-15 14:00:00,buy,5311.42
2813,9915,7,2024-04-15 14:00:00,buy,1315.25
2499,8765,2,2024-04-15 15:00:00,buy,6145.02
1458,5414,4,2024-04-15 15:00:00,buy,2810.02
1366,5087,4,2024-04-15 15:00:00,buy,1326.23
2591,9092,3,2024-04-15 15:00:00,buy,1389.59
3128,10985,5,2024-04-15 15:00:00,buy,714.28
3225,11309,1,2024-04-16 14:00:00,buy,1308.24
629,2222,4,2024-04-16 14:00:00,buy,6742.21
3141,11035,2,2024-04-16 14:00:00,buy,4328.65
1267,4503,8,2024-04-16 14:00:00,buy,4100.32
948,3462,5,2024-04-16 14:00:00,buy,5460.73
845,3035,5,2024-04-16 15:00:00,buy,764.82
2369,8323,2,2024-04-16 15:00:00,buy,973.96
1437,5368,6,2024-04-17 14:00:00,buy,4255.26
1659,6011,6,2024-04-17 14:00:00,buy,12592.83
298,1088,4,2024-04-17 14:00:00,buy,3336.52
2261,7937,5,2024-04-17 14:00:00,buy,6885.34
3095,10917,4,2024-04-17 14:00:00,buy,361.99
3065,10794,2,2024-04-17 14:00:00,buy,1252.32
1992,7130,2,2024-04-18 14:00:00,buy,2068.31
2931,10397,5,2024-04-18 14:00:00,buy,10624.28
3082,10882,5,2024-04-18 14:00:00,buy,1346.0
1410,5275,1,2024-04-18 14:00:00,buy,3625.72
2100,7394,1,2024-04-18 15:00:00,buy,2090.64
2555,9001,6,2024-04-18 15:00:00,buy,1090.82
2503,8810,1,2024-04-19 14:00:00,buy,2235.6
2185,7700,1,2024-04-19 14:00:00,buy,2551.51
1291,4736,3,2024-04-19 14:00:00,buy,2049.19
425,1428,3,2024-04-19 15:00:00,buy,221.46
592,2135,4,2024-04-19 15:00:00,buy,9526.42
2183,7699,1,2024-04-20 14:00:00,buy,792.59
1237,4426,1,2024-04-20 15:00:00,buy,5425.96
301,1108,4,2024-04-21 14:00:00,buy,10647.99
1546,5673,3,2024-04-21 14:00:00,buy,2941.98
781,2772,3,2024-04-21 14:00:00,buy,4800.91
694,2432,3,2024-04-21 15:00:00,buy,2088.95
395,1374,8,2024-04-21 15:00:00,buy,3807.42
2977,10515,7,2024-04-21 15:00:00,buy,998.06
136,573,4,2024-04-21 15:00:00,buy,180.86
3244,11374,3,2024-04-21 15:00:00,buy,4006.64
2606,9139,8,2024-04-22 14:00:00,buy,1559.91
165,664,6,2024-04-22 14:00:00,buy,2402.01
1603,5806,1,2024-04-22 14:00:00,buy,565.75
2997,10593,3,2024-04-22 15:00:00,buy,1261.41
2303,8050,4,2024-04-22 15:00:00,buy,992.09
2168,7659,2,2024-04-23 14:00:00,buy,2785.92
2246,7864,3,2024-04-23 14:00:00,buy,9949.84
3147,11054,2,2024-04-23 14:00:00,buy,1241.6
3173,11132,1,2024-04-23 14:00:00,buy,1521.38
1636,5942,3,2024-04-23 15:00:00,buy,1227.42
1623,5843,1,2024-04-23 15:00:00,buy,6018.63
327,1164,1,2024-04-23 15:00:00,buy,3154.38
3178,11138,7,2024-04-24 14:00:00,buy,7643.72
2968,10501,4,2024-04-24 14:00:00,buy,410.72
1469,5441,4,2024-04-24 15:00:00,buy,419.8
3236,11349,6,2024-04-24 15:00:00,buy,404.97
2341,8200,1,2024-04-24 15:00:00,buy,3569.95
3091,10897,1,2024-04-24 15:00:00,buy,327.61
2687,9412,4,2024-04-24 15:00:00,buy,344.03
3119,10961,3,2024-04-25 14:00:00,buy,2422.64
2110,7401,4,2024-04-25 14:00:00,buy,463.74
3121,10974,8,2024-04-25 14:00:00,buy,3181.0
986,3666,7,2024-04-25 14:00:00,buy,307.63
1465,5432,1,2024-04-25 14:00:00,buy,855.94
2633,9249,1,2024-04-25 14:00:00,buy,4136.86
1392,5204,7,2024-04-25 15:00:00,buy,158.34
810,2892,6,2024-04-25 15:00:00,buy,1061.66
923,3382,3,2024-04-25 15:00:00,buy,6181.59
2990,10591,1,2024-04-26 14:00:00,buy,483.75
16,65,2,2024-04-26 15:00:00,buy,3310.08
608,2173,3,2024-04-26 15:00:00,buy,181.49
2938,10409,4,2024-04-26 15:00:00,buy,1599.7
2832,10014,6,2024-04-26 15:00:00,buy,557.67
2300,8049,4,2024-04-27 14:00:00,buy,2793.11
508,1725,2,2024-04-27 14:00:00,buy,49496.9
3075,10870,8,2024-04-27 14:00:00,buy,1622.33
1673,6087,4,2024-04-27 14:00:00,buy,6515.18
2212,7754,4,2024-04-27 14:00:00,buy,2029.01
1419,5323,4,2024-04-27 14:00:00,buy,5615.58
1204,4336,6,2024-04-27 14:00:00,buy,5707.55
2856,10088,4,2024-04-27 14:00:00,buy,6063.31
2890,10270,7,2024-04-27 14:00:00,buy,4200.33
1022,3784,6,2024-04-27 15:00:00,buy,1987.48
1908,6861,7,2024-04-27 15:00:00,buy,3401.03
797,2821,3,2024-04-27 15:00:00,buy,2155.26
1188,4298,4,2024-04-28 14:00:00,buy,6400.3
3417,11956,8,2024-04-28 14:00:00,buy,2474.88
3411,11934,4,2024-04-28 15:00:00,buy,2511.25
3021,10652,6,2024-04-28 15:00:00,buy,758.43
666,2327,3,2024-04-28 15:00:00,buy,2529.53
2881,10223,3,2024-04-29 14:00:00,buy,965.56
2452,8654,2,2024-04-29 14:00:00,buy,4942.31
1249,4461,5,2024-04-29 14:00:00,buy,6456.66
2844,10050,1,2024-04-29 14:00:00,buy,1455.97
476,1615,1,2024-04-29 14:00:00,buy,9750.89
2470,8706,2,2024-04-29 15:00:00,buy,1321.15
3063,10773,8,2024-04-29 15:00:00,buy,2170.89
310,1125,3,2024-04-29 15:00:00,buy,4781.93
3273,11520,5,2024-04-30 14:00:00,buy,2286.78
976,3639,3,2024-04-30 14:00:00,buy,15140.34
1590,5755,1,2024-04-30 14:00:00,buy,5086.04
696,2463,3,2024-04-30 14:00:00,buy,433.01
2823,9973,4,2024-04-30 14:00:00,buy,880.24
2022,7202,2,2024-04-30 15:00:00,buy,983.05
2288,8025,6,2024-04-30 15:00:00,buy,3206.54
1141,4140,5,2024-04-30 15:00:00,buy,4220.01
1525,5615,4,2024-05-01 14:00:00,buy,3939.56
3365,11820,2,2024-05-01 14:00:00,buy,10423.84
110,469,2,2024-05-01 14:00:00,buy,5477.72
3348,11759,4,2024-05-01 14:00:00,buy,5634.9
791,2790,7,2024-05-01 15:00:00,buy,940.2
3079,10881,4,2024-05-01 15:00:00,buy,1075.85
2401,8432,8,2024-05-02 14:00:00,buy,1491.89
1674,6105,5,2024-05-02 14:00:00,buy,10366.68
752,2673,1,2024-05-02 14:00:00,buy,16144.33
1690,6171,3,2024-05-02 14:00:00,buy,10608.83
2522,8883,5,2024-05-02 15:00:00,buy,2088.46
2178,7693,4,2024-05-02 15:00:00,buy,3777.69
3110,10939,3,2024-05-03 14:00:00,buy,538.64
3208,11225,7,2024-05-03 14:00:00,buy,15079.65
241,895,4,2024-05-03 15:00:00,buy,429.76
2186,7700,3,2024-05-03 15:00:00,buy,324.42
134,571,3,2024-05-04 14:00:00,buy,3458.0
1214,4360,1,2024-05-04 14:00:00,buy,2436.66
1971,7055,8,2024-05-04 14:00:00,buy,3155.89
851,3047,3,2024-05-04 14:00:00,buy,2344.17
1710,6202,3,2024-05-04 14:00:00,buy,9282.14
403,1381,1,2024-05-04 14:00:00,buy,9113.59
2274,8005,6,2024-05-04 15:00:00,buy,489.1
4,18,3,2024-05-04 15:00:00,buy,2091.11
1132,4102,2,2024-05-04 15:00:00,buy,2214.32
430,1438,5,2024-05-04 15:00:00,buy,889.14
405,1387,5,2024-05-04 15:00:00,buy,225.45
920,3378,3,2024-05-05 14:00:00,buy,4821.7
2189,7706,1,2024-05-05 14:00:00,buy,1510.67
1038,3822,2,2024-05-05 14:00:00,buy,2450.45
1486,5507,4,2024-05-05 14:00:00,buy,1491.52
1114,4032,3,2024-05-05 14:00:00,buy,3521.37
17,65,1,2024-05-05 15:00:00,buy,2216.2
911,3322,7,2024-05-05 15:00:00,buy,677.83
2539,8915,1,2024-05-05 15:00:00,buy,1729.49
2244,7856,4,2024-05-05 15:00:00,buy,2090.36
1135,4122,6,2024-05-05 15:00:00,buy,3582.28
1728,6239,4,2024-05-06 14:00:00,buy,2754.46
1361,5075,7,2024-05-06 14:00:00,buy,831.39
9,27,8,2024-05-06 15:00:00,buy,1960.6
2367,8310,8,2024-05-06 15:00:00,buy,230.13
3181,11146,6,2024-05-07 14:00:00,buy,2930.37
1354,5053,2,2024-05-07 15:00:00,buy,650.13
2301,8049,1,2024-05-07 15:00:00,buy,1152.39
2149,7579,6,2024-05-08 11:00:00,redeem,172.65
2789,9813,2,2024-05-08 14:00:00,buy,1188.01
1401,5226,2,2024-05-08 14:00:00,buy,19912.55
1961,7008,3,2024-05-08 14:00:00,buy,4423.61
2877,10216,2,2024-05-08 14:00:00,buy,1600.09
1056,3893,1,2024-05-08 14:00:00,buy,2682.49
2425,8560,3,2024-05-08 15:00:00,buy,197.34
2516,8865,4,2024-05-08 15:00:00,buy,3690.03
1804,6519,1,2024-05-08 15:00:00,buy,1638.53
2285,8019,6,2024-05-08 15:00:00,buy,4669.03
1171,4199,4,2024-05-08 15:00:00,buy,472.18
1885,6770,7,2024-05-09 14:00:00,buy,20972.1
3064,10784,2,2024-05-09 14:00:00,buy,2118.03
2418,8539,2,2024-05-09 14:00:00,buy,1477.8
1869,6689,2,2024-05-09 14:00:00,buy,1422.71
3237,11349,4,2024-05-09 15:00:00,buy,323.49
1079,3925,8,2024-05-09 15:00:00,buy,965.43
1100,3985,1,2024-05-09 15:00:00,buy,2161.12
1405,5244,4,2024-05-09 15:00:00,buy,2185.96
1671,6059,4,2024-05-10 14:00:00,buy,784.1
1646,5972,6,2024-05-10 14:00:00,buy,18261.06
2965,10497,1,2024-05-10 14:00:00,buy,2306.13
105,463,1,2024-05-10 14:00:00,buy,1853.69
364,1267,1,2024-05-10 14:00:00,buy,2456.67
2907,10324,8,2024-05-10 15:00:00,buy,1568.98
1189,4298,6,2024-05-10 15:00:00,buy,2840.94
2374,8340,2,2024-05-10 15:00:00,buy,1565.08
299,1105,3,2024-05-11 14:00:00,buy,2037.93
2963,10484,6,2024-05-11 15:00:00,buy,2965.98
2904,10322,2,2024-05-11 15:00:00,buy,1200.09
2525,8888,1,2024-05-11 15:00:00,buy,485.86
3144,11046,6,2024-05-11 15:00:00,buy,717.43
786,2776,3,2024-05-12 11:00:00,redeem,217.24
1284,4690,2,2024-05-12 14:00:00,buy,5756.38
1701,6186,2,2024-05-12 14:00:00,buy,1468.41
2661,9331,5,2024-05-12 15:00:00,buy,252.77
1771,6381,2,2024-05-12 15:00:00,buy,709.48
433,1441,6,2024-05-12 15:00:00,buy,2416.22
2860,10104,4,2024-05-13 14:00:00,buy,24746.2
1510,5584,4,2024-05-13 14:00:00,buy,3958.3
2417,8538,4,2024-05-13 14:00:00,buy,1070.09
486,1629,7,2024-05-13 14:00:00,buy,2521.39
1165,4188,4,2024-05-13 15:00:00,buy,1320.59
1238,4426,4,2024-05-13 15:00:00,buy,3034.32
2916,10350,3,2024-05-14 14:00:00,buy,196.82
2729,9597,1,2024-05-14 14:00:00,buy,1042.89
538,1818,4,2024-05-14 14:00:00,buy,756.01
1675,6105,6,2024-05-14 15:00:00,buy,4335.57
199,743,2,2024-05-14 15:00:00,buy,3113.26
1660,6011,1,2024-05-14 15:00:00,buy,2885.28
1246,4455,4,2024-05-15 14:00:00,buy,1692.47
2636,9251,6,2024-05-15 14:00:00,buy,519.79
1423,5335,8,2024-05-15 14:00:00,buy,56706.81
2241,7837,2,2024-05-15 15:00:00,buy,747.99
2087,7359,3,2024-05-15 15:00:00,buy,961.95
3083,10882,5,2024-05-15 15:00:00,buy,1048.68
2111,7401,4,2024-05-15 15:00:00,buy,780.74
2179,7693,4,2024-05-15 15:00:00,buy,8482.4
2016,7180,6,2024-05-15 15:00:00,buy,2804.42
2872,10180,1,2024-05-15 15:00:00,buy,357.98
3096,10917,4,2024-05-15 15:00:00,buy,249.56
2231,7829,1,2024-05-16 14:00:00,buy,12215.71
2042,7238,2,2024-05-16 14:00:00,buy,2559.1
469,1583,7,2024-05-16 14:00:00,buy,5023.71
140,591,5,2024-05-16 14:00:00,buy,4277.02
1560,5697,3,2024-05-16 14:00:00,buy,2547.9
3288,11579,8,2024-05-16 14:00:00,buy,1196.26
998,3708,4,2024-05-16 15:00:00,buy,24749.69
805,2862,3,2024-05-16 15:00:00,buy,1125.78
1292,4736,3,2024-05-16 15:00:00,buy,1571.62
3120,10961,1,2024-05-16 15:00:00,buy,395.63
2486,8730,4,2024-05-17 14:00:00,buy,1073.4
2490,8733,3,2024-05-17 14:00:00,buy,6305.63
466,1523,6,2024-05-17 14:00:00,buy,1875.93
1036,3819,8,2024-05-17 14:00:00,buy,1199.88
3200,11191,8,2024-05-17 14:00:00,buy,949.23
3222,11304,5,2024-05-17 14:00:00,buy,7244.0
499,1679,4,2024-05-17 14:00:00,buy,9286.49
3076,10870,3,2024-05-17 15:00:00,buy,962.13
1987,7094,3,2024-05-17 15:00:00,buy,1554.61
1463,5415,4,2024-05-17 15:00:00,buy,2315.21
2740,9631,4,2024-05-17 15:00:00,buy,397.92
641,2257,1,2024-05-17 15:00:00,buy,3711.9
2839,10042,2,2024-05-18 11:00:00,redeem,197.23
1597,5782,4,2024-05-18 14:00:00,buy,1935.13
1158,4187,5,2024-05-18 14:00:00,buy,476.45
1408,5249,7,2024-05-18 14:00:00,buy,2022.92
1400,5223,4,2024-05-18 14:00:00,buy,20404.48
1444,5395,6,2024-05-18 14:00:00,buy,14226.18
590,2115,3,2024-05-18 14:00:00,buy,1671.95
3201,11192,3,2024-05-18 14:00:00,buy,1259.04
2926,10385,1,2024-05-18 14:00:00,buy,737.88
518,1789,3,2024-05-18 14:00:00,buy,9480.43
1544,5669,2,2024-05-18 15:00:00,buy,5015.41
2989,10590,6,2024-05-19 14:00:00,buy,7021.38
2706,9472,7,2024-05-19 14:00:00,buy,3812.3
444,1452,6,2024-05-19 14:00:00,buy,4119.1
668,2327,2,2024-05-19 15:00:00,buy,4232.48
3139,11034,4,2024-05-19 15:00:00,buy,983.99
3148,11054,4,2024-05-19 15:00:00,buy,391.42
1672,6059,3,2024-05-19 15:00:00,buy,266.77
2833,10014,4,2024-05-19 15:00:00,buy,815.46
3159,11104,2,2024-05-19 15:00:00,buy,8708.77
533,1804,1,2024-05-20 14:00:00,buy,3121.46
232,878,8,2024-05-20 14:00:00,buy,9579.96
680,2377,1,2024-05-20 14:00:00,buy,1222.87
95,392,4,2024-05-20 14:00:00,buy,2777.08
1502,5561,6,2024-05-20 14:00:00,buy,2785.1
649,2309,3,2024-05-20 15:00:00,buy,1281.79
609,2173,1,2024-05-20 15:00:00,buy,100.0
79,310,8,2024-05-20 15:00:00,buy,413.3
3357,11764,4,2024-05-21 14:00:00,buy,1353.79
2786,9803,2,2024-05-21 14:00:00,buy,662.34
2458,8678,1,2024-05-21 14:00:00,buy,8082.45
1377,5132,2,2024-05-21 14:00:00,buy,1092.84
732,2595,4,2024-05-21 14:00:00,buy,18532.7
729,2581,2,2024-05-21 14:00:00,buy,6300.14
2582,9079,4,2024-05-21 14:00:00,buy,1060.15
2407,8461,4,2024-05-21 14:00:00,buy,3147.59
1946,6976,3,2024-05-21 14:00:00,buy,3039.52
2060,7294,5,2024-05-21 15:00:00,buy,4348.94
2101,7394,2,2024-05-21 15:00:00,buy,2026.61
3122,10974,7,2024-05-21 15:00:00,buy,1726.5
2295,8041,4,2024-05-21 15:00:00,buy,203.58
760,2680,4,2024-05-22 11:00:00,redeem,430.33
2239,7834,7,2024-05-22 11:00:00,redeem,36.5
3344,11750,2,2024-05-22 14:00:00,buy,6672.68
1497,5544,4,2024-05-22 15:00:00,buy,669.08
3416,11950,1,2024-05-22 15:00:00,buy,2417.58
305,1118,1,2024-05-23 14:00:00,buy,1635.99
1628,5889,2,2024-05-23 14:00:00,buy,2581.95
1420,5323,6,2024-05-23 15:00:00,buy,6938.58
340,1193,3,2024-05-23 15:00:00,buy,593.3
572,2013,2,2024-05-23 15:00:00,buy,355.52
2462,8684,1,2024-05-23 15:00:00,buy,685.62
2531,8902,3,2024-05-23 15:00:00,buy,2807.48
1614,5836,3,2024-05-24 14:00:00,buy,4232.8
1928,6900,5,2024-05-24 14:00:00,buy,1806.46
960,3561,7,2024-05-24 14:00:00,buy,1032.92
55,220,6,2024-05-24 14:00:00,buy,4783.88
3298,11599,1,2024-05-24 14:00:00,buy,861.97
1203,4332,1,2024-05-24 14:00:00,buy,5417.41
3174,11132,4,2024-05-24 15:00:00,buy,482.08
3366,11820,1,2024-05-24 15:00:00,buy,1972.88
2523,8883,6,2024-05-24 15:00:00,buy,632.89
1798,6499,3,2024-05-25 14:00:00,buy,1719.92
1155,4181,1,2024-05-25 14:00:00,buy,1481.79
3290,11580,6,2024-05-25 14:00:00,buy,1269.22
3070,10829,4,2024-05-25 14:00:00,buy,1667.22
1350,4996,4,2024-05-25 15:00:00,buy,1260.01
2426,8560,8,2024-05-25 15:00:00,buy,347.33
2607,9139,3,2024-05-25 15:00:00,buy,525.61
1383,5181,4,2024-05-26 14:00:00,buy,17652.46
2576,9069,3,2024-05-26 14:00:00,buy,21380.56
3105,10934,2,2024-05-26 14:00:00,buy,266.86
912,3324,4,2024-05-26 14:00:00,buy,1994.15
527,1798,4,2024-05-26 14:00:00,buy,9887.38
2891,10274,6,2024-05-26 14:00:00,buy,1950.27
846,3035,5,2024-05-26 15:00:00,buy,916.12
2188,7700,8,2024-05-26 15:00:00,buy,1164.61
630,2222,2,2024-05-26 15:00:00,buy,1792.04
2886,10248,4,2024-05-26 15:00:00,buy,5540.84
1504,5574,2,2024-05-27 14:00:00,buy,6216.43
1194,4303,5,2024-05-27 14:00:00,buy,3981.39
1994,7136,6,2024-05-27 14:00:00,buy,472.19
2410,8479,3,2024-05-27 14:00:00,buy,945.88
634,2254,1,2024-05-27 14:00:00,buy,350.57
1937,6931,6,2024-05-27 14:00:00,buy,776.91
1367,5087,3,2024-05-27 15:00:00,buy,1031.96
717,2547,6,2024-05-27 15:00:00,buy,816.28
2998,10593,3,2024-05-28 11:00:00,redeem,665.05
1711,6209,5,2024-05-28 14:00:00,buy,3896.61
1066,3901,1,2024-05-28 14:00:00,buy,2875.42
1433,5364,5,2024-05-28 14:00:00,buy,2563.3
1431,5359,6,2024-05-28 14:00:00,buy,1058.91
2063,7304,6,2024-05-28 14:00:00,buy,5490.34
1250,4461,2,2024-05-28 15:00:00,buy,2971.45
1142,4140,6,2024-05-28 15:00:00,buy,5899.52
927,3390,2,2024-05-29 11:00:00,redeem,598.76
640,2257,3,2024-05-29 11:00:00,redeem,2452.99
2956,10477,6,2024-05-29 15:00:00,buy,1513.05
2824,9973,2,2024-05-29 15:00:00,buy,322.86
2076,7350,5,2024-05-30 14:00:00,buy,2894.45
3035,10692,6,2024-05-30 14:00:00,buy,2154.61
1415,5316,3,2024-05-30 14:00:00,buy,409.16
559,1948,6,2024-05-30 14:00:00,buy,8624.05
2991,10591,3,2024-05-30 15:00:00,buy,493.2
396,1374,2,2024-05-30 15:00:00,buy,3691.22
3084,10882,5,2024-05-30 15:00:00,buy,1431.85
3289,11579,1,2024-05-30 15:00:00,buy,945.51
719,2553,2,2024-05-30 15:00:00,buy,737.62
3179,11138,8,2024-05-30 15:00:00,buy,5551.01
1647,5972,1,2024-05-30 15:00:00,buy,6832.79
21,76,4,2024-05-30 15:00:00,buy,936.18
3349,11759,4,2024-05-30 15:00:00,buy,854.64
1909,6861,1,2024-05-31 15:00:00,buy,3250.37
328,1164,1,2024-06-01 11:00:00,redeem,2124.77
878,3215,5,2024-06-01 14:00:00,buy,1461.09
48,205,1,2024-06-01 14:00:00,buy,587.46
2556,9001,3,2024-06-01 15:00:00,buy,821.38
1190,4298,6,2024-06-01 15:00:00,buy,2271.08
1993,7130,4,2024-06-01 15:00:00,buy,721.9
3182,11146,2,2024-06-01 15:00:00,buy,1133.76
818,2929,2,2024-06-02 14:00:00,buy,14795.14
1355,5057,4,2024-06-02 14:00:00,buy,1442.71
1358,5062,6,2024-06-02 14:00:00,buy,6717.83
1916,6884,1,2024-06-02 14:00:00,buy,16192.73
127,524,6,2024-06-02 14:00:00,buy,4981.33
1081,3925,7,2024-06-02 15:00:00,buy,986.6
650,2309,1,2024-06-02 15:00:00,buy,470.89
1115,4032,8,2024-06-02 15:00:00,buy,1494.81
1487,5507,4,2024-06-02 15:00:00,buy,495.11
1313,4810,1,2024-06-03 14:00:00,buy,1641.0
565,1971,2,2024-06-03 14:00:00,buy,3784.46
1978,7065,3,2024-06-03 15:00:00,buy,1127.58
2247,7864,2,2024-06-03 15:00:00,buy,4263.61
2491,8733,3,2024-06-03 15:00:00,buy,4922.3
1294,4736,6,2024-06-03 15:00:00,buy,2164.03
1268,4503,7,2024-06-03 15:00:00,buy,6047.48
2581,9078,5,2024-06-04 14:00:00,buy,1953.02
1926,6898,8,2024-06-04 15:00:00,buy,115.93
969,3601,4,2024-06-04 15:00:00,buy,844.3
2453,8654,1,2024-06-04 15:00:00,buy,2885.0
1526,5615,6,2024-06-04 15:00:00,buy,1477.87
3059,10751,4,2024-06-04 15:00:00,buy,1856.01
2094,7373,5,2024-06-04 15:00:00,buy,869.77
2444,8611,3,2024-06-05 14:00:00,buy,4974.45
1320,4819,1,2024-06-05 14:00:00,buy,2439.61
561,1951,2,2024-06-05 14:00:00,buy,663.32
259,981,5,2024-06-05 15:00:00,buy,951.53
2526,8888,2,2024-06-05 15:00:00,buy,819.06
1588,5753,2,2024-06-05 15:00:00,buy,1880.3
200,743,2,2024-06-05 15:00:00,buy,1690.43
782,2772,2,2024-06-05 15:00:00,buy,1913.85
2504,8810,7,2024-06-05 15:00:00,buy,1008.86
2878,10216,6,2024-06-05 15:00:00,buy,356.97
1264,4493,1,2024-06-06 14:00:00,buy,834.89
575,2019,4,2024-06-06 14:00:00,buy,21197.46
931,3428,3,2024-06-06 14:00:00,buy,1444.04
415,1411,2,2024-06-06 14:00:00,buy,6397.06
977,3639,2,2024-06-06 15:00:00,buy,10844.26
631,2222,5,2024-06-06 15:00:00,buy,4190.64
289,1072,2,2024-06-07 14:00:00,buy,9705.74
632,2223,6,2024-06-07 14:00:00,buy,283.38
3040,10714,1,2024-06-07 14:00:00,buy,8553.74
122,502,4,2024-06-07 14:00:00,buy,40136.37
3071,10829,1,2024-06-07 15:00:00,buy,867.5
2892,10274,4,2024-06-07 15:00:00,buy,1309.69
546,1879,1,2024-06-07 15:00:00,buy,1089.86
525,1795,3,2024-06-07 15:00:00,buy,4571.31
1720,6233,2,2024-06-08 11:00:00,redeem,2939.05
2903,10322,4,2024-06-08 11:00:00,redeem,2835.64
1020,3781,2,2024-06-08 11:00:00,redeem,1678.37
2440,8608,4,2024-06-08 14:00:00,buy,8679.25
1026,3798,4,2024-06-08 14:00:00,buy,1340.65
2483,8725,6,2024-06-08 14:00:00,buy,27671.44
2114,7415,6,2024-06-08 14:00:00,buy,3406.4
256,958,8,2024-06-08 14:00:00,buy,1268.17
1534,5635,1,2024-06-08 14:00:00,buy,8740.76
553,1911,6,2024-06-08 14:00:00,buy,2131.14
196,741,1,2024-06-08 14:00:00,buy,2951.21
2662,9331,5,2024-06-08 15:00:00,buy,277.24
2122,7450,2,2024-06-08 15:00:00,buy,238.58
2857,10088,3,2024-06-08 15:00:00,buy,2149.87
406,1387,5,2024-06-08 15:00:00,buy,358.57
2628,9224,4,2024-06-08 15:00:00,buy,456.44
1545,5669,8,2024-06-08 15:00:00,buy,6641.44
2863,10108,4,2024-06-09 14:00:00,buy,20336.13
1050,3852,6,2024-06-09 14:00:00,buy,13673.57
577,2037,8,2024-06-09 14:00:00,buy,10822.38
520,1793,2,2024-06-09 14:00:00,buy,2111.45
2184,7699,8,2024-06-09 15:00:00,buy,741.16
519,1789,3,2024-06-09 15:00:00,buy,3895.89
1453,5404,2,2024-06-10 14:00:00,buy,393.38
798,2832,5,2024-06-10 14:00:00,buy,2844.02
1381,5144,3,2024-06-10 14:00:00,buy,688.0
1309,4796,3,2024-06-10 14:00:00,buy,1829.21
3251,11399,8,2024-06-10 14:00:00,buy,10132.89
3202,11192,1,2024-06-10 15:00:00,buy,984.25
3066,10794,8,2024-06-10 15:00:00,buy,571.07
3329,11736,5,2024-06-10 15:00:00,buy,208.48
2939,10409,4,2024-06-11 11:00:00,redeem,980.65
2054,7282,7,2024-06-11 14:00:00,buy,843.06
1345,4971,1,2024-06-11 14:00:00,buy,12859.05
1979,7078,4,2024-06-11 14:00:00,buy,255.72
1921,6897,1,2024-06-11 14:00:00,buy,4045.67
3111,10939,2,2024-06-11 15:00:00,buy,244.47
2969,10501,1,2024-06-11 15:00:00,buy,100.0
2297,8041,2,2024-06-11 15:00:00,buy,405.58
1460,5414,6,2024-06-11 15:00:00,buy,7554.73
341,1193,3,2024-06-11 15:00:00,buy,650.6
1080,3925,8,2024-06-12 11:00:00,redeem,718.87
1482,5488,6,2024-06-12 14:00:00,buy,4221.42
2221,7774,1,2024-06-12 14:00:00,buy,10792.09
1330,4904,2,2024-06-12 14:00:00,buy,27041.92
2067,7325,4,2024-06-12 14:00:00,buy,5592.29
992,3670,4,2024-06-12 15:00:00,buy,3107.75
753,2673,8,2024-06-12 15:00:00,buy,1882.61
2477,8715,3,2024-06-12 15:00:00,buy,396.67
2964,10484,4,2024-06-12 15:00:00,buy,2969.91
774,2732,8,2024-06-13 14:00:00,buy,645.7
2898,10305,6,2024-06-13 14:00:00,buy,3709.72
2802,9859,1,2024-06-13 14:00:00,buy,2482.6
1958,6999,6,2024-06-13 14:00:00,buy,11016.25
720,2554,2,2024-06-13 14:00:00,buy,2543.94
2123,7459,4,2024-06-13 14:00:00,buy,3603.42
1509,5579,1,2024-06-13 15:00:00,buy,2421.39
711,2516,4,2024-06-13 15:00:00,buy,1495.1
1039,3822,1,2024-06-13 15:00:00,buy,765.11
1929,6900,6,2024-06-13 15:00:00,buy,3018.8
2213,7754,2,2024-06-13 15:00:00,buy,272.15
226,853,1,2024-06-14 14:00:00,buy,11382.05
658,2321,1,2024-06-14 15:00:00,buy,477.82
2017,7180,2,2024-06-14 15:00:00,buy,2515.67
14,55,2,2024-06-14 15:00:00,buy,863.61
111,469,1,2024-06-14 15:00:00,buy,3686.85
1467,5435,4,2024-06-15 14:00:00,buy,6996.98
2717,9523,6,2024-06-15 14:00:00,buy,4051.89
197,741,6,2024-06-15 15:00:00,buy,1182.26
477,1615,1,2024-06-15 15:00:00,buy,3880.41
3256,11411,4,2024-06-16 14:00:00,buy,709.31
807,2876,2,2024-06-16 14:00:00,buy,1753.65
2383,8353,1,2024-06-16 14:00:00,buy,1304.25
2088,7365,4,2024-06-16 14:00:00,buy,42323.3
25,90,2,2024-06-16 14:00:00,buy,2269.44
670,2332,5,2024-06-16 15:00:00,buy,979.58
2275,8005,6,2024-06-16 15:00:00,buy,1522.93
2634,9249,2,2024-06-16 15:00:00,buy,2388.23
1033,3818,1,2024-06-16 15:00:00,buy,3963.71
3028,10662,3,2024-06-16 15:00:00,buy,13412.87
584,2088,2,2024-06-17 14:00:00,buy,8314.49
321,1143,1,2024-06-17 14:00:00,buy,931.51
598,2147,4,2024-06-17 14:00:00,buy,6551.26
3239,11359,2,2024-06-17 14:00:00,buy,603.55
554,1916,5,2024-06-17 14:00:00,buy,7471.5
1735,6273,1,2024-06-17 14:00:00,buy,3982.36
1879,6733,1,2024-06-17 14:00:00,buy,11224.75
1664,6048,1,2024-06-17 14:00:00,buy,222.41
365,1267,4,2024-06-17 15:00:00,buy,2243.05
3175,11132,1,2024-06-17 15:00:00,buy,631.89
1156,4181,8,2024-06-17 15:00:00,buy,1076.59
2102,7394,4,2024-06-17 15:00:00,buy,1163.22
2917,10350,3,2024-06-17 15:00:00,buy,172.77
1067,3901,1,2024-06-17 15:00:00,buy,6545.37
2723,9545,8,2024-06-18 14:00:00,buy,670.03
3277,11530,3,2024-06-18 14:00:00,buy,1310.78
1454,5411,4,2024-06-18 14:00:00,buy,795.72
2077,7350,4,2024-06-18 15:00:00,buy,1959.23
1598,5782,6,2024-06-18 15:00:00,buy,821.49
1498,5544,4,2024-06-19 11:00:00,redeem,390.85
2121,7450,4,2024-06-19 11:00:00,redeem,133.97
3358,11768,1,2024-06-19 14:00:00,buy,1443.24
1240,4443,2,2024-06-19 14:00:00,buy,282.76
509,1727,7,2024-06-19 14:00:00,buy,395.48
3299,11599,1,2024-06-19 15:00:00,buy,792.37
1215,4360,4,2024-06-19 15:00:00,buy,801.82
2007,7161,3,2024-06-19 15:00:00,buy,472.46
1448,5399,4,2024-06-20 14:00:00,buy,349.17
369,1306,3,2024-06-20 14:00:00,buy,3684.21
3387,11900,1,2024-06-20 14:00:00,buy,1811.96
1269,4520,4,2024-06-20 14:00:00,buy,10664.99
3355,11761,1,2024-06-20 14:00:00,buy,3806.64
847,3035,5,2024-06-20 15:00:00,buy,730.44
2472,8706,4,2024-06-20 15:00:00,buy,2411.95
1972,7055,3,2024-06-20 15:00:00,buy,1169.75
459,1492,4,2024-06-20 15:00:00,buy,847.14
1378,5132,1,2024-06-20 15:00:00,buy,413.12
2782,9798,4,2024-06-21 14:00:00,buy,1975.53
2579,9074,2,2024-06-21 14:00:00,buy,868.3
2065,7324,1,2024-06-21 14:00:00,buy,428.71
1260,4482,7,2024-06-21 14:00:00,buy,1518.84
2399,8426,3,2024-06-21 14:00:00,buy,5935.29
828,2944,6,2024-06-21 15:00:00,buy,178.2
2932,10397,5,2024-06-21 15:00:00,buy,11985.35
1995,7136,4,2024-06-21 15:00:00,buy,151.98
1167,4188,1,2024-06-21 15:00:00,buy,228.64
2741,9637,6,2024-06-22 14:00:00,buy,28253.84
1903,6855,6,2024-06-22 14:00:00,buy,9956.68
1185,4272,4,2024-06-22 14:00:00,buy,13140.33
96,396,3,2024-06-22 14:00:00,buy,2353.66
562,1951,5,2024-06-22 15:00:00,buy,124.99
1591,5755,1,2024-06-22 15:00:00,buy,5420.09
2445,8611,2,2024-06-22 15:00:00,buy,669.52
679,2343,2,2024-06-22 15:00:00,buy,4657.34
1886,6770,1,2024-06-22 15:00:00,buy,9267.59
539,1818,4,2024-06-22 15:00:00,buy,862.08
3097,10917,3,2024-06-22 15:00:00,buy,675.71
467,1523,2,2024-06-22 15:00:00,buy,703.89
2370,8323,2,2024-06-23 11:00:00,redeem,296.38
380,1336,1,2024-06-23 14:00:00,buy,7079.2
1096,3982,2,2024-06-23 14:00:00,buy,80000.0
1136,4125,2,2024-06-23 14:00:00,buy,4610.34
1556,5685,3,2024-06-23 15:00:00,buy,590.92
1464,5415,5,2024-06-23 15:00:00,buy,2375.57
2637,9251,2,2024-06-23 15:00:00,buy,778.08
3345,11750,6,2024-06-23 15:00:00,buy,3270.25
203,749,2,2024-06-23 15:00:00,buy,1745.27
1432,5359,4,2024-06-23 15:00:00,buy,259.68
240,895,2,2024-06-24 11:00:00,redeem,277.54
1037,3819,8,2024-06-24 15:00:00,buy,1399.52
651,2309,8,2024-06-24 15:00:00,buy,426.15
1511,5584,4,2024-06-24 15:00:00,buy,2266.49
1416,5316,8,2024-06-24 15:00:00,buy,303.89
3080,10881,4,2024-06-24 15:00:00,buy,2449.28
2187,7700,3,2024-06-25 11:00:00,redeem,144.67
2023,7204,5,2024-06-25 14:00:00,buy,1352.97
484,1626,2,2024-06-25 14:00:00,buy,1227.14
903,3292,4,2024-06-25 14:00:00,buy,11728.93
1749,6316,2,2024-06-25 14:00:00,buy,1856.31
1521,5600,5,2024-06-25 14:00:00,buy,8036.76
3292,11588,1,2024-06-25 14:00:00,buy,10434.16
1840,6602,1,2024-06-25 14:00:00,buy,1871.4
1285,4690,7,2024-06-25 15:00:00,buy,2604.19
1637,5942,7,2024-06-25 15:00:00,buy,4041.01
2970,10501,6,2024-06-25 15:00:00,buy,191.21
984,3664,1,2024-06-25 15:00:00,buy,905.02
2136,7527,3,2024-06-25 15:00:00,buy,17225.88
106,463,4,2024-06-25 15:00:00,buy,312.31
1459,5414,4,2024-06-26 11:00:00,redeem,1707.43
936,3436,4,2024-06-26 14:00:00,buy,2518.57
174,680,6,2024-06-26 14:00:00,buy,3365.48
3184,11153,7,2024-06-26 14:00:00,buy,4448.99
2641,9256,4,2024-06-26 14:00:00,buy,2293.03
3140,11034,4,2024-06-26 15:00:00,buy,753.41
1111,4010,2,2024-06-26 15:00:00,buy,2862.79
2043,7238,5,2024-06-26 15:00:00,buy,2115.18
571,2013,5,2024-06-27 11:00:00,redeem,410.76
2527,8888,2,2024-06-27 11:00:00,redeem,269.77
1133,4102,2,2024-06-27 11:00:00,redeem,1143.02
1336,4935,4,2024-06-27 14:00:00,buy,1022.89
1107,4004,8,2024-06-27 14:00:00,buy,16765.32
2415,8532,4,2024-06-27 14:00:00,buy,1121.6
290,1072,2,2024-06-27 15:00:00,buy,1594.93
3022,10652,1,2024-06-27 15:00:00,buy,560.48
761,2680,4,2024-06-27 15:00:00,buy,669.49
2762,9741,2,2024-06-27 15:00:00,buy,2078.15
2286,8019,6,2024-06-28 11:00:00,redeem,1449.4
3412,11938,3,2024-06-28 14:00:00,buy,1083.03
2492,8733,2,2024-06-28 15:00:00,buy,8045.48
1310,4796,4,2024-06-28 15:00:00,buy,1736.42
260,981,5,2024-06-28 15:00:00,buy,1438.3
2019,7193,7,2024-06-28 15:00:00,buy,2214.58
1316,4817,6,2024-06-29 14:00:00,buy,14564.55
211,823,2,2024-06-29 14:00:00,buy,100.0
3405,11931,6,2024-06-29 14:00:00,buy,1085.99
3326,11726,1,2024-06-29 14:00:00,buy,9563.93
1844,6617,4,2024-06-29 14:00:00,buy,900.13
154,637,4,2024-06-29 14:00:00,buy,27219.95
2730,9597,1,2024-06-29 15:00:00,buy,612.78
3291,11580,5,2024-06-29 15:00:00,buy,675.76
2459,8678,1,2024-06-29 15:00:00,buy,2799.2
3089,10893,2,2024-06-30 14:00:00,buy,11559.93
23,79,4,2024-06-30 14:00:00,buy,543.73
143,597,2,2024-06-30 14:00:00,buy,8947.49
2635,9249,7,2024-06-30 15:00:00,buy,886.68
3306,11640,4,2024-07-01 14:00:00,buy,9351.55
2809,9902,6,2024-07-01 14:00:00,buy,10993.71
3323,11724,4,2024-07-01 14:00:00,buy,5189.47
2271,7973,1,2024-07-01 15:00:00,buy,7904.94
1503,5561,6,2024-07-01 15:00:00,buy,797.86
1615,5836,1,2024-07-01 15:00:00,buy,1419.63
1051,3852,5,2024-07-01 15:00:00,buy,12221.79
1483,5488,6,2024-07-02 15:00:00,buy,747.24
1356,5057,6,2024-07-02 15:00:00,buy,777.59
1258,4475,3,2024-07-03 14:00:00,buy,4406.63
1836,6597,1,2024-07-03 14:00:00,buy,10171.36
2869,10135,1,2024-07-03 14:00:00,buy,13889.27
2978,10515,8,2024-07-03 15:00:00,buy,2583.86
3351,11759,4,2024-07-03 15:00:00,buy,1369.93
2806,9864,2,2024-07-03 15:00:00,buy,557.51
1577,5723,1,2024-07-03 15:00:00,buy,1107.95
397,1374,1,2024-07-03 15:00:00,buy,1464.33
848,3035,6,2024-07-03 15:00:00,buy,705.04
806,2862,2,2024-07-03 15:00:00,buy,3397.06
2502,8767,1,2024-07-04 11:00:00,redeem,2227.75
1822,6572,1,2024-07-04 14:00:00,buy,266.4
652,2314,1,2024-07-04 14:00:00,buy,4940.13
2696,9442,2,2024-07-04 14:00:00,buy,4516.85
3137,11033,1,2024-07-04 14:00:00,buy,2092.57
1092,3954,1,2024-07-04 14:00:00,buy,1682.35
2528,8888,2,2024-07-04 15:00:00,buy,717.89
478,1615,8,2024-07-04 15:00:00,buy,2680.28
932,3428,8,2024-07-04 15:00:00,buy,562.5
2427,8560,7,2024-07-04 15:00:00,buy,567.78
1582,5745,4,2024-07-04 15:00:00,buy,4696.83
1186,4272,6,2024-07-04 15:00:00,buy,4957.98
792,2790,7,2024-07-05 11:00:00,redeem,478.61
137,573,4,2024-07-05 11:00:00,redeem,116.4
2349,8243,6,2024-07-05 14:00:00,buy,5613.98
1580,5736,6,2024-07-05 14:00:00,buy,3122.28
2009,7174,7,2024-07-05 14:00:00,buy,1591.82
2387,8368,4,2024-07-05 14:00:00,buy,668.08
89,372,1,2024-07-05 14:00:00,buy,684.23
1290,4724,4,2024-07-05 14:00:00,buy,2565.03
291,1072,2,2024-07-05 15:00:00,buy,4733.5
431,1438,5,2024-07-05 15:00:00,buy,475.63
3346,11750,2,2024-07-05 15:00:00,buy,2181.21
1251,4461,6,2024-07-05 15:00:00,buy,3462.85
2592,9092,2,2024-07-05 15:00:00,buy,2512.81
2858,10088,4,2024-07-05 15:00:00,buy,2867.83
2262,7937,6,2024-07-05 15:00:00,buy,1552.83
138,573,6,2024-07-05 15:00:00,buy,248.59
102,418,4,2024-07-06 14:00:00,buy,12661.71
2506,8818,7,2024-07-06 14:00:00,buy,10315.81
1370,5096,3,2024-07-06 14:00:00,buy,389.65
28,94,4,2024-07-06 14:00:00,buy,1209.35
2156,7607,6,2024-07-06 14:00:00,buy,753.86
1441,5387,6,2024-07-06 14:00:00,buy,2976.91
1947,6976,8,2024-07-06 15:00:00,buy,608.01
3067,10794,1,2024-07-06 15:00:00,buy,653.59
2463,8684,1,2024-07-06 15:00:00,buy,366.87
667,2327,3,2024-07-07 11:00:00,redeem,1065.91
953,3520,2,2024-07-07 14:00:00,buy,5751.76
2815,9926,3,2024-07-07 14:00:00,buy,2446.02
958,3534,1,2024-07-07 14:00:00,buy,1905.27
3420,11992,4,2024-07-07 14:00:00,buy,9953.12
3245,11374,3,2024-07-07 15:00:00,buy,4523.81
1027,3798,2,2024-07-07 15:00:00,buy,1036.17
1331,4904,4,2024-07-07 15:00:00,buy,5080.14
987,3666,3,2024-07-07 15:00:00,buy,165.94
1805,6519,3,2024-07-07 15:00:00,buy,1402.98
1648,5972,3,2024-07-07 15:00:00,buy,1798.06
2566,9044,4,2024-07-08 14:00:00,buy,1003.85
1326,4860,1,2024-07-08 14:00:00,buy,26669.77
859,3099,7,2024-07-08 14:00:00,buy,5927.46
894,3260,1,2024-07-08 14:00:00,buy,1381.41
2759,9735,6,2024-07-08 14:00:00,buy,6703.48
593,2135,6,2024-07-08 15:00:00,buy,3950.39
49,205,4,2024-07-08 15:00:00,buy,281.67
3388,11900,1,2024-07-08 15:00:00,buy,355.03
2724,9545,8,2024-07-08 15:00:00,buy,368.16
3036,10692,6,2024-07-08 15:00:00,buy,2699.16
257,958,3,2024-07-09 15:00:00,buy,1637.59
635,2254,6,2024-07-09 15:00:00,buy,737.04
548,1879,7,2024-07-09 15:00:00,buy,1869.73
1362,5075,1,2024-07-09 15:00:00,buy,334.2
775,2732,8,2024-07-09 15:00:00,buy,359.0
3300,11599,1,2024-07-10 11:00:00,redeem,210.4
771,2727,2,2024-07-10 14:00:00,buy,2356.9
1864,6683,1,2024-07-10 14:00:00,buy,1601.84
300,1105,4,2024-07-10 15:00:00,buy,1704.03
1980,7078,4,2024-07-10 15:00:00,buy,165.0
2190,7706,1,2024-07-10 15:00:00,buy,1287.68
2783,9798,3,2024-07-10 15:00:00,buy,1165.68
697,2463,4,2024-07-10 15:00:00,buy,100.0
3350,11759,4,2024-07-11 11:00:00,redeem,351.61
2061,7294,5,2024-07-11 11:00:00,redeem,3007.77
186,719,1,2024-07-11 14:00:00,buy,347.87
581,2076,1,2024-07-11 14:00:00,buy,567.43
374,1320,6,2024-07-11 14:00:00,buy,7433.45
322,1143,1,2024-07-11 15:00:00,buy,219.2
2112,7401,3,2024-07-11 15:00:00,buy,411.18
108,463,2,2024-07-11 15:00:00,buy,830.9
201,743,2,2024-07-12 11:00:00,redeem,1512.47
24,89,6,2024-07-12 14:00:00,buy,2473.49
2003,7155,4,2024-07-12 14:00:00,buy,23779.52
1990,7122,2,2024-07-12 14:00:00,buy,992.4
2064,7304,5,2024-07-12 15:00:00,buy,3393.59
534,1804,4,2024-07-12 15:00:00,buy,940.0
1407,5244,6,2024-07-12 15:00:00,buy,4624.39
2587,9089,4,2024-07-13 14:00:00,buy,131.37
1332,4907,2,2024-07-13 14:00:00,buy,18918.14
1901,6827,7,2024-07-13 14:00:00,buy,2567.9
2235,7832,1,2024-07-13 14:00:00,buy,10210.71
2574,9068,4,2024-07-13 14:00:00,buy,3295.37
2910,10335,1,2024-07-13 14:00:00,buy,3421.44
37,169,3,2024-07-13 14:00:00,buy,1509.19
2601,9134,6,2024-07-13 14:00:00,buy,1004.61
1665,6048,1,2024-07-13 15:00:00,buy,215.4
1589,5753,6,2024-07-13 15:00:00,buy,1364.6
2124,7459,4,2024-07-13 15:00:00,buy,2864.14
1505,5574,6,2024-07-13 15:00:00,buy,3299.08
2333,8162,8,2024-07-13 15:00:00,buy,1335.24
2779,9793,3,2024-07-14 14:00:00,buy,1178.36
1172,4199,4,2024-07-14 15:00:00,buy,376.08
490,1658,4,2024-07-14 15:00:00,buy,3459.53
5,18,4,2024-07-14 15:00:00,buy,3080.22
3240,11359,1,2024-07-14 15:00:00,buy,464.76
212,823,5,2024-07-14 15:00:00,buy,189.06
2066,7324,1,2024-07-14 15:00:00,buy,455.27
975,3636,1,2024-07-14 15:00:00,buy,100.0
342,1193,3,2024-07-15 11:00:00,redeem,338.31
503,1703,4,2024-07-15 14:00:00,buy,487.49
2160,7639,2,2024-07-15 14:00:00,buy,1685.53
2316,8097,3,2024-07-15 14:00:00,buy,18428.23
1698,6185,1,2024-07-15 14:00:00,buy,6080.5
521,1793,2,2024-07-15 15:00:00,buy,450.51
500,1679,5,2024-07-15 15:00:00,buy,5757.01
3333,11744,5,2024-07-16 14:00:00,buy,8340.59
2558,9006,2,2024-07-16 14:00:00,buy,280.24
3189,11185,1,2024-07-16 14:00:00,buy,8449.13
1738,6278,1,2024-07-16 14:00:00,buy,990.17
1247,4455,2,2024-07-16 15:00:00,buy,1681.11
2880,10216,2,2024-07-16 15:00:00,buy,611.29
2245,7856,1,2024-07-16 15:00:00,buy,4897.27
2608,9139,8,2024-07-16 15:00:00,buy,774.83
3226,11309,2,2024-07-16 15:00:00,buy,520.12
1166,4188,4,2024-07-17 11:00:00,redeem,609.81
2757,9697,3,2024-07-17 14:00:00,buy,2541.54
2494,8738,3,2024-07-17 14:00:00,buy,4572.01
71,295,1,2024-07-17 14:00:00,buy,1726.83
1153,4178,3,2024-07-17 14:00:00,buy,14118.95
2329,8152,3,2024-07-17 14:00:00,buy,2722.51
2215,7759,1,2024-07-17 14:00:00,buy,4535.28
1242,4453,5,2024-07-17 14:00:00,buy,388.54
470,1583,3,2024-07-17 15:00:00,buy,7015.41
1927,6898,1,2024-07-17 15:00:00,buy,423.09
2055,7282,3,2024-07-17 15:00:00,buy,282.44
485,1626,5,2024-07-17 15:00:00,buy,442.46
1406,5244,4,2024-07-18 11:00:00,redeem,1162.71
1694,6178,8,2024-07-18 14:00:00,buy,4374.34
964,3590,2,2024-07-18 14:00:00,buy,667.15
1762,6355,1,2024-07-18 14:00:00,buy,1578.26
112,469,1,2024-07-18 15:00:00,buy,6201.15
482,1616,6,2024-07-18 15:00:00,buy,8400.39
1756,6340,7,2024-07-18 15:00:00,buy,608.07
2495,8739,1,2024-07-19 14:00:00,buy,5596.91
2228,7801,4,2024-07-19 14:00:00,buy,6592.84
3060,10758,3,2024-07-19 14:00:00,buy,1669.49
685,2417,7,2024-07-19 14:00:00,buy,7015.65
1722,6235,5,2024-07-19 15:00:00,buy,218.34
2079,7350,5,2024-07-19 15:00:00,buy,2436.91
141,591,6,2024-07-19 15:00:00,buy,479.82
56,220,6,2024-07-19 15:00:00,buy,2658.86
306,1118,4,2024-07-19 15:00:00,buy,3293.92
2908,10324,2,2024-07-19 15:00:00,buy,857.07
2629,9224,4,2024-07-20 11:00:00,redeem,150.66
348,1211,4,2024-07-20 14:00:00,buy,2051.73
349,1216,7,2024-07-20 14:00:00,buy,4364.08
580,2058,6,2024-07-20 14:00:00,buy,5319.06
1270,4520,1,2024-07-20 15:00:00,buy,2971.26
1837,6597,1,2024-07-20 15:00:00,buy,3176.42
1445,5395,1,2024-07-20 15:00:00,buy,1729.59
2992,10591,2,2024-07-20 15:00:00,buy,1123.75
1466,5432,6,2024-07-20 15:00:00,buy,182.63
1293,4736,3,2024-07-21 11:00:00,redeem,515.99
1527,5615,6,2024-07-21 11:00:00,redeem,1309.04
1606,5826,4,2024-07-21 14:00:00,buy,7511.18
892,3252,3,2024-07-21 14:00:00,buy,199.01
1085,3928,3,2024-07-21 14:00:00,buy,252.92
904,3293,1,2024-07-21 14:00:00,buy,2901.24
1304,4793,5,2024-07-21 14:00:00,buy,4657.03
3072,10845,4,2024-07-21 14:00:00,buy,1305.3
3390,11900,3,2024-07-21 15:00:00,buy,827.54
2957,10477,3,2024-07-21 15:00:00,buy,1275.95
381,1336,3,2024-07-21 15:00:00,buy,1876.03
50,205,1,2024-07-21 15:00:00,buy,206.84
2471,8706,2,2024-07-22 11:00:00,redeem,1001.62
1775,6407,2,2024-07-22 14:00:00,buy,3868.88
1005,3744,6,2024-07-22 14:00:00,buy,798.88
917,3367,4,2024-07-22 14:00:00,buy,1299.29
2479,8724,6,2024-07-22 14:00:00,buy,14725.93
1561,5697,4,2024-07-22 15:00:00,buy,2065.05
1359,5062,4,2024-07-22 15:00:00,buy,9865.79
3406,11931,6,2024-07-22 15:00:00,buy,1157.14
416,1411,8,2024-07-22 15:00:00,buy,4356.33
1702,6186,3,2024-07-22 15:00:00,buy,883.75
1579,5723,4,2024-07-22 15:00:00,buy,376.77
3112,10939,8,2024-07-22 15:00:00,buy,100.0
3368,11820,4,2024-07-22 15:00:00,buy,2735.55
233,878,1,2024-07-22 15:00:00,buy,876.09
1917,6884,2,2024-07-22 15:00:00,buy,7788.15
1040,3822,1,2024-07-23 11:00:00,redeem,369.75
1287,4702,7,2024-07-23 14:00:00,buy,10105.63
1815,6546,2,2024-07-23 14:00:00,buy,945.79
526,1795,4,2024-07-23 15:00:00,buy,9824.4
445,1452,2,2024-07-23 15:00:00,buy,3695.61
3278,11530,7,2024-07-23 15:00:00,buy,546.2
776,2732,1,2024-07-23 15:00:00,buy,323.18
123,502,3,2024-07-23 15:00:00,buy,16512.76
2866,10114,4,2024-07-24 14:00:00,buy,1700.16
2279,8009,1,2024-07-24 14:00:00,buy,892.1
471,1607,4,2024-07-24 14:00:00,buy,2949.58
712,2534,4,2024-07-24 14:00:00,buy,2635.4
1046,3832,2,2024-07-24 14:00:00,buy,1745.2
3356,11761,3,2024-07-24 15:00:00,buy,4344.56
2137,7527,4,2024-07-24 15:00:00,buy,5400.63
1845,6617,3,2024-07-24 15:00:00,buy,402.87
3203,11192,4,2024-07-24 15:00:00,buy,2321.35
3106,10934,4,2024-07-24 15:00:00,buy,100.0
2663,9331,5,2024-07-25 11:00:00,redeem,239.08
2405,8442,4,2024-07-25 14:00:00,buy,36567.3
1791,6475,4,2024-07-25 14:00:00,buy,429.51
1940,6940,3,2024-07-25 14:00:00,buy,6796.13
907,3298,2,2024-07-25 14:00:00,buy,1736.76
3281,11546,4,2024-07-25 14:00:00,buy,2433.83
2249,7872,7,2024-07-25 14:00:00,buy,100.0
2431,8585,1,2024-07-25 14:00:00,buy,3645.22
1082,3925,1,2024-07-25 15:00:00,buy,492.26
2024,7204,4,2024-07-25 15:00:00,buy,378.07
1314,4810,7,2024-07-25 15:00:00,buy,227.81
755,2673,8,2024-07-25 15:00:00,buy,5482.88
1880,6733,3,2024-07-25 15:00:00,buy,2684.23
2966,10497,4,2024-07-25 15:00:00,buy,672.42
1799,6499,1,2024-07-25 15:00:00,buy,1293.26
728,2578,7,2024-07-26 14:00:00,buy,9260.84
2577,9069,3,2024-07-26 15:00:00,buy,3735.42
1379,5132,2,2024-07-26 15:00:00,buy,597.15
989,3666,8,2024-07-26 15:00:00,buy,223.36
2478,8715,3,2024-07-27 11:00:00,redeem,179.53
2649,9297,5,2024-07-27 14:00:00,buy,4234.21
829,2956,1,2024-07-27 14:00:00,buy,4689.22
1898,6821,2,2024-07-27 14:00:00,buy,504.31
2784,9798,4,2024-07-27 15:00:00,buy,494.55
3301,11599,1,2024-07-27 15:00:00,buy,1760.16
671,2332,2,2024-07-27 15:00:00,buy,1681.56
1475,5454,6,2024-07-27 15:00:00,buy,531.57
1558,5685,6,2024-07-27 15:00:00,buy,1056.7
1806,6519,3,2024-07-28 11:00:00,redeem,643.56
2419,8546,6,2024-07-28 14:00:00,buy,1809.3
1787,6462,1,2024-07-28 14:00:00,buy,222.89
1375,5128,3,2024-07-28 14:00:00,buy,1597.38
1773,6394,4,2024-07-28 14:00:00,buy,1546.84
1539,5667,2,2024-07-28 14:00:00,buy,366.42
501,1679,6,2024-07-28 15:00:00,buy,4693.01
2276,8005,5,2024-07-28 15:00:00,buy,1117.98
370,1306,7,2024-07-28 15:00:00,buy,972.83
1449,5399,5,2024-07-28 15:00:00,buy,203.65
3124,10979,8,2024-07-28 15:00:00,buy,3301.2
856,3085,8,2024-07-28 15:00:00,buy,885.18
3238,11349,4,2024-07-29 11:00:00,redeem,172.98
2726,9568,4,2024-07-29 14:00:00,buy,241.7
1397,5216,6,2024-07-29 14:00:00,buy,2241.63
2731,9597,2,2024-07-29 15:00:00,buy,212.8
2870,10135,1,2024-07-29 15:00:00,buy,6473.28
1333,4907,3,2024-07-29 15:00:00,buy,5073.83
1113,4010,1,2024-07-29 15:00:00,buy,2203.62
286,1059,7,2024-07-30 14:00:00,buy,8467.41
2309,8083,5,2024-07-30 14:00:00,buy,14500.74
315,1135,6,2024-07-30 14:00:00,buy,15475.91
2540,8916,4,2024-07-30 14:00:00,buy,11897.42
2402,8437,2,2024-07-30 14:00:00,buy,2780.87
1823,6572,1,2024-07-30 15:00:00,buy,100.0
1682,6139,3,2024-07-30 15:00:00,buy,1179.45
1321,4819,1,2024-07-30 15:00:00,buy,1852.45
599,2153,1,2024-07-31 14:00:00,buy,2186.24
294,1079,7,2024-07-31 14:00:00,buy,3980.62
3370,11827,2,2024-07-31 14:00:00,buy,207.36
1057,3893,2,2024-07-31 15:00:00,buy,3031.72
2408,8461,2,2024-07-31 15:00:00,buy,1487.43
836,2996,4,2024-08-01 14:00:00,buy,3656.11
659,2321,1,2024-08-01 15:00:00,buy,1120.43
2861,10104,4,2024-08-01 15:00:00,buy,18918.46
2982,10572,4,2024-08-01 15:00:00,buy,4199.03
491,1658,4,2024-08-01 15:00:00,buy,3667.87
860,3099,7,2024-08-01 15:00:00,buy,4188.42
1271,4520,6,2024-08-01 15:00:00,buy,1322.59
1499,5545,3,2024-08-02 14:00:00,buy,5919.82
1273,4542,4,2024-08-02 14:00:00,buy,748.57
985,3664,1,2024-08-02 15:00:00,buy,2451.22
1904,6855,6,2024-08-02 15:00:00,buy,4273.61
721,2554,4,2024-08-02 15:00:00,buy,331.38
1676,6105,4,2024-08-02 15:00:00,buy,2731.51
1461,5414,6,2024-08-02 15:00:00,buy,6345.28
2473,8706,6,2024-08-02 15:00:00,buy,3728.8
3195,11187,3,2024-08-03 14:00:00,buy,2460.79
1846,6618,6,2024-08-03 14:00:00,buy,2626.08
2959,10482,4,2024-08-03 14:00:00,buy,904.54
2158,7637,6,2024-08-03 14:00:00,buy,6434.46
1382,5144,1,2024-08-03 15:00:00,buy,122.25
1195,4303,6,2024-08-03 15:00:00,buy,1061.01
2787,9803,3,2024-08-03 15:00:00,buy,171.24
3032,10670,6,2024-08-04 14:00:00,buy,1756.98
2671,9382,3,2024-08-04 14:00:00,buy,1456.62
367,1298,1,2024-08-04 14:00:00,buy,7525.67
3149,11057,4,2024-08-04 14:00:00,buy,3556.42
3038,10700,1,2024-08-04 14:00:00,buy,387.54
2638,9251,2,2024-08-04 15:00:00,buy,428.37
2810,9902,4,2024-08-04 15:00:00,buy,3009.16
2697,9442,7,2024-08-04 15:00:00,buy,1582.83
2575,9068,4,2024-08-04 15:00:00,buy,1912.9
3081,10881,4,2024-08-05 11:00:00,redeem,1346.5
1892,6809,1,2024-08-05 14:00:00,buy,2558.04
1255,4469,4,2024-08-05 14:00:00,buy,6826.84
2645,9273,1,2024-08-05 14:00:00,buy,6436.0
2306,8053,2,2024-08-05 14:00:00,buy,5990.61
1259,4475,4,2024-08-05 15:00:00,buy,2696.33
730,2581,6,2024-08-05 15:00:00,buy,4268.24
1522,5600,5,2024-08-05 15:00:00,buy,8477.88
937,3436,3,2024-08-05 15:00:00,buy,1562.93
2296,8041,4,2024-08-06 11:00:00,redeem,127.73
2455,8671,6,2024-08-06 14:00:00,buy,2882.21
3217,11283,5,2024-08-06 14:00:00,buy,6067.43
1289,4720,4,2024-08-06 14:00:00,buy,100.0
1750,6316,8,2024-08-06 15:00:00,buy,219.65
1949,6976,1,2024-08-06 15:00:00,buy,528.95
2428,8560,3,2024-08-06 15:00:00,buy,682.61
2567,9044,6,2024-08-06 15:00:00,buy,271.32
18,65,2,2024-08-06 15:00:00,buy,849.17
1205,4336,6,2024-08-06 15:00:00,buy,1259.55
895,3260,8,2024-08-06 15:00:00,buy,2349.69
2004,7155,5,2024-08-06 15:00:00,buy,3868.04
1380,5132,2,2024-08-06 15:00:00,buy,333.83
1143,4140,4,2024-08-06 15:00:00,buy,5818.74
2979,10523,3,2024-08-07 14:00:00,buy,9635.19
2758,9713,6,2024-08-07 14:00:00,buy,396.4
2446,8625,4,2024-08-07 14:00:00,buy,1860.17
1182,4248,4,2024-08-07 14:00:00,buy,16587.93
3163,11109,6,2024-08-07 14:00:00,buy,22419.91
187,720,4,2024-08-07 14:00:00,buy,4146.69
3041,10720,1,2024-08-07 14:00:00,buy,5912.72
1298,4755,3,2024-08-07 14:00:00,buy,24815.84
2505,8810,1,2024-08-07 15:00:00,buy,387.93
1368,5087,6,2024-08-07 15:00:00,buy,270.86
2733,9597,4,2024-08-07 15:00:00,buy,157.51
2748,9668,4,2024-08-08 14:00:00,buy,1598.33
2044,7244,6,2024-08-08 14:00:00,buy,1462.26
1226,4388,4,2024-08-08 14:00:00,buy,5796.82
1315,4810,7,2024-08-08 15:00:00,buy,426.38
3327,11726,8,2024-08-08 15:00:00,buy,2618.15
142,591,4,2024-08-08 15:00:00,buy,922.36
1403,5242,8,2024-08-09 14:00:00,buy,1687.76
1343,4963,4,2024-08-09 14:00:00,buy,1396.17
1828,6581,6,2024-08-09 14:00:00,buy,32320.34
1047,3832,7,2024-08-09 15:00:00,buy,679.23
913,3324,2,2024-08-09 15:00:00,buy,811.01
1981,7081,1,2024-08-10 14:00:00,buy,3673.64
869,3181,1,2024-08-10 14:00:00,buy,1916.87
714,2540,2,2024-08-10 14:00:00,buy,17723.12
2400,8426,3,2024-08-10 15:00:00,buy,7852.24
2820,9960,4,2024-08-11 14:00:00,buy,2071.39
3259,11425,1,2024-08-11 14:00:00,buy,10019.81
2416,8532,2,2024-08-11 15:00:00,buy,205.47
311,1125,3,2024-08-11 15:00:00,buy,1405.9
2232,7829,1,2024-08-11 15:00:00,buy,3226.14
3324,11724,4,2024-08-11 15:00:00,buy,3172.44
1991,7122,1,2024-08-11 15:00:00,buy,685.98
2692,9437,7,2024-08-12 14:00:00,buy,6691.22
2845,10054,1,2024-08-12 14:00:00,buy,407.05
1834,6590,6,2024-08-12 14:00:00,buy,997.15
2625,9221,5,2024-08-12 14:00:00,buy,3760.2
2384,8353,6,2024-08-12 15:00:00,buy,680.51
993,3670,2,2024-08-12 15:00:00,buy,1932.71
1317,4817,4,2024-08-12 15:00:00,buy,6113.76
2350,8243,5,2024-08-12 15:00:00,buy,8076.51
637,2254,6,2024-08-12 15:00:00,buy,120.33
144,597,2,2024-08-12 15:00:00,buy,5000.81
698,2463,6,2024-08-12 15:00:00,buy,132.02
45,190,3,2024-08-13 14:00:00,buy,1141.47
2385,8355,3,2024-08-13 14:00:00,buy,9531.15
2533,8913,6,2024-08-13 14:00:00,buy,2634.2
1337,4935,2,2024-08-13 15:00:00,buy,670.38
1261,4482,8,2024-08-13 15:00:00,buy,656.11
3114,10939,1,2024-08-13 15:00:00,buy,178.97
830,2956,2,2024-08-13 15:00:00,buy,738.64
3029,10662,2,2024-08-13 15:00:00,buy,12207.85
1549,5681,3,2024-08-14 14:00:00,buy,9868.89
2254,7904,6,2024-08-14 14:00:00,buy,30803.91
1568,5705,2,2024-08-14 14:00:00,buy,6467.63
1962,7021,2,2024-08-14 14:00:00,buy,9110.15
2035,7232,2,2024-08-14 14:00:00,buy,7698.18
1006,3744,4,2024-08-14 15:00:00,buy,219.2
2480,8724,6,2024-08-14 15:00:00,buy,1218.74
2236,7832,1,2024-08-14 15:00:00,buy,5645.98
1488,5507,6,2024-08-14 15:00:00,buy,639.4
261,981,5,2024-08-14 15:00:00,buy,1688.11
1159,4187,5,2024-08-14 15:00:00,buy,189.81
2602,9134,5,2024-08-14 15:00:00,buy,368.84
504,1703,3,2024-08-14 15:00:00,buy,861.19
2214,7754,2,2024-08-15 11:00:00,redeem,155.69
2248,7864,2,2024-08-15 11:00:00,redeem,3012.06
80,310,8,2024-08-15 11:00:00,redeem,125.43
547,1879,1,2024-08-15 11:00:00,redeem,274.62
2876,10212,3,2024-08-15 14:00:00,buy,3426.48
2105,7397,2,2024-08-15 15:00:00,buy,1165.86
1703,6186,1,2024-08-15 15:00:00,buy,333.33
849,3035,5,2024-08-15 15:00:00,buy,1615.35
1421,5331,6,2024-08-16 14:00:00,buy,1245.89
2342,8228,4,2024-08-16 14:00:00,buy,4271.86
1643,5963,4,2024-08-16 14:00:00,buy,18967.94
1371,5120,3,2024-08-16 14:00:00,buy,554.44
1034,3818,1,2024-08-16 15:00:00,buy,5374.06
905,3293,4,2024-08-16 15:00:00,buy,1001.19
2222,7774,1,2024-08-16 15:00:00,buy,5778.11
227,853,4,2024-08-16 15:00:00,buy,5434.93
3389,11900,1,2024-08-17 11:00:00,redeem,147.08
754,2673,8,2024-08-17 11:00:00,redeem,1360.96
1229,4401,5,2024-08-17 14:00:00,buy,5576.32
1118,4062,7,2024-08-17 14:00:00,buy,8167.42
2139,7540,2,2024-08-17 14:00:00,buy,3256.86
3303,11619,7,2024-08-17 14:00:00,buy,8827.02
3085,10885,3,2024-08-17 14:00:00,buy,4327.85
1007,3767,6,2024-08-17 14:00:00,buy,3020.86
2999,10593,4,2024-08-17 15:00:00,buy,1532.51
2718,9523,4,2024-08-17 15:00:00,buy,7005.38
1500,5545,4,2024-08-17 15:00:00,buy,1038.28
642,2257,1,2024-08-18 11:00:00,redeem,2135.67
3154,11077,6,2024-08-18 14:00:00,buy,196.94
1896,6816,2,2024-08-18 14:00:00,buy,4401.17
1280,4662,2,2024-08-18 14:00:00,buy,1089.71
2632,9244,4,2024-08-18 14:00:00,buy,259.0
3170,11125,1,2024-08-18 14:00:00,buy,11272.53
81,319,7,2024-08-18 14:00:00,buy,10765.02
2356,8251,4,2024-08-18 14:00:00,buy,3676.88
2834,10026,1,2024-08-18 14:00:00,buy,12023.92
1535,5635,1,2024-08-18 15:00:00,buy,3055.05
434,1441,6,2024-08-18 15:00:00,buy,2187.34
3352,11759,2,2024-08-18 15:00:00,buy,1962.0
2080,7350,5,2024-08-19 11:00:00,redeem,949.63
1351,4996,4,2024-08-19 11:00:00,redeem,823.71
1476,5454,6,2024-08-19 11:00:00,redeem,393.49
494,1659,5,2024-08-19 14:00:00,buy,1620.46
2946,10459,4,2024-08-19 14:00:00,buy,1900.25
1146,4142,6,2024-08-19 14:00:00,buy,11343.62
1016,3772,4,2024-08-19 14:00:00,buy,1217.1
3283,11547,3,2024-08-19 14:00:00,buy,510.36
3260,11425,2,2024-08-19 15:00:00,buy,4514.03
2441,8608,4,2024-08-19 15:00:00,buy,4777.68
316,1135,6,2024-08-19 15:00:00,buy,2726.94
103,418,1,2024-08-19 15:00:00,buy,7332.11
2614,9180,1,2024-08-20 14:00:00,buy,6565.49
1073,3919,8,2024-08-20 14:00:00,buy,9257.33
385,1340,6,2024-08-20 14:00:00,buy,34969.69
1655,5998,1,2024-08-20 14:00:00,buy,6339.81
207,816,3,2024-08-20 14:00:00,buy,258.19
1537,5650,2,2024-08-20 14:00:00,buy,730.35
350,1225,2,2024-08-20 14:00:00,buy,1466.03
3307,11640,1,2024-08-20 15:00:00,buy,7617.22
819,2929,3,2024-08-20 15:00:00,buy,2360.63
535,1804,4,2024-08-21 11:00:00,redeem,275.73
2933,10397,5,2024-08-21 11:00:00,redeem,10047.47
6,20,2,2024-08-21 14:00:00,buy,6676.01
1438,5369,1,2024-08-21 14:00:00,buy,15673.01
461,1505,2,2024-08-21 14:00:00,buy,932.01
1627,5867,1,2024-08-21 14:00:00,buy,3082.86
3403,11921,1,2024-08-21 14:00:00,buy,7141.61
2798,9854,1,2024-08-21 14:00:00,buy,1055.84
3160,11104,7,2024-08-21 15:00:00,buy,4854.79
3125,10979,7,2024-08-21 15:00:00,buy,1525.74
3282,11546,2,2024-08-21 15:00:00,buy,1272.74
2588,9089,6,2024-08-21 15:00:00,buy,134.51
783,2772,3,2024-08-21 15:00:00,buy,1277.58
2897,10297,7,2024-08-21 15:00:00,buy,1960.16
2918,10350,4,2024-08-21 15:00:00,buy,381.33
3241,11359,1,2024-08-21 15:00:00,buy,179.03
2289,8032,1,2024-08-22 14:00:00,buy,477.66
2259,7915,6,2024-08-22 14:00:00,buy,5110.66
1784,6450,6,2024-08-22 14:00:00,buy,1089.35
2280,8009,7,2024-08-22 15:00:00,buy,394.74
653,2314,4,2024-08-22 15:00:00,buy,2415.68
1154,4178,1,2024-08-22 15:00:00,buy,4733.88
29,94,6,2024-08-22 15:00:00,buy,1314.24
1835,6590,3,2024-08-22 15:00:00,buy,1701.51
990,3666,7,2024-08-22 15:00:00,buy,118.51
3223,11304,2,2024-08-22 15:00:00,buy,1854.08
2983,10572,4,2024-08-23 11:00:00,redeem,3320.78
3407,11931,6,2024-08-23 11:00:00,redeem,365.54
1199,4308,4,2024-08-23 14:00:00,buy,1927.92
1910,6862,1,2024-08-23 14:00:00,buy,988.43
281,1022,1,2024-08-23 14:00:00,buy,2685.55
2474,8710,3,2024-08-23 14:00:00,buy,2321.31
1950,6982,3,2024-08-23 14:00:00,buy,1000.19
2742,9637,5,2024-08-23 15:00:00,buy,5189.6
3408,11931,6,2024-08-23 15:00:00,buy,640.62
446,1452,6,2024-08-23 15:00:00,buy,6360.74
1881,6733,4,2024-08-23 15:00:00,buy,5798.39
2010,7174,1,2024-08-23 15:00:00,buy,938.77
1446,5395,4,2024-08-23 15:00:00,buy,2978.06
3325,11724,4,2024-08-23 15:00:00,buy,4968.55
1604,5806,8,2024-08-23 15:00:00,buy,766.6
407,1387,5,2024-08-24 11:00:00,redeem,164.13
2993,10591,2,2024-08-24 11:00:00,redeem,976.92
2298,8041,2,2024-08-24 11:00:00,redeem,138.86
887,3251,7,2024-08-24 14:00:00,buy,10497.03
1119,4065,1,2024-08-24 14:00:00,buy,2054.68
1825,6572,2,2024-08-24 15:00:00,buy,116.6
1736,6273,3,2024-08-24 15:00:00,buy,902.74
879,3215,4,2024-08-24 15:00:00,buy,1048.35
2803,9859,3,2024-08-24 15:00:00,buy,1123.28
2487,8730,4,2024-08-24 15:00:00,buy,500.99
522,1793,2,2024-08-25 11:00:00,redeem,257.5
2879,10216,6,2024-08-25 11:00:00,redeem,169.26
2674,9385,1,2024-08-25 14:00:00,buy,965.25
2432,8585,2,2024-08-25 15:00:00,buy,977.47
2517,8865,5,2024-08-25 15:00:00,buy,3713.03
3293,11588,7,2024-08-25 15:00:00,buy,3469.69
1816,6546,6,2024-08-25 15:00:00,buy,976.55
3367,11820,1,2024-08-26 11:00:00,redeem,655.84
1122,4077,5,2024-08-26 14:00:00,buy,5724.57
1184,4258,3,2024-08-26 14:00:00,buy,7027.22
1490,5526,2,2024-08-26 14:00:00,buy,3238.2
2144,7577,1,2024-08-26 14:00:00,buy,1790.24
295,1079,1,2024-08-26 15:00:00,buy,1820.69
1187,4272,4,2024-08-26 15:00:00,buy,3449.75
3176,11132,3,2024-08-26 15:00:00,buy,508.85
1931,6900,6,2024-08-26 15:00:00,buy,904.52
799,2832,6,2024-08-26 15:00:00,buy,323.35
1334,4907,2,2024-08-26 15:00:00,buy,1528.03
1191,4298,6,2024-08-27 11:00:00,redeem,584.24
1542,5668,2,2024-08-27 14:00:00,buy,9027.0
2707,9473,6,2024-08-27 14:00:00,buy,1603.35
2508,8824,6,2024-08-27 14:00:00,buy,8742.37
1984,7091,5,2024-08-27 14:00:00,buy,17074.24
2200,7718,8,2024-08-27 14:00:00,buy,16158.68
725,2560,6,2024-08-27 14:00:00,buy,6728.64
2846,10054,1,2024-08-27 15:00:00,buy,411.46
2250,7872,2,2024-08-27 15:00:00,buy,100.0
2580,9074,7,2024-08-27 15:00:00,buy,320.64
1695,6178,1,2024-08-27 15:00:00,buy,3745.46
3037,10692,2,2024-08-27 15:00:00,buy,2923.64
2672,9382,4,2024-08-27 15:00:00,buy,446.64
528,1798,2,2024-08-27 15:00:00,buy,2816.1
51,205,3,2024-08-27 15:00:00,buy,237.94
191,724,2,2024-08-28 14:00:00,buy,5207.74
1528,5616,7,2024-08-28 14:00:00,buy,898.75
2713,9515,6,2024-08-28 14:00:00,buy,1870.82
1634,5941,2,2024-08-28 14:00:00,buy,635.8
2467,8701,3,2024-08-28 14:00:00,buy,2185.76
951,3473,2,2024-08-28 14:00:00,buy,1730.07
98,401,7,2024-08-28 14:00:00,buy,506.36
3057,10741,1,2024-08-28 14:00:00,buy,1063.88
2484,8725,1,2024-08-28 15:00:00,buy,6552.79
1052,3852,4,2024-08-28 15:00:00,buy,2878.27
2307,8053,1,2024-08-28 15:00:00,buy,986.96
1841,6602,2,2024-08-28 15:00:00,buy,305.53
2406,8442,1,2024-08-28 15:00:00,buy,8572.85
1248,4455,2,2024-08-29 11:00:00,redeem,1215.66
2571,9053,6,2024-08-29 14:00:00,buy,279.96
2557,9003,1,2024-08-29 14:00:00,buy,2611.46
567,1983,7,2024-08-29 14:00:00,buy,2511.62
742,2631,3,2024-08-29 14:00:00,buy,2115.16
3031,10664,4,2024-08-29 14:00:00,buy,603.27
2794,9836,7,2024-08-29 14:00:00,buy,2797.88
832,2956,2,2024-08-29 15:00:00,buy,1636.39
2388,8368,6,2024-08-29 15:00:00,buy,675.3
1607,5826,5,2024-08-29 15:00:00,buy,2255.7
2642,9256,1,2024-08-29 15:00:00,buy,898.99
713,2534,2,2024-08-29 15:00:00,buy,1137.44
3391,11900,7,2024-08-29 15:00:00,buy,149.7
1230,4401,5,2024-08-29 15:00:00,buy,2863.62
1409,5266,4,2024-08-30 14:00:00,buy,2951.35
1101,3987,2,2024-08-30 14:00:00,buy,1759.61
439,1442,3,2024-08-30 14:00:00,buy,13791.6
751,2672,4,2024-08-30 14:00:00,buy,1424.75
615,2199,1,2024-08-30 14:00:00,buy,2963.97
2550,8989,1,2024-08-30 14:00:00,buy,6069.38
1373,5121,1,2024-08-30 14:00:00,buy,1649.26
2893,10274,2,2024-08-30 15:00:00,buy,357.79
918,3367,4,2024-08-30 15:00:00,buy,1376.43
1922,6897,6,2024-08-30 15:00:00,buy,486.93
1327,4860,4,2024-08-30 15:00:00,buy,11889.74
1893,6809,4,2024-08-30 15:00:00,buy,2202.71
870,3181,7,2024-08-30 15:00:00,buy,501.62
383,1336,7,2024-08-30 15:00:00,buy,2820.66
2095,7380,4,2024-08-31 14:00:00,buy,848.51
1424,5342,3,2024-08-31 14:00:00,buy,563.03
515,1759,1,2024-08-31 14:00:00,buy,572.95
60,241,8,2024-08-31 14:00:00,buy,8561.79
355,1235,4,2024-08-31 14:00:00,buy,10526.19
1434,5364,2,2024-08-31 15:00:00,buy,396.66
492,1658,2,2024-08-31 15:00:00,buy,2221.69
2559,9006,4,2024-08-31 15:00:00,buy,116.22
1161,4187,4,2024-08-31 15:00:00,buy,133.47
1256,4469,3,2024-08-31 15:00:00,buy,1087.74
536,1804,2,2024-08-31 15:00:00,buy,967.24
2958,10477,1,2024-08-31 15:00:00,buy,961.54
1322,4819,1,2024-09-01 11:00:00,redeem,1642.85
709,2515,7,2024-09-01 14:00:00,buy,1422.22
126,512,4,2024-09-01 14:00:00,buy,1547.78
2599,9119,4,2024-09-01 14:00:00,buy,1977.64
3033,10689,1,2024-09-01 14:00:00,buy,1017.22
2511,8833,8,2024-09-01 14:00:00,buy,3090.1
2507,8818,1,2024-09-01 15:00:00,buy,1346.3
175,680,6,2024-09-01 15:00:00,buy,1647.13
2799,9854,3,2024-09-01 15:00:00,buy,871.55
510,1727,2,2024-09-01 15:00:00,buy,632.43
166,664,3,2024-09-01 15:00:00,buy,1310.19
3252,11399,8,2024-09-01 15:00:00,buy,4199.39
2643,9271,4,2024-09-02 14:00:00,buy,35944.61
2180,7697,8,2024-09-02 14:00:00,buy,617.9
1699,6185,1,2024-09-02 15:00:00,buy,1010.56
1058,3893,8,2024-09-02 15:00:00,buy,1234.54
1758,6340,8,2024-09-02 15:00:00,buy,838.81
366,1284,4,2024-09-03 14:00:00,buy,5528.87
1369,5093,8,2024-09-03 14:00:00,buy,1749.12
1661,6017,1,2024-09-03 14:00:00,buy,17466.07
417,1413,3,2024-09-03 14:00:00,buy,13297.87
1982,7081,6,2024-09-03 15:00:00,buy,2443.35
2223,7774,1,2024-09-03 15:00:00,buy,4140.24
1712,6209,6,2024-09-03 15:00:00,buy,901.55
1948,6976,8,2024-09-04 11:00:00,redeem,301.78
382,1336,3,2024-09-04 11:00:00,redeem,1021.34
1930,6900,6,2024-09-04 11:00:00,redeem,891.55
1414,5302,3,2024-09-04 14:00:00,buy,1572.61
219,838,1,2024-09-04 14:00:00,buy,20970.2
897,3270,7,2024-09-04 14:00:00,buy,1511.04
2947,10459,1,2024-09-04 15:00:00,buy,2158.15
1147,4142,4,2024-09-04 15:00:00,buy,8906.35
1800,6499,3,2024-09-04 15:00:00,buy,1073.97
2909,10324,8,2024-09-04 15:00:00,buy,1014.84
1196,4303,5,2024-09-04 15:00:00,buy,1248.23
549,1879,1,2024-09-04 15:00:00,buy,922.53
594,2135,6,2024-09-05 11:00:00,redeem,2775.55
1470,5442,8,2024-09-05 14:00:00,buy,3198.24
3051,10735,4,2024-09-05 14:00:00,buy,4961.01
704,2495,4,2024-09-05 14:00:00,buy,6930.09
1041,3825,6,2024-09-05 14:00:00,buy,5864.19
128,524,4,2024-09-05 15:00:00,buy,1318.58
307,1118,6,2024-09-05 15:00:00,buy,1668.34
1763,6355,4,2024-09-05 15:00:00,buy,254.79
2760,9735,1,2024-09-05 15:00:00,buy,769.7
2749,9668,2,2024-09-05 15:00:00,buy,1274.87
560,1948,4,2024-09-05 15:00:00,buy,2992.19
139,573,6,2024-09-06 11:00:00,redeem,74.61
30,114,3,2024-09-06 14:00:00,buy,1659.69
2218,7763,3,2024-09-06 14:00:00,buy,6228.55
672,2332,6,2024-09-06 15:00:00,buy,642.42
2229,7801,1,2024-09-06 15:00:00,buy,2094.02
3304,11619,2,2024-09-06 15:00:00,buy,2807.89
2025,7204,5,2024-09-06 15:00:00,buy,545.83
435,1441,6,2024-09-07 11:00:00,redeem,1386.29
1329,4861,7,2024-09-07 14:00:00,buy,9318.61
874,3196,6,2024-09-07 14:00:00,buy,581.8
1450,5399,6,2024-09-07 15:00:00,buy,293.92
1288,4702,1,2024-09-07 15:00:00,buy,7572.94
2330,8152,1,2024-09-07 15:00:00,buy,3635.24
1112,4010,2,2024-09-08 11:00:00,redeem,985.74
861,3099,7,2024-09-08 11:00:00,redeem,1950.35
2304,8052,2,2024-09-08 14:00:00,buy,6763.62
115,490,3,2024-09-08 14:00:00,buy,4376.24
1439,5369,1,2024-09-08 15:00:00,buy,12611.19
1501,5545,4,2024-09-08 15:00:00,buy,1874.87
3227,11309,2,2024-09-08 15:00:00,buy,398.46
1097,3982,1,2024-09-08 15:00:00,buy,48432.37
1252,4461,5,2024-09-08 15:00:00,buy,1268.03
371,1306,8,2024-09-08 15:00:00,buy,359.51
893,3252,2,2024-09-08 15:00:00,buy,100.0
3246,11383,7,2024-09-09 14:00:00,buy,3256.7
2953,10473,1,2024-09-09 14:00:00,buy,1252.52
2062,7298,4,2024-09-09 14:00:00,buy,1827.18
888,3251,3,2024-09-09 15:00:00,buy,3258.25
2714,9515,6,2024-09-09 15:00:00,buy,888.04
3061,10758,4,2024-09-09 15:00:00,buy,206.13
914,3324,3,2024-09-09 15:00:00,buy,288.33
2443,8608,2,2024-09-09 15:00:00,buy,3442.18
2626,9221,2,2024-09-09 15:00:00,buy,1728.67
1372,5120,3,2024-09-09 15:00:00,buy,594.1
1008,3767,6,2024-09-09 15:00:00,buy,374.08
1243,4453,4,2024-09-09 15:00:00,buy,206.02
436,1441,2,2024-09-09 15:00:00,buy,1155.71
2409,8461,1,2024-09-09 15:00:00,buy,645.23
190,722,4,2024-09-10 14:00:00,buy,2538.81
2819,9950,4,2024-09-10 14:00:00,buy,2108.08
179,697,1,2024-09-10 14:00:00,buy,18356.96
2292,8036,3,2024-09-10 14:00:00,buy,597.55
603,2163,6,2024-09-10 14:00:00,buy,2821.22
1179,4235,3,2024-09-10 14:00:00,buy,14479.26
1447,5395,1,2024-09-10 15:00:00,buy,1212.18
1666,6048,7,2024-09-10 15:00:00,buy,216.57
743,2631,2,2024-09-10 15:00:00,buy,187.84
1569,5705,3,2024-09-10 15:00:00,buy,774.88
145,597,4,2024-09-10 15:00:00,buy,1949.95
540,1818,4,2024-09-11 11:00:00,redeem,775.4
1181,4247,7,2024-09-11 14:00:00,buy,2281.77
1106,3998,3,2024-09-11 14:00:00,buy,6306.58
1384,5182,4,2024-09-11 14:00:00,buy,2876.64
2927,10385,3,2024-09-11 15:00:00,buy,247.44
2012,7174,1,2024-09-11 15:00:00,buy,593.45
356,1235,1,2024-09-11 15:00:00,buy,1712.94
1274,4542,6,2024-09-11 15:00:00,buy,681.14
2277,8005,6,2024-09-11 15:00:00,buy,632.44
1227,4388,1,2024-09-11 15:00:00,buy,6815.89
3030,10662,2,2024-09-12 11:00:00,redeem,4777.43
107,463,4,2024-09-12 11:00:00,redeem,106.7
2051,7268,7,2024-09-12 14:00:00,buy,17181.24
2393,8419,1,2024-09-12 14:00:00,buy,5280.94
2394,8421,8,2024-09-12 14:00:00,buy,2690.14
735,2599,3,2024-09-12 14:00:00,buy,2855.99
408,1403,5,2024-09-12 14:00:00,buy,2738.37
147,599,1,2024-09-12 14:00:00,buy,3180.89
386,1340,4,2024-09-12 15:00:00,buy,10885.26
1305,4793,5,2024-09-12 15:00:00,buy,2934.13
2568,9044,2,2024-09-12 15:00:00,buy,299.15
2078,7350,4,2024-09-13 11:00:00,redeem,1212.42
915,3325,6,2024-09-13 14:00:00,buy,6051.82
3372,11829,2,2024-09-13 14:00:00,buy,12441.59
2514,8844,3,2024-09-13 14:00:00,buy,7070.14
2334,8162,1,2024-09-13 15:00:00,buy,1829.89
1346,4971,2,2024-09-13 15:00:00,buy,4366.68
1281,4662,3,2024-09-13 15:00:00,buy,769.52
2357,8251,2,2024-09-13 15:00:00,buy,1844.77
368,1298,2,2024-09-13 15:00:00,buy,5701.63
2934,10397,2,2024-09-13 15:00:00,buy,8104.54
994,3670,5,2024-09-13 15:00:00,buy,2716.39
2541,8916,1,2024-09-13 15:00:00,buy,3283.75
1583,5745,6,2024-09-13 15:00:00,buy,13343.76
1559,5685,4,2024-09-13 15:00:00,buy,244.43
1068,3901,1,2024-09-14 11:00:00,redeem,3986.61
3279,11538,1,2024-09-14 14:00:00,buy,17660.93
1849,6636,6,2024-09-14 14:00:00,buy,321.84
1894,6811,2,2024-09-14 14:00:00,buy,3381.68
2797,9850,4,2024-09-14 14:00:00,buy,3151.73
3242,11361,6,2024-09-14 14:00:00,buy,2459.84
1455,5411,4,2024-09-14 15:00:00,buy,402.0
3421,11992,4,2024-09-14 15:00:00,buy,3838.2
965,3590,4,2024-09-14 15:00:00,buy,368.99
2036,7232,6,2024-09-14 15:00:00,buy,11405.64
2233,7829,1,2024-09-14 15:00:00,buy,935.14
1757,6340,7,2024-09-15 11:00:00,redeem,537.55
1599,5782,6,2024-09-15 11:00:00,redeem,264.58
1807,6524,6,2024-09-15 14:00:00,buy,3098.09
1943,6969,2,2024-09-15 14:00:00,buy,3892.38
2669,9370,2,2024-09-15 14:00:00,buy,8802.78
440,1442,2,2024-09-15 15:00:00,buy,6273.3
1963,7021,1,2024-09-15 15:00:00,buy,1488.91
660,2321,2,2024-09-15 15:00:00,buy,358.04
1442,5387,3,2024-09-15 15:00:00,buy,279.4
1656,5998,7,2024-09-15 15:00:00,buy,976.4
1565,5702,1,2024-09-16 14:00:00,buy,2847.1
3008,10618,1,2024-09-16 14:00:00,buy,4720.49
1764,6363,2,2024-09-16 14:00:00,buy,2612.0
3294,11593,2,2024-09-16 14:00:00,buy,1597.13
2493,8735,4,2024-09-16 14:00:00,buy,1021.58
1918,6889,2,2024-09-16 14:00:00,buy,1534.04
1933,6919,2,2024-09-16 14:00:00,buy,4711.41
2265,7953,2,2024-09-16 14:00:00,buy,8972.47
875,3196,6,2024-09-16 15:00:00,buy,241.12
2081,7350,6,2024-09-16 15:00:00,buy,1177.94
124,502,4,2024-09-16 15:00:00,buy,14381.16
3196,11187,3,2024-09-16 15:00:00,buy,1301.97
555,1916,6,2024-09-16 15:00:00,buy,1074.3
1451,5399,4,2024-09-16 15:00:00,buy,166.61
722,2554,2,2024-09-16 15:00:00,buy,732.83
2433,8585,6,2024-09-16 15:00:00,buy,560.04
426,1429,5,2024-09-17 14:00:00,buy,4273.28
1819,6557,1,2024-09-17 14:00:00,buy,1453.48
1873,6704,3,2024-09-17 14:00:00,buy,3303.12
3209,11236,4,2024-09-17 14:00:00,buy,3525.44
3109,10937,2,2024-09-17 14:00:00,buy,4221.08
2027,7204,6,2024-09-17 15:00:00,buy,1019.83
2960,10482,1,2024-09-17 15:00:00,buy,583.59
1905,6855,2,2024-09-17 15:00:00,buy,3374.46
3023,10652,3,2024-09-17 15:00:00,buy,858.64
2967,10497,4,2024-09-17 15:00:00,buy,493.88
2351,8243,5,2024-09-17 15:00:00,buy,6449.48
2456,8671,3,2024-09-17 15:00:00,buy,549.07
3113,10939,8,2024-09-18 11:00:00,redeem,28.29
392,1357,1,2024-09-18 14:00:00,buy,11540.74
2920,10361,6,2024-09-18 14:00:00,buy,2584.48
695,2433,4,2024-09-18 14:00:00,buy,1406.81
999,3710,1,2024-09-18 14:00:00,buy,1227.32
815,2911,2,2024-09-18 14:00:00,buy,421.28
2260,7915,2,2024-09-18 15:00:00,buy,608.44
1374,5121,8,2024-09-18 15:00:00,buy,402.42
2403,8437,5,2024-09-18 15:00:00,buy,4514.41
3042,10720,2,2024-09-18 15:00:00,buy,2549.03
3180,11138,3,2024-09-18 15:00:00,buy,2924.69
2603,9134,4,2024-09-18 15:00:00,buy,363.62
188,720,4,2024-09-18 15:00:00,buy,3810.49
1512,5584,4,2024-09-19 11:00:00,redeem,674.25
1557,5685,3,2024-09-19 11:00:00,redeem,454.11
3185,11160,3,2024-09-19 14:00:00,buy,6633.02
2174,7682,1,2024-09-19 14:00:00,buy,16118.73
3221,11303,2,2024-09-19 14:00:00,buy,1216.49
2595,9114,1,2024-09-19 14:00:00,buy,6810.62
1662,6017,2,2024-09-19 15:00:00,buy,5923.18
2795,9836,1,2024-09-19 15:00:00,buy,272.67
2157,7607,6,2024-09-19 15:00:00,buy,653.37
1422,5331,6,2024-09-19 15:00:00,buy,787.54
1923,6897,4,2024-09-19 15:00:00,buy,1797.06
655,2314,4,2024-09-19 15:00:00,buy,4056.12
82,319,2,2024-09-19 15:00:00,buy,4256.65
2572,9053,4,2024-09-19 15:00:00,buy,193.77
2732,9597,2,2024-09-20 11:00:00,redeem,130.85
988,3666,3,2024-09-20 11:00:00,redeem,45.13
1360,5062,2,2024-09-20 15:00:00,buy,5327.07
113,469,3,2024-09-20 15:00:00,buy,2841.4
1074,3919,2,2024-09-20 15:00:00,buy,2570.43
130,524,5,2024-09-20 15:00:00,buy,1272.84
3052,10735,4,2024-09-20 15:00:00,buy,2302.57
1262,4482,8,2024-09-21 11:00:00,redeem,339.02
38,170,4,2024-09-21 14:00:00,buy,9928.69
155,646,2,2024-09-21 14:00:00,buy,558.89
3156,11086,6,2024-09-21 14:00:00,buy,2360.79
412,1404,3,2024-09-21 14:00:00,buy,15067.28
622,2216,4,2024-09-21 14:00:00,buy,9396.7
1739,6278,6,2024-09-21 15:00:00,buy,665.34
2940,10409,4,2024-09-21 15:00:00,buy,378.47
1829,6581,6,2024-09-21 15:00:00,buy,14655.39
2911,10335,2,2024-09-21 15:00:00,buy,1856.09
460,1492,4,2024-09-22 11:00:00,redeem,530.1
420,1422,1,2024-09-22 14:00:00,buy,4298.28
2206,7720,1,2024-09-22 14:00:00,buy,4240.94
835,2967,4,2024-09-22 14:00:00,buy,8557.24
70,284,1,2024-09-22 14:00:00,buy,1322.28
1759,6349,7,2024-09-22 14:00:00,buy,3054.83
616,2211,5,2024-09-22 14:00:00,buy,834.92
938,3436,3,2024-09-22 15:00:00,buy,1158.11
705,2495,3,2024-09-22 15:00:00,buy,1707.91
1826,6572,1,2024-09-22 15:00:00,buy,227.85
1123,4077,5,2024-09-22 15:00:00,buy,994.01
2106,7397,2,2024-09-23 11:00:00,redeem,624.44
2011,7174,1,2024-09-23 11:00:00,redeem,274.92
3164,11109,2,2024-09-23 15:00:00,buy,6061.63
1108,4004,1,2024-09-23 15:00:00,buy,12331.05
2650,9297,5,2024-09-23 15:00:00,buy,1332.33
2389,8368,4,2024-09-23 15:00:00,buy,430.43
2551,8989,4,2024-09-23 15:00:00,buy,646.45
1162,4187,5,2024-09-23 15:00:00,buy,100.0
2460,8678,1,2024-09-24 11:00:00,redeem,1377.23
3311,11684,5,2024-09-24 14:00:00,buy,100.0
1811,6526,3,2024-09-24 14:00:00,buy,393.25
901,3286,7,2024-09-24 14:00:00,buy,2261.3
3330,11737,1,2024-09-24 14:00:00,buy,585.68
2675,9385,8,2024-09-24 15:00:00,buy,154.35
3150,11057,6,2024-09-24 15:00:00,buy,1517.24
811,2892,6,2024-09-24 15:00:00,buy,1100.52
1792,6475,4,2024-09-24 15:00:00,buy,174.26
1785,6450,6,2024-09-24 15:00:00,buy,801.72
1817,6546,6,2024-09-25 15:00:00,buy,1371.26
1865,6683,1,2024-09-25 15:00:00,buy,197.39
375,1320,2,2024-09-25 15:00:00,buy,4990.67
1042,3825,5,2024-09-25 15:00:00,buy,1568.33
1550,5681,6,2024-09-25 15:00:00,buy,1687.18
3224,11304,5,2024-09-25 15:00:00,buy,2613.51
1996,7136,4,2024-09-26 11:00:00,redeem,128.09
1766,6368,2,2024-09-26 14:00:00,buy,3101.53
2320,8121,1,2024-09-26 14:00:00,buy,16639.58
2371,8329,1,2024-09-26 14:00:00,buy,2034.65
1858,6647,3,2024-09-26 14:00:00,buy,4989.84
2899,10314,4,2024-09-26 14:00:00,buy,13796.53
1838,6597,1,2024-09-26 15:00:00,buy,3718.95
908,3298,1,2024-09-26 15:00:00,buy,452.82
1801,6499,7,2024-09-26 15:00:00,buy,949.49
1540,5667,4,2024-09-26 15:00:00,buy,242.09
2281,8009,2,2024-09-26 15:00:00,buy,387.78
3086,10885,6,2024-09-26 15:00:00,buy,2893.38
3098,10917,3,2024-09-27 11:00:00,redeem,279.83
1484,5488,6,2024-09-27 11:00:00,redeem,670.99
1578,5723,1,2024-09-27 11:00:00,redeem,711.19
2001,7148,4,2024-09-27 14:00:00,buy,2199.5
2984,10572,2,2024-09-27 15:00:00,buy,6374.49
2159,7637,4,2024-09-27 15:00:00,buy,3594.37
2780,9793,2,2024-09-27 15:00:00,buy,380.66
1263,4482,1,2024-09-27 15:00:00,buy,653.11
686,2417,1,2024-09-27 15:00:00,buy,7109.65
57,220,6,2024-09-27 15:00:00,buy,1403.39
736,2599,1,2024-09-27 15:00:00,buy,1389.86
2785,9798,4,2024-09-28 11:00:00,redeem,440.96
1723,6235,5,2024-09-28 11:00:00,redeem,181.44
1608,5826,5,2024-09-28 11:00:00,redeem,1856.17
3310,11670,8,2024-09-28 14:00:00,buy,2138.56
2770,9755,7,2024-09-28 14:00:00,buy,721.34
2464,8689,5,2024-09-28 14:00:00,buy,2380.81
116,490,1,2024-09-28 15:00:00,buy,1015.45
2191,7706,1,2024-09-28 15:00:00,buy,2125.02
2331,8152,8,2024-09-28 15:00:00,buy,4128.27
2840,10043,2,2024-09-29 14:00:00,buy,1045.34
1286,4698,6,2024-09-29 14:00:00,buy,2980.07
514,1757,5,2024-09-29 14:00:00,buy,1982.0
2447,8625,2,2024-09-29 15:00:00,buy,490.14
1120,4065,1,2024-09-29 15:00:00,buy,781.94
441,1442,3,2024-09-29 15:00:00,buy,4014.15
505,1703,4,2024-09-29 15:00:00,buy,730.93
2290,8032,1,2024-09-29 15:00:00,buy,290.81
3334,11744,2,2024-09-29 15:00:00,buy,5222.19
176,680,6,2024-09-30 11:00:00,redeem,933.13
2113,7401,3,2024-09-30 11:00:00,redeem,317.98
1338,4935,2,2024-09-30 11:00:00,redeem,448.67
2639,9252,4,2024-09-30 14:00:00,buy,2265.7
1574,5707,6,2024-09-30 14:00:00,buy,11375.35
3048,10726,6,2024-09-30 14:00:00,buy,16132.52
1363,5083,1,2024-09-30 14:00:00,buy,1278.41
2201,7718,3,2024-09-30 15:00:00,buy,4459.9
1183,4248,4,2024-09-30 15:00:00,buy,6721.66
699,2463,4,2024-09-30 15:00:00,buy,250.95
2308,8053,3,2024-09-30 15:00:00,buy,3771.2
7,20,2,2024-09-30 15:00:00,buy,552.37
604,2163,6,2024-09-30 15:00:00,buy,1192.01
2208,7747,2,2024-10-01 14:00:00,buy,4888.03
972,3635,2,2024-10-01 14:00:00,buy,4714.15
3205,11217,1,2024-10-01 14:00:00,buy,1161.18
3270,11493,7,2024-10-01 14:00:00,buy,5118.34
2691,9428,1,2024-10-01 14:00:00,buy,12940.34
3104,10933,3,2024-10-01 14:00:00,buy,78503.02
2266,7953,6,2024-10-01 15:00:00,buy,1886.39
1319,4817,6,2024-10-01 15:00:00,buy,6745.81
192,724,8,2024-10-01 15:00:00,buy,1962.35
1692,6176,4,2024-10-02 14:00:00,buy,8396.95
398,1376,8,2024-10-02 14:00:00,buy,1636.48
795,2803,4,2024-10-02 14:00:00,buy,1039.18
3053,10740,8,2024-10-02 14:00:00,buy,961.19
706,2496,7,2024-10-02 14:00:00,buy,20192.16
2987,10587,4,2024-10-02 14:00:00,buy,7302.54
479,1615,2,2024-10-02 15:00:00,buy,4629.11
2543,8916,1,2024-10-02 15:00:00,buy,2633.93
2263,7937,6,2024-10-02 15:00:00,buy,1612.94
292,1072,6,2024-10-02 15:00:00,buy,4138.51
1477,5454,4,2024-10-02 15:00:00,buy,492.42
472,1607,4,2024-10-02 15:00:00,buy,1645.34
1425,5342,4,2024-10-02 15:00:00,buy,211.36
468,1523,5,2024-10-02 15:00:00,buy,639.25
3145,11048,6,2024-10-03 14:00:00,buy,367.33
996,3706,2,2024-10-03 14:00:00,buy,2384.27
1797,6491,2,2024-10-03 14:00:00,buy,2113.4
456,1491,2,2024-10-03 14:00:00,buy,909.09
119,497,6,2024-10-03 14:00:00,buy,648.99
244,906,6,2024-10-03 14:00:00,buy,7454.57
3373,11829,4,2024-10-03 15:00:00,buy,3981.83
1306,4793,5,2024-10-03 15:00:00,buy,2657.13
2921,10361,5,2024-10-03 15:00:00,buy,865.19
97,396,3,2024-10-03 15:00:00,buy,488.3
180,697,3,2024-10-03 15:00:00,buy,3359.96
838,3002,7,2024-10-04 14:00:00,buy,2945.92
287,1062,2,2024-10-04 14:00:00,buy,1955.23
10,38,3,2024-10-04 14:00:00,buy,3352.43
1616,5837,5,2024-10-04 14:00:00,buy,290.7
898,3270,7,2024-10-04 15:00:00,buy,1975.76
3284,11547,4,2024-10-04 15:00:00,buy,475.86
1895,6811,2,2024-10-04 15:00:00,buy,1206.65
1609,5826,2,2024-10-04 15:00:00,buy,1643.8
132,570,2,2024-10-05 14:00:00,buy,4408.09
2127,7462,4,2024-10-05 14:00:00,buy,100.0
3107,10934,1,2024-10-05 15:00:00,buy,100.0
1435,5364,5,2024-10-05 15:00:00,buy,1274.34
1098,3982,8,2024-10-05 15:00:00,buy,15431.18
837,2996,1,2024-10-05 15:00:00,buy,1327.82
2596,9114,1,2024-10-05 15:00:00,buy,2717.04
2847,10054,2,2024-10-05 15:00:00,buy,249.81
2862,10104,3,2024-10-05 15:00:00,buy,19347.05
1010,3767,5,2024-10-05 15:00:00,buy,1003.41
1700,6185,1,2024-10-06 11:00:00,redeem,444.31
2391,8390,3,2024-10-06 14:00:00,buy,4641.93
3316,11692,2,2024-10-06 14:00:00,buy,4029.87
801,2846,2,2024-10-06 14:00:00,buy,743.55
613,2198,3,2024-10-06 14:00:00,buy,2065.45
674,2337,5,2024-10-06 14:00:00,buy,13890.9
2481,8724,3,2024-10-06 15:00:00,buy,5692.6
523,1793,3,2024-10-06 15:00:00,buy,1057.93
2420,8546,6,2024-10-06 15:00:00,buy,773.05
99,401,3,2024-10-06 15:00:00,buy,332.14
384,1336,7,2024-10-07 11:00:00,redeem,1678.38
1357,5057,6,2024-10-07 11:00:00,redeem,590.65
541,1846,2,2024-10-07 14:00:00,buy,4686.82
3266,11460,3,2024-10-07 14:00:00,buy,20239.44
921,3378,6,2024-10-07 15:00:00,buy,1427.22
2310,8083,5,2024-10-07 15:00:00,buy,9473.88
2488,8730,3,2024-10-07 15:00:00,buy,426.24
636,2254,6,2024-10-08 11:00:00,redeem,439.21
2788,9803,3,2024-10-08 11:00:00,redeem,98.62
654,2314,4,2024-10-08 11:00:00,redeem,2101.57
866,3164,1,2024-10-08 14:00:00,buy,3649.84
3369,11824,2,2024-10-08 14:00:00,buy,343.78
3024,10658,4,2024-10-08 14:00:00,buy,748.37
2299,8041,2,2024-10-08 15:00:00,buy,126.16
582,2076,1,2024-10-08 15:00:00,buy,691.75
2103,7394,4,2024-10-08 15:00:00,buy,1791.43
495,1659,4,2024-10-08 15:00:00,buy,174.86
208,820,7,2024-10-09 14:00:00,buy,10230.18
3296,11597,6,2024-10-09 14:00:00,buy,3285.42
234,884,4,2024-10-09 14:00:00,buy,1787.56
34,153,3,2024-10-09 14:00:00,buy,2806.42
1257,4469,3,2024-10-09 15:00:00,buy,1824.37
3155,11077,3,2024-10-09 15:00:00,buy,100.0
2317,8097,2,2024-10-09 15:00:00,buy,3957.71
3312,11684,4,2024-10-09 15:00:00,buy,100.0
1729,6252,2,2024-10-10 14:00:00,buy,491.92
1197,4307,4,2024-10-10 14:00:00,buy,726.36
343,1205,2,2024-10-10 14:00:00,buy,5751.57
946,3455,8,2024-10-10 14:00:00,buy,1245.17
437,1441,4,2024-10-10 15:00:00,buy,1992.49
2800,9854,1,2024-10-10 15:00:00,buy,477.99
600,2153,1,2024-10-10 15:00:00,buy,1811.82
3218,11283,5,2024-10-10 15:00:00,buy,4045.83
2560,9006,4,2024-10-11 11:00:00,redeem,93.44
2026,7204,5,2024-10-11 11:00:00,redeem,438.72
228,858,7,2024-10-11 14:00:00,buy,596.17
645,2261,7,2024-10-11 14:00:00,buy,1596.76
2703,9459,2,2024-10-11 14:00:00,buy,547.57
2734,9620,1,2024-10-11 14:00:00,buy,3241.68
90,380,8,2024-10-11 14:00:00,buy,22687.8
2546,8950,7,2024-10-11 14:00:00,buy,11142.34
2657,9329,2,2024-10-11 14:00:00,buy,4967.15
357,1235,6,2024-10-11 15:00:00,buy,2690.17
146,597,2,2024-10-11 15:00:00,buy,2496.43
2867,10114,4,2024-10-11 15:00:00,buy,240.75
3190,11185,4,2024-10-11 15:00:00,buy,3809.92
850,3035,5,2024-10-12 11:00:00,redeem,1147.89
2569,9044,2,2024-10-12 11:00:00,redeem,256.34
2519,8879,3,2024-10-12 14:00:00,buy,2530.45
2039,7237,1,2024-10-12 14:00:00,buy,11499.43
1848,6626,2,2024-10-12 14:00:00,buy,2034.93
1744,6296,4,2024-10-12 14:00:00,buy,4323.39
2512,8833,3,2024-10-12 15:00:00,buy,3488.71
1137,4125,6,2024-10-12 15:00:00,buy,2052.39
3305,11619,2,2024-10-12 15:00:00,buy,6483.99
1144,4140,5,2024-10-12 15:00:00,buy,1779.83
1657,5998,1,2024-10-12 15:00:00,buy,2241.95
1897,6816,3,2024-10-12 15:00:00,buy,1783.35
1683,6139,1,2024-10-12 15:00:00,buy,906.24
19,65,2,2024-10-13 11:00:00,redeem,755.83
3392,11900,7,2024-10-13 11:00:00,redeem,74.94
1035,3818,1,2024-10-13 11:00:00,redeem,1665.46
372,1315,4,2024-10-13 14:00:00,buy,363.24
2728,9592,4,2024-10-13 14:00:00,buy,248.56
1941,6963,3,2024-10-13 14:00:00,buy,336.66
447,1478,1,2024-10-13 14:00:00,buy,6120.41
2346,8229,1,2024-10-13 14:00:00,buy,7712.13
158,647,8,2024-10-13 14:00:00,buy,306.35
1053,3852,2,2024-10-13 15:00:00,buy,9841.14
566,1971,4,2024-10-13 15:00:00,buy,3356.84
2140,7540,5,2024-10-13 15:00:00,buy,809.92
2305,8052,3,2024-10-13 15:00:00,buy,2501.68
2404,8437,5,2024-10-13 15:00:00,buy,1959.5
2475,8710,3,2024-10-13 15:00:00,buy,1636.81
282,1022,3,2024-10-13 15:00:00,buy,1793.56
3302,11599,1,2024-10-14 11:00:00,redeem,577.15
2312,8089,5,2024-10-14 14:00:00,buy,5586.75
2029,7226,3,2024-10-14 14:00:00,buy,255.87
738,2607,3,2024-10-14 14:00:00,buy,378.31
497,1664,1,2024-10-14 14:00:00,buy,2381.84
1716,6211,1,2024-10-14 14:00:00,buy,3842.01
3398,11919,3,2024-10-14 14:00:00,buy,4453.64
2181,7697,1,2024-10-14 15:00:00,buy,758.64
2293,8036,6,2024-10-14 15:00:00,buy,194.5
2145,7577,8,2024-10-14 15:00:00,buy,1906.25
902,3286,3,2024-10-14 15:00:00,buy,1391.72
1850,6636,3,2024-10-14 15:00:00,buy,260.63
2928,10385,8,2024-10-14 15:00:00,buy,474.85
871,3181,7,2024-10-15 11:00:00,redeem,370.96
1831,6588,2,2024-10-15 14:00:00,buy,1834.11
3039,10711,4,2024-10-15 14:00:00,buy,470.35
1751,6322,4,2024-10-15 14:00:00,buy,2126.74
2072,7346,4,2024-10-15 14:00:00,buy,2153.45
3267,11482,7,2024-10-15 14:00:00,buy,1169.69
104,458,5,2024-10-15 14:00:00,buy,603.19
2390,8368,2,2024-10-15 15:00:00,buy,269.8
2961,10482,3,2024-10-15 15:00:00,buy,203.03
1847,6618,5,2024-10-15 15:00:00,buy,1060.18
1911,6862,1,2024-10-15 15:00:00,buy,240.06
512,1748,6,2024-10-16 14:00:00,buy,1307.59
1777,6417,4,2024-10-16 14:00:00,buy,1012.57
1640,5945,5,2024-10-16 14:00:00,buy,821.09
2701,9458,7,2024-10-16 14:00:00,buy,746.84
1221,4377,4,2024-10-16 14:00:00,buy,17059.24
1128,4098,2,2024-10-16 14:00:00,buy,1867.01
876,3196,2,2024-10-16 15:00:00,buy,355.97
1737,6273,2,2024-10-16 15:00:00,buy,948.19
2234,7829,6,2024-10-16 15:00:00,buy,978.47
1818,6546,6,2024-10-16 15:00:00,buy,655.98
1311,4807,3,2024-10-17 14:00:00,buy,410.52
3187,11164,4,2024-10-17 14:00:00,buy,7747.42
335,1189,4,2024-10-17 14:00:00,buy,20428.63
2129,7503,2,2024-10-17 14:00:00,buy,5063.03
2352,8243,6,2024-10-17 15:00:00,buy,8386.86
413,1404,1,2024-10-17 15:00:00,buy,8440.63
1347,4971,3,2024-10-17 15:00:00,buy,3091.65
3404,11921,3,2024-10-17 15:00:00,buy,2620.76
2781,9793,2,2024-10-18 11:00:00,redeem,117.46
3117,10953,6,2024-10-18 14:00:00,buy,940.39
568,1983,3,2024-10-18 15:00:00,buy,1125.38
409,1403,4,2024-10-18 15:00:00,buy,631.4
1232,4401,6,2024-10-18 15:00:00,buy,540.7
737,2599,1,2024-10-18 15:00:00,buy,1361.03
516,1759,6,2024-10-18 15:00:00,buy,219.88
2045,7244,4,2024-10-18 15:00:00,buy,1095.16
2052,7268,1,2024-10-18 15:00:00,buy,1271.29
1239,4429,4,2024-10-19 14:00:00,buy,452.56
2667,9359,5,2024-10-19 14:00:00,buy,3545.93
312,1129,4,2024-10-19 14:00:00,buy,5403.85
2942,10441,6,2024-10-19 14:00:00,buy,4195.49
1551,5681,6,2024-10-19 15:00:00,buy,3538.21
939,3436,4,2024-10-19 15:00:00,buy,910.6
916,3325,3,2024-10-19 15:00:00,buy,1755.05
1427,5342,2,2024-10-19 15:00:00,buy,201.89
1684,6146,3,2024-10-20 14:00:00,buy,11988.06
1997,7136,4,2024-10-20 15:00:00,buy,202.13
1696,6178,1,2024-10-20 15:00:00,buy,1145.21
148,599,1,2024-10-20 15:00:00,buy,2534.25
2750,9668,2,2024-10-20 15:00:00,buy,2083.69
3317,11692,1,2024-10-20 15:00:00,buy,2010.9
2429,8579,6,2024-10-21 14:00:00,buy,3901.86
857,3086,7,2024-10-21 14:00:00,buy,7304.21
1176,4232,6,2024-10-21 14:00:00,buy,19585.93
733,2595,5,2024-10-21 15:00:00,buy,8774.91
1724,6235,5,2024-10-21 15:00:00,buy,253.31
2465,8689,6,2024-10-21 15:00:00,buy,2822.71
2658,9329,2,2024-10-21 15:00:00,buy,1359.0
605,2163,4,2024-10-21 15:00:00,buy,1235.41
483,1616,4,2024-10-21 15:00:00,buy,8050.56
1180,4235,1,2024-10-21 15:00:00,buy,6312.94
114,469,3,2024-10-22 11:00:00,redeem,1685.93
262,990,4,2024-10-22 14:00:00,buy,585.26
2376,8348,6,2024-10-22 14:00:00,buy,6051.89
2653,9311,2,2024-10-22 14:00:00,buy,6350.6
1472,5447,4,2024-10-22 14:00:00,buy,2877.71
1593,5777,6,2024-10-22 14:00:00,buy,5551.33
2716,9515,5,2024-10-22 15:00:00,buy,1489.38
1398,5216,2,2024-10-22 15:00:00,buy,1077.38
2219,7763,4,2024-10-22 15:00:00,buy,1684.11
473,1607,1,2024-10-22 15:00:00,buy,3132.15
2935,10397,5,2024-10-22 15:00:00,buy,4192.89
266,998,7,2024-10-23 14:00:00,buy,355.09
2561,9020,1,2024-10-23 14:00:00,buy,11274.76
1485,5488,2,2024-10-23 15:00:00,buy,1611.13
1328,4860,1,2024-10-23 15:00:00,buy,5954.74
3210,11236,3,2024-10-23 15:00:00,buy,1512.27
1808,6524,6,2024-10-23 15:00:00,buy,2267.05
1163,4187,5,2024-10-24 11:00:00,redeem,84.8
277,1012,2,2024-10-24 14:00:00,buy,2264.12
2358,8272,5,2024-10-24 14:00:00,buy,3844.8
542,1867,6,2024-10-24 14:00:00,buy,12738.68
979,3662,6,2024-10-24 14:00:00,buy,11579.26
1116,4042,6,2024-10-24 14:00:00,buy,3328.54
3034,10690,2,2024-10-24 14:00:00,buy,12487.02
746,2644,8,2024-10-24 14:00:00,buy,2402.05
3162,11104,1,2024-10-24 15:00:00,buy,2308.39
1611,5826,2,2024-10-24 15:00:00,buy,2434.68
2372,8329,2,2024-10-24 15:00:00,buy,2889.76
2202,7718,2,2024-10-24 15:00:00,buy,4216.93
3204,11192,4,2024-10-25 11:00:00,redeem,1862.21
2698,9442,7,2024-10-25 11:00:00,redeem,1042.02
1859,6677,4,2024-10-25 14:00:00,buy,9644.53
1688,6158,3,2024-10-25 14:00:00,buy,8432.98
1536,5636,4,2024-10-25 14:00:00,buy,494.96
1868,6688,2,2024-10-25 14:00:00,buy,715.7
274,1006,1,2024-10-25 14:00:00,buy,2722.53
766,2703,2,2024-10-25 14:00:00,buy,1314.31
72,297,3,2024-10-25 14:00:00,buy,137.17
296,1083,4,2024-10-25 14:00:00,buy,6433.64
167,664,4,2024-10-25 15:00:00,buy,1579.71
1265,4493,2,2024-10-25 15:00:00,buy,162.0
2224,7774,1,2024-10-25 15:00:00,buy,4698.51
2719,9523,6,2024-10-25 15:00:00,buy,5297.26
726,2560,5,2024-10-25 15:00:00,buy,1434.2
896,3260,8,2024-10-26 11:00:00,redeem,691.43
2950,10466,4,2024-10-26 14:00:00,buy,1939.07
3044,10723,4,2024-10-26 14:00:00,buy,2557.82
332,1175,4,2024-10-26 14:00:00,buy,1420.01
1417,5318,2,2024-10-26 14:00:00,buy,5656.26
2919,10350,6,2024-10-26 15:00:00,buy,240.01
213,823,6,2024-10-26 15:00:00,buy,136.86
109,463,4,2024-10-26 15:00:00,buy,446.35
1452,5399,6,2024-10-26 15:00:00,buy,388.12
3247,11383,7,2024-10-26 15:00:00,buy,5151.81
2693,9437,3,2024-10-26 15:00:00,buy,5057.42
1426,5342,4,2024-10-27 11:00:00,redeem,124.71
1862,6679,3,2024-10-27 14:00:00,buy,1552.47
550,1882,2,2024-10-27 14:00:00,buy,2378.7
2172,7674,3,2024-10-27 14:00:00,buy,4274.56
2325,8143,3,2024-10-27 14:00:00,buy,1970.06
1889,6806,3,2024-10-27 14:00:00,buy,21121.71
1882,6750,2,2024-10-27 14:00:00,buy,1300.79
493,1658,6,2024-10-27 15:00:00,buy,650.62
511,1727,7,2024-10-27 15:00:00,buy,549.84
373,1315,6,2024-10-27 15:00:00,buy,110.41
2552,8989,6,2024-10-27 15:00:00,buy,1517.37
1000,3710,7,2024-10-27 15:00:00,buy,987.56
3219,11283,2,2024-10-27 15:00:00,buy,1249.59
2509,8824,2,2024-10-27 15:00:00,buy,1844.83
537,1804,2,2024-10-28 11:00:00,redeem,503.77
1231,4401,5,2024-10-28 11:00:00,redeem,1733.68
2604,9137,6,2024-10-28 14:00:00,buy,1905.25
3338,11747,4,2024-10-28 14:00:00,buy,2452.78
2828,9997,1,2024-10-28 14:00:00,buy,513.2
1605,5820,3,2024-10-28 14:00:00,buy,3110.82
970,3627,5,2024-10-28 14:00:00,buy,942.61
919,3367,4,2024-10-28 15:00:00,buy,1007.38
387,1340,3,2024-10-28 15:00:00,buy,10797.05
3399,11919,1,2024-10-28 15:00:00,buy,4841.91
933,3428,1,2024-10-28 15:00:00,buy,745.23
2544,8916,1,2024-10-29 11:00:00,redeem,1958.68
1998,7143,1,2024-10-29 14:00:00,buy,2265.2
2744,9640,4,2024-10-29 14:00:00,buy,7506.47
2676,9385,1,2024-10-29 15:00:00,buy,102.16
2708,9473,3,2024-10-29 15:00:00,buy,611.59
263,990,1,2024-10-29 15:00:00,buy,155.81
1385,5182,1,2024-10-29 15:00:00,buy,2097.47
3165,11109,1,2024-10-29 15:00:00,buy,4646.43
1584,5745,6,2024-10-30 11:00:00,redeem,9851.81
899,3270,7,2024-10-30 11:00:00,redeem,503.92
334,1176,3,2024-10-30 14:00:00,buy,1839.36
390,1354,5,2024-10-30 14:00:00,buy,895.88
1740,6278,3,2024-10-30 15:00:00,buy,806.69
3422,11992,1,2024-10-30 15:00:00,buy,1670.51
2193,7706,7,2024-10-30 15:00:00,buy,665.65
1924,6897,3,2024-10-30 15:00:00,buy,800.05
344,1205,1,2024-10-30 15:00:00,buy,5849.14
220,838,1,2024-10-30 15:00:00,buy,8837.45
2646,9273,2,2024-10-30 15:00:00,buy,1459.36
3025,10658,1,2024-10-30 15:00:00,buy,360.87
3087,10885,4,2024-10-30 15:00:00,buy,2949.14
1059,3893,8,2024-10-31 11:00:00,redeem,637.51
831,2956,2,2024-10-31 11:00:00,redeem,348.52
748,2669,6,2024-10-31 14:00:00,buy,488.22
2251,7893,4,2024-10-31 14:00:00,buy,873.97
2654,9311,6,2024-10-31 15:00:00,buy,3037.34
1233,4401,2,2024-10-31 15:00:00,buy,2524.81
496,1659,4,2024-11-01 11:00:00,redeem,136.48
1677,6105,4,2024-11-01 11:00:00,redeem,912.51
1011,3770,4,2024-11-01 14:00:00,buy,1873.79
249,930,2,2024-11-01 14:00:00,buy,2636.61
1706,6195,8,2024-11-01 14:00:00,buy,2204.41
3050,10733,3,2024-11-01 14:00:00,buy,2105.82
2264,7937,6,2024-11-01 15:00:00,buy,2627.44
1222,4377,1,2024-11-01 15:00:00,buy,7001.55
2347,8229,1,2024-11-01 15:00:00,buy,2456.79
39,170,6,2024-11-01 15:00:00,buy,1410.43
3393,11900,1,2024-11-01 15:00:00,buy,826.69
839,3002,2,2024-11-01 15:00:00,buy,1482.73
2573,9053,4,2024-11-02 11:00:00,redeem,115.8
1667,6048,7,2024-11-02 11:00:00,redeem,76.89
1786,6450,6,2024-11-02 11:00:00,redeem,395.86
2435,8592,2,2024-11-02 14:00:00,buy,9266.0
450,1484,3,2024-11-02 14:00:00,buy,1531.33
3347,11755,4,2024-11-02 14:00:00,buy,2557.32
3186,11160,2,2024-11-02 15:00:00,buy,4861.92
3295,11593,1,2024-11-02 15:00:00,buy,2463.46
1760,6349,2,2024-11-02 15:00:00,buy,2053.97
3359,11768,7,2024-11-02 15:00:00,buy,683.0
2040,7237,2,2024-11-02 15:00:00,buy,4201.28
1228,4388,1,2024-11-03 11:00:00,redeem,4997.19
1781,6442,4,2024-11-03 14:00:00,buy,4763.09
1562,5700,4,2024-11-03 14:00:00,buy,1936.35
474,1614,6,2024-11-03 14:00:00,buy,10212.15
1638,5944,2,2024-11-03 14:00:00,buy,11648.11
3118,10953,6,2024-11-03 15:00:00,buy,552.73
2841,10043,3,2024-11-03 15:00:00,buy,1174.03
2848,10054,8,2024-11-03 15:00:00,buy,432.72
2442,8608,4,2024-11-04 11:00:00,redeem,2200.67
1851,6636,3,2024-11-04 11:00:00,redeem,69.61
3000,10593,4,2024-11-04 11:00:00,redeem,435.84
1124,4091,3,2024-11-04 14:00:00,buy,123.82
246,916,6,2024-11-04 14:00:00,buy,3261.41
2256,7911,4,2024-11-04 14:00:00,buy,1129.63
2570,9052,1,2024-11-04 14:00:00,buy,730.24
900,3278,4,2024-11-04 14:00:00,buy,4319.55
1138,4125,6,2024-11-04 15:00:00,buy,642.58
313,1129,4,2024-11-04 15:00:00,buy,5916.26
1086,3928,3,2024-11-04 15:00:00,buy,100.0
2115,7415,6,2024-11-04 15:00:00,buy,648.72
245,906,4,2024-11-04 15:00:00,buy,1758.92
1436,5364,6,2024-11-04 15:00:00,buy,1070.7
2150,7593,1,2024-11-05 14:00:00,buy,2889.46
3395,11905,6,2024-11-05 14:00:00,buy,7587.34
1089,3949,6,2024-11-05 14:00:00,buy,522.75
253,952,1,2024-11-05 14:00:00,buy,174.79
529,1798,3,2024-11-05 15:00:00,buy,6145.57
1730,6252,1,2024-11-05 15:00:00,buy,151.16
1491,5526,6,2024-11-05 15:00:00,buy,3154.41
2107,7397,2,2024-11-05 15:00:00,buy,480.03
3335,11744,6,2024-11-05 15:00:00,buy,2845.15
2547,8950,8,2024-11-05 15:00:00,buy,3680.9
2005,7155,6,2024-11-05 15:00:00,buy,14301.96
129,524,4,2024-11-06 11:00:00,redeem,415.89
700,2463,4,2024-11-06 11:00:00,redeem,189.04
1824,6572,1,2024-11-06 11:00:00,redeem,74.76
2670,9378,7,2024-11-06 14:00:00,buy,1900.88
1295,4752,2,2024-11-06 14:00:00,buy,3216.77
1531,5628,4,2024-11-06 14:00:00,buy,386.22
193,724,8,2024-11-06 15:00:00,buy,601.52
181,697,2,2024-11-06 15:00:00,buy,1893.11
31,114,7,2024-11-06 15:00:00,buy,2747.59
2518,8865,2,2024-11-06 15:00:00,buy,1455.02
617,2211,4,2024-11-06 15:00:00,buy,194.96
2130,7503,7,2024-11-06 15:00:00,buy,4064.25
2175,7682,2,2024-11-06 15:00:00,buy,7758.53
1592,5755,7,2024-11-06 15:00:00,buy,1575.16
880,3215,5,2024-11-06 15:00:00,buy,1846.83
283,1022,3,2024-11-06 15:00:00,buy,1466.87
2195,7711,4,2024-11-07 14:00:00,buy,3434.99
1954,6996,3,2024-11-07 14:00:00,buy,1311.96
1985,7093,3,2024-11-07 14:00:00,buy,3494.81
152,629,6,2024-11-07 14:00:00,buy,6854.61
3212,11256,8,2024-11-07 14:00:00,buy,2152.93
399,1376,8,2024-11-07 15:00:00,buy,395.35
117,490,3,2024-11-07 15:00:00,buy,1573.36
1418,5318,3,2024-11-07 15:00:00,buy,1980.97
26,90,6,2024-11-07 15:00:00,buy,400.81
2597,9114,1,2024-11-08 11:00:00,redeem,1706.94
2056,7288,4,2024-11-08 14:00:00,buy,2422.26
1216,4369,7,2024-11-08 14:00:00,buy,4423.94
2485,8727,8,2024-11-08 14:00:00,buy,4891.85
3384,11895,1,2024-11-08 14:00:00,buy,1799.44
2048,7252,8,2024-11-08 14:00:00,buy,4009.57
2688,9422,6,2024-11-08 14:00:00,buy,1896.46
2161,7639,6,2024-11-08 15:00:00,buy,626.81
351,1225,2,2024-11-08 15:00:00,buy,115.51
2282,8009,3,2024-11-08 15:00:00,buy,665.5
1364,5083,4,2024-11-08 15:00:00,buy,188.03
3308,11640,4,2024-11-08 15:00:00,buy,7944.51
3197,11187,3,2024-11-08 15:00:00,buy,244.7
2763,9741,2,2024-11-08 15:00:00,buy,1275.24
2278,8005,6,2024-11-09 11:00:00,redeem,161.19
1772,6382,1,2024-11-09 14:00:00,buy,379.52
275,1010,7,2024-11-09 14:00:00,buy,11007.3
1299,4760,3,2024-11-09 14:00:00,buy,7633.93
2589,9089,1,2024-11-09 15:00:00,buy,116.77
1344,4963,6,2024-11-09 15:00:00,buy,857.04
131,524,4,2024-11-09 15:00:00,buy,795.94
1944,6969,3,2024-11-09 15:00:00,buy,2442.19
2335,8171,6,2024-11-10 14:00:00,buy,7616.75
2421,8546,5,2024-11-10 15:00:00,buy,391.32
393,1357,1,2024-11-10 15:00:00,buy,3726.94
1117,4042,1,2024-11-10 15:00:00,buy,949.99
2392,8390,1,2024-11-10 15:00:00,buy,2597.09
1717,6211,8,2024-11-10 15:00:00,buy,843.22
3371,11827,4,2024-11-10 15:00:00,buy,100.0
2542,8916,1,2024-11-11 11:00:00,redeem,2666.66
2141,7540,5,2024-11-11 11:00:00,redeem,519.65
184,707,6,2024-11-11 14:00:00,buy,143.32
204,782,2,2024-11-11 14:00:00,buy,4251.35
1151,4170,2,2024-11-11 14:00:00,buy,348.74
954,3523,8,2024-11-11 14:00:00,buy,6422.91
414,1404,7,2024-11-11 15:00:00,buy,3957.06
1253,4461,2,2024-11-11 15:00:00,buy,2641.23
2677,9385,1,2024-11-11 15:00:00,buy,294.78
1967,7035,3,2024-11-12 14:00:00,buy,2304.27
3115,10943,3,2024-11-12 14:00:00,buy,39031.42
3364,11813,6,2024-11-12 14:00:00,buy,2759.95
585,2090,5,2024-11-12 14:00:00,buy,9449.13
1658,6000,6,2024-11-12 14:00:00,buy,5721.05
1093,3962,3,2024-11-12 14:00:00,buy,4366.76
1855,6645,4,2024-11-12 14:00:00,buy,860.3
2816,9938,4,2024-11-12 14:00:00,buy,29272.08
2668,9359,6,2024-11-12 15:00:00,buy,541.45
1852,6636,1,2024-11-12 15:00:00,buy,272.21
858,3086,1,2024-11-12 15:00:00,buy,3131.52
646,2261,2,2024-11-12 15:00:00,buy,246.43
2913,10335,1,2024-11-12 15:00:00,buy,2175.83
3192,11185,4,2024-11-12 15:00:00,buy,4068.83
1145,4140,4,2024-11-12 15:00:00,buy,2958.07
2434,8585,6,2024-11-13 11:00:00,redeem,307.99
452,1488,1,2024-11-13 14:00:00,buy,8495.56
2002,7148,6,2024-11-13 15:00:00,buy,714.35
1713,6209,4,2024-11-13 15:00:00,buy,1158.15
2829,9997,7,2024-11-13 15:00:00,buy,220.67
2951,10466,2,2024-11-13 15:00:00,buy,1000.59
734,2595,5,2024-11-14 11:00:00,redeem,7063.98
1830,6581,6,2024-11-14 11:00:00,redeem,6153.05
1160,4187,5,2024-11-14 11:00:00,redeem,77.43
1513,5586,7,2024-11-14 14:00:00,buy,5214.35
623,2217,5,2024-11-14 14:00:00,buy,12755.22
2735,9620,2,2024-11-14 15:00:00,buy,3154.78
427,1429,6,2024-11-14 15:00:00,buy,3677.5
833,2956,2,2024-11-14 15:00:00,buy,2766.49
2864,10108,4,2024-11-14 15:00:00,buy,9594.96
1234,4401,2,2024-11-14 15:00:00,buy,1258.33
2814,9919,4,2024-11-15 14:00:00,buy,6372.17
1600,5793,2,2024-11-15 14:00:00,buy,2858.63
221,846,4,2024-11-15 14:00:00,buy,717.91
498,1664,7,2024-11-15 15:00:00,buy,975.99
3339,11747,5,2024-11-15 15:00:00,buy,1276.26
513,1748,4,2024-11-15 15:00:00,buy,874.56
2313,8089,4,2024-11-15 15:00:00,buy,2566.27
11,38,7,2024-11-15 15:00:00,buy,757.02
1942,6963,1,2024-11-15 15:00:00,buy,386.2
1318,4817,4,2024-11-16 11:00:00,redeem,5344.18
1266,4493,2,2024-11-16 11:00:00,redeem,142.81
1275,4563,8,2024-11-16 14:00:00,buy,8260.78
2068,7337,5,2024-11-16 14:00:00,buy,2189.03
3092,10905,2,2024-11-16 14:00:00,buy,12489.01
1774,6396,8,2024-11-16 14:00:00,buy,5978.15
156,646,3,2024-11-16 15:00:00,buy,207.93
1839,6597,4,2024-11-16 15:00:00,buy,4033.36
189,720,4,2024-11-16 15:00:00,buy,2565.27
1782,6442,2,2024-11-16 15:00:00,buy,5357.51
3152,11067,3,2024-11-17 14:00:00,buy,1236.04
906,3296,4,2024-11-17 14:00:00,buy,17980.85
2182,7697,1,2024-11-17 15:00:00,buy,758.39
583,2076,1,2024-11-17 15:00:00,buy,791.95
2545,8916,6,2024-11-17 15:00:00,buy,2945.24
889,3251,8,2024-11-17 15:00:00,buy,4868.87
3146,11048,5,2024-11-17 15:00:00,buy,347.42
1393,5207,6,2024-11-18 14:00:00,buy,4678.62
2894,10276,3,2024-11-18 14:00:00,buy,14225.99
862,3134,6,2024-11-18 14:00:00,buy,6480.6
162,661,3,2024-11-18 14:00:00,buy,2498.06
169,664,6,2024-11-18 15:00:00,buy,814.48
1594,5777,2,2024-11-18 15:00:00,buy,3058.46
358,1235,4,2024-11-18 15:00:00,buy,1347.86
2695,9437,1,2024-11-18 15:00:00,buy,7235.38
2037,7232,5,2024-11-18 15:00:00,buy,2378.32
1812,6526,7,2024-11-18 15:00:00,buy,267.43
448,1478,2,2024-11-18 15:00:00,buy,1416.0
1631,5940,3,2024-11-19 14:00:00,buy,499.5
2793,9833,3,2024-11-19 14:00:00,buy,613.61
329,1174,2,2024-11-19 14:00:00,buy,107.88
2176,7682,7,2024-11-19 15:00:00,buy,10812.71
1552,5681,6,2024-11-19 15:00:00,buy,5139.2
1745,6296,2,2024-11-19 15:00:00,buy,1946.13
2321,8121,4,2024-11-19 15:00:00,buy,1848.02
3108,10934,2,2024-11-19 15:00:00,buy,100.0
589,2097,4,2024-11-20 14:00:00,buy,16829.69
701,2468,8,2024-11-20 14:00:00,buy,15094.95
2849,10069,3,2024-11-20 14:00:00,buy,8904.97
2073,7346,1,2024-11-20 15:00:00,buy,2566.58
3409,11931,2,2024-11-20 15:00:00,buy,988.59
1668,6048,1,2024-11-20 15:00:00,buy,100.0
1245,4453,5,2024-11-20 15:00:00,buy,177.11
2598,9114,1,2024-11-20 15:00:00,buy,1430.62
3423,11992,1,2024-11-21 11:00:00,redeem,466.43
182,699,1,2024-11-21 14:00:00,buy,2454.79
52,205,4,2024-11-21 15:00:00,buy,176.5
2436,8592,2,2024-11-21 15:00:00,buy,5696.38
278,1012,1,2024-11-21 15:00:00,buy,1313.27
1386,5182,1,2024-11-22 11:00:00,redeem,913.85
1547,5678,6,2024-11-22 14:00:00,buy,1285.42
2225,7797,1,2024-11-22 14:00:00,buy,7160.57
2496,8750,4,2024-11-22 14:00:00,buy,1498.96
1693,6176,6,2024-11-22 15:00:00,buy,6465.4
947,3455,3,2024-11-22 15:00:00,buy,161.38
3177,11132,3,2024-11-23 11:00:00,redeem,142.68
168,664,4,2024-11-23 11:00:00,redeem,1136.18
284,1026,1,2024-11-23 14:00:00,buy,2355.25
3001,10593,6,2024-11-23 15:00:00,buy,358.9
2359,8272,5,2024-11-23 15:00:00,buy,1971.52
267,998,2,2024-11-23 15:00:00,buy,283.66
1832,6588,4,2024-11-23 15:00:00,buy,994.1
1866,6683,4,2024-11-23 15:00:00,buy,195.42
205,782,4,2024-11-23 15:00:00,buy,1502.38
3211,11236,1,2024-11-23 15:00:00,buy,706.61
1685,6147,3,2024-11-24 14:00:00,buy,8594.84
159,647,2,2024-11-24 15:00:00,buy,126.45
1890,6806,2,2024-11-24 15:00:00,buy,7371.91
2709,9473,6,2024-11-24 15:00:00,buy,506.38
2030,7226,2,2024-11-24 15:00:00,buy,437.36
1109,4004,1,2024-11-24 15:00:00,buy,5760.17
2209,7747,6,2024-11-24 15:00:00,buy,1360.55
2354,8243,5,2024-11-24 15:00:00,buy,2913.09
3126,10979,7,2024-11-25 11:00:00,redeem,1323.18
2842,10043,3,2024-11-25 11:00:00,redeem,798.85
346,1207,5,2024-11-25 14:00:00,buy,8213.67
255,957,4,2024-11-25 14:00:00,buy,40287.9
2825,9974,3,2024-11-25 14:00:00,buy,1769.42
229,858,2,2024-11-25 15:00:00,buy,760.92
739,2607,8,2024-11-25 15:00:00,buy,401.28
2673,9382,4,2024-11-25 15:00:00,buy,1259.72
133,570,7,2024-11-25 15:00:00,buy,2572.01
1932,6900,5,2024-11-25 15:00:00,buy,1231.76
3054,10740,1,2024-11-25 15:00:00,buy,616.41
940,3436,4,2024-11-25 15:00:00,buy,3314.06
3161,11104,7,2024-11-26 11:00:00,redeem,3981.98
779,2752,7,2024-11-26 14:00:00,buy,1571.53
595,2137,6,2024-11-26 14:00:00,buy,369.21
1732,6259,8,2024-11-26 14:00:00,buy,3562.46
2203,7718,7,2024-11-26 15:00:00,buy,4634.15
881,3215,4,2024-11-26 15:00:00,buy,1165.79
820,2929,6,2024-11-26 15:00:00,buy,3543.37
2988,10587,4,2024-11-26 15:00:00,buy,3529.0
687,2417,8,2024-11-26 15:00:00,buy,6460.33
1224,4377,2,2024-11-26 15:00:00,buy,6801.06
1312,4807,4,2024-11-26 15:00:00,buy,192.79
2683,9411,1,2024-11-27 14:00:00,buy,1300.81
235,884,2,2024-11-27 15:00:00,buy,2591.07
624,2217,6,2024-11-27 15:00:00,buy,6573.31
453,1488,3,2024-11-27 15:00:00,buy,3098.83
2971,10501,6,2024-11-27 15:00:00,buy,175.9
1009,3767,6,2024-11-28 11:00:00,redeem,200.84
2173,7681,3,2024-11-28 14:00:00,buy,337.2
1339,4949,2,2024-11-28 14:00:00,buy,8842.6
2925,10372,4,2024-11-28 14:00:00,buy,445.18
2423,8547,1,2024-11-28 14:00:00,buy,20932.79
2549,8971,3,2024-11-28 14:00:00,buy,13238.26
2737,9629,1,2024-11-28 14:00:00,buy,2235.48
723,2558,2,2024-11-28 14:00:00,buy,7514.64
3381,11891,8,2024-11-28 14:00:00,buy,10178.04
214,823,5,2024-11-28 15:00:00,buy,160.87
2116,7415,2,2024-11-28 15:00:00,buy,1435.1
863,3134,1,2024-11-28 15:00:00,buy,1684.29
410,1403,5,2024-11-28 15:00:00,buy,1526.52
2985,10572,2,2024-11-29 11:00:00,redeem,2295.78
3319,11697,1,2024-11-29 14:00:00,buy,6541.9
46,203,4,2024-11-29 14:00:00,buy,332.45
2680,9405,2,2024-11-29 14:00:00,buy,4402.03
323,1156,2,2024-11-29 14:00:00,buy,313.53
1061,3895,1,2024-11-29 14:00:00,buy,1758.64
120,497,4,2024-11-29 15:00:00,buy,114.26
812,2892,2,2024-11-29 15:00:00,buy,746.44
1983,7081,4,2024-11-29 15:00:00,buy,2309.34
2655,9311,4,2024-11-29 15:00:00,buy,4424.56
2457,8671,4,2024-11-29 15:00:00,buy,782.26
1541,5667,4,2024-11-30 11:00:00,redeem,183.4
2743,9637,5,2024-11-30 11:00:00,redeem,1822.71
1523,5603,1,2024-11-30 14:00:00,buy,1350.34
3171,11125,2,2024-11-30 15:00:00,buy,5075.28
1919,6889,6,2024-11-30 15:00:00,buy,437.22
980,3662,6,2024-11-30 15:00:00,buy,1656.93
749,2669,4,2024-11-30 15:00:00,buy,181.46
3166,11109,1,2024-11-30 15:00:00,buy,9346.72
2689,9422,6,2024-11-30 15:00:00,buy,812.28
3132,11001,1,2024-12-01 14:00:00,buy,17404.55
3100,10930,6,2024-12-01 14:00:00,buy,7220.81
247,916,6,2024-12-01 15:00:00,buy,1252.23
551,1882,2,2024-12-01 15:00:00,buy,667.82
1999,7143,1,2024-12-01 15:00:00,buy,1075.75
3313,11684,2,2024-12-01 15:00:00,buy,100.0
2117,7440,4,2024-12-02 14:00:00,buy,1535.45
391,1354,6,2024-12-02 15:00:00,buy,1169.21
2659,9329,3,2024-12-02 15:00:00,buy,2035.33
2194,7706,8,2024-12-02 15:00:00,buy,2125.04
1054,3852,5,2024-12-02 15:00:00,buy,12754.84
2600,9119,4,2024-12-02 15:00:00,buy,801.38
1235,4401,4,2024-12-02 15:00:00,buy,2416.66
2922,10361,6,2024-12-02 15:00:00,buy,507.02
2912,10335,2,2024-12-03 11:00:00,redeem,1244.99
2272,7982,2,2024-12-03 14:00:00,buy,245.11
740,2622,4,2024-12-03 14:00:00,buy,573.71
961,3588,4,2024-12-03 14:00:00,buy,2743.13
2363,8277,8,2024-12-03 14:00:00,buy,1714.03
1570,5705,3,2024-12-03 15:00:00,buy,3271.25
2548,8950,3,2024-12-03 15:00:00,buy,5567.13
35,153,6,2024-12-03 15:00:00,buy,1761.4
2165,7652,2,2024-12-04 14:00:00,buy,2655.39
1767,6370,1,2024-12-04 14:00:00,buy,2570.96
777,2736,4,2024-12-04 14:00:00,buy,1646.2
2532,8903,4,2024-12-04 14:00:00,buy,400.04
2736,9620,1,2024-12-04 15:00:00,buy,1118.69
1912,6862,2,2024-12-04 15:00:00,buy,342.37
2216,7759,2,2024-12-04 15:00:00,buy,2658.83
673,2332,6,2024-12-04 15:00:00,buy,636.85
400,1376,8,2024-12-05 11:00:00,redeem,151.6
1973,7056,4,2024-12-05 14:00:00,buy,1385.77
2972,10509,2,2024-12-05 14:00:00,buy,2987.29
63,246,6,2024-12-05 14:00:00,buy,3481.12
1624,5847,1,2024-12-05 14:00:00,buy,954.25
1440,5371,6,2024-12-05 14:00:00,buy,29905.88
1669,6048,3,2024-12-05 15:00:00,buy,294.99
2801,9854,8,2024-12-05 15:00:00,buy,775.82
61,241,1,2024-12-05 15:00:00,buy,4588.77
890,3251,7,2024-12-05 15:00:00,buy,3301.11
1012,3770,6,2024-12-05 15:00:00,buy,917.09
2013,7174,1,2024-12-06 11:00:00,redeem,410.87
2192,7706,1,2024-12-06 11:00:00,redeem,1467.85
1149,4149,7,2024-12-06 14:00:00,buy,5682.1
1934,6921,6,2024-12-06 14:00:00,buy,1527.77
3012,10639,8,2024-12-06 14:00:00,buy,16461.47
330,1174,1,2024-12-06 15:00:00,buy,100.0
421,1422,7,2024-12-06 15:00:00,buy,545.85
2930,10385,1,2024-12-06 15:00:00,buy,382.69
1809,6524,1,2024-12-06 15:00:00,buy,787.48
2196,7711,1,2024-12-06 15:00:00,buy,2386.04
27,90,1,2024-12-06 15:00:00,buy,543.83
2755,9680,7,2024-12-07 14:00:00,buy,5299.32
3265,11459,7,2024-12-07 14:00:00,buy,23134.14
840,3007,6,2024-12-07 14:00:00,buy,9221.28
418,1419,4,2024-12-07 14:00:00,buy,1519.23
2583,9085,7,2024-12-07 14:00:00,buy,354.15
1959,7007,4,2024-12-07 14:00:00,buy,43932.72
2482,8724,4,2024-12-07 15:00:00,buy,2484.8
1087,3928,4,2024-12-07 15:00:00,buy,115.3
209,820,8,2024-12-07 15:00:00,buy,4208.63
2727,9568,4,2024-12-07 15:00:00,buy,158.67
2322,8121,2,2024-12-07 15:00:00,buy,6195.22
1200,4310,1,2024-12-08 14:00:00,buy,1195.3
691,2425,6,2024-12-08 14:00:00,buy,3167.95
1585,5748,4,2024-12-08 14:00:00,buy,21724.61
688,2423,3,2024-12-08 14:00:00,buy,11112.96
727,2571,4,2024-12-08 14:00:00,buy,997.68
2817,9938,1,2024-12-08 15:00:00,buy,14691.67
222,846,4,2024-12-08 15:00:00,buy,145.17
2553,8990,2,2024-12-09 14:00:00,buy,2928.01
2873,10197,3,2024-12-09 14:00:00,buy,16245.97
121,497,6,2024-12-09 15:00:00,buy,169.1
606,2163,4,2024-12-10 11:00:00,redeem,843.42
530,1798,3,2024-12-10 11:00:00,redeem,3213.99
3377,11858,3,2024-12-10 14:00:00,buy,2877.8
1282,4683,2,2024-12-10 14:00:00,buy,2035.17
2874,10202,6,2024-12-10 14:00:00,buy,5438.89
573,2016,4,2024-12-10 14:00:00,buy,1491.6
2395,8421,2,2024-12-10 15:00:00,buy,489.83
1689,6158,2,2024-12-10 15:00:00,buy,1503.43
2046,7244,5,2024-12-10 15:00:00,buy,864.21
2914,10335,4,2024-12-10 15:00:00,buy,1493.63
1125,4091,6,2024-12-10 15:00:00,buy,100.0
601,2153,4,2024-12-10 15:00:00,buy,565.88
1733,6259,8,2024-12-10 15:00:00,buy,1288.4
877,3196,2,2024-12-11 11:00:00,redeem,254.78
3191,11185,4,2024-12-11 11:00:00,redeem,1816.26
1223,4377,1,2024-12-11 11:00:00,redeem,5828.04
764,2684,3,2024-12-11 14:00:00,buy,3371.55
2830,9997,3,2024-12-11 15:00:00,buy,697.53
2764,9741,8,2024-12-11 15:00:00,buy,645.0
3056,10740,1,2024-12-11 15:00:00,buy,421.67
2014,7174,7,2024-12-11 15:00:00,buy,209.24
2948,10459,1,2024-12-11 15:00:00,buy,1691.64
1399,5216,2,2024-12-12 11:00:00,redeem,725.68
2715,9515,6,2024-12-12 11:00:00,redeem,333.42
1506,5577,2,2024-12-12 14:00:00,buy,1683.79
2379,8352,1,2024-12-12 14:00:00,buy,4324.05
58,221,3,2024-12-12 14:00:00,buy,3774.56
586,2090,2,2024-12-12 15:00:00,buy,1871.11
2751,9668,6,2024-12-12 15:00:00,buy,1316.12
54,205,2,2024-12-12 15:00:00,buy,101.06
614,2198,1,2024-12-12 15:00:00,buy,1366.29
1075,3919,2,2024-12-12 15:00:00,buy,1328.09
1129,4098,3,2024-12-12 15:00:00,buy,950.16
1340,4949,2,2024-12-12 15:00:00,buy,1299.35
1492,5526,5,2024-12-12 15:00:00,buy,2503.16
2630,9225,4,2024-12-13 14:00:00,buy,6467.86
1072,3913,1,2024-12-13 14:00:00,buy,1494.41
1090,3953,6,2024-12-13 14:00:00,buy,7064.4
2448,8625,5,2024-12-13 15:00:00,buy,716.67
183,699,4,2024-12-13 15:00:00,buy,966.82
1296,4752,1,2024-12-13 15:00:00,buy,785.52
2738,9629,4,2024-12-13 15:00:00,buy,1193.07
1348,4971,7,2024-12-13 15:00:00,buy,2442.83
438,1441,6,2024-12-13 15:00:00,buy,1484.21
163,661,6,2024-12-13 15:00:00,buy,576.92
1610,5826,2,2024-12-14 11:00:00,redeem,705.66
1936,6924,1,2024-12-14 14:00:00,buy,1987.62
2098,7389,2,2024-12-14 14:00:00,buy,733.68
872,3181,2,2024-12-14 15:00:00,buy,995.93
1532,5628,4,2024-12-14 15:00:00,buy,500.62
3045,10723,6,2024-12-14 15:00:00,buy,930.52
1788,6462,8,2024-12-14 15:00:00,buy,100.0
1244,4453,4,2024-12-15 11:00:00,redeem,126.37
1102,3995,5,2024-12-15 14:00:00,buy,3551.62
2089,7366,1,2024-12-15 14:00:00,buy,1558.57
3315,11690,4,2024-12-15 14:00:00,buy,134.05
1842,6607,3,2024-12-15 14:00:00,buy,5482.81
1968,7047,6,2024-12-15 14:00:00,buy,975.46
352,1225,2,2024-12-15 15:00:00,buy,494.0
279,1012,8,2024-12-15 15:00:00,buy,463.29
2796,9836,1,2024-12-16 11:00:00,redeem,118.24
1192,4300,5,2024-12-16 14:00:00,buy,6864.52
1352,4998,2,2024-12-16 14:00:00,buy,2082.14
1906,6860,3,2024-12-16 14:00:00,buy,2213.6
2242,7844,5,2024-12-16 14:00:00,buy,5266.94
578,2038,2,2024-12-16 14:00:00,buy,2961.86
2679,9387,4,2024-12-16 14:00:00,buy,3796.87
2710,9473,1,2024-12-16 15:00:00,buy,2317.75
952,3473,6,2024-12-16 15:00:00,buy,527.54
1644,5963,6,2024-12-16 15:00:00,buy,6103.29
1752,6322,6,2024-12-16 15:00:00,buy,330.49
1043,3825,5,2024-12-16 15:00:00,buy,3457.64
1121,4065,2,2024-12-16 15:00:00,buy,1004.16
1001,3710,7,2024-12-16 15:00:00,buy,835.13
454,1488,2,2024-12-16 15:00:00,buy,4385.3
1201,4310,1,2024-12-16 15:00:00,buy,1382.28
3353,11759,1,2024-12-16 15:00:00,buy,814.77
2291,8032,1,2024-12-17 11:00:00,redeem,153.27
272,1001,1,2024-12-17 14:00:00,buy,3953.68
2326,8151,5,2024-12-17 14:00:00,buy,4036.03
1494,5533,6,2024-12-17 14:00:00,buy,6775.37
1519,5594,4,2024-12-17 14:00:00,buy,1541.6
2923,10361,2,2024-12-17 15:00:00,buy,1311.56
3318,11692,3,2024-12-17 15:00:00,buy,708.96
2936,10403,7,2024-12-18 14:00:00,buy,2453.41
1629,5912,6,2024-12-18 14:00:00,buy,708.67
171,667,4,2024-12-18 14:00:00,buy,1175.31
2772,9774,4,2024-12-18 14:00:00,buy,7227.66
813,2892,4,2024-12-18 15:00:00,buy,346.88
778,2736,4,2024-12-18 15:00:00,buy,1130.43
2826,9974,1,2024-12-18 15:00:00,buy,545.27
2720,9523,6,2024-12-19 11:00:00,redeem,4142.2
656,2314,4,2024-12-19 11:00:00,redeem,2925.06
125,502,4,2024-12-19 11:00:00,redeem,10175.58
1704,6191,3,2024-12-19 14:00:00,buy,601.62
83,329,1,2024-12-19 14:00:00,buy,6288.25
756,2675,1,2024-12-19 14:00:00,buy,2031.52
3018,10644,1,2024-12-19 14:00:00,buy,16564.47
841,3007,4,2024-12-19 15:00:00,buy,3182.15
981,3662,3,2024-12-19 15:00:00,buy,5813.54
3206,11217,2,2024-12-19 15:00:00,buy,153.6
2197,7711,4,2024-12-19 15:00:00,buy,2143.81
1863,6679,6,2024-12-19 15:00:00,buy,144.56
2143,7549,2,2024-12-20 14:00:00,buy,2055.06
317,1137,5,2024-12-20 14:00:00,buy,80000.0
765,2689,4,2024-12-20 14:00:00,buy,909.0
94,387,1,2024-12-20 14:00:00,buy,2557.67
1211,4358,6,2024-12-20 14:00:00,buy,8311.27
3280,11538,1,2024-12-20 15:00:00,buy,7787.35
250,930,1,2024-12-20 15:00:00,buy,1154.06
336,1189,4,2024-12-20 15:00:00,buy,11091.5
1707,6195,7,2024-12-20 15:00:00,buy,2796.63
2747,9660,6,2024-12-21 14:00:00,buy,198.19
377,1333,8,2024-12-21 14:00:00,buy,1086.83
2133,7511,6,2024-12-21 14:00:00,buy,3975.11
153,629,6,2024-12-21 15:00:00,buy,7200.62
254,952,2,2024-12-21 15:00:00,buy,100.0
3385,11895,4,2024-12-21 15:00:00,buy,774.97
2681,9405,6,2024-12-21 15:00:00,buy,3935.43
118,490,1,2024-12-21 15:00:00,buy,693.44
587,2090,5,2024-12-21 15:00:00,buy,1240.6
73,297,7,2024-12-21 15:00:00,buy,173.37
747,2644,1,2024-12-21 15:00:00,buy,521.92
84,336,1,2024-12-22 14:00:00,buy,5656.97
1218,4372,3,2024-12-22 14:00:00,buy,4597.75
556,1924,8,2024-12-22 14:00:00,buy,902.29
1044,3828,1,2024-12-22 14:00:00,buy,10050.99
2318,8104,6,2024-12-22 14:00:00,buy,1048.32
2207,7733,4,2024-12-22 14:00:00,buy,1869.27
3271,11493,8,2024-12-22 15:00:00,buy,4787.01
2108,7397,6,2024-12-22 15:00:00,buy,2012.51
3248,11383,8,2024-12-22 15:00:00,buy,3547.92
2166,7652,7,2024-12-22 15:00:00,buy,674.76
1778,6417,3,2024-12-22 15:00:00,buy,378.29
3026,10658,1,2024-12-22 15:00:00,buy,576.54
681,2385,6,2024-12-23 14:00:00,buy,688.56
793,2801,1,2024-12-23 14:00:00,buy,6261.45
449,1478,8,2024-12-23 15:00:00,buy,981.43
297,1083,4,2024-12-23 15:00:00,buy,2034.51
1853,6636,1,2024-12-23 15:00:00,buy,181.02
428,1429,5,2024-12-23 15:00:00,buy,4496.31
1428,5342,3,2024-12-23 15:00:00,buy,184.37
1538,5650,3,2024-12-23 15:00:00,buy,1339.48
236,884,2,2024-12-24 11:00:00,redeem,1736.75
1802,6499,7,2024-12-24 11:00:00,redeem,326.2
3394,11900,1,2024-12-24 11:00:00,redeem,731.29
1493,5530,3,2024-12-24 14:00:00,buy,1152.32
3230,11339,1,2024-12-24 14:00:00,buy,3534.65
2609,9152,4,2024-12-24 14:00:00,buy,66598.71
2702,9458,2,2024-12-24 15:00:00,buy,414.54
2151,7593,3,2024-12-24 15:00:00,buy,1461.79
1478,5463,1,2024-12-25 14:00:00,buy,12181.66
2622,9212,4,2024-12-25 14:00:00,buy,3853.84
2466,8689,6,2024-12-25 15:00:00,buy,2196.84
1617,5837,2,2024-12-25 15:00:00,buy,222.48
2210,7747,6,2024-12-25 15:00:00,buy,2997.41
1566,5702,1,2024-12-25 15:00:00,buy,670.89
2513,8833,3,2024-12-26 11:00:00,redeem,2562.65
1168,4194,8,2024-12-26 14:00:00,buy,3599.81
1649,5973,2,2024-12-26 14:00:00,buy,4406.63
3009,10638,1,2024-12-26 14:00:00,buy,2805.36
853,3073,2,2024-12-26 14:00:00,buy,2755.09
1069,3904,3,2024-12-26 14:00:00,buy,2325.85
2267,7953,6,2024-12-26 15:00:00,buy,2752.81
800,2832,6,2024-12-26 15:00:00,buy,1052.68
268,998,3,2024-12-26 15:00:00,buy,253.29
2766,9747,3,2024-12-27 14:00:00,buy,5465.9
1518,5588,1,2024-12-27 14:00:00,buy,3556.87
1765,6363,6,2024-12-27 15:00:00,buy,248.85
3101,10932,1,2024-12-28 14:00:00,buy,6323.58
2028,7208,4,2024-12-28 14:00:00,buy,3143.4
1988,7102,1,2024-12-28 14:00:00,buy,223.23
1529,5627,3,2024-12-28 14:00:00,buy,670.33
814,2903,2,2024-12-28 14:00:00,buy,1569.99
2314,8089,5,2024-12-28 15:00:00,buy,773.49
842,3007,5,2024-12-28 15:00:00,buy,1319.11
1632,5940,3,2024-12-28 15:00:00,buy,385.2
333,1175,4,2024-12-28 15:00:00,buy,534.28
2422,8546,6,2024-12-28 15:00:00,buy,1376.99
3188,11164,1,2024-12-28 15:00:00,buy,1948.6
2929,10385,8,2024-12-29 11:00:00,redeem,155.51
2882,10232,1,2024-12-29 14:00:00,buy,10428.25
2142,7541,3,2024-12-29 14:00:00,buy,1017.43
217,829,7,2024-12-29 14:00:00,buy,275.98
943,3442,5,2024-12-29 14:00:00,buy,5093.85
1048,3847,6,2024-12-29 14:00:00,buy,5330.83
324,1156,2,2024-12-29 15:00:00,buy,179.34
40,170,2,2024-12-29 15:00:00,buy,1465.18
3336,11744,6,2024-12-29 15:00:00,buy,5479.91
2074,7346,2,2024-12-29 15:00:00,buy,831.33
1761,6349,2,2024-12-30 11:00:00,redeem,1326.27
1277,4589,2,2024-12-30 14:00:00,buy,1314.78
68,269,2,2024-12-30 14:00:00,buy,1956.0
2355,8243,5,2024-12-30 15:00:00,buy,5463.42
618,2211,4,2024-12-30 15:00:00,buy,231.06
1062,3895,1,2024-12-30 15:00:00,buy,1473.15
1152,4170,4,2024-12-30 15:00:00,buy,100.0
1004,3723,2,2024-12-31 14:00:00,buy,2202.45
59,223,1,2024-12-31 14:00:00,buy,1563.0
2593,9095,5,2024-12-31 14:00:00,buy,509.45
1443,5391,2,2024-12-31 14:00:00,buy,2538.61
3253,11406,7,2024-12-31 14:00:00,buy,8897.92
3167,11109,3,2024-12-31 15:00:00,buy,8706.29
2162,7639,4,2024-12-31 15:00:00,buy,805.64
1935,6921,3,2024-12-31 15:00:00,buy,2996.16
1725,6235,5,2024-12-31 15:00:00,buy,121.58
2348,8229,1,2024-12-31 15:00:00,buy,3121.04
1473,5447,3,2024-12-31 15:00:00,buy,5121.59
1130,4098,3,2025-01-01 15:00:00,buy,1052.2
1860,6677,1,2025-01-01 15:00:00,buy,4542.24
1625,5847,7,2025-01-01 15:00:00,buy,723.45
3049,10726,3,2025-01-01 15:00:00,buy,8176.17
378,1333,3,2025-01-01 15:00:00,buy,521.66
1820,6557,1,2025-01-01 15:00:00,buy,1857.05
3207,11217,1,2025-01-01 15:00:00,buy,239.42
1553,5681,6,2025-01-02 11:00:00,redeem,3593.21
1833,6588,4,2025-01-02 11:00:00,redeem,608.13
661,2326,4,2025-01-02 14:00:00,buy,4032.47
2725,9553,8,2025-01-02 14:00:00,buy,2596.6
602,2153,1,2025-01-02 15:00:00,buy,1970.06
1088,3928,4,2025-01-02 15:00:00,buy,181.85
157,646,1,2025-01-02 15:00:00,buy,114.9
955,3523,1,2025-01-02 15:00:00,buy,1368.58
3320,11697,1,2025-01-02 15:00:00,buy,2190.15
164,661,6,2025-01-03 11:00:00,redeem,432.94
2664,9344,2,2025-01-03 14:00:00,buy,958.41
462,1510,3,2025-01-03 14:00:00,buy,1418.36
643,2258,2,2025-01-03 14:00:00,buy,850.83
1387,5202,1,2025-01-03 14:00:00,buy,1266.37
1023,3789,1,2025-01-03 14:00:00,buy,15880.38
1139,4138,2,2025-01-03 14:00:00,buy,736.03
2949,10459,4,2025-01-03 15:00:00,buy,2767.78
331,1174,8,2025-01-03 15:00:00,buy,209.05
1254,4461,5,2025-01-03 15:00:00,buy,3960.72
149,599,2,2025-01-03 15:00:00,buy,1839.77
531,1798,4,2025-01-03 15:00:00,buy,7386.75
2605,9137,2,2025-01-03 15:00:00,buy,919.2
2041,7237,2,2025-01-04 11:00:00,redeem,2260.9
625,2217,6,2025-01-04 11:00:00,redeem,3595.75
1975,7063,2,2025-01-04 14:00:00,buy,2736.81
822,2942,3,2025-01-04 14:00:00,buy,4061.21
2859,10100,3,2025-01-04 14:00:00,buy,1955.67
231,875,4,2025-01-04 14:00:00,buy,2909.51
1686,6147,4,2025-01-04 15:00:00,buy,3094.54
2684,9411,2,2025-01-04 15:00:00,buy,299.5
359,1235,6,2025-01-04 15:00:00,buy,2652.4
2631,9225,2,2025-01-04 15:00:00,buy,1355.97
2146,7577,1,2025-01-04 15:00:00,buy,1064.89
194,726,6,2025-01-05 14:00:00,buy,1484.72
1654,5989,1,2025-01-05 14:00:00,buy,21052.49
2031,7226,3,2025-01-05 15:00:00,buy,253.59
1217,4369,2,2025-01-05 15:00:00,buy,6809.98
345,1205,4,2025-01-05 15:00:00,buy,2782.63
2311,8083,5,2025-01-06 11:00:00,redeem,7178.74
1913,6862,2,2025-01-06 11:00:00,redeem,104.14
2694,9437,3,2025-01-06 11:00:00,redeem,3837.16
2361,8275,2,2025-01-06 14:00:00,buy,14219.09
2790,9825,3,2025-01-06 14:00:00,buy,1104.86
1157,4186,6,2025-01-06 14:00:00,buy,2261.96
1563,5700,4,2025-01-06 15:00:00,buy,1133.52
2360,8272,6,2025-01-06 15:00:00,buy,1656.77
1495,5533,6,2025-01-06 15:00:00,buy,5841.46
543,1867,1,2025-01-06 15:00:00,buy,5128.45
2449,8625,5,2025-01-07 11:00:00,redeem,481.34
151,606,2,2025-01-07 14:00:00,buy,37275.43
2337,8194,2,2025-01-07 14:00:00,buy,9226.37
2854,10086,4,2025-01-07 14:00:00,buy,4654.73
362,1255,2,2025-01-07 14:00:00,buy,632.64
2563,9035,8,2025-01-07 14:00:00,buy,4519.23
76,304,4,2025-01-07 14:00:00,buy,1484.64
3129,10997,4,2025-01-07 14:00:00,buy,5548.21
2699,9456,4,2025-01-07 14:00:00,buy,3705.41
2883,10232,7,2025-01-07 15:00:00,buy,5536.89
2226,7797,4,2025-01-07 15:00:00,buy,7092.88
1514,5586,7,2025-01-07 15:00:00,buy,2291.3
3314,11684,5,2025-01-07 15:00:00,buy,108.77
285,1026,7,2025-01-07 15:00:00,buy,777.2
318,1137,6,2025-01-07 15:00:00,buy,50000.0
248,916,5,2025-01-07 15:00:00,buy,1388.64
2818,9938,1,2025-01-08 11:00:00,redeem,3684.76
891,3251,7,2025-01-08 11:00:00,redeem,1106.67
2489,8730,3,2025-01-08 11:00:00,redeem,141.64
3419,11984,3,2025-01-08 14:00:00,buy,5076.07
2169,7668,3,2025-01-08 14:00:00,buy,709.27
563,1967,3,2025-01-08 14:00:00,buy,3610.2
982,3662,2,2025-01-08 15:00:00,buy,3163.84
1094,3962,1,2025-01-08 15:00:00,buy,1269.79
2090,7366,3,2025-01-08 15:00:00,buy,2083.02
2205,7718,7,2025-01-08 15:00:00,buy,1940.2
1024,3793,4,2025-01-09 14:00:00,buy,6098.88
2704,9471,2,2025-01-09 14:00:00,buy,1003.27
1964,7024,4,2025-01-09 14:00:00,buy,2786.57
2534,8913,1,2025-01-09 15:00:00,buy,2344.9
3297,11597,6,2025-01-09 15:00:00,buy,603.2
689,2423,3,2025-01-09 15:00:00,buy,4605.64
2775,9780,2,2025-01-10 14:00:00,buy,819.72
32,136,1,2025-01-10 14:00:00,buy,1044.74
707,2496,8,2025-01-10 15:00:00,buy,6406.37
1219,4372,2,2025-01-10 15:00:00,buy,3993.25
1177,4232,2,2025-01-10 15:00:00,buy,2834.95
1297,4752,8,2025-01-10 15:00:00,buy,1410.43
1520,5594,4,2025-01-10 15:00:00,buy,395.83
1126,4091,3,2025-01-10 15:00:00,buy,104.78
1867,6683,4,2025-01-10 15:00:00,buy,557.12
2220,7763,4,2025-01-11 11:00:00,redeem,789.85
1429,5357,4,2025-01-11 14:00:00,buy,497.24
2711,9480,3,2025-01-11 14:00:00,buy,667.63
928,3399,3,2025-01-11 14:00:00,buy,13536.75
3413,11941,2,2025-01-11 14:00:00,buy,15109.07
2584,9085,3,2025-01-11 15:00:00,buy,372.17
802,2846,6,2025-01-11 15:00:00,buy,322.2
3093,10905,3,2025-01-11 15:00:00,buy,7077.75
2353,8243,6,2025-01-12 11:00:00,redeem,6086.76
1148,4144,4,2025-01-12 14:00:00,buy,2358.33
942,3436,4,2025-01-12 15:00:00,buy,2614.16
1955,6996,1,2025-01-12 15:00:00,buy,911.01
3199,11187,4,2025-01-12 15:00:00,buy,441.02
91,380,2,2025-01-12 15:00:00,buy,11512.58
3331,11737,7,2025-01-12 15:00:00,buy,115.51
337,1189,6,2025-01-12 15:00:00,buy,11096.3
934,3428,1,2025-01-12 15:00:00,buy,333.57
419,1419,4,2025-01-12 15:00:00,buy,1018.32
882,3215,5,2025-01-12 15:00:00,buy,626.41
3274,11525,2,2025-01-13 14:00:00,buy,1959.73
487,1641,7,2025-01-13 14:00:00,buy,1038.31
2411,8499,4,2025-01-13 14:00:00,buy,1238.84
2125,7460,6,2025-01-13 14:00:00,buy,3101.92
2230,7804,4,2025-01-13 14:00:00,buy,7143.11
3321,11719,1,2025-01-13 14:00:00,buy,1112.6
1063,3895,3,2025-01-13 15:00:00,buy,1021.59
3010,10638,3,2025-01-13 15:00:00,buy,1516.34
3309,11640,4,2025-01-14 11:00:00,redeem,2087.59
3374,11839,7,2025-01-14 14:00:00,buy,3483.92
2773,9776,1,2025-01-14 14:00:00,buy,2829.33
816,2911,2,2025-01-14 15:00:00,buy,100.0
867,3164,1,2025-01-14 15:00:00,buy,1293.87
3019,10644,4,2025-01-14 15:00:00,buy,4684.11
3386,11895,3,2025-01-14 15:00:00,buy,431.83
3046,10723,3,2025-01-14 15:00:00,buy,1757.61
223,846,4,2025-01-15 11:00:00,redeem,78.63
941,3436,4,2025-01-15 11:00:00,redeem,2000.72
302,1109,3,2025-01-15 14:00:00,buy,788.58
949,3471,2,2025-01-15 14:00:00,buy,796.65
1874,6708,4,2025-01-15 14:00:00,buy,11291.12
944,3442,5,2025-01-15 15:00:00,buy,1842.4
2199,7711,1,2025-01-15 15:00:00,buy,2501.02
1554,5682,1,2025-01-16 14:00:00,buy,7481.89
1278,4613,8,2025-01-16 14:00:00,buy,2481.94
1300,4760,4,2025-01-16 15:00:00,buy,1125.75
463,1510,1,2025-01-16 15:00:00,buy,2702.0
1741,6283,5,2025-01-17 14:00:00,buy,367.57
2069,7337,6,2025-01-17 15:00:00,buy,527.11
3193,11185,1,2025-01-17 15:00:00,buy,4566.55
1193,4300,5,2025-01-17 15:00:00,buy,828.58
1394,5207,1,2025-01-17 15:00:00,buy,3388.84
750,2669,2,2025-01-17 15:00:00,buy,131.85
2000,7143,1,2025-01-18 11:00:00,redeem,570.1
2822,9970,4,2025-01-18 14:00:00,buy,7151.08
3213,11256,3,2025-01-18 15:00:00,buy,166.0
2049,7252,3,2025-01-18 15:00:00,buy,1445.74
1960,7007,4,2025-01-18 15:00:00,buy,21238.62
675,2337,6,2025-01-18 15:00:00,buy,6948.9
1507,5577,1,2025-01-18 15:00:00,buy,3114.2
74,297,7,2025-01-19 11:00:00,redeem,90.81
1789,6474,1,2025-01-19 14:00:00,buy,974.72
692,2426,6,2025-01-19 14:00:00,buy,2030.78
768,2710,1,2025-01-19 14:00:00,buy,5473.83
1679,6128,5,2025-01-19 14:00:00,buy,734.99
1014,3770,2,2025-01-19 15:00:00,buy,350.22
2647,9273,1,2025-01-19 15:00:00,buy,1467.74
3102,10932,6,2025-01-19 15:00:00,buy,6289.2
1650,5973,8,2025-01-19 15:00:00,buy,1296.63
1479,5463,7,2025-01-19 15:00:00,buy,1456.32
41,170,4,2025-01-19 15:00:00,buy,1655.38
2252,7893,2,2025-01-19 15:00:00,buy,526.2
1202,4310,3,2025-01-19 15:00:00,buy,1345.13
2510,8824,6,2025-01-20 15:00:00,buy,2880.11
2745,9640,2,2025-01-20 15:00:00,buy,4247.72
2364,8277,8,2025-01-20 15:00:00,buy,1395.2
690,2423,8,2025-01-20 15:00:00,buy,2216.21
314,1129,4,2025-01-20 15:00:00,buy,2390.95
2377,8348,4,2025-01-20 15:00:00,buy,1713.61
2319,8104,2,2025-01-20 15:00:00,buy,722.84
3005,10609,1,2025-01-21 14:00:00,buy,1052.75
451,1484,2,2025-01-21 15:00:00,buy,2040.25
3396,11905,4,2025-01-21 15:00:00,buy,2809.45
411,1403,2,2025-01-21 15:00:00,buy,1129.15
2396,8421,2,2025-01-22 11:00:00,redeem,401.01
3198,11187,3,2025-01-22 11:00:00,redeem,178.56
1899,6823,2,2025-01-22 14:00:00,buy,8226.7
1045,3828,6,2025-01-22 15:00:00,buy,4346.39
1618,5837,4,2025-01-22 15:00:00,buy,379.12
930,3421,1,2025-01-23 14:00:00,buy,629.86
2712,9480,4,2025-01-23 15:00:00,buy,200.15
2257,7911,3,2025-01-23 15:00:00,buy,500.6
1779,6417,3,2025-01-23 15:00:00,buy,345.8
170,664,6,2025-01-24 11:00:00,redeem,356.56
100,410,6,2025-01-24 14:00:00,buy,21425.1
1872,6701,3,2025-01-24 14:00:00,buy,17113.99
251,940,3,2025-01-24 14:00:00,buy,4276.44
2269,7964,4,2025-01-24 14:00:00,buy,6663.81
3400,11919,3,2025-01-24 15:00:00,buy,3001.94
1516,5586,1,2025-01-24 15:00:00,buy,2644.65
1630,5912,2,2025-01-24 15:00:00,buy,132.02
1861,6677,2,2025-01-24 15:00:00,buy,1267.47
682,2385,6,2025-01-24 15:00:00,buy,214.09
1103,3995,5,2025-01-24 15:00:00,buy,1714.34
1220,4372,2,2025-01-24 15:00:00,buy,5992.72
3043,10720,1,2025-01-24 15:00:00,buy,2501.79
557,1924,8,2025-01-24 15:00:00,buy,634.76
3360,11768,1,2025-01-25 15:00:00,buy,1227.81
2850,10069,1,2025-01-25 15:00:00,buy,2374.0
1564,5700,2,2025-01-25 15:00:00,buy,644.34
12,38,3,2025-01-25 15:00:00,buy,1355.38
1283,4683,6,2025-01-25 15:00:00,buy,1626.06
962,3588,3,2025-01-25 15:00:00,buy,2354.5
242,897,4,2025-01-26 14:00:00,buy,4524.85
42,179,8,2025-01-26 14:00:00,buy,10504.16
1055,3852,2,2025-01-26 15:00:00,buy,12894.18
2943,10441,4,2025-01-26 15:00:00,buy,4636.89
929,3399,2,2025-01-26 15:00:00,buy,3066.56
1742,6283,6,2025-01-26 15:00:00,buy,344.09
36,153,1,2025-01-27 15:00:00,buy,3827.58
2362,8275,4,2025-01-27 15:00:00,buy,6397.0
2038,7232,4,2025-01-27 15:00:00,buy,6788.51
3254,11406,3,2025-01-27 15:00:00,buy,7124.08
794,2801,3,2025-01-27 15:00:00,buy,2125.73
552,1882,2,2025-01-28 11:00:00,redeem,529.64
1768,6370,1,2025-01-28 15:00:00,buy,938.2
2343,8228,2,2025-01-28 15:00:00,buy,3787.2
644,2258,6,2025-01-28 15:00:00,buy,968.7
2430,8579,2,2025-01-28 15:00:00,buy,1271.43
2152,7593,4,2025-01-29 15:00:00,buy,1794.23
767,2703,6,2025-01-29 15:00:00,buy,752.57
2253,7893,3,2025-01-29 15:00:00,buy,399.63
1746,6296,3,2025-01-29 15:00:00,buy,4227.9
2651,9297,4,2025-01-30 15:00:00,buy,1972.66
677,2337,6,2025-01-30 15:00:00,buy,2431.37
3130,10997,6,2025-01-30 15:00:00,buy,907.42
2082,7350,6,2025-01-30 15:00:00,buy,1642.82
1571,5705,6,2025-01-30 15:00:00,buy,2155.97
3322,11719,2,2025-01-30 15:00:00,buy,660.1
834,2956,1,2025-01-30 15:00:00,buy,511.99
744,2631,6,2025-01-30 15:00:00,buy,742.63
3172,11125,2,2025-01-30 15:00:00,buy,6359.61
1651,5973,3,2025-01-30 15:00:00,buy,2603.62
92,380,1,2025-01-31 15:00:00,buy,8479.57
1065,3895,1,2025-01-31 15:00:00,buy,922.34
1714,6209,6,2025-01-31 15:00:00,buy,1113.69
588,2090,5,2025-01-31 15:00:00,buy,1042.7
363,1255,4,2025-02-01 15:00:00,buy,314.06
150,599,8,2025-02-01 15:00:00,buy,2280.56
1002,3710,2,2025-02-01 15:00:00,buy,982.84
2327,8151,2,2025-02-01 15:00:00,buy,5361.08
185,707,6,2025-02-01 15:00:00,buy,114.31
596,2137,4,2025-02-02 15:00:00,buy,153.0
215,823,5,2025-02-02 15:00:00,buy,100.0
2397,8421,1,2025-02-02 15:00:00,buy,970.93
1920,6889,3,2025-02-02 15:00:00,buy,548.86
2774,9776,1,2025-02-02 15:00:00,buy,2401.65
1586,5748,4,2025-02-02 15:00:00,buy,2229.67
2450,8625,2,2025-02-03 15:00:00,buy,341.17
626,2217,5,2025-02-03 15:00:00,buy,8708.39
1388,5202,1,2025-02-03 15:00:00,buy,1440.52
619,2211,2,2025-02-03 15:00:00,buy,596.6
3133,11001,2,2025-02-03 15:00:00,buy,2535.66
1064,3895,3,2025-02-04 11:00:00,redeem,863.37
702,2468,1,2025-02-04 15:00:00,buy,3023.01
3228,11309,3,2025-02-04 15:00:00,buy,384.97
1854,6636,4,2025-02-04 15:00:00,buy,269.01
3378,11858,1,2025-02-04 15:00:00,buy,1203.21
3055,10740,1,2025-02-05 11:00:00,redeem,393.19
1969,7047,3,2025-02-05 15:00:00,buy,308.95
1705,6191,2,2025-02-05 15:00:00,buy,544.73
956,3523,7,2025-02-05 15:00:00,buy,1669.07
1734,6259,3,2025-02-06 15:00:00,buy,706.94
1726,6235,5,2025-02-06 15:00:00,buy,190.36
1212,4358,6,2025-02-06 15:00:00,buy,3041.31
1891,6806,3,2025-02-06 15:00:00,buy,11584.9
3354,11759,1,2025-02-07 11:00:00,redeem,374.32
2380,8352,6,2025-02-07 15:00:00,buy,2619.44
2378,8348,4,2025-02-07 15:00:00,buy,2086.0
2437,8592,1,2025-02-07 15:00:00,buy,3693.09
724,2558,2,2025-02-07 15:00:00,buy,2028.27
1049,3847,4,2025-02-07 15:00:00,buy,711.86
1548,5678,6,2025-02-07 15:00:00,buy,466.23
488,1641,3,2025-02-07 15:00:00,buy,301.82
2131,7503,1,2025-02-07 15:00:00,buy,5111.51
3006,10609,3,2025-02-07 15:00:00,buy,496.81
1595,5777,2,2025-02-08 11:00:00,redeem,1366.23
1810,6524,1,2025-02-08 11:00:00,redeem,578.02
2497,8750,6,2025-02-08 15:00:00,buy,2039.53
2973,10509,3,2025-02-08 15:00:00,buy,1664.17
69,269,4,2025-02-08 15:00:00,buy,550.13
823,2942,4,2025-02-08 15:00:00,buy,1091.52
1301,4760,3,2025-02-09 15:00:00,buy,914.83
1780,6417,6,2025-02-09 15:00:00,buy,413.13
33,136,1,2025-02-09 15:00:00,buy,373.05
3153,11067,1,2025-02-09 15:00:00,buy,474.51
347,1207,5,2025-02-09 15:00:00,buy,3974.23
338,1189,5,2025-02-09 15:00:00,buy,6309.26
1670,6048,3,2025-02-10 11:00:00,redeem,250.73
1225,4377,2,2025-02-10 11:00:00,redeem,3781.66
2268,7953,6,2025-02-10 15:00:00,buy,939.55
2623,9212,6,2025-02-10 15:00:00,buy,3866.37
2895,10276,8,2025-02-10 15:00:00,buy,3086.02
264,990,1,2025-02-10 15:00:00,buy,158.28
3151,11057,2,2025-02-10 15:00:00,buy,3009.39
883,3215,6,2025-02-10 15:00:00,buy,562.18
303,1109,6,2025-02-10 15:00:00,buy,386.68
53,205,4,2025-02-11 11:00:00,redeem,85.49
1945,6969,3,2025-02-11 11:00:00,redeem,1054.78
2412,8499,3,2025-02-11 15:00:00,buy,1466.8
1639,5944,8,2025-02-11 15:00:00,buy,6250.69
1641,5945,6,2025-02-11 15:00:00,buy,591.93
379,1333,1,2025-02-11 15:00:00,buy,101.4
2564,9035,1,2025-02-11 15:00:00,buy,1858.49
3337,11744,5,2025-02-11 15:00:00,buy,2226.56
1633,5940,3,2025-02-12 11:00:00,redeem,344.42
821,2929,6,2025-02-12 11:00:00,redeem,2111.34
2047,7244,5,2025-02-12 11:00:00,redeem,264.08
757,2675,4,2025-02-12 15:00:00,buy,2122.44
172,667,1,2025-02-12 15:00:00,buy,962.55
1198,4307,4,2025-02-12 15:00:00,buy,323.13
1430,5357,6,2025-02-12 15:00:00,buy,274.04
3194,11185,4,2025-02-12 15:00:00,buy,1105.07
3214,11256,8,2025-02-12 15:00:00,buy,1004.46
2283,8009,3,2025-02-13 11:00:00,redeem,464.4
2915,10335,4,2025-02-13 11:00:00,redeem,577.83
64,246,4,2025-02-13 15:00:00,buy,2058.56
957,3523,7,2025-02-13 15:00:00,buy,2252.23
683,2385,5,2025-02-13 15:00:00,buy,151.88
2134,7511,2,2025-02-13 15:00:00,buy,1677.73
1076,3919,3,2025-02-13 15:00:00,buy,3048.03
1127,4091,1,2025-02-13 15:00:00,buy,133.35
2338,8194,8,2025-02-13 15:00:00,buy,4985.44
3361,11768,3,2025-02-14 15:00:00,buy,680.57
273,1001,2,2025-02-14 15:00:00,buy,3841.68
843,3007,4,2025-02-14 15:00:00,buy,3101.71
457,1491,1,2025-02-14 15:00:00,buy,675.72
2163,7639,4,2025-02-15 11:00:00,redeem,627.89
2875,10202,6,2025-02-15 15:00:00,buy,1303.69
276,1010,7,2025-02-15 15:00:00,buy,3030.0
1104,3995,5,2025-02-15 15:00:00,buy,1488.84
2585,9085,7,2025-02-15 15:00:00,buy,161.29
2776,9780,3,2025-02-15 15:00:00,buy,227.82
455,1488,2,2025-02-16 11:00:00,redeem,2345.09
2952,10466,1,2025-02-16 15:00:00,buy,322.14
966,3590,4,2025-02-16 15:00:00,buy,373.82
1645,5963,5,2025-02-16 15:00:00,buy,14444.73
2211,7747,6,2025-02-17 11:00:00,redeem,1684.88
2204,7718,7,2025-02-17 11:00:00,redeem,1695.94
1150,4149,8,2025-02-17 15:00:00,buy,1508.4
2767,9747,1,2025-02-17 15:00:00,buy,2589.66
2164,7639,5,2025-02-17 15:00:00,buy,1165.95
1875,6708,5,2025-02-17 15:00:00,buy,4126.09
597,2137,1,2025-02-17 15:00:00,buy,160.98
3340,11747,5,2025-02-18 11:00:00,redeem,791.46
3231,11339,4,2025-02-18 15:00:00,buy,856.5
2057,7288,6,2025-02-18 15:00:00,buy,956.09
1900,6823,7,2025-02-18 15:00:00,buy,11400.39
3011,10638,4,2025-02-18 15:00:00,buy,466.27
2941,10409,1,2025-02-18 15:00:00,buy,1503.9
864,3134,1,2025-02-19 11:00:00,redeem,549.11
93,380,1,2025-02-19 15:00:00,buy,2755.54
2170,7668,4,2025-02-19 15:00:00,buy,479.8
3375,11839,7,2025-02-19 15:00:00,buy,1291.39
1567,5702,1,2025-02-20 15:00:00,buy,574.0
579,2038,1,2025-02-20 15:00:00,buy,2028.88
1395,5207,1,2025-02-20 15:00:00,buy,6034.23
620,2211,6,2025-02-21 15:00:00,buy,378.11
160,647,8,2025-02-21 15:00:00,buy,126.22
1856,6645,4,2025-02-21 15:00:00,buy,446.88
269,998,3,2025-02-22 11:00:00,redeem,190.17
2865,10108,4,2025-02-22 15:00:00,buy,1893.77
1843,6607,4,2025-02-22 15:00:00,buy,2655.29
442,1442,3,2025-02-22 15:00:00,buy,7472.28
2132,7503,1,2025-02-22 15:00:00,buy,5759.08
627,2217,5,2025-02-22 15:00:00,buy,7277.33
237,884,2,2025-02-22 15:00:00,buy,1912.78
2365,8277,8,2025-02-23 11:00:00,redeem,860.81
945,3442,6,2025-02-23 15:00:00,buy,2784.35
243,897,3,2025-02-23 15:00:00,buy,4775.88
2217,7759,1,2025-02-23 15:00:00,buy,2139.03
2975,10509,8,2025-02-23 15:00:00,buy,947.02
1976,7063,2,2025-02-23 15:00:00,buy,1018.63
1626,5847,2,2025-02-23 15:00:00,buy,1237.72
75,297,7,2025-02-23 15:00:00,buy,218.84
2258,7911,4,2025-02-24 15:00:00,buy,718.41
2851,10069,3,2025-02-24 15:00:00,buy,2316.77
909,3298,4,2025-02-24 15:00:00,buy,582.46
1790,6474,4,2025-02-24 15:00:00,buy,176.14
3424,11992,3,2025-02-24 15:00:00,buy,1110.66
2682,9405,1,2025-02-24 15:00:00,buy,2972.16
3382,11891,8,2025-02-24 15:00:00,buy,2650.63
2752,9668,6,2025-02-25 11:00:00,redeem,661.14
2198,7711,4,2025-02-25 11:00:00,redeem,1091.46
574,2016,4,2025-02-25 15:00:00,buy,1056.57
1753,6322,3,2025-02-25 15:00:00,buy,964.23
1596,5777,1,2025-02-25 15:00:00,buy,803.22
2536,8913,4,2025-02-25 15:00:00,buy,639.25
1279,4613,1,2025-02-25 15:00:00,buy,770.51
1003,3710,1,2025-02-26 15:00:00,buy,775.76
662,2326,4,2025-02-26 15:00:00,buy,2135.42
2227,7797,2,2025-02-26 15:00:00,buy,5294.03
2746,9640,2,2025-02-27 11:00:00,redeem,3479.82
3397,11905,6,2025-02-27 15:00:00,buy,2032.87
2118,7440,6,2025-02-27 15:00:00,buy,956.86
1748,6296,4,2025-02-27 15:00:00,buy,3778.14
3401,11919,3,2025-02-28 11:00:00,redeem,774.07
1105,3995,5,2025-02-28 15:00:00,buy,2014.24
2855,10086,4,2025-02-28 15:00:00,buy,1160.96
101,410,6,2025-02-28 15:00:00,buy,5467.07
2032,7226,2,2025-02-28 15:00:00,buy,351.36
1821,6557,1,2025-03-01 11:00:00,redeem,1195.16
824,2942,4,2025-03-01 11:00:00,redeem,911.94
210,820,8,2025-03-01 11:00:00,redeem,1288.68
2381,8352,4,2025-03-01 15:00:00,buy,1243.46
2678,9385,8,2025-03-01 15:00:00,buy,361.97
3332,11737,3,2025-03-01 15:00:00,buy,579.53
1708,6195,7,2025-03-02 11:00:00,redeem,1007.84
2315,8089,5,2025-03-02 15:00:00,buy,1523.72
2565,9035,1,2025-03-03 15:00:00,buy,2995.44
3116,10943,4,2025-03-03 15:00:00,buy,7579.64
2924,10361,2,2025-03-04 11:00:00,redeem,1134.49
2765,9741,8,2025-03-04 11:00:00,redeem,164.07
2345,8228,6,2025-03-04 15:00:00,buy,942.32
206,782,4,2025-03-04 15:00:00,buy,833.2
218,829,1,2025-03-04 15:00:00,buy,375.39
2648,9273,3,2025-03-04 15:00:00,buy,2900.26
280,1012,3,2025-03-04 15:00:00,buy,674.18
935,3428,8,2025-03-04 15:00:00,buy,226.6
3272,11493,3,2025-03-04 15:00:00,buy,4182.31
270,998,1,2025-03-04 15:00:00,buy,666.78
2594,9095,4,2025-03-04 15:00:00,buy,307.69
2535,8913,1,2025-03-05 11:00:00,redeem,2070.1
2109,7397,6,2025-03-05 11:00:00,redeem,669.8
475,1614,6,2025-03-05 15:00:00,buy,2423.14
1709,6195,1,2025-03-05 15:00:00,buy,890.36
2562,9020,2,2025-03-05 15:00:00,buy,890.25
2624,9212,6,2025-03-06 15:00:00,buy,875.34
1533,5628,4,2025-03-06 15:00:00,buy,587.26
85,336,8,2025-03-06 15:00:00,buy,1427.74
216,823,4,2025-03-06 15:00:00,buy,193.44
252,940,2,2025-03-06 15:00:00,buy,1796.32
3414,11941,3,2025-03-06 15:00:00,buy,7413.35
1957,6996,8,2025-03-06 15:00:00,buy,506.9
2768,9747,7,2025-03-07 15:00:00,buy,4576.08
1302,4760,1,2025-03-07 15:00:00,buy,4730.36
173,667,2,2025-03-07 15:00:00,buy,935.26
3131,10997,1,2025-03-07 15:00:00,buy,3021.59
1013,3770,6,2025-03-08 11:00:00,redeem,554.86
532,1798,3,2025-03-08 15:00:00,buy,11543.77
319,1137,2,2025-03-08 15:00:00,buy,34151.59
1883,6750,6,2025-03-08 15:00:00,buy,959.68
2070,7337,6,2025-03-09 15:00:00,buy,959.69
1727,6235,6,2025-03-09 15:00:00,buy,132.75
1612,5826,4,2025-03-09 15:00:00,buy,2720.79
2685,9411,2,2025-03-10 11:00:00,redeem,77.73
43,179,8,2025-03-10 15:00:00,buy,4650.66
2705,9471,4,2025-03-10 15:00:00,buy,514.9
1070,3904,1,2025-03-10 15:00:00,buy,257.58
2652,9297,5,2025-03-10 15:00:00,buy,2553.55
360,1235,4,2025-03-10 15:00:00,buy,1503.33
3275,11525,3,2025-03-11 15:00:00,buy,3536.91
2884,10232,7,2025-03-12 11:00:00,redeem,3357.86
1396,5207,1,2025-03-12 11:00:00,redeem,2069.84
3249,11383,8,2025-03-12 15:00:00,buy,1202.35
3007,10609,1,2025-03-12 15:00:00,buy,415.08
664,2326,4,2025-03-12 15:00:00,buy,6651.57
47,203,6,2025-03-12 15:00:00,buy,247.74
3103,10932,3,2025-03-13 15:00:00,buy,2660.28
3379,11858,4,2025-03-13 15:00:00,buy,1127.67
3255,11406,8,2025-03-13 15:00:00,buy,8420.52
1530,5627,4,2025-03-14 15:00:00,buy,216.66
769,2710,7,2025-03-14 15:00:00,buy,2009.71
2690,9422,6,2025-03-14 15:00:00,buy,1446.79
288,1062,8,2025-03-14 15:00:00,buy,514.53
2945,10441,6,2025-03-14 15:00:00,buy,4711.45
2153,7593,6,2025-03-15 15:00:00,buy,718.05
1965,7024,1,2025-03-15 15:00:00,buy,414.64
2126,7460,5,2025-03-15 15:00:00,buy,2321.95
2328,8151,2,2025-03-16 11:00:00,redeem,3955.09
564,1967,1,2025-03-16 15:00:00,buy,1025.02
3013,10639,8,2025-03-16 15:00:00,buy,10970.81
1091,3953,6,2025-03-17 15:00:00,buy,3382.34
1471,5442,1,2025-03-17 15:00:00,buy,384.09
1515,5586,7,2025-03-18 11:00:00,redeem,1256.05
2640,9252,6,2025-03-18 15:00:00,buy,1154.0
230,858,8,2025-03-18 15:00:00,buy,704.35
65,246,4,2025-03-20 11:00:00,redeem,1634.79
1747,6296,3,2025-03-20 11:00:00,redeem,2784.49
3232,11339,4,2025-03-20 15:00:00,buy,1408.8
1572,5705,3,2025-03-20 15:00:00,buy,4580.22
224,846,1,2025-03-20 15:00:00,buy,154.63
963,3588,4,2025-03-20 15:00:00,buy,1082.31
44,179,3,2025-03-20 15:00:00,buy,3682.84
1077,3919,1,2025-03-20 15:00:00,buy,3822.89
265,990,1,2025-03-21 11:00:00,redeem,139.38
1652,5973,3,2025-03-22 11:00:00,redeem,1856.32
1783,6442,4,2025-03-23 15:00:00,buy,5860.08
1169,4194,7,2025-03-23 15:00:00,buy,972.73
1956,6996,1,2025-03-24 11:00:00,redeem,278.18
2344,8228,2,2025-03-24 11:00:00,redeem,1455.87
1025,3793,4,2025-03-24 15:00:00,buy,11676.75
825,2942,1,2025-03-24 15:00:00,buy,487.61
2171,7668,1,2025-03-24 15:00:00,buy,489.1
2075,7346,2,2025-03-25 11:00:00,redeem,432.09
1071,3904,4,2025-03-25 15:00:00,buy,213.27
950,3471,3,2025-03-25 15:00:00,buy,504.76
544,1867,4,2025-03-25 15:00:00,buy,1816.42
1095,3962,1,2025-03-25 15:00:00,buy,972.7
1743,6283,6,2025-03-26 11:00:00,redeem,259.82
1857,6645,4,2025-03-26 11:00:00,redeem,211.75
803,2846,6,2025-03-26 15:00:00,buy,146.21
2050,7252,1,2025-03-26 15:00:00,buy,1522.73
1731,6252,7,2025-03-26 15:00:00,buy,262.2
676,2337,6,2025-03-27 11:00:00,redeem,5495.46
817,2911,2,2025-03-27 11:00:00,redeem,43.97
1178,4232,6,2025-03-27 15:00:00,buy,6564.79
1653,5973,1,2025-03-27 15:00:00,buy,1781.18
2033,7226,4,2025-03-27 15:00:00,buy,259.0
3402,11919,6,2025-03-27 15:00:00,buy,1482.51
2791,9825,1,2025-03-28 15:00:00,buy,220.86
2413,8499,3,2025-03-28 15:00:00,buy,863.87
2700,9456,1,2025-03-29 15:00:00,buy,1499.01
2644,9271,4,2025-03-29 15:00:00,buy,4106.51
66,246,1,2025-03-30 15:00:00,buy,1487.35
1573,5705,3,2025-03-31 11:00:00,redeem,1248.78
2769,9747,7,2025-03-31 11:00:00,redeem,2052.3
2071,7337,6,2025-03-31 11:00:00,redeem,774.83
621,2211,6,2025-03-31 11:00:00,redeem,135.74
663,2326,4,2025-03-31 11:00:00,redeem,919.35
967,3590,4,2025-03-31 11:00:00,redeem,169.04
2414,8499,3,2025-03-31 11:00:00,redeem,338.28
2034,7226,4,2025-03-31 11:00:00,redeem,169.71
161,647,8,2025-03-31 11:00:00,redeem,70.01
2777,9780,3,2025-03-31 11:00:00,redeem,183.04
3229,11309,3,2025-03-31 11:00:00,redeem,202.34
2438,8592,1,2025-03-31 11:00:00,redeem,1992.35
1642,5945,6,2025-03-31 11:00:00,redeem,169.02
2382,8352,4,2025-03-31 11:00:00,redeem,648.07
826,2942,1,2025-03-31 11:00:00,redeem,429.99
1213,4358,6,2025-03-31 11:00:00,redeem,1927.58
1517,5586,1,2025-03-31 11:00:00,redeem,894.49
3014,10639,8,2025-03-31 11:00:00,redeem,6058.52
2974,10509,3,2025-03-31 11:00:00,redeem,1064.22
1715,6209,6,2025-03-31 11:00:00,redeem,351.72
1884,6750,6,2025-03-31 11:00:00,redeem,515.98
2944,10441,4,2025-03-31 11:00:00,redeem,2367.61
86,336,8,2025-03-31 11:00:00,redeem,611.76
2154,7593,6,2025-03-31 11:00:00,redeem,238.73
320,1137,2,2025-03-31 11:00:00,redeem,14143.63
3047,10723,3,2025-03-31 11:00:00,redeem,983.14
2792,9825,1,2025-03-31 11:00:00,redeem,114.72
2586,9085,7,2025-03-31 11:00:00,redeem,72.74
3276,11525,3,2025-03-31 11:00:00,redeem,2031.41
1303,4760,1,2025-03-31 11:00:00,redeem,4165.26
1966,7024,1,2025-03-31 11:00:00,redeem,254.69
67,246,1,2025-03-31 11:00:00,redeem,1259.34
1970,7047,3,2025-03-31 11:00:00,redeem,204.13
1015,3770,2,2025-03-31 11:00:00,redeem,201.7
3094,10905,3,2025-03-31 11:00:00,redeem,5621.44
3250,11383,8,2025-03-31 11:00:00,redeem,316.0
3376,11839,7,2025-03-31 11:00:00,redeem,479.01
684,2385,5,2025-03-31 11:00:00,redeem,73.14
3380,11858,4,2025-03-31 11:00:00,redeem,959.53
225,846,1,2025-03-31 11:00:00,redeem,74.49
304,1109,6,2025-03-31 11:00:00,redeem,259.67
1389,5202,1,2025-03-31 11:00:00,redeem,574.86
