user_id,registered_at,acquisition_channel,age_group,city_tier,risk_profile,initial_cash_balance,marketing_consent
1,2024-03-02 00:00:00,referral,56+,T3+,aggressive,79146.96,1
2,2024-09-13 00:00:00,referral,26-35,T2,balanced,8201.97,1
3,2024-10-28 00:00:00,social,36-45,T2,balanced,1950.77,1
4,2024-04-04 00:00:00,referral,36-45,T1,aggressive,13110.98,1
5,2024-07-27 00:00:00,bank_partner,36-45,T1,cautious,3423.82,1
6,2024-06-04 00:00:00,bank_partner,18-25,T2,cautious,3420.07,0
7,2024-04-10 00:00:00,referral,26-35,T1,balanced,4670.83,1
8,2024-07-21 00:00:00,organic,36-45,T2,cautious,4413.8,0
9,2024-05-20 00:00:00,bank_partner,18-25,T3+,aggressive,8118.29,1
10,2024-06-20 00:00:00,paid_search,26-35,T1,balanced,985.05,1
11,2024-03-30 00:00:00,organic,26-35,T2,balanced,76058.26,0
12,2024-08-16 00:00:00,social,26-35,T2,cautious,5703.54,1
13,2024-08-10 00:00:00,paid_search,26-35,T1,cautious,27424.31,1
14,2024-11-23 00:00:00,organic,18-25,T3+,balanced,4802.84,1
15,2024-01-07 00:00:00,paid_search,26-35,T2,balanced,19772.8,1
16,2024-09-15 00:00:00,referral,36-45,T1,aggressive,69495.39,1
17,2024-06-07 00:00:00,social,26-35,T3+,balanced,10811.07,1
18,2024-01-24 00:00:00,paid_search,46-55,T1,balanced,24350.04,1
19,2024-03-04 00:00:00,paid_search,36-45,T2,balanced,29983.28,1
20,2024-08-12 00:00:00,referral,26-35,T2,balanced,16406.24,0
21,2024-07-27 00:00:00,organic,36-45,T3+,cautious,3186.78,1
22,2024-11-03 00:00:00,social,36-45,T2,cautious,22012.78,0
23,2024-10-24 00:00:00,social,36-45,T2,balanced,6077.1,0
24,2024-02-18 00:00:00,paid_search,26-35,T2,balanced,3258.86,0
25,2024-10-12 00:00:00,organic,36-45,T1,cautious,2388.99,1
26,2024-10-23 00:00:00,social,26-35,T1,balanced,12057.63,1
27,2024-03-16 00:00:00,paid_search,18-25,T3+,cautious,12026.69,1
28,2024-07-18 00:00:00,paid_search,36-45,T1,balanced,7320.72,1
29,2024-06-13 00:00:00,organic,56+,T1,cautious,115952.65,0
30,2024-12-02 00:00:00,social,36-45,T2,balanced,5203.46,1
31,2024-09-17 00:00:00,organic,26-35,T1,cautious,3629.75,1
32,2024-12-07 00:00:00,social,26-35,T2,aggressive,4828.46,1
33,2024-11-24 00:00:00,referral,36-45,T3+,balanced,9130.44,1
34,2024-03-06 00:00:00,organic,36-45,T3+,cautious,2578.8,0
35,2024-04-17 00:00:00,organic,26-35,T3+,cautious,7072.32,1
36,2024-05-27 00:00:00,organic,26-35,T3+,balanced,1661.14,0
37,2024-08-10 00:00:00,social,26-35,T2,balanced,11212.22,0
38,2024-09-25 00:00:00,organic,36-45,T3+,cautious,9791.19,1
39,2024-09-17 00:00:00,referral,36-45,T2,balanced,7967.09,1
40,2024-02-04 00:00:00,paid_search,56+,T3+,balanced,5729.06,1
41,2024-01-05 00:00:00,paid_search,18-25,T2,balanced,5451.52,1
42,2024-05-07 00:00:00,referral,26-35,T1,cautious,11235.45,1
43,2024-08-05 00:00:00,paid_search,36-45,T1,aggressive,20109.7,0
44,2024-04-23 00:00:00,organic,26-35,T3+,cautious,16732.1,1
45,2024-10-23 00:00:00,social,36-45,T1,balanced,8436.39,1
46,2024-06-23 00:00:00,social,56+,T2,cautious,6896.7,1
47,2024-11-14 00:00:00,paid_search,18-25,T2,cautious,6898.55,1
48,2024-02-03 00:00:00,organic,46-55,T2,balanced,109811.11,1
49,2024-03-15 00:00:00,paid_search,36-45,T2,balanced,9124.36,1
50,2024-05-02 00:00:00,organic,46-55,T3+,balanced,7623.46,1
51,2024-02-29 00:00:00,bank_partner,26-35,T1,cautious,9796.56,0
52,2024-02-11 00:00:00,bank_partner,36-45,T2,aggressive,26414.03,1
53,2024-07-04 00:00:00,referral,18-25,T3+,aggressive,48718.65,1
54,2024-01-16 00:00:00,organic,56+,T2,cautious,5218.33,1
55,2024-03-17 00:00:00,organic,36-45,T2,aggressive,7865.09,1
56,2024-04-29 00:00:00,paid_search,36-45,T2,balanced,3081.79,1
57,2024-08-26 00:00:00,paid_search,46-55,T2,cautious,21596.14,0
58,2024-03-26 00:00:00,organic,18-25,T2,aggressive,1953.59,1
59,2024-05-29 00:00:00,bank_partner,36-45,T2,balanced,6420.23,1
60,2024-09-01 00:00:00,referral,46-55,T2,cautious,17988.88,1
61,2024-09-27 00:00:00,bank_partner,26-35,T1,balanced,5399.97,0
62,2024-10-06 00:00:00,organic,36-45,T3+,cautious,53291.46,0
63,2024-07-05 00:00:00,bank_partner,36-45,T1,cautious,6140.64,1
64,2024-08-31 00:00:00,paid_search,18-25,T2,cautious,24068.46,1
65,2024-02-22 00:00:00,organic,26-35,T3+,balanced,16711.69,1
66,2024-12-22 00:00:00,paid_search,26-35,T3+,cautious,9252.55,1
67,2024-11-09 00:00:00,organic,26-35,T3+,cautious,6794.03,0
68,2024-05-26 00:00:00,bank_partner,26-35,T1,balanced,7322.05,0
69,2024-01-20 00:00:00,paid_search,26-35,T2,cautious,25557.36,1
70,2024-04-03 00:00:00,bank_partner,18-25,T2,aggressive,13315.01,0
71,2024-07-31 00:00:00,referral,36-45,T2,balanced,6657.03,1
72,2024-01-31 00:00:00,referral,18-25,T3+,aggressive,3354.52,1
73,2024-10-11 00:00:00,organic,26-35,T2,balanced,2495.44,1
74,2024-09-29 00:00:00,referral,26-35,T2,cautious,1779.98,1
75,2024-12-10 00:00:00,bank_partner,36-45,T2,cautious,5362.53,0
76,2024-03-22 00:00:00,organic,18-25,T2,balanced,5545.43,1
77,2024-04-18 00:00:00,paid_search,36-45,T2,cautious,14911.29,0
78,2024-01-19 00:00:00,organic,26-35,T2,cautious,1822.8,0
79,2024-06-21 00:00:00,paid_search,26-35,T3+,aggressive,2831.99,1
80,2024-09-20 00:00:00,organic,26-35,T1,balanced,10724.73,0
81,2024-01-02 00:00:00,social,36-45,T1,cautious,2182.85,1
82,2024-12-31 00:00:00,organic,56+,T2,cautious,7235.71,1
83,2024-07-13 00:00:00,social,46-55,T3+,balanced,11368.24,0
84,2024-07-16 00:00:00,organic,46-55,T2,cautious,4861.1,1
85,2024-12-06 00:00:00,referral,36-45,T3+,aggressive,4590.34,1
86,2024-06-10 00:00:00,paid_search,26-35,T3+,balanced,21135.6,1
87,2024-01-10 00:00:00,social,26-35,T2,balanced,909.69,1
88,2024-12-03 00:00:00,organic,26-35,T1,balanced,14609.74,0
89,2024-06-21 00:00:00,referral,36-45,T2,aggressive,6897.79,0
90,2024-06-02 00:00:00,paid_search,18-25,T2,balanced,5240.33,1
91,2024-11-07 00:00:00,referral,26-35,T2,cautious,18589.76,1
92,2024-07-16 00:00:00,organic,36-45,T2,cautious,23182.67,1
93,2024-11-20 00:00:00,paid_search,36-45,T2,aggressive,19442.02,1
94,2024-06-13 00:00:00,bank_partner,36-45,T1,aggressive,9688.44,1
95,2024-04-23 00:00:00,social,26-35,T2,balanced,8088.4,0
96,2024-06-07 00:00:00,paid_search,26-35,T2,balanced,22722.18,1
97,2024-06-29 00:00:00,social,36-45,T2,balanced,80216.04,1
98,2024-12-25 00:00:00,social,26-35,T3+,cautious,4334.98,1
99,2024-11-14 00:00:00,referral,26-35,T1,cautious,26032.58,0
100,2024-06-03 00:00:00,paid_search,26-35,T3+,balanced,18755.97,0
101,2024-06-06 00:00:00,organic,26-35,T3+,balanced,13147.05,1
102,2024-08-04 00:00:00,referral,26-35,T2,balanced,15798.24,1
103,2024-08-18 00:00:00,social,36-45,T1,cautious,4873.04,0
104,2024-05-02 00:00:00,referral,18-25,T1,cautious,2740.3,1
105,2024-02-26 00:00:00,social,56+,T2,balanced,3003.35,1
106,2024-12-30 00:00:00,social,26-35,T3+,balanced,13900.54,1
107,2024-06-15 00:00:00,referral,46-55,T3+,cautious,27708.51,1
108,2024-04-12 00:00:00,organic,26-35,T3+,balanced,186763.97,1
109,2024-09-27 00:00:00,paid_search,26-35,T3+,cautious,8339.99,1
110,2024-08-23 00:00:00,referral,26-35,T1,balanced,6842.04,1
111,2024-08-15 00:00:00,social,26-35,T2,balanced,6103.18,1
112,2024-08-18 00:00:00,social,26-35,T1,balanced,17701.46,1
113,2024-12-01 00:00:00,paid_search,18-25,T3+,aggressive,4301.14,1
114,2024-08-28 00:00:00,organic,36-45,T3+,cautious,19674.64,1
115,2024-02-08 00:00:00,referral,26-35,T3+,aggressive,9451.58,1
116,2024-08-15 00:00:00,paid_search,46-55,T3+,cautious,9451.19,1
117,2024-11-11 00:00:00,organic,26-35,T1,aggressive,11245.12,0
118,2024-06-17 00:00:00,organic,18-25,T3+,balanced,651.94,1
119,2024-11-16 00:00:00,organic,36-45,T3+,balanced,5306.89,1
120,2024-03-29 00:00:00,organic,26-35,T3+,cautious,4317.76,1
121,2024-05-25 00:00:00,paid_search,56+,T3+,aggressive,11151.5,0
122,2024-03-06 00:00:00,paid_search,26-35,T2,cautious,13842.52,1
123,2024-08-30 00:00:00,social,26-35,T3+,balanced,7370.04,1
124,2024-09-30 00:00:00,organic,18-25,T3+,balanced,7189.24,1
125,2024-07-09 00:00:00,organic,46-55,T1,cautious,13862.46,1
126,2024-08-23 00:00:00,social,26-35,T1,aggressive,36623.3,1
127,2024-06-21 00:00:00,paid_search,26-35,T3+,aggressive,5102.32,1
128,2024-08-13 00:00:00,paid_search,46-55,T3+,aggressive,1519.63,1
129,2024-06-09 00:00:00,paid_search,26-35,T2,aggressive,3290.07,0
130,2024-04-24 00:00:00,social,36-45,T3+,balanced,12011.2,1
131,2024-04-27 00:00:00,organic,46-55,T1,cautious,41304.47,0
132,2024-02-25 00:00:00,organic,56+,T1,balanced,19153.46,0
133,2024-07-07 00:00:00,paid_search,18-25,T1,cautious,2339.65,1
134,2024-03-23 00:00:00,social,56+,T1,cautious,36098.21,1
135,2024-04-11 00:00:00,social,26-35,T1,aggressive,5623.88,1
136,2024-12-26 00:00:00,organic,26-35,T3+,cautious,3248.38,1
137,2024-01-28 00:00:00,organic,36-45,T3+,balanced,10561.94,1
138,2024-06-19 00:00:00,bank_partner,26-35,T2,balanced,7379.79,0
139,2024-06-16 00:00:00,organic,26-35,T2,cautious,4036.47,0
140,2024-10-12 00:00:00,referral,36-45,T3+,balanced,7953.95,0
141,2024-07-17 00:00:00,social,46-55,T3+,balanced,20505.19,0
142,2024-06-10 00:00:00,paid_search,36-45,T1,aggressive,18671.37,1
143,2024-05-09 00:00:00,organic,26-35,T3+,aggressive,12200.61,0
144,2024-11-17 00:00:00,organic,26-35,T2,cautious,42244.89,1
145,2024-10-28 00:00:00,paid_search,26-35,T3+,balanced,14021.77,1
146,2024-02-26 00:00:00,paid_search,26-35,T1,balanced,5096.5,1
147,2024-02-16 00:00:00,organic,56+,T1,cautious,4653.29,1
148,2024-11-18 00:00:00,organic,26-35,T3+,balanced,5304.78,0
149,2024-01-06 00:00:00,paid_search,36-45,T2,balanced,10432.67,1
150,2024-03-23 00:00:00,organic,56+,T2,balanced,13794.78,0
151,2024-10-08 00:00:00,social,36-45,T1,balanced,5563.19,0
152,2024-07-30 00:00:00,social,26-35,T1,cautious,6726.03,1
153,2024-09-16 00:00:00,referral,26-35,T3+,balanced,24175.86,1
154,2024-04-06 00:00:00,bank_partner,36-45,T3+,balanced,2035.91,1
155,2024-11-03 00:00:00,social,18-25,T1,aggressive,4771.61,1
156,2024-04-03 00:00:00,referral,26-35,T3+,aggressive,9762.59,1
157,2024-05-01 00:00:00,referral,46-55,T3+,balanced,10580.86,1
158,2024-05-23 00:00:00,referral,56+,T3+,cautious,14076.33,1
159,2024-06-03 00:00:00,paid_search,26-35,T3+,cautious,25350.21,1
160,2024-01-15 00:00:00,organic,18-25,T1,cautious,7936.46,1
161,2024-03-14 00:00:00,organic,46-55,T1,aggressive,59125.43,0
162,2024-02-23 00:00:00,paid_search,26-35,T2,cautious,10159.56,1
163,2024-10-24 00:00:00,organic,26-35,T1,aggressive,2155.05,1
164,2024-11-05 00:00:00,organic,18-25,T1,aggressive,3843.02,0
165,2024-01-01 00:00:00,paid_search,36-45,T2,cautious,6839.82,0
166,2024-02-13 00:00:00,social,26-35,T2,balanced,33332.36,0
167,2024-04-07 00:00:00,referral,18-25,T1,cautious,5008.15,1
168,2024-08-21 00:00:00,organic,46-55,T3+,balanced,8610.37,1
169,2024-06-24 00:00:00,referral,36-45,T1,balanced,13183.6,0
170,2024-09-07 00:00:00,referral,26-35,T3+,aggressive,27050.02,1
171,2024-10-17 00:00:00,bank_partner,26-35,T2,cautious,5877.29,0
172,2024-10-24 00:00:00,social,18-25,T1,balanced,3286.38,0
173,2024-01-07 00:00:00,organic,26-35,T3+,cautious,5751.93,0
174,2024-12-31 00:00:00,bank_partner,36-45,T2,cautious,12259.97,1
175,2024-08-15 00:00:00,organic,46-55,T1,balanced,13918.53,0
176,2024-04-02 00:00:00,paid_search,26-35,T3+,cautious,5301.6,1
177,2024-10-09 00:00:00,paid_search,46-55,T3+,cautious,4179.1,0
178,2024-09-07 00:00:00,paid_search,36-45,T3+,balanced,5077.35,1
179,2024-12-30 00:00:00,social,56+,T2,cautious,27476.58,0
180,2024-10-10 00:00:00,social,26-35,T3+,aggressive,33339.93,1
181,2024-05-24 00:00:00,social,36-45,T3+,balanced,580.7,0
182,2024-05-03 00:00:00,referral,26-35,T1,cautious,4764.07,1
183,2024-10-18 00:00:00,referral,26-35,T1,balanced,46097.35,0
184,2024-08-04 00:00:00,social,18-25,T3+,cautious,45236.84,1
185,2024-03-05 00:00:00,paid_search,46-55,T1,cautious,6897.65,0
186,2024-12-24 00:00:00,social,36-45,T3+,cautious,5927.14,1
187,2024-05-20 00:00:00,organic,36-45,T1,balanced,8275.32,0
188,2024-12-30 00:00:00,social,26-35,T3+,balanced,54375.76,1
189,2024-09-17 00:00:00,bank_partner,18-25,T1,balanced,968.47,1
190,2024-07-27 00:00:00,organic,36-45,T2,balanced,5216.06,0
191,2024-11-30 00:00:00,referral,26-35,T1,cautious,10085.09,0
192,2024-07-11 00:00:00,social,36-45,T1,cautious,11679.86,1
193,2024-05-26 00:00:00,organic,46-55,T2,balanced,19054.97,1
194,2024-04-02 00:00:00,organic,36-45,T3+,balanced,8087.45,1
195,2024-09-17 00:00:00,organic,36-45,T2,balanced,13517.44,0
196,2024-07-30 00:00:00,organic,56+,T2,balanced,3755.77,1
197,2024-07-14 00:00:00,organic,36-45,T1,balanced,3968.56,1
198,2024-01-31 00:00:00,paid_search,36-45,T3+,balanced,29615.94,0
199,2024-11-13 00:00:00,social,56+,T2,balanced,4374.09,1
200,2024-09-19 00:00:00,organic,36-45,T2,aggressive,17663.04,1
201,2024-05-25 00:00:00,bank_partner,18-25,T3+,balanced,1871.53,0
202,2024-12-22 00:00:00,bank_partner,46-55,T2,balanced,32962.86,1
203,2024-11-02 00:00:00,organic,46-55,T2,balanced,1720.95,1
204,2024-12-26 00:00:00,social,26-35,T3+,aggressive,10600.15,0
205,2024-05-22 00:00:00,bank_partner,18-25,T2,balanced,1441.84,1
206,2024-08-17 00:00:00,paid_search,36-45,T2,aggressive,1001.03,1
207,2024-02-28 00:00:00,organic,46-55,T3+,balanced,3038.38,1
208,2024-03-11 00:00:00,organic,46-55,T3+,cautious,9695.22,1
209,2024-01-25 00:00:00,paid_search,36-45,T2,cautious,22422.14,1
210,2024-03-31 00:00:00,referral,36-45,T2,cautious,21542.15,1
211,2024-05-11 00:00:00,referral,26-35,T3+,cautious,20446.19,1
212,2024-02-21 00:00:00,organic,46-55,T2,balanced,22675.4,1
213,2024-10-20 00:00:00,paid_search,18-25,T2,balanced,7662.81,0
214,2024-05-21 00:00:00,organic,46-55,T3+,cautious,20645.91,0
215,2024-07-26 00:00:00,organic,18-25,T2,balanced,77773.18,1
216,2024-07-26 00:00:00,paid_search,36-45,T1,cautious,12234.72,1
217,2024-05-22 00:00:00,bank_partner,18-25,T3+,cautious,877.75,1
218,2024-02-09 00:00:00,organic,36-45,T1,balanced,6475.44,1
219,2024-05-10 00:00:00,social,18-25,T2,balanced,5354.68,1
220,2024-05-19 00:00:00,organic,26-35,T2,aggressive,16567.53,1
221,2024-12-01 00:00:00,organic,26-35,T2,balanced,22636.47,0
222,2024-12-06 00:00:00,bank_partner,26-35,T2,cautious,14384.2,1
223,2024-12-19 00:00:00,paid_search,36-45,T2,cautious,8191.88,1
224,2024-06-01 00:00:00,paid_search,26-35,T2,aggressive,25875.67,1
225,2024-09-28 00:00:00,paid_search,56+,T3+,balanced,9809.44,1
226,2024-04-10 00:00:00,paid_search,26-35,T1,aggressive,6942.79,1
227,2024-03-13 00:00:00,bank_partner,26-35,T2,balanced,6260.01,1
228,2024-05-16 00:00:00,organic,18-25,T3+,cautious,8742.08,1
229,2024-08-08 00:00:00,organic,36-45,T1,aggressive,3922.46,0
230,2024-07-15 00:00:00,referral,26-35,T1,balanced,10121.13,1
231,2024-07-13 00:00:00,referral,56+,T2,balanced,20253.92,1
232,2024-06-08 00:00:00,paid_search,18-25,T2,aggressive,6527.78,1
233,2024-06-04 00:00:00,referral,26-35,T2,balanced,7136.73,1
234,2024-04-13 00:00:00,organic,46-55,T2,balanced,12252.99,1
235,2024-12-26 00:00:00,organic,26-35,T1,balanced,6561.62,1
236,2024-07-01 00:00:00,paid_search,26-35,T2,aggressive,8646.2,0
237,2024-06-27 00:00:00,organic,26-35,T2,balanced,27861.65,1
238,2024-12-29 00:00:00,paid_search,26-35,T2,cautious,3092.99,1
239,2024-01-17 00:00:00,social,26-35,T2,balanced,42738.89,1
240,2024-07-13 00:00:00,organic,56+,T1,cautious,12297.05,1
241,2024-08-17 00:00:00,referral,26-35,T2,cautious,38585.68,1
242,2024-02-14 00:00:00,organic,46-55,T2,balanced,32397.2,1
243,2024-02-06 00:00:00,paid_search,18-25,T2,aggressive,1209.17,0
244,2024-08-29 00:00:00,organic,36-45,T1,aggressive,13381.49,1
245,2024-04-27 00:00:00,organic,26-35,T2,aggressive,8948.23,0
246,2024-11-17 00:00:00,organic,36-45,T1,balanced,13081.76,1
247,2024-07-01 00:00:00,referral,26-35,T3+,cautious,9054.27,1
248,2024-06-29 00:00:00,paid_search,36-45,T2,balanced,7568.48,0
249,2024-11-07 00:00:00,organic,46-55,T3+,balanced,15197.86,1
250,2024-02-21 00:00:00,bank_partner,36-45,T1,balanced,10268.42,1
251,2024-05-23 00:00:00,paid_search,56+,T3+,aggressive,3954.93,1
252,2024-07-24 00:00:00,organic,36-45,T2,cautious,1684.43,1
253,2024-05-17 00:00:00,organic,46-55,T3+,cautious,5442.14,1
254,2024-11-21 00:00:00,paid_search,26-35,T2,cautious,7361.13,1
255,2024-12-07 00:00:00,referral,26-35,T1,cautious,8063.2,1
256,2024-09-21 00:00:00,paid_search,18-25,T3+,balanced,8580.7,1
257,2024-03-19 00:00:00,social,36-45,T3+,cautious,6917.56,1
258,2024-11-11 00:00:00,bank_partner,46-55,T2,aggressive,15440.32,1
259,2024-10-27 00:00:00,organic,18-25,T3+,balanced,3167.63,1
260,2024-01-09 00:00:00,organic,36-45,T2,cautious,7781.13,0
261,2024-01-04 00:00:00,organic,46-55,T1,cautious,1817.17,0
262,2024-09-04 00:00:00,referral,26-35,T2,aggressive,21532.31,1
263,2024-01-28 00:00:00,bank_partner,36-45,T3+,balanced,39132.63,1
264,2024-09-03 00:00:00,organic,26-35,T1,cautious,5353.75,1
265,2024-02-08 00:00:00,bank_partner,18-25,T2,balanced,6795.91,1
266,2024-08-22 00:00:00,social,46-55,T1,cautious,14463.05,0
267,2024-05-10 00:00:00,organic,18-25,T1,balanced,10258.92,1
268,2024-04-16 00:00:00,bank_partner,36-45,T2,balanced,29028.92,1
269,2024-12-18 00:00:00,paid_search,46-55,T1,balanced,14030.96,0
270,2024-07-26 00:00:00,paid_search,18-25,T3+,balanced,11012.54,1
271,2024-01-28 00:00:00,paid_search,26-35,T1,aggressive,27958.58,0
272,2024-09-27 00:00:00,bank_partner,18-25,T2,cautious,4460.97,1
273,2024-12-03 00:00:00,paid_search,26-35,T2,aggressive,7758.01,0
274,2024-10-30 00:00:00,referral,56+,T1,cautious,30697.62,1
275,2024-09-04 00:00:00,referral,46-55,T3+,cautious,25933.55,1
276,2024-08-11 00:00:00,social,56+,T1,balanced,17177.48,1
277,2024-06-19 00:00:00,paid_search,36-45,T1,balanced,4670.78,1
278,2024-01-31 00:00:00,referral,18-25,T2,balanced,13081.34,1
279,2024-09-22 00:00:00,bank_partner,56+,T2,cautious,7034.85,0
280,2024-01-03 00:00:00,referral,18-25,T2,aggressive,11111.52,1
281,2024-01-17 00:00:00,social,36-45,T1,cautious,7935.65,0
282,2024-09-16 00:00:00,organic,56+,T2,aggressive,2642.27,1
283,2024-06-27 00:00:00,referral,36-45,T1,balanced,18681.24,1
284,2024-08-29 00:00:00,paid_search,46-55,T1,balanced,7581.93,1
285,2024-01-10 00:00:00,bank_partner,36-45,T2,cautious,6768.9,0
286,2024-05-14 00:00:00,organic,36-45,T2,balanced,42792.86,1
287,2024-03-17 00:00:00,organic,26-35,T2,balanced,3944.49,1
288,2024-08-27 00:00:00,referral,26-35,T1,cautious,2398.58,1
289,2024-05-28 00:00:00,social,36-45,T1,cautious,3668.17,1
290,2024-05-14 00:00:00,organic,26-35,T3+,balanced,30121.99,0
291,2024-07-02 00:00:00,referral,36-45,T1,balanced,21317.9,1
292,2024-07-17 00:00:00,organic,56+,T2,cautious,16264.89,1
293,2024-11-30 00:00:00,paid_search,36-45,T1,cautious,5241.38,1
294,2024-07-04 00:00:00,referral,26-35,T1,cautious,2398.17,0
295,2024-06-30 00:00:00,social,26-35,T1,cautious,9652.14,0
296,2024-01-09 00:00:00,social,26-35,T1,aggressive,20965.82,0
297,2024-09-29 00:00:00,organic,18-25,T3+,cautious,1466.01,1
298,2024-03-24 00:00:00,organic,26-35,T2,aggressive,19222.28,1
299,2024-09-06 00:00:00,organic,36-45,T2,balanced,33116.0,1
300,2024-05-18 00:00:00,organic,36-45,T1,balanced,2335.07,1
301,2024-03-08 00:00:00,organic,26-35,T1,cautious,8915.8,0
302,2024-12-03 00:00:00,organic,26-35,T2,aggressive,7932.78,1
303,2024-03-29 00:00:00,organic,26-35,T1,balanced,19030.82,1
304,2024-11-25 00:00:00,bank_partner,26-35,T3+,balanced,7606.24,1
305,2024-05-31 00:00:00,referral,18-25,T2,aggressive,33898.69,1
306,2024-06-03 00:00:00,paid_search,46-55,T3+,balanced,3568.77,1
307,2024-07-25 00:00:00,referral,26-35,T2,balanced,3946.33,1
308,2024-08-23 00:00:00,organic,26-35,T1,aggressive,7879.61,1
309,2024-09-26 00:00:00,paid_search,26-35,T1,cautious,5468.18,1
310,2024-02-26 00:00:00,referral,56+,T3+,cautious,12455.26,1
311,2024-02-24 00:00:00,organic,26-35,T1,balanced,14948.97,1
312,2024-12-11 00:00:00,social,36-45,T2,cautious,11578.4,1
313,2024-10-11 00:00:00,referral,26-35,T3+,aggressive,19910.62,1
314,2024-07-19 00:00:00,organic,26-35,T1,balanced,24831.82,1
315,2024-09-24 00:00:00,organic,18-25,T3+,aggressive,18197.9,1
316,2024-08-03 00:00:00,bank_partner,36-45,T3+,balanced,500.0,0
317,2024-05-03 00:00:00,paid_search,26-35,T1,cautious,2662.49,0
318,2024-04-26 00:00:00,organic,36-45,T1,cautious,3279.11,0
319,2024-07-20 00:00:00,organic,46-55,T1,cautious,28062.81,0
320,2024-04-30 00:00:00,organic,26-35,T1,cautious,33566.9,1
321,2024-09-15 00:00:00,paid_search,36-45,T3+,balanced,13011.68,1
322,2024-02-03 00:00:00,referral,36-45,T1,cautious,31879.21,1
323,2024-05-11 00:00:00,paid_search,46-55,T1,balanced,3308.71,1
324,2024-06-27 00:00:00,bank_partner,26-35,T2,balanced,9827.33,1
325,2024-07-17 00:00:00,bank_partner,56+,T2,cautious,7162.33,0
326,2024-04-19 00:00:00,organic,26-35,T2,cautious,53690.21,1
327,2024-10-11 00:00:00,bank_partner,26-35,T2,cautious,6586.38,1
328,2024-10-08 00:00:00,social,56+,T3+,balanced,95892.33,0
329,2024-11-12 00:00:00,referral,46-55,T1,cautious,18637.06,1
330,2024-08-20 00:00:00,paid_search,36-45,T3+,cautious,23634.04,1
331,2024-11-12 00:00:00,social,46-55,T2,balanced,1833.45,1
332,2024-06-08 00:00:00,social,36-45,T2,cautious,6715.86,1
333,2024-11-20 00:00:00,paid_search,46-55,T2,balanced,1678.12,1
334,2024-07-18 00:00:00,paid_search,36-45,T2,balanced,136956.53,0
335,2024-05-06 00:00:00,paid_search,26-35,T2,aggressive,6859.57,0
336,2024-11-28 00:00:00,bank_partner,46-55,T3+,cautious,16213.71,0
337,2024-09-27 00:00:00,bank_partner,36-45,T3+,cautious,10857.32,1
338,2024-09-21 00:00:00,social,26-35,T2,balanced,9065.43,0
339,2024-05-28 00:00:00,paid_search,18-25,T3+,balanced,34641.9,1
340,2024-11-03 00:00:00,paid_search,36-45,T2,cautious,12344.87,0
341,2024-06-11 00:00:00,bank_partner,36-45,T2,cautious,6028.95,1
342,2024-06-05 00:00:00,paid_search,46-55,T1,balanced,20201.39,0
343,2024-01-25 00:00:00,social,46-55,T3+,balanced,37953.37,1
344,2024-03-12 00:00:00,bank_partner,26-35,T1,balanced,15126.98,1
345,2024-12-28 00:00:00,social,36-45,T1,cautious,60317.61,1
346,2024-06-11 00:00:00,organic,26-35,T2,cautious,2832.34,0
347,2024-09-19 00:00:00,social,26-35,T1,cautious,3841.48,1
348,2024-03-12 00:00:00,paid_search,56+,T3+,balanced,34723.14,1
349,2024-10-26 00:00:00,organic,18-25,T1,balanced,13674.83,0
350,2024-10-17 00:00:00,referral,46-55,T1,balanced,6347.46,1
351,2024-11-12 00:00:00,organic,36-45,T3+,cautious,1024.82,0
352,2024-11-27 00:00:00,referral,26-35,T1,aggressive,1173.85,1
353,2024-09-06 00:00:00,paid_search,56+,T1,cautious,12859.87,0
354,2024-03-12 00:00:00,bank_partner,26-35,T3+,cautious,9946.89,1
355,2024-10-16 00:00:00,referral,46-55,T1,cautious,16321.71,1
356,2024-07-22 00:00:00,organic,26-35,T3+,balanced,4974.17,1
357,2024-02-02 00:00:00,bank_partner,36-45,T3+,aggressive,1797.01,1
358,2024-06-07 00:00:00,bank_partner,26-35,T1,aggressive,24351.07,1
359,2024-03-17 00:00:00,referral,26-35,T1,balanced,4072.49,0
360,2024-06-28 00:00:00,paid_search,26-35,T2,cautious,1444.27,1
361,2024-09-23 00:00:00,paid_search,18-25,T1,aggressive,2879.64,1
362,2024-06-16 00:00:00,referral,46-55,T2,aggressive,156037.66,1
363,2024-07-02 00:00:00,organic,46-55,T1,cautious,12550.53,1
364,2024-10-08 00:00:00,paid_search,46-55,T3+,cautious,5830.93,1
365,2024-12-25 00:00:00,bank_partner,26-35,T1,cautious,13077.02,1
366,2024-09-19 00:00:00,organic,26-35,T2,balanced,678.18,0
367,2024-06-09 00:00:00,referral,26-35,T3+,aggressive,9272.73,0
368,2024-08-31 00:00:00,referral,46-55,T2,balanced,60152.93,1
369,2024-09-07 00:00:00,organic,26-35,T3+,cautious,8866.02,1
370,2024-01-31 00:00:00,organic,26-35,T3+,cautious,23584.63,1
371,2024-12-10 00:00:00,bank_partner,26-35,T1,aggressive,4122.19,1
372,2024-06-09 00:00:00,organic,26-35,T3+,cautious,2590.04,1
373,2024-07-05 00:00:00,social,18-25,T2,balanced,6778.47,1
374,2024-04-28 00:00:00,social,36-45,T1,balanced,6159.97,1
375,2024-12-24 00:00:00,organic,36-45,T3+,cautious,26997.97,1
376,2024-02-11 00:00:00,social,26-35,T1,balanced,3315.2,0
377,2024-11-16 00:00:00,social,46-55,T1,balanced,1317.09,0
378,2024-04-18 00:00:00,social,18-25,T3+,balanced,4327.22,1
379,2024-09-10 00:00:00,organic,36-45,T3+,balanced,8748.61,0
380,2024-09-17 00:00:00,organic,46-55,T3+,cautious,80829.98,1
381,2024-02-20 00:00:00,social,36-45,T3+,balanced,7632.36,1
382,2024-06-22 00:00:00,paid_search,26-35,T2,balanced,19635.25,0
383,2024-11-04 00:00:00,organic,26-35,T3+,aggressive,1086.15,1
384,2024-04-01 00:00:00,social,18-25,T1,balanced,11468.78,1
385,2024-08-11 00:00:00,paid_search,26-35,T1,balanced,1672.66,1
386,2024-01-14 00:00:00,bank_partner,46-55,T3+,balanced,12519.56,1
387,2024-11-06 00:00:00,referral,26-35,T1,cautious,14782.31,1
388,2024-09-14 00:00:00,paid_search,18-25,T1,balanced,18400.29,1
389,2024-08-19 00:00:00,social,46-55,T1,cautious,7736.15,1
390,2024-01-28 00:00:00,referral,56+,T1,balanced,19442.13,0
391,2024-04-25 00:00:00,paid_search,26-35,T2,balanced,7155.0,1
392,2024-05-04 00:00:00,social,36-45,T1,balanced,8322.07,1
393,2024-05-11 00:00:00,paid_search,56+,T2,balanced,15921.67,0
394,2024-01-09 00:00:00,paid_search,18-25,T1,cautious,3511.08,0
395,2024-11-26 00:00:00,bank_partner,46-55,T3+,balanced,10888.04,1
396,2024-05-29 00:00:00,organic,36-45,T2,cautious,10221.16,0
397,2024-05-01 00:00:00,organic,36-45,T2,aggressive,1064.08,1
398,2024-01-04 00:00:00,bank_partner,26-35,T2,aggressive,34427.5,1
399,2024-02-29 00:00:00,organic,18-25,T1,cautious,501.27,0
400,2024-01-29 00:00:00,social,26-35,T2,cautious,8292.77,1
401,2024-08-08 00:00:00,paid_search,26-35,T2,cautious,2129.58,1
402,2024-02-05 00:00:00,paid_search,18-25,T3+,balanced,1748.22,1
403,2024-07-24 00:00:00,organic,36-45,T2,balanced,20507.16,1
404,2024-02-26 00:00:00,organic,26-35,T1,balanced,13404.5,1
405,2024-09-10 00:00:00,paid_search,26-35,T2,cautious,22466.02,1
406,2024-07-16 00:00:00,organic,36-45,T2,cautious,8898.25,0
407,2024-01-17 00:00:00,organic,46-55,T1,balanced,8995.7,1
408,2024-05-08 00:00:00,organic,26-35,T3+,balanced,3018.88,0
409,2024-05-23 00:00:00,organic,56+,T3+,cautious,66336.65,0
410,2024-12-27 00:00:00,organic,26-35,T1,balanced,54932.88,1
411,2024-07-08 00:00:00,social,26-35,T2,balanced,54962.8,0
412,2024-10-07 00:00:00,organic,18-25,T1,cautious,1075.35,1
413,2024-03-06 00:00:00,organic,36-45,T2,balanced,4624.63,0
414,2024-12-08 00:00:00,organic,26-35,T3+,cautious,3336.9,1
415,2024-12-20 00:00:00,paid_search,46-55,T2,balanced,33611.33,1
416,2024-06-23 00:00:00,paid_search,36-45,T2,aggressive,10005.7,1
417,2024-05-02 00:00:00,referral,26-35,T3+,aggressive,1939.73,1
418,2024-06-15 00:00:00,paid_search,46-55,T2,balanced,96292.99,1
419,2024-11-20 00:00:00,social,26-35,T3+,balanced,14140.54,1
420,2024-05-02 00:00:00,bank_partner,46-55,T1,balanced,16015.61,0
421,2024-06-30 00:00:00,paid_search,18-25,T2,cautious,17177.99,0
422,2024-06-15 00:00:00,social,46-55,T1,cautious,12425.65,1
423,2024-10-13 00:00:00,social,26-35,T1,cautious,63453.21,1
424,2024-10-05 00:00:00,social,46-55,T3+,cautious,11826.12,1
425,2024-05-01 00:00:00,paid_search,26-35,T3+,balanced,1398.19,0
426,2024-05-10 00:00:00,paid_search,56+,T3+,balanced,5797.85,1
427,2024-04-03 00:00:00,organic,26-35,T2,cautious,19642.74,0
428,2024-07-15 00:00:00,organic,26-35,T1,balanced,9188.35,0
429,2024-02-11 00:00:00,organic,56+,T3+,balanced,7255.45,1
430,2024-08-14 00:00:00,social,26-35,T1,balanced,17497.18,1
431,2024-12-21 00:00:00,paid_search,36-45,T1,balanced,222195.02,0
432,2024-11-23 00:00:00,bank_partner,46-55,T2,balanced,25396.81,1
433,2024-09-10 00:00:00,social,46-55,T1,aggressive,29677.28,0
434,2024-12-17 00:00:00,paid_search,26-35,T1,balanced,1685.71,1
435,2024-08-17 00:00:00,paid_search,56+,T2,balanced,7951.35,1
436,2024-02-22 00:00:00,organic,36-45,T3+,balanced,6744.6,1
437,2024-08-19 00:00:00,organic,26-35,T2,balanced,7121.38,1
438,2024-11-01 00:00:00,organic,46-55,T2,balanced,26521.75,1
439,2024-09-01 00:00:00,organic,36-45,T1,cautious,3421.22,1
440,2024-01-13 00:00:00,referral,56+,T1,balanced,12535.54,1
441,2024-11-01 00:00:00,organic,26-35,T2,balanced,21415.63,1
442,2024-07-22 00:00:00,referral,26-35,T3+,balanced,6694.51,1
443,2024-01-15 00:00:00,paid_search,26-35,T2,cautious,2654.7,0
444,2024-07-14 00:00:00,social,46-55,T3+,aggressive,55077.42,1
445,2024-02-26 00:00:00,paid_search,18-25,T1,balanced,2845.42,1
446,2024-05-01 00:00:00,organic,26-35,T3+,balanced,27210.02,0
447,2024-01-14 00:00:00,organic,26-35,T3+,cautious,1222.2,0
448,2024-07-18 00:00:00,bank_partner,36-45,T2,balanced,14970.01,1
449,2024-10-12 00:00:00,social,46-55,T3+,cautious,44564.23,0
450,2024-08-30 00:00:00,referral,46-55,T2,balanced,29622.01,1
451,2024-06-27 00:00:00,social,26-35,T3+,aggressive,4307.7,0
452,2024-10-19 00:00:00,referral,26-35,T3+,aggressive,4996.92,0
453,2024-07-08 00:00:00,referral,26-35,T2,cautious,8345.2,1
454,2024-05-11 00:00:00,paid_search,46-55,T1,aggressive,3896.99,1
455,2024-11-20 00:00:00,bank_partner,26-35,T2,balanced,4492.91,0
456,2024-08-21 00:00:00,organic,36-45,T3+,balanced,977.68,0
457,2024-03-19 00:00:00,referral,26-35,T2,balanced,5661.77,1
458,2024-09-30 00:00:00,organic,36-45,T1,aggressive,6125.2,1
459,2024-03-25 00:00:00,organic,36-45,T3+,balanced,14705.73,0
460,2024-05-06 00:00:00,paid_search,36-45,T3+,cautious,4302.85,1
461,2024-11-20 00:00:00,paid_search,36-45,T1,cautious,8376.47,1
462,2024-06-07 00:00:00,bank_partner,36-45,T3+,aggressive,31084.66,0
463,2024-04-20 00:00:00,organic,26-35,T2,balanced,7026.59,1
464,2024-12-26 00:00:00,social,36-45,T2,cautious,4288.64,1
465,2024-12-10 00:00:00,social,26-35,T2,cautious,18041.2,0
466,2024-02-21 00:00:00,paid_search,18-25,T2,balanced,1451.2,0
467,2024-05-19 00:00:00,organic,26-35,T3+,balanced,30513.92,1
468,2024-01-31 00:00:00,organic,18-25,T2,cautious,63824.45,1
469,2024-04-09 00:00:00,social,46-55,T2,cautious,38756.15,0
470,2024-01-16 00:00:00,paid_search,36-45,T2,balanced,35274.14,1
471,2024-10-24 00:00:00,social,26-35,T3+,aggressive,6399.1,1
472,2024-09-18 00:00:00,organic,36-45,T3+,balanced,11568.7,1
473,2024-03-13 00:00:00,referral,18-25,T2,aggressive,500.0,1
474,2024-12-15 00:00:00,referral,36-45,T1,balanced,50901.69,1
475,2024-05-31 00:00:00,social,18-25,T3+,cautious,4305.85,1
476,2024-03-01 00:00:00,organic,36-45,T2,cautious,4211.66,0
477,2024-05-11 00:00:00,organic,46-55,T3+,cautious,18983.58,1
478,2024-02-23 00:00:00,referral,36-45,T2,cautious,10936.33,1
479,2024-10-12 00:00:00,bank_partner,18-25,T2,balanced,2451.76,1
480,2024-02-01 00:00:00,organic,18-25,T2,balanced,20522.99,0
481,2024-07-11 00:00:00,paid_search,36-45,T1,balanced,17939.27,0
482,2024-06-30 00:00:00,paid_search,26-35,T2,cautious,7146.62,1
483,2024-02-13 00:00:00,social,26-35,T2,cautious,2115.92,0
484,2024-08-16 00:00:00,bank_partner,26-35,T3+,cautious,2205.96,0
485,2024-05-22 00:00:00,social,26-35,T2,cautious,9335.09,1
486,2024-05-06 00:00:00,paid_search,36-45,T2,balanced,14940.56,1
487,2024-07-15 00:00:00,social,18-25,T2,aggressive,1282.58,1
488,2024-02-20 00:00:00,organic,26-35,T2,balanced,5464.57,0
489,2024-04-03 00:00:00,organic,36-45,T2,cautious,5720.63,1
490,2024-08-24 00:00:00,organic,46-55,T2,cautious,11049.36,1
491,2024-07-11 00:00:00,organic,36-45,T2,aggressive,27061.19,1
492,2024-05-25 00:00:00,referral,36-45,T2,balanced,4332.41,1
493,2024-05-23 00:00:00,social,18-25,T1,balanced,3200.72,0
494,2024-05-01 00:00:00,bank_partner,26-35,T2,balanced,27478.16,1
495,2024-12-18 00:00:00,referral,26-35,T2,balanced,85522.35,1
496,2024-02-08 00:00:00,social,36-45,T3+,cautious,24071.42,0
497,2024-09-16 00:00:00,paid_search,18-25,T2,balanced,1510.75,1
498,2024-03-25 00:00:00,social,26-35,T1,cautious,4846.34,1
499,2024-04-26 00:00:00,paid_search,26-35,T2,balanced,3377.34,1
500,2024-06-18 00:00:00,social,46-55,T1,balanced,8473.21,1
501,2024-07-19 00:00:00,organic,36-45,T2,cautious,2738.01,1
502,2024-06-02 00:00:00,paid_search,46-55,T1,balanced,100006.91,1
503,2024-05-09 00:00:00,bank_partner,18-25,T2,aggressive,4081.1,1
504,2024-11-02 00:00:00,referral,26-35,T3+,balanced,10686.36,1
505,2024-06-20 00:00:00,paid_search,46-55,T3+,balanced,23263.39,1
506,2024-11-13 00:00:00,paid_search,26-35,T1,balanced,3305.86,1
507,2024-07-06 00:00:00,paid_search,36-45,T2,cautious,2982.75,1
508,2024-05-30 00:00:00,bank_partner,36-45,T3+,balanced,842.56,1
509,2024-10-18 00:00:00,organic,36-45,T2,cautious,12373.96,0
510,2024-01-14 00:00:00,referral,36-45,T3+,aggressive,2420.29,1
511,2024-10-14 00:00:00,organic,26-35,T3+,balanced,3898.48,1
512,2024-08-19 00:00:00,paid_search,36-45,T2,aggressive,3973.85,1
513,2024-12-30 00:00:00,paid_search,26-35,T2,balanced,46544.69,1
514,2024-11-02 00:00:00,bank_partner,36-45,T1,balanced,9508.59,0
515,2024-01-13 00:00:00,referral,36-45,T1,balanced,25243.39,1
516,2024-03-05 00:00:00,paid_search,18-25,T3+,cautious,44759.1,1
517,2024-07-26 00:00:00,bank_partner,46-55,T2,aggressive,4897.94,1
518,2024-11-28 00:00:00,organic,46-55,T1,aggressive,4055.7,1
519,2024-11-25 00:00:00,organic,36-45,T1,cautious,54753.22,1
520,2024-03-01 00:00:00,paid_search,18-25,T1,cautious,8438.2,1
521,2024-05-15 00:00:00,organic,18-25,T2,cautious,2049.95,1
522,2024-11-12 00:00:00,paid_search,26-35,T3+,balanced,4352.74,1
523,2024-07-21 00:00:00,bank_partner,26-35,T3+,balanced,4192.5,1
524,2024-05-17 00:00:00,social,46-55,T2,aggressive,13870.46,0
525,2024-03-16 00:00:00,social,46-55,T2,cautious,1089.36,1
526,2024-03-09 00:00:00,referral,18-25,T3+,balanced,8375.4,1
527,2024-12-16 00:00:00,paid_search,46-55,T1,aggressive,1917.66,1
528,2024-07-01 00:00:00,bank_partner,46-55,T2,balanced,5430.53,1
529,2024-05-14 00:00:00,bank_partner,18-25,T3+,aggressive,1012.57,0
530,2024-02-24 00:00:00,organic,36-45,T3+,balanced,2957.4,1
531,2024-09-28 00:00:00,bank_partner,46-55,T2,balanced,16836.17,0
532,2024-08-28 00:00:00,bank_partner,36-45,T1,balanced,55690.72,1
533,2024-06-15 00:00:00,social,26-35,T3+,balanced,5308.43,1
534,2024-10-16 00:00:00,organic,26-35,T1,balanced,9497.2,1
535,2024-04-09 00:00:00,bank_partner,18-25,T3+,balanced,18214.28,1
536,2024-10-09 00:00:00,organic,46-55,T2,cautious,4054.98,0
537,2024-10-10 00:00:00,paid_search,46-55,T3+,balanced,43378.78,1
538,2024-12-29 00:00:00,social,18-25,T1,aggressive,10808.17,1
539,2024-07-20 00:00:00,paid_search,26-35,T2,balanced,1127.39,0
540,2024-11-05 00:00:00,organic,18-25,T3+,cautious,3573.77,1
541,2024-06-05 00:00:00,organic,18-25,T2,balanced,2982.75,0
542,2024-02-29 00:00:00,social,26-35,T3+,cautious,46142.24,0
543,2024-02-07 00:00:00,paid_search,26-35,T3+,cautious,3526.3,1
544,2024-01-13 00:00:00,organic,26-35,T3+,aggressive,4767.28,1
545,2024-02-03 00:00:00,organic,26-35,T2,aggressive,14990.19,1
546,2024-11-09 00:00:00,organic,36-45,T2,cautious,33029.66,0
547,2024-07-17 00:00:00,organic,46-55,T3+,cautious,40121.5,1
548,2024-05-06 00:00:00,organic,36-45,T3+,cautious,14368.98,1
549,2024-10-08 00:00:00,organic,18-25,T1,cautious,5668.78,0
550,2024-09-14 00:00:00,paid_search,18-25,T1,balanced,4263.13,0
551,2024-11-05 00:00:00,social,26-35,T2,aggressive,19529.03,1
552,2024-05-15 00:00:00,paid_search,56+,T2,balanced,17279.86,1
553,2024-11-24 00:00:00,organic,46-55,T3+,balanced,14430.7,1
554,2024-09-15 00:00:00,paid_search,56+,T3+,aggressive,25715.83,0
555,2024-03-29 00:00:00,social,36-45,T2,cautious,10473.52,1
556,2024-01-19 00:00:00,organic,26-35,T2,balanced,2664.38,0
557,2024-08-24 00:00:00,referral,36-45,T3+,cautious,38927.8,1
558,2024-10-14 00:00:00,referral,36-45,T3+,cautious,3515.75,1
559,2024-10-06 00:00:00,organic,26-35,T1,cautious,4807.51,1
560,2024-01-23 00:00:00,organic,26-35,T2,cautious,9403.9,0
561,2024-03-15 00:00:00,referral,36-45,T2,balanced,2567.68,1
562,2024-06-14 00:00:00,organic,18-25,T1,balanced,4535.27,0
563,2024-01-29 00:00:00,referral,36-45,T2,cautious,3482.74,1
564,2024-11-21 00:00:00,social,26-35,T1,balanced,14506.06,0
565,2024-11-29 00:00:00,organic,18-25,T3+,balanced,5618.62,1
566,2024-08-31 00:00:00,paid_search,26-35,T2,cautious,4194.13,1
567,2024-11-23 00:00:00,social,26-35,T2,aggressive,3378.7,1
568,2024-12-25 00:00:00,referral,26-35,T1,cautious,4870.3,1
569,2024-09-02 00:00:00,social,36-45,T1,cautious,3902.4,0
570,2024-09-14 00:00:00,organic,46-55,T3+,cautious,34559.31,1
571,2024-04-20 00:00:00,organic,36-45,T2,balanced,10284.36,1
572,2024-03-27 00:00:00,referral,36-45,T2,balanced,12475.51,1
573,2024-02-19 00:00:00,referral,18-25,T1,balanced,1543.88,1
574,2024-02-27 00:00:00,social,36-45,T1,cautious,31404.98,0
575,2024-08-07 00:00:00,paid_search,46-55,T1,balanced,15315.66,1
576,2024-12-08 00:00:00,organic,46-55,T1,balanced,1943.0,1
577,2024-08-31 00:00:00,organic,18-25,T1,balanced,3017.81,1
578,2024-05-11 00:00:00,social,26-35,T1,cautious,12434.4,1
579,2024-03-06 00:00:00,bank_partner,36-45,T3+,balanced,3978.63,0
580,2024-05-03 00:00:00,social,26-35,T3+,aggressive,3316.7,0
581,2024-11-09 00:00:00,bank_partner,26-35,T1,aggressive,1223.07,1
582,2024-11-22 00:00:00,social,36-45,T1,balanced,31780.01,1
583,2024-03-02 00:00:00,paid_search,26-35,T1,cautious,7348.62,1
584,2024-05-25 00:00:00,social,36-45,T2,balanced,12118.19,1
585,2024-08-12 00:00:00,organic,36-45,T3+,cautious,20900.03,1
586,2024-09-29 00:00:00,paid_search,26-35,T2,balanced,5486.86,0
587,2024-08-22 00:00:00,paid_search,46-55,T1,aggressive,34539.51,1
588,2024-09-21 00:00:00,social,18-25,T2,cautious,6262.69,0
589,2024-03-06 00:00:00,referral,26-35,T2,cautious,4187.98,1
590,2024-06-13 00:00:00,paid_search,26-35,T1,cautious,12438.09,0
591,2024-05-08 00:00:00,organic,46-55,T1,aggressive,12740.48,1
592,2024-03-15 00:00:00,paid_search,18-25,T3+,balanced,1616.53,0
593,2024-01-08 00:00:00,social,36-45,T2,cautious,3749.89,1
594,2024-01-01 00:00:00,referral,26-35,T2,balanced,5277.45,1
595,2024-09-16 00:00:00,referral,46-55,T3+,balanced,2113.48,1
596,2024-05-08 00:00:00,referral,18-25,T3+,aggressive,10727.42,1
597,2024-06-18 00:00:00,organic,46-55,T2,balanced,27558.22,1
598,2024-01-08 00:00:00,bank_partner,46-55,T1,aggressive,13516.08,0
599,2024-09-05 00:00:00,referral,26-35,T2,cautious,21636.92,0
600,2024-08-19 00:00:00,organic,56+,T3+,balanced,187627.55,0
601,2024-10-29 00:00:00,bank_partner,18-25,T3+,aggressive,17904.56,1
602,2024-04-12 00:00:00,social,46-55,T1,cautious,14545.38,1
603,2024-04-28 00:00:00,paid_search,26-35,T1,aggressive,7061.9,1
604,2024-12-22 00:00:00,organic,26-35,T2,balanced,7963.29,1
605,2024-04-08 00:00:00,bank_partner,36-45,T1,balanced,91917.91,1
606,2024-12-25 00:00:00,paid_search,46-55,T2,cautious,97558.15,1
607,2024-09-28 00:00:00,referral,36-45,T3+,balanced,41892.61,0
608,2024-05-01 00:00:00,bank_partner,26-35,T2,balanced,25844.51,1
609,2024-10-05 00:00:00,bank_partner,26-35,T3+,aggressive,19830.37,1
610,2024-09-15 00:00:00,social,46-55,T3+,aggressive,2270.32,1
611,2024-05-13 00:00:00,referral,36-45,T3+,cautious,10345.46,1
612,2024-12-13 00:00:00,referral,26-35,T3+,balanced,22558.77,1
613,2024-12-20 00:00:00,paid_search,36-45,T2,balanced,35719.28,0
614,2024-01-31 00:00:00,paid_search,26-35,T1,balanced,40892.94,1
615,2024-05-13 00:00:00,social,36-45,T3+,aggressive,7873.65,0
616,2024-01-09 00:00:00,referral,26-35,T2,balanced,4880.74,1
617,2024-12-02 00:00:00,organic,56+,T2,balanced,5756.55,0
618,2024-08-19 00:00:00,paid_search,36-45,T3+,aggressive,72060.7,0
619,2024-08-23 00:00:00,organic,26-35,T3+,balanced,11961.34,1
620,2024-06-14 00:00:00,paid_search,46-55,T3+,balanced,6481.87,0
621,2024-02-03 00:00:00,paid_search,36-45,T2,balanced,22849.14,1
622,2024-02-10 00:00:00,organic,46-55,T1,balanced,25031.78,1
623,2024-11-01 00:00:00,bank_partner,26-35,T2,cautious,9221.41,0
624,2024-10-05 00:00:00,paid_search,26-35,T1,cautious,5514.19,1
625,2024-12-01 00:00:00,organic,18-25,T1,balanced,2394.86,1
626,2024-04-29 00:00:00,social,56+,T1,balanced,31560.9,1
627,2024-10-04 00:00:00,social,18-25,T2,balanced,928.77,0
628,2024-12-13 00:00:00,referral,18-25,T1,cautious,7136.66,1
629,2024-10-18 00:00:00,organic,46-55,T2,balanced,37841.43,1
630,2024-09-21 00:00:00,referral,18-25,T3+,balanced,1182.23,0
631,2024-12-24 00:00:00,organic,36-45,T1,cautious,1361.38,1
632,2024-10-29 00:00:00,social,46-55,T3+,balanced,8304.21,0
633,2024-10-09 00:00:00,bank_partner,36-45,T3+,balanced,21039.86,1
634,2024-08-25 00:00:00,referral,36-45,T2,aggressive,5940.05,1
635,2024-04-14 00:00:00,organic,36-45,T2,balanced,1679.72,1
636,2024-01-22 00:00:00,social,26-35,T2,aggressive,22524.88,0
637,2024-06-11 00:00:00,bank_partner,36-45,T3+,balanced,73725.24,1
638,2024-05-18 00:00:00,paid_search,56+,T3+,balanced,31191.99,1
639,2024-03-20 00:00:00,referral,36-45,T3+,balanced,5073.76,0
640,2024-03-10 00:00:00,organic,26-35,T1,balanced,4974.36,0
641,2024-03-24 00:00:00,referral,56+,T2,balanced,9318.11,1
642,2024-04-29 00:00:00,organic,18-25,T2,balanced,3425.94,0
643,2024-03-04 00:00:00,paid_search,56+,T1,cautious,5925.67,0
644,2024-11-22 00:00:00,social,18-25,T3+,balanced,14997.84,1
645,2024-06-17 00:00:00,organic,26-35,T3+,cautious,9271.44,1
646,2024-09-13 00:00:00,paid_search,18-25,T3+,balanced,2406.95,0
647,2024-09-21 00:00:00,organic,18-25,T2,cautious,2228.8,1
648,2024-09-03 00:00:00,paid_search,36-45,T1,cautious,6107.17,1
649,2024-05-08 00:00:00,referral,36-45,T2,balanced,8705.9,1
650,2024-05-28 00:00:00,organic,26-35,T2,cautious,1542.45,1
651,2024-01-15 00:00:00,social,26-35,T3+,aggressive,4220.81,1
652,2024-07-16 00:00:00,paid_search,26-35,T1,aggressive,22012.99,1
653,2024-02-27 00:00:00,paid_search,56+,T1,aggressive,21534.09,1
654,2024-08-20 00:00:00,paid_search,26-35,T2,aggressive,13634.13,0
655,2024-04-26 00:00:00,organic,56+,T2,cautious,43908.36,1
656,2024-10-13 00:00:00,organic,36-45,T2,balanced,31680.41,0
657,2024-07-20 00:00:00,organic,36-45,T3+,balanced,22912.24,0
658,2024-07-26 00:00:00,social,56+,T1,cautious,8414.51,0
659,2024-01-19 00:00:00,paid_search,26-35,T2,cautious,20354.36,1
660,2024-03-23 00:00:00,social,26-35,T1,balanced,12723.37,1
661,2024-10-26 00:00:00,paid_search,46-55,T2,balanced,6777.32,1
662,2024-08-06 00:00:00,social,18-25,T1,aggressive,4682.91,0
663,2024-02-08 00:00:00,social,46-55,T2,cautious,13010.47,1
664,2024-04-09 00:00:00,referral,26-35,T1,balanced,10357.97,1
665,2024-02-02 00:00:00,paid_search,26-35,T1,balanced,10021.22,1
666,2024-01-17 00:00:00,referral,56+,T2,cautious,1759.01,0
667,2024-12-06 00:00:00,referral,26-35,T2,balanced,6800.16,1
668,2024-07-16 00:00:00,paid_search,46-55,T2,aggressive,638.91,1
669,2024-09-17 00:00:00,paid_search,36-45,T2,aggressive,6778.8,1
670,2024-04-02 00:00:00,organic,26-35,T1,balanced,1506.98,1
671,2024-08-29 00:00:00,referral,46-55,T1,balanced,32039.61,1
672,2024-07-15 00:00:00,organic,26-35,T1,aggressive,37500.49,1
673,2024-06-25 00:00:00,organic,56+,T3+,balanced,23959.36,1
674,2024-01-21 00:00:00,bank_partner,18-25,T1,aggressive,7077.88,1
675,2024-09-29 00:00:00,paid_search,26-35,T3+,aggressive,2258.74,1
676,2024-02-01 00:00:00,bank_partner,26-35,T2,cautious,7130.01,1
677,2024-12-04 00:00:00,paid_search,36-45,T2,balanced,2457.25,1
678,2024-08-11 00:00:00,social,18-25,T1,cautious,21409.8,1
679,2024-09-04 00:00:00,organic,46-55,T3+,balanced,13979.8,1
680,2024-06-15 00:00:00,referral,26-35,T1,aggressive,11789.18,0
681,2024-08-23 00:00:00,paid_search,26-35,T2,balanced,1985.53,1
682,2024-11-06 00:00:00,organic,26-35,T1,aggressive,138723.13,1
683,2024-01-20 00:00:00,bank_partner,36-45,T3+,aggressive,12815.96,1
684,2024-10-10 00:00:00,paid_search,56+,T1,aggressive,54293.17,1
685,2024-10-28 00:00:00,organic,46-55,T3+,balanced,72977.33,0
686,2024-01-29 00:00:00,social,36-45,T2,cautious,1128.29,1
687,2024-08-08 00:00:00,organic,26-35,T2,cautious,2692.39,1
688,2024-09-20 00:00:00,paid_search,46-55,T2,cautious,28187.97,1
689,2024-06-10 00:00:00,paid_search,26-35,T2,cautious,6027.78,1
690,2024-09-30 00:00:00,social,36-45,T2,aggressive,17522.94,1
691,2024-03-11 00:00:00,referral,46-55,T3+,cautious,9086.32,1
692,2024-08-02 00:00:00,paid_search,26-35,T3+,balanced,29776.86,0
693,2024-04-23 00:00:00,paid_search,46-55,T2,cautious,13524.9,1
694,2024-02-13 00:00:00,organic,26-35,T2,cautious,34023.42,1
695,2024-05-22 00:00:00,referral,36-45,T2,aggressive,12026.64,0
696,2024-04-18 00:00:00,referral,36-45,T3+,cautious,1921.16,1
697,2024-09-03 00:00:00,bank_partner,36-45,T3+,cautious,51113.74,1
698,2024-09-12 00:00:00,organic,46-55,T1,balanced,12695.7,0
699,2024-10-28 00:00:00,organic,36-45,T3+,balanced,5601.56,1
700,2024-01-15 00:00:00,referral,18-25,T2,cautious,2897.83,0
701,2024-12-17 00:00:00,paid_search,26-35,T2,balanced,5289.63,0
702,2024-07-19 00:00:00,social,46-55,T2,balanced,21342.19,0
703,2024-11-19 00:00:00,organic,26-35,T1,balanced,6844.08,0
704,2024-02-16 00:00:00,paid_search,36-45,T3+,balanced,4856.03,1
705,2024-04-06 00:00:00,social,26-35,T2,cautious,10210.2,1
706,2024-02-10 00:00:00,organic,36-45,T1,balanced,14048.51,1
707,2024-10-23 00:00:00,paid_search,18-25,T2,balanced,1261.57,1
708,2024-04-08 00:00:00,organic,36-45,T1,aggressive,30669.12,1
709,2024-08-01 00:00:00,paid_search,36-45,T2,balanced,3439.85,0
710,2024-09-12 00:00:00,social,26-35,T2,cautious,62401.75,1
711,2024-07-19 00:00:00,organic,26-35,T3+,balanced,17881.79,0
712,2024-04-06 00:00:00,bank_partner,56+,T1,cautious,1750.62,1
713,2024-03-12 00:00:00,paid_search,36-45,T1,cautious,10692.54,1
714,2024-03-02 00:00:00,paid_search,26-35,T3+,aggressive,4204.88,1
715,2024-02-23 00:00:00,organic,18-25,T2,aggressive,1072.77,1
716,2024-03-20 00:00:00,referral,26-35,T2,cautious,13050.39,1
717,2024-03-20 00:00:00,bank_partner,26-35,T1,cautious,54593.72,1
718,2024-01-06 00:00:00,paid_search,36-45,T2,cautious,3363.15,1
719,2024-07-03 00:00:00,organic,46-55,T2,balanced,2432.97,1
720,2024-07-23 00:00:00,bank_partner,46-55,T1,balanced,19102.63,1
721,2024-06-20 00:00:00,paid_search,36-45,T1,balanced,16279.55,1
722,2024-08-25 00:00:00,bank_partner,26-35,T3+,balanced,19483.07,1
723,2024-04-16 00:00:00,paid_search,26-35,T3+,aggressive,15340.75,1
724,2024-08-19 00:00:00,paid_search,26-35,T3+,cautious,14423.04,1
725,2024-06-27 00:00:00,organic,26-35,T3+,balanced,13527.03,0
726,2024-12-18 00:00:00,referral,26-35,T2,aggressive,6156.65,1
727,2024-01-28 00:00:00,social,18-25,T3+,aggressive,2218.27,1
728,2024-07-22 00:00:00,organic,36-45,T1,balanced,21047.86,1
729,2024-06-28 00:00:00,organic,26-35,T3+,balanced,21172.07,1
730,2024-03-30 00:00:00,social,36-45,T2,balanced,3180.17,1
731,2024-10-12 00:00:00,social,26-35,T1,cautious,2177.83,1
732,2024-04-06 00:00:00,social,18-25,T2,aggressive,43046.66,1
733,2024-10-19 00:00:00,organic,36-45,T3+,balanced,13303.25,1
734,2024-01-23 00:00:00,organic,26-35,T1,balanced,1165.31,0
735,2024-10-27 00:00:00,referral,36-45,T2,cautious,7104.61,1
736,2024-05-27 00:00:00,paid_search,26-35,T2,aggressive,14522.0,0
737,2024-03-21 00:00:00,bank_partner,56+,T1,balanced,16804.5,1
738,2024-01-13 00:00:00,bank_partner,26-35,T2,balanced,8206.98,1
739,2024-05-09 00:00:00,bank_partner,26-35,T3+,balanced,36208.52,0
740,2024-12-30 00:00:00,social,26-35,T3+,cautious,1634.73,1
741,2024-05-30 00:00:00,paid_search,46-55,T1,balanced,23557.74,0
742,2024-01-26 00:00:00,social,46-55,T1,aggressive,4903.52,0
743,2024-04-03 00:00:00,referral,26-35,T1,balanced,16934.66,1
744,2024-08-27 00:00:00,organic,46-55,T1,balanced,11384.76,1
745,2024-08-08 00:00:00,bank_partner,56+,T1,cautious,37897.41,0
746,2024-08-03 00:00:00,bank_partner,18-25,T1,balanced,3619.38,1
747,2024-01-28 00:00:00,social,18-25,T2,balanced,3833.12,0
748,2024-01-13 00:00:00,referral,26-35,T3+,balanced,15650.4,1
749,2024-03-18 00:00:00,social,26-35,T1,cautious,12618.43,1
750,2024-06-09 00:00:00,paid_search,56+,T2,cautious,39707.54,1
751,2024-02-12 00:00:00,paid_search,26-35,T3+,balanced,23572.19,0
752,2024-10-07 00:00:00,referral,36-45,T1,balanced,10716.73,1
753,2024-01-10 00:00:00,bank_partner,26-35,T2,cautious,41502.74,1
754,2024-10-22 00:00:00,paid_search,18-25,T2,cautious,3598.69,1
755,2024-03-17 00:00:00,bank_partner,18-25,T2,cautious,7711.42,1
756,2024-06-19 00:00:00,social,18-25,T1,aggressive,3858.41,1
757,2024-01-22 00:00:00,paid_search,36-45,T1,aggressive,9737.56,1
758,2024-09-25 00:00:00,organic,18-25,T3+,cautious,7155.81,1
759,2024-07-30 00:00:00,social,36-45,T2,balanced,9756.21,1
760,2024-04-01 00:00:00,social,36-45,T2,balanced,22425.04,1
761,2024-07-10 00:00:00,organic,26-35,T2,cautious,28275.07,1
762,2024-03-13 00:00:00,bank_partner,36-45,T1,balanced,6262.89,1
763,2024-12-28 00:00:00,organic,26-35,T1,aggressive,9483.21,0
764,2024-08-21 00:00:00,organic,46-55,T3+,balanced,1312.62,1
765,2024-01-05 00:00:00,organic,18-25,T3+,cautious,17220.16,1
766,2024-02-21 00:00:00,referral,18-25,T3+,balanced,16990.93,1
767,2024-04-07 00:00:00,referral,26-35,T3+,balanced,12977.24,1
768,2024-07-21 00:00:00,paid_search,36-45,T2,balanced,15023.11,1
769,2024-03-28 00:00:00,organic,18-25,T2,aggressive,4241.57,0
770,2024-02-10 00:00:00,paid_search,46-55,T3+,balanced,13608.05,1
771,2024-02-27 00:00:00,paid_search,26-35,T1,cautious,1145.38,1
772,2024-09-03 00:00:00,paid_search,56+,T3+,aggressive,15558.48,1
773,2024-12-07 00:00:00,bank_partner,56+,T2,cautious,9166.74,1
774,2024-03-13 00:00:00,organic,36-45,T2,balanced,18915.03,0
775,2024-12-28 00:00:00,paid_search,36-45,T1,balanced,82545.34,1
776,2024-04-05 00:00:00,referral,56+,T3+,cautious,18648.44,0
777,2024-11-03 00:00:00,bank_partner,36-45,T1,cautious,18738.37,1
778,2024-11-09 00:00:00,bank_partner,36-45,T1,aggressive,21112.19,1
779,2024-01-29 00:00:00,bank_partner,18-25,T3+,balanced,5179.9,1
780,2024-07-27 00:00:00,paid_search,18-25,T2,cautious,4269.49,1
781,2024-03-05 00:00:00,organic,36-45,T1,balanced,8347.73,0
782,2024-10-24 00:00:00,social,36-45,T2,aggressive,13717.33,1
783,2024-08-31 00:00:00,referral,46-55,T2,balanced,5571.89,1
784,2024-06-24 00:00:00,paid_search,18-25,T1,cautious,13365.58,1
785,2024-05-22 00:00:00,referral,36-45,T1,balanced,16746.93,1
786,2024-08-10 00:00:00,organic,26-35,T3+,balanced,3491.76,1
787,2024-05-15 00:00:00,organic,18-25,T1,balanced,1530.65,1
788,2024-09-04 00:00:00,referral,26-35,T1,balanced,4231.22,1
789,2024-02-08 00:00:00,organic,26-35,T2,aggressive,15173.92,1
790,2024-02-22 00:00:00,bank_partner,26-35,T1,balanced,16010.01,1
791,2024-09-15 00:00:00,social,26-35,T2,aggressive,29557.56,1
792,2024-03-21 00:00:00,organic,36-45,T2,balanced,30888.8,0
793,2024-10-27 00:00:00,social,26-35,T1,balanced,10691.78,0
794,2024-03-09 00:00:00,social,26-35,T3+,aggressive,42970.39,1
795,2024-03-27 00:00:00,organic,26-35,T1,balanced,46444.08,1
796,2024-02-25 00:00:00,organic,26-35,T2,cautious,71643.36,1
797,2024-10-12 00:00:00,organic,46-55,T3+,balanced,2248.7,1
798,2024-08-28 00:00:00,social,36-45,T1,balanced,3089.73,1
799,2024-08-04 00:00:00,social,26-35,T1,balanced,11575.76,0
800,2024-11-16 00:00:00,organic,46-55,T3+,cautious,3261.77,1
801,2024-06-15 00:00:00,social,56+,T2,balanced,1163.76,0
802,2024-02-04 00:00:00,paid_search,36-45,T1,balanced,7521.76,1
803,2024-09-10 00:00:00,paid_search,26-35,T1,balanced,3901.51,0
804,2024-10-19 00:00:00,social,46-55,T1,cautious,6388.65,1
805,2024-10-04 00:00:00,referral,26-35,T3+,balanced,42322.58,1
806,2024-04-08 00:00:00,paid_search,26-35,T3+,cautious,38934.84,1
807,2024-12-10 00:00:00,organic,36-45,T3+,balanced,11185.45,1
808,2024-04-27 00:00:00,social,36-45,T3+,cautious,9493.0,0
809,2024-05-18 00:00:00,organic,18-25,T2,cautious,12103.21,1
810,2024-03-16 00:00:00,organic,18-25,T1,balanced,754.7,1
811,2024-03-05 00:00:00,organic,26-35,T1,cautious,2629.33,1
812,2024-06-01 00:00:00,social,26-35,T3+,balanced,86243.18,1
813,2024-03-17 00:00:00,social,36-45,T3+,aggressive,38417.69,1
814,2024-08-20 00:00:00,paid_search,46-55,T3+,cautious,7619.66,1
815,2024-06-19 00:00:00,organic,56+,T1,aggressive,46911.88,1
816,2024-07-20 00:00:00,social,26-35,T1,cautious,2631.75,1
817,2024-11-16 00:00:00,social,56+,T3+,cautious,117953.76,0
818,2024-11-04 00:00:00,social,46-55,T1,cautious,6090.86,1
819,2024-07-24 00:00:00,organic,18-25,T1,balanced,10549.57,1
820,2024-09-21 00:00:00,referral,46-55,T3+,cautious,33818.42,1
821,2024-03-30 00:00:00,social,36-45,T3+,cautious,1858.47,1
822,2024-05-09 00:00:00,bank_partner,36-45,T2,balanced,1606.35,0
823,2024-06-21 00:00:00,bank_partner,18-25,T3+,aggressive,994.48,1
824,2024-04-12 00:00:00,referral,36-45,T2,aggressive,3563.88,1
825,2024-12-31 00:00:00,social,26-35,T3+,cautious,3676.2,1
826,2024-06-13 00:00:00,referral,18-25,T1,cautious,5548.46,0
827,2024-10-13 00:00:00,organic,56+,T3+,cautious,28233.95,1
828,2024-06-26 00:00:00,organic,36-45,T1,aggressive,3196.75,1
829,2024-12-06 00:00:00,bank_partner,26-35,T1,cautious,2105.01,1
830,2024-06-17 00:00:00,bank_partner,36-45,T3+,aggressive,751.38,1
831,2024-06-26 00:00:00,referral,26-35,T2,cautious,13030.92,1
832,2024-06-06 00:00:00,organic,36-45,T1,balanced,3928.87,1
833,2024-03-08 00:00:00,referral,36-45,T2,balanced,30936.17,1
834,2024-06-28 00:00:00,organic,46-55,T3+,balanced,8575.3,1
835,2024-10-19 00:00:00,paid_search,26-35,T2,cautious,13348.75,1
836,2024-05-06 00:00:00,organic,18-25,T1,balanced,31793.68,1
837,2024-06-30 00:00:00,social,46-55,T2,balanced,6551.49,1
838,2024-08-16 00:00:00,organic,46-55,T2,balanced,67664.59,1
839,2024-02-12 00:00:00,organic,26-35,T1,balanced,3398.37,1
840,2024-04-13 00:00:00,bank_partner,18-25,T3+,balanced,12216.89,1
841,2024-12-21 00:00:00,organic,26-35,T2,cautious,7667.81,1
842,2024-07-31 00:00:00,organic,46-55,T1,balanced,5016.15,1
843,2024-01-11 00:00:00,paid_search,18-25,T1,balanced,1127.55,0
844,2024-04-14 00:00:00,bank_partner,36-45,T3+,cautious,14211.79,1
845,2024-07-22 00:00:00,organic,46-55,T3+,cautious,10194.08,1
846,2024-10-30 00:00:00,bank_partner,18-25,T2,balanced,1708.19,1
847,2024-06-25 00:00:00,organic,26-35,T3+,cautious,2110.19,0
848,2024-02-28 00:00:00,social,18-25,T2,balanced,2595.39,1
849,2024-04-11 00:00:00,organic,36-45,T1,aggressive,69916.29,1
850,2024-02-07 00:00:00,bank_partner,26-35,T1,aggressive,4192.17,1
851,2024-01-11 00:00:00,bank_partner,36-45,T2,balanced,20427.16,1
852,2024-02-24 00:00:00,social,36-45,T1,balanced,1688.97,1
853,2024-05-29 00:00:00,organic,36-45,T2,balanced,28179.31,1
854,2024-11-18 00:00:00,paid_search,26-35,T3+,balanced,3341.64,1
855,2024-03-09 00:00:00,paid_search,26-35,T3+,balanced,3551.91,1
856,2024-12-26 00:00:00,social,18-25,T2,cautious,5943.26,1
857,2024-04-02 00:00:00,paid_search,46-55,T3+,cautious,14441.53,1
858,2024-10-04 00:00:00,bank_partner,36-45,T3+,cautious,4002.78,1
859,2024-06-19 00:00:00,referral,26-35,T3+,cautious,14937.7,1
860,2024-04-12 00:00:00,paid_search,46-55,T2,cautious,3726.86,1
861,2024-10-20 00:00:00,referral,56+,T1,balanced,8818.23,1
862,2024-06-27 00:00:00,social,36-45,T3+,cautious,2561.54,1
863,2024-02-25 00:00:00,social,18-25,T3+,cautious,1711.05,1
864,2024-08-24 00:00:00,organic,18-25,T3+,cautious,36476.58,1
865,2024-08-15 00:00:00,paid_search,46-55,T2,balanced,45904.03,1
866,2024-05-09 00:00:00,social,26-35,T1,cautious,25942.85,1
867,2024-10-08 00:00:00,bank_partner,26-35,T1,aggressive,7520.7,1
868,2024-12-31 00:00:00,bank_partner,36-45,T2,cautious,34641.28,1
869,2024-03-23 00:00:00,paid_search,36-45,T3+,cautious,11537.91,1
870,2024-05-14 00:00:00,paid_search,18-25,T3+,balanced,2793.71,0
871,2024-07-15 00:00:00,social,36-45,T3+,cautious,3846.12,1
872,2024-09-15 00:00:00,bank_partner,36-45,T3+,aggressive,4151.24,1
873,2024-10-26 00:00:00,referral,26-35,T1,aggressive,1295.86,0
874,2024-11-21 00:00:00,organic,26-35,T3+,aggressive,9504.76,0
875,2024-11-01 00:00:00,paid_search,26-35,T3+,balanced,6746.24,1
876,2024-05-02 00:00:00,organic,36-45,T3+,aggressive,5370.69,0
877,2024-10-13 00:00:00,bank_partner,26-35,T3+,balanced,8505.18,1
878,2024-05-05 00:00:00,organic,46-55,T3+,cautious,23423.25,0
879,2024-05-18 00:00:00,bank_partner,26-35,T3+,balanced,25088.14,1
880,2024-04-11 00:00:00,organic,26-35,T3+,cautious,5588.76,0
881,2024-07-28 00:00:00,paid_search,36-45,T1,cautious,7110.19,1
882,2024-10-06 00:00:00,organic,26-35,T1,aggressive,5003.94,1
883,2024-02-03 00:00:00,paid_search,36-45,T3+,aggressive,14463.17,1
884,2024-09-28 00:00:00,referral,18-25,T1,balanced,14283.39,1
885,2024-03-02 00:00:00,organic,56+,T3+,balanced,31199.19,0
886,2024-05-19 00:00:00,social,26-35,T3+,aggressive,4123.57,0
887,2024-12-26 00:00:00,organic,26-35,T1,cautious,17137.45,1
888,2024-04-18 00:00:00,social,46-55,T2,cautious,5666.47,1
889,2024-09-01 00:00:00,social,26-35,T3+,aggressive,9383.04,1
890,2024-05-12 00:00:00,bank_partner,36-45,T3+,cautious,22280.7,0
891,2024-08-12 00:00:00,organic,36-45,T3+,aggressive,2236.18,1
892,2024-02-24 00:00:00,paid_search,36-45,T1,cautious,43106.26,0
893,2024-09-27 00:00:00,referral,36-45,T2,balanced,2447.84,0
894,2024-03-08 00:00:00,paid_search,18-25,T3+,balanced,1961.04,1
895,2024-02-11 00:00:00,organic,26-35,T2,balanced,5894.86,1
896,2024-11-17 00:00:00,social,46-55,T2,aggressive,22569.48,0
897,2024-12-28 00:00:00,organic,36-45,T2,balanced,24400.26,0
898,2024-05-03 00:00:00,social,56+,T1,balanced,5536.59,1
899,2024-10-22 00:00:00,organic,36-45,T3+,cautious,8542.75,1
900,2024-12-05 00:00:00,referral,26-35,T2,aggressive,703.93,1
901,2024-12-21 00:00:00,social,26-35,T3+,balanced,12538.48,1
902,2024-04-13 00:00:00,social,26-35,T1,cautious,26779.09,1
903,2024-10-04 00:00:00,paid_search,26-35,T3+,cautious,29676.79,0
904,2024-01-31 00:00:00,paid_search,18-25,T3+,balanced,3271.82,1
905,2024-08-28 00:00:00,paid_search,26-35,T3+,balanced,14130.77,1
906,2024-09-21 00:00:00,referral,18-25,T2,balanced,19719.9,1
907,2024-04-07 00:00:00,paid_search,36-45,T1,balanced,872.97,1
908,2024-06-24 00:00:00,organic,26-35,T2,balanced,10453.38,1
909,2024-02-18 00:00:00,social,26-35,T1,aggressive,20241.93,1
910,2024-04-14 00:00:00,paid_search,26-35,T1,balanced,1428.98,1
911,2024-08-25 00:00:00,referral,36-45,T1,aggressive,11572.15,1
912,2024-09-23 00:00:00,bank_partner,26-35,T2,cautious,21993.32,1
913,2024-02-06 00:00:00,organic,36-45,T1,balanced,11595.59,0
914,2024-01-27 00:00:00,social,36-45,T2,cautious,66333.1,1
915,2024-09-09 00:00:00,referral,26-35,T3+,cautious,15229.4,1
916,2024-10-20 00:00:00,organic,26-35,T2,aggressive,15765.57,0
917,2024-04-10 00:00:00,organic,36-45,T2,aggressive,4029.73,1
918,2024-10-08 00:00:00,social,18-25,T1,balanced,9480.08,0
919,2024-03-14 00:00:00,paid_search,36-45,T1,balanced,11010.33,1
920,2024-05-17 00:00:00,organic,26-35,T2,cautious,4969.72,0
921,2024-12-19 00:00:00,paid_search,36-45,T2,cautious,15144.12,1
922,2024-10-06 00:00:00,referral,26-35,T2,aggressive,2830.35,1
923,2024-02-29 00:00:00,organic,18-25,T3+,cautious,1332.12,1
924,2024-07-05 00:00:00,referral,26-35,T1,cautious,640.41,1
925,2024-05-28 00:00:00,organic,26-35,T1,balanced,9430.89,1
926,2024-03-11 00:00:00,bank_partner,26-35,T3+,cautious,5363.53,0
927,2024-04-20 00:00:00,paid_search,18-25,T3+,aggressive,10657.53,1
928,2024-10-12 00:00:00,organic,56+,T3+,cautious,9956.07,0
929,2024-03-30 00:00:00,organic,46-55,T1,cautious,2157.55,1
930,2024-10-18 00:00:00,social,26-35,T1,cautious,8165.0,1
931,2024-03-20 00:00:00,referral,26-35,T2,cautious,5327.93,0
932,2024-04-21 00:00:00,bank_partner,26-35,T3+,aggressive,35358.28,0
933,2024-05-18 00:00:00,bank_partner,18-25,T3+,cautious,8249.81,0
934,2024-09-01 00:00:00,organic,56+,T1,aggressive,22892.19,1
935,2024-03-12 00:00:00,organic,36-45,T1,balanced,7441.22,1
936,2024-06-14 00:00:00,bank_partner,26-35,T2,cautious,1302.92,0
937,2024-05-31 00:00:00,social,26-35,T2,aggressive,9403.34,1
938,2024-08-01 00:00:00,paid_search,36-45,T1,balanced,14129.17,1
939,2024-09-04 00:00:00,paid_search,36-45,T3+,cautious,34489.1,1
940,2024-12-27 00:00:00,organic,36-45,T1,balanced,9775.99,1
941,2024-05-19 00:00:00,referral,26-35,T2,balanced,4163.85,1
942,2024-10-26 00:00:00,referral,46-55,T3+,cautious,52043.11,1
943,2024-01-10 00:00:00,paid_search,26-35,T1,cautious,37084.84,1
944,2024-11-28 00:00:00,organic,46-55,T1,cautious,6183.56,1
945,2024-01-05 00:00:00,organic,26-35,T3+,cautious,4341.25,0
946,2024-08-17 00:00:00,organic,36-45,T3+,cautious,1706.57,1
947,2024-11-05 00:00:00,organic,36-45,T2,aggressive,3095.77,1
948,2024-11-21 00:00:00,bank_partner,56+,T1,aggressive,22232.16,0
949,2024-07-15 00:00:00,social,26-35,T2,balanced,8507.99,1
950,2024-04-16 00:00:00,organic,36-45,T1,balanced,12838.87,1
951,2024-08-02 00:00:00,organic,26-35,T1,balanced,12346.46,0
952,2024-10-28 00:00:00,referral,36-45,T1,balanced,1272.53,1
953,2024-06-13 00:00:00,organic,26-35,T2,balanced,15543.56,0
954,2024-08-27 00:00:00,organic,26-35,T3+,aggressive,7155.9,1
955,2024-10-07 00:00:00,organic,18-25,T1,cautious,2336.92,1
956,2024-08-10 00:00:00,social,18-25,T2,balanced,3719.38,1
957,2024-10-31 00:00:00,referral,36-45,T2,balanced,98068.51,1
958,2024-05-30 00:00:00,paid_search,26-35,T2,cautious,13498.97,1
959,2024-04-04 00:00:00,organic,26-35,T1,cautious,5201.89,1
960,2024-04-10 00:00:00,social,18-25,T1,balanced,3816.31,1
961,2024-12-11 00:00:00,social,18-25,T2,balanced,10173.77,0
962,2024-09-17 00:00:00,paid_search,26-35,T3+,balanced,9761.4,0
963,2024-06-03 00:00:00,paid_search,36-45,T1,cautious,11020.59,1
964,2024-10-20 00:00:00,referral,36-45,T1,balanced,21646.97,1
965,2024-04-30 00:00:00,social,26-35,T3+,balanced,7256.73,0
966,2024-03-20 00:00:00,social,36-45,T1,cautious,15699.54,1
967,2024-11-24 00:00:00,social,26-35,T2,balanced,905.75,1
968,2024-02-03 00:00:00,bank_partner,46-55,T2,aggressive,93829.67,1
969,2024-08-04 00:00:00,organic,18-25,T2,balanced,5480.17,0
970,2024-08-25 00:00:00,bank_partner,46-55,T2,balanced,3729.29,1
971,2024-09-01 00:00:00,paid_search,56+,T2,balanced,15493.73,1
972,2024-01-19 00:00:00,bank_partner,36-45,T1,cautious,20441.64,1
973,2024-05-28 00:00:00,social,26-35,T1,aggressive,14613.3,1
974,2024-09-19 00:00:00,organic,26-35,T2,aggressive,3205.41,0
975,2024-02-23 00:00:00,social,36-45,T1,cautious,3969.59,1
976,2024-08-29 00:00:00,paid_search,36-45,T3+,cautious,9140.25,1
977,2024-05-03 00:00:00,paid_search,18-25,T1,cautious,3226.56,0
978,2024-03-13 00:00:00,paid_search,26-35,T2,balanced,2983.59,1
979,2024-09-29 00:00:00,referral,18-25,T2,cautious,2391.74,0
980,2024-11-15 00:00:00,paid_search,36-45,T1,cautious,1074.33,0
981,2024-02-05 00:00:00,paid_search,36-45,T3+,aggressive,10999.75,1
982,2024-08-09 00:00:00,organic,36-45,T3+,cautious,9700.51,1
983,2024-01-23 00:00:00,organic,26-35,T1,balanced,23679.75,1
984,2024-06-03 00:00:00,organic,46-55,T3+,balanced,11914.25,1
985,2024-06-16 00:00:00,organic,26-35,T1,aggressive,638.92,1
986,2024-11-27 00:00:00,bank_partner,46-55,T3+,cautious,20769.51,1
987,2024-07-10 00:00:00,paid_search,26-35,T1,cautious,27418.72,1
988,2024-05-03 00:00:00,organic,26-35,T3+,balanced,9780.68,0
989,2024-03-01 00:00:00,social,46-55,T1,cautious,184356.46,0
990,2024-10-13 00:00:00,social,36-45,T1,balanced,1334.5,1
991,2024-07-05 00:00:00,social,26-35,T3+,balanced,18221.53,1
992,2024-09-15 00:00:00,social,56+,T3+,aggressive,7028.07,1
993,2024-05-11 00:00:00,referral,18-25,T3+,balanced,3956.17,0
994,2024-01-17 00:00:00,paid_search,56+,T1,cautious,16946.62,1
995,2024-05-15 00:00:00,paid_search,46-55,T3+,cautious,3091.06,1
996,2024-08-15 00:00:00,referral,26-35,T2,aggressive,70375.5,1
997,2024-07-24 00:00:00,bank_partner,26-35,T2,balanced,8078.89,1
998,2024-10-14 00:00:00,organic,26-35,T3+,cautious,3424.03,1
999,2024-02-21 00:00:00,paid_search,26-35,T3+,cautious,6275.08,0
1000,2024-06-29 00:00:00,referral,46-55,T1,aggressive,4549.16,1
1001,2024-12-02 00:00:00,bank_partner,18-25,T3+,cautious,24179.14,1
1002,2024-11-07 00:00:00,social,36-45,T2,balanced,5393.52,1
1003,2024-04-03 00:00:00,organic,18-25,T2,aggressive,6579.92,1
1004,2024-02-09 00:00:00,social,26-35,T3+,aggressive,2286.83,1
1005,2024-01-31 00:00:00,organic,36-45,T2,cautious,4107.54,1
1006,2024-10-09 00:00:00,social,36-45,T2,cautious,12796.28,0
1007,2024-05-03 00:00:00,organic,56+,T3+,aggressive,46705.92,0
1008,2024-02-11 00:00:00,paid_search,36-45,T2,aggressive,6365.05,1
1009,2024-06-15 00:00:00,bank_partner,56+,T1,cautious,16515.75,0
1010,2024-10-24 00:00:00,organic,46-55,T3+,cautious,44773.36,0
1011,2024-06-11 00:00:00,organic,46-55,T1,cautious,5607.99,1
1012,2024-10-16 00:00:00,social,56+,T1,cautious,7706.6,1
1013,2024-02-29 00:00:00,organic,26-35,T1,aggressive,3052.27,1
1014,2024-09-18 00:00:00,bank_partner,26-35,T2,aggressive,9054.33,0
1015,2024-09-08 00:00:00,social,26-35,T2,cautious,1604.08,0
1016,2024-12-18 00:00:00,referral,26-35,T2,cautious,32100.86,1
1017,2024-05-22 00:00:00,organic,36-45,T2,balanced,14331.14,1
1018,2024-07-07 00:00:00,paid_search,36-45,T2,balanced,8978.66,0
1019,2024-01-23 00:00:00,organic,36-45,T1,balanced,26185.44,0
1020,2024-05-31 00:00:00,paid_search,56+,T3+,aggressive,14996.71,0
1021,2024-12-21 00:00:00,organic,18-25,T1,cautious,3147.08,1
1022,2024-07-31 00:00:00,social,18-25,T2,cautious,28575.69,1
1023,2024-11-16 00:00:00,bank_partner,36-45,T2,balanced,11003.52,1
1024,2024-04-25 00:00:00,social,18-25,T2,balanced,26490.76,1
1025,2024-08-12 00:00:00,social,36-45,T1,cautious,10841.01,1
1026,2024-11-07 00:00:00,bank_partner,26-35,T2,cautious,7676.73,1
1027,2024-08-25 00:00:00,organic,18-25,T3+,balanced,4497.43,1
1028,2024-07-27 00:00:00,organic,18-25,T3+,balanced,11298.96,1
1029,2024-08-24 00:00:00,paid_search,18-25,T2,balanced,5108.88,1
1030,2024-02-08 00:00:00,social,26-35,T2,balanced,7423.48,0
1031,2024-07-28 00:00:00,social,26-35,T3+,aggressive,113336.77,1
1032,2024-07-13 00:00:00,organic,56+,T2,balanced,4479.34,0
1033,2024-01-26 00:00:00,referral,36-45,T2,balanced,15243.37,1
1034,2024-01-27 00:00:00,referral,36-45,T3+,balanced,17299.31,1
1035,2024-10-09 00:00:00,paid_search,56+,T2,balanced,14237.43,0
1036,2024-07-26 00:00:00,paid_search,26-35,T2,balanced,57878.58,0
1037,2024-05-05 00:00:00,bank_partner,26-35,T3+,cautious,1094.33,1
1038,2024-08-18 00:00:00,bank_partner,18-25,T3+,balanced,8433.34,1
1039,2024-08-20 00:00:00,paid_search,26-35,T1,cautious,29926.14,1
1040,2024-10-11 00:00:00,social,36-45,T3+,balanced,5319.04,0
1041,2024-07-30 00:00:00,organic,36-45,T3+,cautious,9025.4,1
1042,2024-10-14 00:00:00,social,36-45,T2,aggressive,57876.08,0
1043,2024-07-16 00:00:00,organic,26-35,T1,cautious,1537.9,0
1044,2024-12-21 00:00:00,organic,26-35,T1,aggressive,23412.84,1
1045,2024-02-20 00:00:00,bank_partner,26-35,T2,cautious,2249.37,0
1046,2024-12-04 00:00:00,paid_search,46-55,T1,balanced,5899.16,1
1047,2024-10-14 00:00:00,paid_search,36-45,T1,balanced,10859.15,1
1048,2024-02-11 00:00:00,paid_search,56+,T3+,balanced,19964.24,1
1049,2024-11-14 00:00:00,paid_search,18-25,T3+,balanced,72664.61,0
1050,2024-11-27 00:00:00,organic,26-35,T1,balanced,2766.73,0
1051,2024-11-22 00:00:00,social,26-35,T1,cautious,5492.28,1
1052,2024-02-18 00:00:00,organic,36-45,T3+,balanced,6919.5,1
1053,2024-11-03 00:00:00,social,26-35,T1,balanced,4916.1,1
1054,2024-04-13 00:00:00,organic,36-45,T2,aggressive,11723.95,1
1055,2024-06-22 00:00:00,referral,18-25,T2,cautious,2783.32,0
1056,2024-07-22 00:00:00,bank_partner,56+,T2,balanced,36760.64,1
1057,2024-03-03 00:00:00,referral,46-55,T3+,balanced,16089.59,0
1058,2024-03-04 00:00:00,paid_search,26-35,T2,cautious,11228.69,1
1059,2024-07-13 00:00:00,bank_partner,26-35,T1,cautious,25652.64,1
1060,2024-04-29 00:00:00,organic,46-55,T2,cautious,5760.34,1
1061,2024-02-15 00:00:00,organic,36-45,T1,cautious,5353.48,1
1062,2024-09-20 00:00:00,organic,18-25,T2,cautious,8232.82,1
1063,2024-05-11 00:00:00,organic,36-45,T3+,cautious,10047.77,1
1064,2024-04-13 00:00:00,social,36-45,T2,cautious,4283.19,1
1065,2024-01-05 00:00:00,bank_partner,26-35,T3+,aggressive,3946.98,1
1066,2024-09-26 00:00:00,bank_partner,18-25,T1,balanced,2338.51,1
1067,2024-12-27 00:00:00,organic,18-25,T2,cautious,1347.39,1
1068,2024-03-01 00:00:00,paid_search,18-25,T1,cautious,3831.62,1
1069,2024-05-14 00:00:00,referral,46-55,T2,balanced,12142.62,1
1070,2024-01-18 00:00:00,organic,46-55,T1,cautious,10112.03,1
1071,2024-04-07 00:00:00,social,26-35,T1,balanced,3612.69,0
1072,2024-05-26 00:00:00,bank_partner,26-35,T2,aggressive,28454.55,1
1073,2024-05-01 00:00:00,organic,18-25,T3+,aggressive,882.47,0
1074,2024-04-15 00:00:00,social,26-35,T3+,balanced,846.73,1
1075,2024-03-01 00:00:00,bank_partner,26-35,T1,cautious,23856.57,1
1076,2024-11-16 00:00:00,organic,36-45,T1,cautious,55590.35,1
1077,2024-07-01 00:00:00,paid_search,36-45,T3+,aggressive,6407.13,0
1078,2024-03-23 00:00:00,social,18-25,T2,cautious,3863.78,1
1079,2024-07-11 00:00:00,bank_partner,36-45,T1,cautious,11796.04,1
1080,2024-02-19 00:00:00,paid_search,18-25,T1,cautious,4739.88,1
1081,2024-08-16 00:00:00,organic,26-35,T2,balanced,10559.64,1
1082,2024-08-28 00:00:00,organic,36-45,T3+,balanced,12801.31,0
1083,2024-10-16 00:00:00,organic,36-45,T1,balanced,14601.43,1
1084,2024-05-02 00:00:00,paid_search,56+,T3+,cautious,14042.34,1
1085,2024-01-16 00:00:00,social,18-25,T2,aggressive,10363.74,0
1086,2024-02-23 00:00:00,organic,26-35,T2,cautious,6804.61,1
1087,2024-12-27 00:00:00,bank_partner,26-35,T2,cautious,16812.21,1
1088,2024-03-21 00:00:00,bank_partner,46-55,T2,balanced,18391.58,0
1089,2024-09-04 00:00:00,paid_search,46-55,T2,balanced,79811.43,0
1090,2024-11-20 00:00:00,social,26-35,T2,balanced,16926.46,1
1091,2024-06-05 00:00:00,paid_search,36-45,T3+,aggressive,4699.25,0
1092,2024-09-16 00:00:00,paid_search,18-25,T3+,aggressive,7349.22,0
1093,2024-12-07 00:00:00,social,56+,T2,aggressive,8890.83,0
1094,2024-10-01 00:00:00,bank_partner,18-25,T1,balanced,34136.85,1
1095,2024-04-15 00:00:00,referral,26-35,T3+,cautious,17903.77,1
1096,2024-08-27 00:00:00,referral,26-35,T2,balanced,10618.08,1
1097,2024-04-25 00:00:00,organic,56+,T2,cautious,15771.69,1
1098,2024-03-15 00:00:00,organic,26-35,T3+,balanced,5402.56,1
1099,2024-06-20 00:00:00,organic,36-45,T3+,balanced,5100.85,0
1100,2024-03-15 00:00:00,organic,26-35,T3+,cautious,10880.49,1
1101,2024-04-16 00:00:00,social,26-35,T1,balanced,1147.24,1
1102,2024-08-11 00:00:00,paid_search,26-35,T3+,cautious,6157.21,1
1103,2024-01-19 00:00:00,bank_partner,36-45,T3+,cautious,7076.8,0
1104,2024-09-05 00:00:00,paid_search,26-35,T3+,cautious,8901.37,1
1105,2024-04-25 00:00:00,referral,18-25,T3+,balanced,8754.54,1
1106,2024-09-28 00:00:00,organic,18-25,T3+,balanced,44333.86,1
1107,2024-10-10 00:00:00,social,26-35,T2,balanced,3844.6,1
1108,2024-04-05 00:00:00,organic,46-55,T3+,balanced,39886.64,0
1109,2024-12-29 00:00:00,paid_search,46-55,T2,balanced,2278.68,0
1110,2024-06-19 00:00:00,social,26-35,T3+,balanced,9508.51,0
1111,2024-05-02 00:00:00,referral,56+,T1,aggressive,3997.86,1
1112,2024-09-28 00:00:00,paid_search,46-55,T2,cautious,8941.75,1
1113,2024-03-27 00:00:00,social,18-25,T2,balanced,25684.21,1
1114,2024-06-27 00:00:00,organic,18-25,T1,cautious,15263.51,0
1115,2024-10-01 00:00:00,referral,36-45,T3+,cautious,1461.77,1
1116,2024-02-15 00:00:00,bank_partner,46-55,T3+,balanced,43022.44,1
1117,2024-08-28 00:00:00,social,26-35,T3+,balanced,7572.25,1
1118,2024-05-01 00:00:00,paid_search,26-35,T1,balanced,17532.91,1
1119,2024-10-06 00:00:00,organic,18-25,T2,aggressive,14132.9,0
1120,2024-09-17 00:00:00,organic,26-35,T3+,cautious,4809.04,1
1121,2024-05-07 00:00:00,paid_search,26-35,T2,balanced,9186.96,1
1122,2024-12-13 00:00:00,paid_search,56+,T3+,cautious,154096.83,0
1123,2024-12-22 00:00:00,organic,18-25,T2,cautious,3491.67,0
1124,2024-11-21 00:00:00,bank_partner,26-35,T2,balanced,10131.53,1
1125,2024-01-20 00:00:00,organic,56+,T3+,cautious,25942.81,1
1126,2024-03-16 00:00:00,referral,36-45,T3+,cautious,6963.76,1
1127,2024-02-20 00:00:00,social,56+,T2,cautious,30795.48,1
1128,2024-09-15 00:00:00,referral,36-45,T1,balanced,9318.95,1
1129,2024-10-07 00:00:00,bank_partner,26-35,T2,balanced,29824.98,1
1130,2024-03-03 00:00:00,organic,36-45,T2,aggressive,31325.83,1
1131,2024-01-05 00:00:00,referral,46-55,T3+,aggressive,31341.81,1
1132,2024-03-16 00:00:00,paid_search,26-35,T2,balanced,18267.39,1
1133,2024-07-14 00:00:00,social,46-55,T2,cautious,27117.96,0
1134,2024-02-29 00:00:00,social,36-45,T3+,balanced,13444.24,1
1135,2024-07-08 00:00:00,organic,36-45,T2,aggressive,37863.81,0
1136,2024-12-06 00:00:00,organic,26-35,T1,cautious,21698.51,1
1137,2024-11-28 00:00:00,social,46-55,T2,aggressive,350000.0,1
1138,2024-11-23 00:00:00,organic,36-45,T3+,balanced,4917.78,0
1139,2024-12-21 00:00:00,social,26-35,T2,aggressive,14114.25,1
1140,2024-12-28 00:00:00,organic,36-45,T2,cautious,20488.25,1
1141,2024-01-14 00:00:00,paid_search,36-45,T2,cautious,5179.63,0
1142,2024-03-09 00:00:00,paid_search,18-25,T3+,cautious,6975.82,1
1143,2024-06-04 00:00:00,social,26-35,T3+,cautious,4004.07,0
1144,2024-06-17 00:00:00,referral,26-35,T3+,balanced,7306.07,1
1145,2024-07-13 00:00:00,referral,18-25,T3+,balanced,14640.42,1
1146,2024-07-23 00:00:00,social,26-35,T2,cautious,27200.35,0
1147,2024-10-09 00:00:00,social,26-35,T1,balanced,5730.36,1
1148,2024-06-23 00:00:00,paid_search,36-45,T2,balanced,113817.43,0
1149,2024-02-04 00:00:00,paid_search,36-45,T3+,aggressive,30513.32,0
1150,2024-03-23 00:00:00,paid_search,26-35,T3+,aggressive,22214.85,0
1151,2024-05-10 00:00:00,organic,36-45,T1,balanced,14062.32,1
1152,2024-10-17 00:00:00,social,26-35,T2,balanced,8046.61,0
1153,2024-06-20 00:00:00,organic,36-45,T3+,balanced,14858.04,1
1154,2024-06-21 00:00:00,organic,36-45,T1,balanced,33631.7,1
1155,2024-07-04 00:00:00,referral,36-45,T1,cautious,6855.14,1
1156,2024-11-10 00:00:00,social,46-55,T2,balanced,3425.1,1
1157,2024-09-24 00:00:00,organic,26-35,T2,balanced,21900.01,1
1158,2024-07-19 00:00:00,organic,26-35,T3+,aggressive,2590.14,1
1159,2024-10-28 00:00:00,social,26-35,T2,balanced,1160.29,0
1160,2024-10-25 00:00:00,paid_search,36-45,T1,balanced,26569.37,1
1161,2024-04-04 00:00:00,organic,26-35,T1,balanced,33824.91,1
1162,2024-12-08 00:00:00,bank_partner,26-35,T2,cautious,10134.9,1
1163,2024-10-23 00:00:00,bank_partner,18-25,T3+,cautious,15548.8,0
1164,2024-02-24 00:00:00,bank_partner,46-55,T2,cautious,19961.01,0
1165,2024-11-02 00:00:00,referral,56+,T3+,balanced,7558.78,0
1166,2024-02-09 00:00:00,paid_search,26-35,T3+,balanced,11291.44,1
1167,2024-05-03 00:00:00,social,46-55,T2,cautious,8286.15,1
1168,2024-08-27 00:00:00,organic,18-25,T3+,cautious,7897.77,0
1169,2024-02-19 00:00:00,social,18-25,T3+,cautious,5083.66,1
1170,2024-03-04 00:00:00,referral,36-45,T3+,cautious,4526.21,0
1171,2024-12-29 00:00:00,bank_partner,26-35,T2,aggressive,27065.01,0
1172,2024-02-20 00:00:00,referral,36-45,T3+,cautious,1281.67,1
1173,2024-03-29 00:00:00,referral,56+,T1,aggressive,2820.82,1
1174,2024-11-02 00:00:00,organic,56+,T1,cautious,1216.12,1
1175,2024-10-12 00:00:00,social,36-45,T3+,balanced,3325.8,1
1176,2024-10-11 00:00:00,social,26-35,T2,cautious,10929.08,1
1177,2024-08-11 00:00:00,social,18-25,T2,balanced,16460.35,0
1178,2024-10-24 00:00:00,organic,36-45,T2,cautious,6038.97,1
1179,2024-11-21 00:00:00,bank_partner,36-45,T2,aggressive,4996.32,1
1180,2024-04-06 00:00:00,organic,18-25,T3+,balanced,1502.39,0
1181,2024-01-08 00:00:00,organic,26-35,T1,cautious,16115.85,1
1182,2024-07-18 00:00:00,referral,56+,T1,cautious,8311.5,1
1183,2024-04-03 00:00:00,organic,36-45,T2,balanced,11085.14,1
1184,2024-03-13 00:00:00,paid_search,36-45,T2,cautious,4534.42,1
1185,2024-03-07 00:00:00,referral,36-45,T3+,balanced,4678.95,1
1186,2024-10-15 00:00:00,organic,36-45,T1,balanced,17837.4,1
1187,2024-10-13 00:00:00,organic,46-55,T3+,cautious,2077.99,0
1188,2024-08-23 00:00:00,social,18-25,T1,balanced,26221.65,0
1189,2024-10-01 00:00:00,paid_search,56+,T3+,aggressive,61722.75,1
1190,2024-09-29 00:00:00,paid_search,26-35,T1,cautious,16141.83,0
1191,2024-05-08 00:00:00,social,26-35,T3+,cautious,1698.39,0
1192,2024-07-05 00:00:00,referral,18-25,T1,aggressive,5456.39,1
1193,2024-03-20 00:00:00,referral,36-45,T2,balanced,4109.81,1
1194,2024-04-17 00:00:00,social,26-35,T3+,cautious,6801.19,0
1195,2024-03-28 00:00:00,bank_partner,36-45,T1,balanced,40069.8,0
1196,2024-10-07 00:00:00,paid_search,36-45,T1,balanced,3471.05,1
1197,2024-02-03 00:00:00,paid_search,36-45,T3+,aggressive,11532.93,0
1198,2024-01-17 00:00:00,paid_search,26-35,T3+,balanced,5772.4,0
1199,2024-12-03 00:00:00,bank_partner,26-35,T3+,cautious,15622.5,1
1200,2024-04-17 00:00:00,paid_search,26-35,T2,aggressive,4088.09,1
1201,2024-05-01 00:00:00,organic,46-55,T2,balanced,4358.86,1
1202,2024-02-22 00:00:00,bank_partner,36-45,T2,aggressive,3025.17,1
1203,2024-12-11 00:00:00,bank_partner,26-35,T3+,balanced,15349.93,1
1204,2024-10-04 00:00:00,paid_search,26-35,T2,balanced,38291.89,1
1205,2024-10-05 00:00:00,organic,56+,T1,balanced,29919.95,0
1206,2024-08-07 00:00:00,paid_search,26-35,T1,balanced,2967.54,0
1207,2024-10-30 00:00:00,paid_search,46-55,T1,aggressive,29675.98,1
1208,2024-12-03 00:00:00,organic,26-35,T3+,cautious,9095.07,1
1209,2024-12-11 00:00:00,organic,36-45,T1,cautious,4802.12,1
1210,2024-03-25 00:00:00,organic,26-35,T3+,cautious,67733.14,1
1211,2024-06-29 00:00:00,social,18-25,T1,balanced,11156.53,1
1212,2024-07-05 00:00:00,bank_partner,46-55,T3+,cautious,29016.97,0
1213,2024-11-17 00:00:00,organic,46-55,T3+,cautious,3837.3,0
1214,2024-04-03 00:00:00,organic,36-45,T1,balanced,3214.52,1
1215,2024-10-26 00:00:00,bank_partner,26-35,T3+,aggressive,6348.12,1
1216,2024-06-08 00:00:00,bank_partner,26-35,T1,cautious,11665.5,1
1217,2024-04-18 00:00:00,bank_partner,18-25,T1,balanced,2864.66,0
1218,2024-02-09 00:00:00,bank_partner,26-35,T3+,balanced,109827.97,0
1219,2024-12-24 00:00:00,referral,46-55,T3+,cautious,6703.62,1
1220,2024-08-20 00:00:00,paid_search,36-45,T1,cautious,10131.73,1
1221,2024-05-10 00:00:00,bank_partner,26-35,T2,balanced,3799.99,1
1222,2024-03-21 00:00:00,social,18-25,T1,cautious,4473.48,1
1223,2024-11-27 00:00:00,bank_partner,36-45,T2,balanced,18954.26,1
1224,2024-05-07 00:00:00,paid_search,36-45,T2,balanced,16280.55,0
1225,2024-08-06 00:00:00,organic,26-35,T2,balanced,3662.49,1
1226,2024-04-02 00:00:00,organic,26-35,T2,balanced,2348.56,1
1227,2024-10-15 00:00:00,organic,46-55,T2,cautious,10251.86,1
1228,2024-01-06 00:00:00,paid_search,36-45,T2,cautious,3592.94,1
1229,2024-07-01 00:00:00,organic,36-45,T3+,aggressive,47800.1,0
1230,2024-11-30 00:00:00,paid_search,26-35,T3+,balanced,22393.77,1
1231,2024-12-08 00:00:00,social,36-45,T3+,cautious,10857.18,0
1232,2024-03-26 00:00:00,organic,26-35,T1,cautious,29826.14,0
1233,2024-02-21 00:00:00,bank_partner,18-25,T2,cautious,8225.16,0
1234,2024-01-02 00:00:00,referral,26-35,T2,balanced,23376.56,1
1235,2024-08-18 00:00:00,organic,36-45,T3+,balanced,28400.62,1
1236,2024-03-05 00:00:00,social,26-35,T3+,balanced,45847.33,1
1237,2024-08-03 00:00:00,social,56+,T1,balanced,46931.5,0
1238,2024-01-14 00:00:00,organic,46-55,T2,cautious,1684.61,1
1239,2024-03-25 00:00:00,organic,18-25,T1,cautious,5916.24,0
1240,2024-07-01 00:00:00,social,36-45,T2,cautious,11236.23,1
1241,2024-06-15 00:00:00,referral,26-35,T1,balanced,1027.9,1
1242,2024-11-30 00:00:00,organic,26-35,T3+,cautious,7538.97,1
1243,2024-04-06 00:00:00,social,46-55,T2,balanced,52750.6,0
1244,2024-11-30 00:00:00,referral,46-55,T2,cautious,10825.14,0
1245,2024-12-25 00:00:00,organic,18-25,T1,cautious,8842.54,1
1246,2024-11-12 00:00:00,paid_search,18-25,T3+,cautious,36976.29,1
1247,2024-12-17 00:00:00,paid_search,56+,T3+,cautious,6407.46,0
1248,2024-03-16 00:00:00,organic,26-35,T3+,balanced,8244.79,1
1249,2024-02-21 00:00:00,social,46-55,T3+,balanced,1663.34,1
1250,2024-11-24 00:00:00,paid_search,36-45,T3+,balanced,25799.57,1
1251,2024-02-09 00:00:00,paid_search,26-35,T1,balanced,14604.35,0
1252,2024-07-28 00:00:00,paid_search,26-35,T1,balanced,19514.0,1
1253,2024-03-13 00:00:00,organic,36-45,T3+,cautious,12658.1,1
1254,2024-01-04 00:00:00,organic,36-45,T1,balanced,1834.57,1
1255,2024-12-04 00:00:00,paid_search,18-25,T3+,balanced,5385.3,0
1256,2024-11-09 00:00:00,organic,36-45,T1,balanced,2059.47,1
1257,2024-11-09 00:00:00,paid_search,36-45,T1,balanced,8061.22,1
1258,2024-06-16 00:00:00,bank_partner,18-25,T2,balanced,11402.35,0
1259,2024-03-06 00:00:00,bank_partner,26-35,T3+,cautious,12788.53,1
1260,2024-08-23 00:00:00,bank_partner,18-25,T2,aggressive,2350.62,1
1261,2024-10-30 00:00:00,bank_partner,18-25,T3+,balanced,3683.23,1
1262,2024-09-22 00:00:00,paid_search,26-35,T3+,aggressive,1180.74,1
1263,2024-09-09 00:00:00,paid_search,26-35,T1,balanced,47756.28,0
1264,2024-09-30 00:00:00,social,18-25,T2,aggressive,5451.64,0
1265,2024-01-28 00:00:00,organic,36-45,T3+,cautious,26646.36,1
1266,2024-05-13 00:00:00,organic,36-45,T2,balanced,10572.64,1
1267,2024-05-01 00:00:00,referral,26-35,T2,balanced,24719.69,1
1268,2024-02-13 00:00:00,organic,36-45,T2,cautious,30997.15,1
1269,2024-04-05 00:00:00,social,26-35,T2,balanced,18643.92,0
1270,2024-04-10 00:00:00,bank_partner,36-45,T3+,aggressive,78853.48,1
1271,2024-02-26 00:00:00,social,36-45,T1,balanced,28414.59,0
1272,2024-01-06 00:00:00,paid_search,36-45,T2,cautious,15168.34,1
1273,2024-08-15 00:00:00,paid_search,36-45,T1,balanced,50606.34,1
1274,2024-05-16 00:00:00,paid_search,56+,T2,cautious,60782.96,1
1275,2024-03-16 00:00:00,referral,56+,T2,cautious,3470.69,1
1276,2024-09-01 00:00:00,organic,26-35,T3+,cautious,3750.92,1
1277,2024-01-07 00:00:00,organic,36-45,T3+,balanced,6739.97,1
1278,2024-05-27 00:00:00,bank_partner,36-45,T3+,aggressive,6529.99,0
1279,2024-04-10 00:00:00,organic,36-45,T2,cautious,36424.1,0
1280,2024-05-23 00:00:00,social,18-25,T3+,cautious,9395.16,1
1281,2024-03-28 00:00:00,paid_search,18-25,T3+,cautious,6632.41,1
1282,2024-05-13 00:00:00,social,26-35,T1,aggressive,14538.27,1
1283,2024-09-06 00:00:00,paid_search,46-55,T1,aggressive,6621.69,1
1284,2024-08-14 00:00:00,bank_partner,56+,T3+,balanced,13229.63,1
1285,2024-12-16 00:00:00,paid_search,36-45,T1,balanced,3220.13,1
1286,2024-11-10 00:00:00,social,36-45,T1,cautious,13162.61,1
1287,2024-01-14 00:00:00,referral,46-55,T3+,cautious,11875.16,1
1288,2024-10-17 00:00:00,referral,56+,T2,aggressive,11388.55,1
1289,2024-11-02 00:00:00,social,46-55,T3+,cautious,6965.99,1
1290,2024-02-17 00:00:00,social,56+,T1,cautious,4556.18,1
1291,2024-04-06 00:00:00,referral,26-35,T2,aggressive,4925.08,1
1292,2024-03-20 00:00:00,paid_search,56+,T3+,cautious,14374.36,0
1293,2024-11-07 00:00:00,organic,36-45,T2,balanced,1789.65,1
1294,2024-01-03 00:00:00,organic,26-35,T1,cautious,3471.28,1
1295,2024-01-28 00:00:00,organic,26-35,T1,cautious,18668.9,1
1296,2024-09-06 00:00:00,organic,36-45,T3+,cautious,20187.22,1
1297,2024-09-16 00:00:00,organic,36-45,T1,cautious,31974.92,1
1298,2024-07-30 00:00:00,organic,46-55,T3+,balanced,51468.0,1
1299,2024-01-09 00:00:00,organic,56+,T2,cautious,10258.02,0
1300,2024-11-12 00:00:00,paid_search,18-25,T3+,cautious,6623.45,0
1301,2024-07-15 00:00:00,paid_search,26-35,T1,balanced,4631.21,1
1302,2024-12-30 00:00:00,referral,36-45,T2,balanced,7374.17,1
1303,2024-05-08 00:00:00,organic,18-25,T2,cautious,6841.46,1
1304,2024-08-17 00:00:00,social,26-35,T1,balanced,2340.47,1
1305,2024-02-28 00:00:00,referral,36-45,T2,balanced,7321.66,1
1306,2024-05-26 00:00:00,bank_partner,36-45,T1,cautious,8939.61,1
1307,2024-09-25 00:00:00,social,56+,T1,balanced,9333.4,1
1308,2024-01-19 00:00:00,organic,46-55,T2,cautious,8342.92,1
1309,2024-10-31 00:00:00,referral,18-25,T1,balanced,3063.26,1
1310,2024-02-06 00:00:00,bank_partner,36-45,T3+,balanced,58458.88,1
1311,2024-09-21 00:00:00,paid_search,46-55,T2,balanced,8421.42,1
1312,2024-02-22 00:00:00,paid_search,18-25,T3+,balanced,2005.05,0
1313,2024-07-20 00:00:00,social,26-35,T2,balanced,2740.42,1
1314,2024-01-28 00:00:00,paid_search,26-35,T2,cautious,9391.06,1
1315,2024-09-04 00:00:00,bank_partner,36-45,T3+,aggressive,1140.01,1
1316,2024-05-21 00:00:00,referral,46-55,T3+,balanced,30566.72,1
1317,2024-05-04 00:00:00,paid_search,26-35,T2,balanced,10946.46,1
1318,2024-04-17 00:00:00,social,36-45,T1,aggressive,2403.08,1
1319,2024-04-27 00:00:00,social,18-25,T2,balanced,5910.49,1
1320,2024-06-16 00:00:00,bank_partner,36-45,T3+,balanced,30758.94,1
1321,2024-01-27 00:00:00,social,46-55,T1,balanced,1302.88,1
1322,2024-10-27 00:00:00,paid_search,26-35,T1,cautious,2096.67,1
1323,2024-06-05 00:00:00,paid_search,26-35,T3+,cautious,10067.91,1
1324,2024-07-22 00:00:00,bank_partner,26-35,T1,balanced,29294.75,1
1325,2024-01-20 00:00:00,social,26-35,T3+,balanced,9936.71,1
1326,2024-11-08 00:00:00,organic,46-55,T1,balanced,30649.89,1
1327,2024-11-16 00:00:00,referral,26-35,T2,aggressive,1059.61,0
1328,2024-12-26 00:00:00,social,36-45,T2,balanced,30417.52,1
1329,2024-03-02 00:00:00,referral,46-55,T1,cautious,68076.26,0
1330,2024-09-25 00:00:00,organic,26-35,T2,balanced,3755.43,1
1331,2024-04-17 00:00:00,referral,26-35,T1,aggressive,12616.1,1
1332,2024-07-07 00:00:00,social,18-25,T2,cautious,18031.77,0
1333,2024-12-13 00:00:00,organic,36-45,T3+,cautious,2819.55,1
1334,2024-05-31 00:00:00,paid_search,36-45,T1,balanced,6958.66,1
1335,2024-10-26 00:00:00,social,46-55,T2,cautious,12835.39,1
1336,2024-06-05 00:00:00,social,36-45,T3+,cautious,16072.86,1
1337,2024-05-07 00:00:00,bank_partner,26-35,T3+,balanced,876.78,0
1338,2024-12-02 00:00:00,bank_partner,36-45,T2,cautious,9672.94,1
1339,2024-06-30 00:00:00,paid_search,18-25,T1,aggressive,9958.69,1
1340,2024-08-08 00:00:00,paid_search,26-35,T1,balanced,86416.21,1
1341,2024-04-24 00:00:00,bank_partner,26-35,T3+,aggressive,17006.7,0
1342,2024-07-01 00:00:00,bank_partner,26-35,T1,balanced,11920.24,1
1343,2024-10-08 00:00:00,social,26-35,T1,aggressive,5635.73,1
1344,2024-11-02 00:00:00,organic,18-25,T1,balanced,3030.72,1
1345,2024-02-09 00:00:00,paid_search,18-25,T2,balanced,2604.18,1
1346,2024-01-15 00:00:00,paid_search,46-55,T1,cautious,11737.65,1
1347,2024-03-04 00:00:00,organic,36-45,T3+,cautious,7229.07,1
1348,2024-07-06 00:00:00,organic,26-35,T2,balanced,4344.28,1
1349,2024-05-21 00:00:00,referral,26-35,T2,cautious,22333.92,0
1350,2024-10-15 00:00:00,organic,26-35,T1,cautious,2938.71,1
1351,2024-09-10 00:00:00,paid_search,26-35,T1,balanced,22668.08,1
1352,2024-12-02 00:00:00,organic,36-45,T1,balanced,2455.33,1
1353,2024-09-26 00:00:00,organic,18-25,T2,cautious,5621.46,1
1354,2024-09-27 00:00:00,referral,36-45,T3+,aggressive,6965.34,1
1355,2024-11-13 00:00:00,paid_search,36-45,T2,cautious,16901.2,1
1356,2024-05-03 00:00:00,referral,46-55,T2,cautious,5833.55,0
1357,2024-09-04 00:00:00,social,26-35,T2,cautious,31207.53,1
1358,2024-11-03 00:00:00,social,26-35,T1,balanced,6200.28,1
1359,2024-12-05 00:00:00,organic,26-35,T3+,cautious,7017.96,1
1360,2024-10-25 00:00:00,social,46-55,T3+,balanced,7725.24,1
1361,2024-08-18 00:00:00,bank_partner,46-55,T1,aggressive,3173.55,1
1362,2024-09-06 00:00:00,paid_search,18-25,T1,cautious,7763.77,0
1363,2024-06-22 00:00:00,organic,26-35,T2,balanced,6964.68,0
1364,2024-12-21 00:00:00,referral,46-55,T2,cautious,16720.6,1
1365,2024-06-10 00:00:00,social,26-35,T1,balanced,2484.42,0
1366,2024-06-28 00:00:00,referral,36-45,T3+,balanced,818.11,1
1367,2024-11-02 00:00:00,paid_search,46-55,T2,cautious,46329.74,1
1368,2024-02-17 00:00:00,organic,36-45,T1,balanced,6908.03,1
1369,2024-06-05 00:00:00,referral,26-35,T1,balanced,12390.96,1
1370,2024-04-29 00:00:00,paid_search,36-45,T3+,balanced,40397.45,0
1371,2024-10-07 00:00:00,organic,36-45,T2,balanced,22957.84,0
1372,2024-01-06 00:00:00,organic,26-35,T2,cautious,3849.26,1
1373,2024-09-29 00:00:00,organic,26-35,T2,aggressive,2203.84,0
1374,2024-03-28 00:00:00,paid_search,18-25,T2,cautious,20897.44,1
1375,2024-04-29 00:00:00,social,46-55,T3+,balanced,22193.22,1
1376,2024-09-19 00:00:00,organic,56+,T2,cautious,9512.51,1
1377,2024-07-09 00:00:00,social,36-45,T2,aggressive,2785.03,1
1378,2024-05-19 00:00:00,organic,36-45,T2,aggressive,3242.76,1
1379,2024-03-04 00:00:00,bank_partner,26-35,T1,cautious,40793.79,1
1380,2024-09-18 00:00:00,bank_partner,36-45,T1,balanced,3780.63,0
1381,2024-04-10 00:00:00,social,26-35,T1,balanced,21270.14,1
1382,2024-11-24 00:00:00,bank_partner,56+,T2,balanced,14815.64,1
1383,2024-10-27 00:00:00,referral,26-35,T1,cautious,8611.31,1
1384,2024-08-17 00:00:00,social,18-25,T3+,balanced,3889.69,1
1385,2024-12-01 00:00:00,organic,46-55,T3+,cautious,1939.73,1
1386,2024-10-14 00:00:00,paid_search,26-35,T2,aggressive,5829.89,1
1387,2024-03-23 00:00:00,organic,46-55,T3+,aggressive,2412.28,1
1388,2024-09-29 00:00:00,social,36-45,T3+,balanced,18860.39,1
1389,2024-07-04 00:00:00,organic,46-55,T2,cautious,16417.5,1
1390,2024-09-17 00:00:00,organic,46-55,T3+,balanced,2974.37,1
1391,2024-11-29 00:00:00,paid_search,36-45,T1,cautious,25911.84,1
1392,2024-02-14 00:00:00,paid_search,56+,T2,cautious,2455.95,0
1393,2024-04-22 00:00:00,bank_partner,36-45,T1,balanced,14855.13,1
1394,2024-08-08 00:00:00,organic,26-35,T3+,balanced,3412.43,1
1395,2024-08-23 00:00:00,paid_search,46-55,T3+,aggressive,5059.12,1
1396,2024-11-12 00:00:00,bank_partner,26-35,T1,balanced,16752.83,0
1397,2024-05-15 00:00:00,paid_search,46-55,T1,balanced,307484.48,1
1398,2024-11-10 00:00:00,paid_search,36-45,T2,aggressive,5583.3,1
1399,2024-02-24 00:00:00,organic,36-45,T1,balanced,10046.68,1
1400,2024-10-14 00:00:00,referral,36-45,T1,cautious,26691.18,1
1401,2024-12-24 00:00:00,social,46-55,T2,cautious,37368.92,0
1402,2024-11-12 00:00:00,social,26-35,T1,balanced,4219.15,0
1403,2024-09-01 00:00:00,social,18-25,T3+,aggressive,8265.47,1
1404,2024-09-10 00:00:00,social,26-35,T1,cautious,52012.38,0
1405,2024-01-19 00:00:00,bank_partner,26-35,T2,aggressive,6862.84,1
1406,2024-10-09 00:00:00,paid_search,26-35,T1,balanced,15473.45,0
1407,2024-08-01 00:00:00,organic,26-35,T1,aggressive,11880.61,1
1408,2024-12-03 00:00:00,organic,56+,T2,aggressive,38318.69,1
1409,2024-02-21 00:00:00,social,26-35,T2,cautious,6848.36,1
1410,2024-10-20 00:00:00,social,46-55,T1,cautious,19935.33,0
1411,2024-05-17 00:00:00,referral,56+,T2,cautious,25440.67,1
1412,2024-11-05 00:00:00,organic,36-45,T2,cautious,9295.77,1
1413,2024-07-26 00:00:00,paid_search,36-45,T3+,balanced,30918.36,1
1414,2024-08-04 00:00:00,social,46-55,T3+,balanced,10375.91,0
1415,2024-08-20 00:00:00,bank_partner,26-35,T3+,cautious,12007.39,1
1416,2024-07-04 00:00:00,organic,26-35,T1,cautious,16893.54,1
1417,2024-08-27 00:00:00,organic,56+,T3+,aggressive,8943.12,1
1418,2024-03-08 00:00:00,organic,56+,T3+,balanced,10419.51,1
1419,2024-11-23 00:00:00,paid_search,26-35,T2,aggressive,7009.71,1
1420,2024-05-17 00:00:00,paid_search,26-35,T3+,aggressive,2620.28,1
1421,2024-10-30 00:00:00,referral,26-35,T2,aggressive,4150.82,0
1422,2024-09-08 00:00:00,bank_partner,36-45,T3+,cautious,10166.05,1
1423,2024-10-12 00:00:00,organic,18-25,T2,cautious,10316.41,1
1424,2024-03-25 00:00:00,bank_partner,18-25,T2,aggressive,4176.87,0
1425,2024-10-19 00:00:00,social,46-55,T1,balanced,5244.76,1
1426,2024-01-11 00:00:00,paid_search,36-45,T3+,aggressive,33763.18,1
1427,2024-04-02 00:00:00,organic,36-45,T3+,balanced,15555.84,0
1428,2024-03-17 00:00:00,social,26-35,T3+,cautious,6547.96,1
1429,2024-09-03 00:00:00,organic,26-35,T2,aggressive,23201.63,1
1430,2024-04-29 00:00:00,paid_search,18-25,T1,balanced,4314.09,1
1431,2024-06-14 00:00:00,social,36-45,T1,balanced,2443.68,0
1432,2024-10-15 00:00:00,referral,26-35,T1,cautious,592.54,1
1433,2024-05-07 00:00:00,paid_search,46-55,T3+,balanced,12392.09,1
1434,2024-03-21 00:00:00,bank_partner,56+,T2,cautious,3910.27,1
1435,2024-12-17 00:00:00,organic,36-45,T2,cautious,10483.46,1
1436,2024-10-20 00:00:00,social,18-25,T1,cautious,2446.67,1
1437,2024-02-27 00:00:00,organic,26-35,T2,aggressive,3272.92,0
1438,2024-03-08 00:00:00,referral,46-55,T2,aggressive,7345.17,1
1439,2024-08-11 00:00:00,referral,46-55,T2,balanced,38501.15,0
1440,2024-06-10 00:00:00,social,46-55,T3+,balanced,39995.97,1
1441,2024-02-11 00:00:00,social,18-25,T3+,aggressive,13036.42,0
1442,2024-08-13 00:00:00,referral,46-55,T2,balanced,56770.78,1
1443,2024-01-06 00:00:00,paid_search,36-45,T1,cautious,608.56,1
1444,2024-11-09 00:00:00,social,18-25,T3+,balanced,3609.74,1
1445,2024-06-05 00:00:00,social,36-45,T2,cautious,3341.69,1
1446,2024-11-19 00:00:00,organic,36-45,T2,cautious,3286.59,1
1447,2024-04-24 00:00:00,referral,36-45,T2,balanced,1934.15,1
1448,2024-10-31 00:00:00,organic,36-45,T2,cautious,21057.63,1
1449,2024-03-09 00:00:00,referral,26-35,T3+,aggressive,5801.16,1
1450,2024-04-22 00:00:00,paid_search,26-35,T1,aggressive,16426.52,1
1451,2024-01-10 00:00:00,bank_partner,18-25,T2,cautious,2934.93,1
1452,2024-05-04 00:00:00,organic,36-45,T3+,balanced,32064.97,0
1453,2024-05-26 00:00:00,paid_search,26-35,T3+,cautious,12371.85,1
1454,2024-03-10 00:00:00,organic,26-35,T1,cautious,2198.76,1
1455,2024-09-19 00:00:00,paid_search,18-25,T1,cautious,1176.87,1
1456,2024-01-09 00:00:00,social,46-55,T2,balanced,10609.47,1
1457,2024-06-04 00:00:00,bank_partner,46-55,T3+,aggressive,9046.03,1
1458,2024-02-13 00:00:00,organic,36-45,T1,balanced,6355.4,1
1459,2024-08-23 00:00:00,organic,26-35,T2,cautious,1578.76,1
1460,2024-11-18 00:00:00,referral,46-55,T1,cautious,8556.75,1
1461,2024-09-16 00:00:00,organic,26-35,T2,balanced,1397.79,1
1462,2024-04-30 00:00:00,organic,56+,T3+,balanced,12757.4,0
1463,2024-09-17 00:00:00,referral,18-25,T3+,balanced,2545.16,1
1464,2024-03-23 00:00:00,paid_search,26-35,T3+,cautious,5436.16,1
1465,2024-06-24 00:00:00,organic,36-45,T1,cautious,9332.71,1
1466,2024-07-25 00:00:00,organic,26-35,T3+,cautious,12664.0,1
1467,2024-05-08 00:00:00,social,36-45,T3+,balanced,6977.55,1
1468,2024-03-05 00:00:00,organic,26-35,T3+,cautious,21888.4,1
1469,2024-04-05 00:00:00,organic,18-25,T2,cautious,2772.16,0
1470,2024-09-19 00:00:00,organic,26-35,T1,aggressive,12387.15,0
1471,2024-11-24 00:00:00,paid_search,36-45,T3+,cautious,5542.46,1
1472,2024-10-13 00:00:00,paid_search,18-25,T2,cautious,500.0,1
1473,2024-08-13 00:00:00,bank_partner,56+,T3+,balanced,19701.45,0
1474,2024-01-23 00:00:00,organic,46-55,T2,cautious,5138.28,1
1475,2024-07-19 00:00:00,bank_partner,26-35,T3+,balanced,4452.22,1
1476,2024-03-26 00:00:00,organic,18-25,T1,aggressive,29883.51,0
1477,2024-12-19 00:00:00,referral,36-45,T3+,cautious,63412.29,0
1478,2024-09-07 00:00:00,organic,56+,T3+,cautious,18855.43,1
1479,2024-06-04 00:00:00,organic,36-45,T3+,aggressive,13378.09,0
1480,2024-03-09 00:00:00,paid_search,36-45,T2,aggressive,5248.88,0
1481,2024-06-21 00:00:00,social,26-35,T2,aggressive,25615.43,1
1482,2024-06-30 00:00:00,bank_partner,36-45,T2,balanced,1342.43,1
1483,2024-07-29 00:00:00,paid_search,46-55,T3+,balanced,63082.66,1
1484,2024-10-21 00:00:00,organic,46-55,T3+,cautious,13438.56,1
1485,2024-08-02 00:00:00,paid_search,46-55,T2,cautious,6828.98,0
1486,2024-02-28 00:00:00,organic,46-55,T3+,balanced,5773.73,1
1487,2024-09-21 00:00:00,paid_search,26-35,T1,balanced,2842.03,1
1488,2024-10-17 00:00:00,bank_partner,46-55,T1,balanced,33945.65,1
1489,2024-09-05 00:00:00,paid_search,46-55,T2,aggressive,1816.63,1
1490,2024-07-16 00:00:00,social,26-35,T2,cautious,2462.93,1
1491,2024-09-03 00:00:00,organic,26-35,T2,balanced,4834.59,0
1492,2024-03-02 00:00:00,referral,46-55,T3+,balanced,5690.64,1
1493,2024-01-28 00:00:00,paid_search,36-45,T3+,aggressive,9809.65,1
1494,2024-01-22 00:00:00,referral,26-35,T1,aggressive,44661.51,1
1495,2024-02-10 00:00:00,bank_partner,46-55,T1,aggressive,5786.99,1
1496,2024-07-19 00:00:00,paid_search,46-55,T3+,cautious,32082.48,1
1497,2024-09-22 00:00:00,paid_search,36-45,T2,balanced,12111.87,0
1498,2024-08-15 00:00:00,paid_search,46-55,T3+,cautious,10445.71,1
1499,2024-02-11 00:00:00,social,26-35,T3+,cautious,7038.74,1
1500,2024-11-17 00:00:00,social,26-35,T2,aggressive,15637.87,0
1501,2024-05-23 00:00:00,referral,26-35,T2,cautious,8723.85,0
1502,2024-01-01 00:00:00,organic,46-55,T3+,balanced,16727.48,1
1503,2024-07-23 00:00:00,referral,36-45,T3+,cautious,8204.9,1
1504,2024-12-16 00:00:00,social,26-35,T1,cautious,11915.36,1
1505,2024-07-17 00:00:00,paid_search,36-45,T1,balanced,2244.97,1
1506,2024-07-02 00:00:00,paid_search,26-35,T3+,balanced,8411.75,1
1507,2024-10-09 00:00:00,paid_search,36-45,T2,aggressive,80920.13,1
1508,2024-05-04 00:00:00,social,36-45,T1,balanced,2117.39,0
1509,2024-09-27 00:00:00,referral,36-45,T2,balanced,4468.23,1
1510,2024-12-13 00:00:00,social,26-35,T3+,balanced,15410.55,1
1511,2024-03-18 00:00:00,organic,18-25,T1,aggressive,938.8,0
1512,2024-04-16 00:00:00,social,18-25,T1,balanced,9639.77,1
1513,2024-05-09 00:00:00,social,26-35,T2,cautious,8661.16,1
1514,2024-10-13 00:00:00,paid_search,36-45,T2,cautious,14720.41,1
1515,2024-01-28 00:00:00,paid_search,26-35,T2,balanced,7403.18,1
1516,2024-09-17 00:00:00,bank_partner,18-25,T2,balanced,1581.98,0
1517,2024-03-26 00:00:00,paid_search,26-35,T2,balanced,1701.3,1
1518,2024-11-26 00:00:00,paid_search,36-45,T1,balanced,5154.24,1
1519,2024-12-25 00:00:00,organic,36-45,T2,balanced,26572.02,0
1520,2024-02-04 00:00:00,bank_partner,46-55,T1,cautious,19574.86,1
1521,2024-02-24 00:00:00,social,18-25,T1,balanced,2556.81,1
1522,2024-09-29 00:00:00,referral,26-35,T2,cautious,4567.71,0
1523,2024-04-25 00:00:00,organic,18-25,T3+,aggressive,4866.31,0
1524,2024-11-22 00:00:00,paid_search,26-35,T1,cautious,2014.41,1
1525,2024-11-08 00:00:00,paid_search,26-35,T2,balanced,6563.29,1
1526,2024-02-20 00:00:00,social,36-45,T1,balanced,44386.4,1
1527,2024-12-25 00:00:00,referral,36-45,T2,cautious,2753.88,1
1528,2024-05-03 00:00:00,social,26-35,T3+,cautious,11217.47,1
1529,2024-08-22 00:00:00,referral,36-45,T3+,aggressive,13689.7,0
1530,2024-10-29 00:00:00,social,18-25,T2,aggressive,2931.1,1
1531,2024-07-04 00:00:00,bank_partner,26-35,T2,balanced,18015.72,1
1532,2024-09-21 00:00:00,paid_search,18-25,T3+,balanced,2445.39,1
1533,2024-08-30 00:00:00,organic,56+,T1,aggressive,130427.37,1
1534,2024-12-22 00:00:00,social,18-25,T2,cautious,6271.82,0
1535,2024-11-08 00:00:00,social,36-45,T3+,cautious,20628.85,1
1536,2024-04-03 00:00:00,referral,46-55,T2,cautious,9919.72,1
1537,2024-01-31 00:00:00,referral,36-45,T2,balanced,12102.93,1
1538,2024-06-14 00:00:00,organic,56+,T2,balanced,50725.96,1
1539,2024-05-11 00:00:00,organic,56+,T1,aggressive,8818.47,0
1540,2024-11-30 00:00:00,referral,18-25,T2,cautious,14393.3,1
1541,2024-09-15 00:00:00,paid_search,18-25,T1,balanced,8139.3,1
1542,2024-09-15 00:00:00,social,26-35,T2,cautious,13209.45,1
1543,2024-02-12 00:00:00,social,26-35,T2,balanced,7111.97,0
1544,2024-09-04 00:00:00,paid_search,26-35,T1,balanced,9572.01,1
1545,2024-10-28 00:00:00,paid_search,18-25,T2,aggressive,3858.43,1
1546,2024-02-04 00:00:00,bank_partner,36-45,T2,balanced,4626.98,1
1547,2024-03-29 00:00:00,referral,46-55,T2,balanced,20856.78,1
1548,2024-07-31 00:00:00,social,26-35,T1,cautious,3853.01,0
1549,2024-01-23 00:00:00,referral,36-45,T3+,aggressive,19750.88,0
1550,2024-12-26 00:00:00,paid_search,26-35,T3+,cautious,5179.43,1
1551,2024-03-11 00:00:00,referral,18-25,T1,cautious,4685.2,1
1552,2024-02-01 00:00:00,referral,36-45,T3+,cautious,13607.08,1
1553,2024-12-16 00:00:00,referral,26-35,T2,balanced,7937.86,1
1554,2024-10-29 00:00:00,paid_search,46-55,T3+,cautious,3296.83,1
1555,2024-12-23 00:00:00,referral,18-25,T2,balanced,2080.35,0
1556,2024-03-13 00:00:00,social,36-45,T1,balanced,7430.98,1
1557,2024-06-08 00:00:00,referral,46-55,T1,aggressive,13629.56,0
1558,2024-10-08 00:00:00,paid_search,56+,T1,balanced,18996.92,1
1559,2024-09-13 00:00:00,bank_partner,26-35,T1,balanced,3010.15,1
1560,2024-04-08 00:00:00,paid_search,36-45,T2,aggressive,8952.52,0
1561,2024-10-23 00:00:00,organic,56+,T2,balanced,12327.5,1
1562,2024-03-09 00:00:00,social,36-45,T1,aggressive,4000.24,1
1563,2024-02-11 00:00:00,bank_partner,46-55,T3+,aggressive,13982.93,1
1564,2024-07-17 00:00:00,organic,18-25,T2,cautious,14279.69,0
1565,2024-05-20 00:00:00,paid_search,36-45,T2,balanced,24986.9,1
1566,2024-01-17 00:00:00,paid_search,36-45,T2,cautious,19586.37,1
1567,2024-09-09 00:00:00,social,36-45,T2,cautious,8130.8,0
1568,2024-07-15 00:00:00,organic,36-45,T1,balanced,6215.96,1
1569,2024-09-01 00:00:00,social,26-35,T2,balanced,8201.86,1
1570,2024-04-01 00:00:00,referral,36-45,T1,cautious,13828.41,0
1571,2024-06-24 00:00:00,referral,26-35,T2,balanced,8010.94,1
1572,2024-03-01 00:00:00,paid_search,18-25,T2,cautious,2797.0,0
1573,2024-10-22 00:00:00,referral,46-55,T1,cautious,7492.65,1
1574,2024-09-27 00:00:00,referral,36-45,T2,cautious,18455.61,1
1575,2024-08-22 00:00:00,organic,26-35,T1,balanced,12478.16,1
1576,2024-06-16 00:00:00,social,26-35,T2,cautious,5760.99,1
1577,2024-10-01 00:00:00,referral,18-25,T1,balanced,9995.05,1
1578,2024-08-29 00:00:00,bank_partner,26-35,T1,aggressive,4430.34,1
1579,2024-03-14 00:00:00,referral,36-45,T1,balanced,5006.73,1
1580,2024-12-19 00:00:00,organic,36-45,T1,aggressive,28692.64,1
1581,2024-02-01 00:00:00,organic,18-25,T2,balanced,3035.09,0
1582,2024-04-11 00:00:00,bank_partner,46-55,T1,balanced,12823.64,1
1583,2024-05-12 00:00:00,organic,26-35,T1,cautious,39168.77,1
1584,2024-11-22 00:00:00,paid_search,26-35,T3+,cautious,2400.96,0
1585,2024-10-23 00:00:00,organic,36-45,T3+,cautious,1871.88,0
1586,2024-01-11 00:00:00,paid_search,36-45,T1,cautious,19159.06,1
1587,2024-04-28 00:00:00,social,18-25,T2,balanced,2114.99,1
1588,2024-12-12 00:00:00,organic,46-55,T3+,cautious,17419.18,0
1589,2024-10-03 00:00:00,referral,18-25,T2,aggressive,8872.12,1
1590,2024-03-20 00:00:00,organic,18-25,T1,balanced,14717.29,0
1591,2024-11-25 00:00:00,social,36-45,T2,balanced,7138.58,0
1592,2024-12-29 00:00:00,social,36-45,T2,cautious,7742.8,0
1593,2024-05-04 00:00:00,organic,36-45,T1,balanced,24648.86,0
1594,2024-02-12 00:00:00,social,46-55,T1,cautious,29961.07,1
1595,2024-01-26 00:00:00,paid_search,26-35,T1,balanced,9021.98,1
1596,2024-08-25 00:00:00,social,18-25,T2,aggressive,2306.08,1
1597,2024-03-03 00:00:00,social,46-55,T1,cautious,104858.49,0
1598,2024-01-06 00:00:00,referral,36-45,T1,cautious,4449.09,1
1599,2024-01-10 00:00:00,social,56+,T3+,balanced,47676.15,1
1600,2024-09-20 00:00:00,paid_search,56+,T1,cautious,8268.51,1
1601,2024-01-18 00:00:00,bank_partner,36-45,T3+,cautious,14308.42,0
1602,2024-07-26 00:00:00,organic,36-45,T1,balanced,67072.39,0
1603,2024-11-14 00:00:00,organic,36-45,T3+,balanced,6070.41,0
1604,2024-10-23 00:00:00,paid_search,18-25,T3+,aggressive,3059.56,1
1605,2024-10-06 00:00:00,paid_search,26-35,T1,aggressive,27798.68,1
1606,2024-09-08 00:00:00,paid_search,36-45,T1,balanced,3658.87,1
1607,2024-06-30 00:00:00,referral,26-35,T1,balanced,15846.7,1
1608,2024-01-27 00:00:00,bank_partner,18-25,T2,balanced,16075.71,0
1609,2024-05-17 00:00:00,social,36-45,T3+,cautious,4867.47,1
1610,2024-08-19 00:00:00,referral,36-45,T3+,balanced,25769.65,0
1611,2024-10-06 00:00:00,bank_partner,46-55,T2,cautious,12962.42,1
1612,2024-04-22 00:00:00,organic,36-45,T2,balanced,12856.75,1
1613,2024-05-14 00:00:00,referral,56+,T1,balanced,6333.82,0
1614,2024-10-13 00:00:00,organic,26-35,T1,aggressive,24982.88,1
1615,2024-04-23 00:00:00,social,46-55,T2,cautious,27418.79,1
1616,2024-02-06 00:00:00,paid_search,46-55,T2,balanced,47336.96,0
1617,2024-03-16 00:00:00,paid_search,26-35,T1,balanced,2711.5,0
1618,2024-03-30 00:00:00,social,26-35,T2,cautious,34567.97,1
1619,2024-07-17 00:00:00,bank_partner,36-45,T1,balanced,14673.09,1
1620,2024-10-23 00:00:00,bank_partner,36-45,T2,cautious,17145.44,1
1621,2024-02-25 00:00:00,organic,26-35,T3+,cautious,9480.8,1
1622,2024-03-04 00:00:00,paid_search,26-35,T2,cautious,82140.7,1
1623,2024-05-31 00:00:00,referral,26-35,T1,cautious,8406.55,0
1624,2024-03-23 00:00:00,referral,18-25,T3+,cautious,1024.86,1
1625,2024-07-21 00:00:00,organic,18-25,T1,cautious,852.7,0
1626,2024-05-29 00:00:00,organic,26-35,T3+,aggressive,2909.15,1
1627,2024-06-15 00:00:00,organic,18-25,T3+,balanced,17213.69,1
1628,2024-07-11 00:00:00,organic,36-45,T2,aggressive,14415.06,1
1629,2024-04-19 00:00:00,referral,18-25,T3+,cautious,14842.85,1
1630,2024-01-11 00:00:00,referral,18-25,T3+,cautious,6004.27,1
1631,2024-07-14 00:00:00,paid_search,18-25,T1,balanced,3482.26,1
1632,2024-05-17 00:00:00,referral,18-25,T2,balanced,18292.54,1
1633,2024-11-03 00:00:00,organic,46-55,T2,balanced,48632.65,1
1634,2024-10-30 00:00:00,referral,26-35,T3+,aggressive,7581.35,1
1635,2024-07-08 00:00:00,bank_partner,46-55,T3+,aggressive,4825.37,1
1636,2024-07-29 00:00:00,paid_search,36-45,T2,cautious,18260.53,1
1637,2024-04-06 00:00:00,organic,18-25,T3+,balanced,3541.0,1
1638,2024-08-27 00:00:00,paid_search,26-35,T1,balanced,3632.72,1
1639,2024-04-28 00:00:00,paid_search,36-45,T1,cautious,7956.19,1
1640,2024-01-22 00:00:00,bank_partner,36-45,T3+,balanced,810.84,1
1641,2024-12-22 00:00:00,organic,36-45,T2,cautious,2642.62,1
1642,2024-11-26 00:00:00,organic,46-55,T1,cautious,24709.41,1
1643,2024-01-31 00:00:00,organic,36-45,T3+,cautious,5638.61,1
1644,2024-01-06 00:00:00,paid_search,26-35,T1,balanced,12502.63,1
1645,2024-07-24 00:00:00,social,26-35,T1,balanced,16399.97,1
1646,2024-09-21 00:00:00,organic,26-35,T3+,balanced,17989.17,1
1647,2024-08-30 00:00:00,social,18-25,T3+,balanced,5369.59,1
1648,2024-02-22 00:00:00,social,36-45,T2,cautious,13919.31,1
1649,2024-06-14 00:00:00,paid_search,26-35,T3+,cautious,25551.82,1
1650,2024-08-16 00:00:00,bank_partner,46-55,T2,balanced,59341.89,1
1651,2024-08-30 00:00:00,social,26-35,T2,aggressive,56659.76,0
1652,2024-09-26 00:00:00,social,18-25,T1,balanced,4297.24,1
1653,2024-05-28 00:00:00,social,26-35,T3+,cautious,1827.34,1
1654,2024-03-26 00:00:00,organic,26-35,T1,cautious,2862.68,0
1655,2024-03-23 00:00:00,referral,56+,T1,aggressive,20850.81,0
1656,2024-11-02 00:00:00,social,26-35,T3+,aggressive,11291.41,1
1657,2024-12-31 00:00:00,paid_search,26-35,T2,cautious,10238.47,0
1658,2024-03-02 00:00:00,bank_partner,26-35,T3+,balanced,19795.9,1
1659,2024-07-24 00:00:00,organic,56+,T1,aggressive,5069.66,1
1660,2024-01-25 00:00:00,referral,46-55,T3+,cautious,41214.96,1
1661,2024-11-13 00:00:00,paid_search,36-45,T1,cautious,3643.36,1
1662,2024-05-14 00:00:00,paid_search,26-35,T1,cautious,36802.8,1
1663,2024-10-22 00:00:00,organic,26-35,T2,cautious,22553.77,1
1664,2024-10-03 00:00:00,paid_search,46-55,T2,cautious,8799.69,1
1665,2024-12-12 00:00:00,organic,26-35,T1,balanced,7293.34,1
1666,2024-02-02 00:00:00,bank_partner,18-25,T1,cautious,1690.18,0
1667,2024-11-06 00:00:00,paid_search,46-55,T1,aggressive,27122.91,1
1668,2024-03-08 00:00:00,referral,56+,T2,aggressive,9132.94,1
1669,2024-08-01 00:00:00,paid_search,36-45,T2,balanced,3892.13,0
1670,2024-06-15 00:00:00,organic,46-55,T1,aggressive,28900.79,0
1671,2024-04-30 00:00:00,organic,56+,T3+,aggressive,2660.96,1
1672,2024-05-11 00:00:00,organic,36-45,T2,balanced,1781.22,1
1673,2024-06-03 00:00:00,paid_search,56+,T3+,balanced,5948.01,0
1674,2024-03-02 00:00:00,organic,36-45,T3+,balanced,11964.01,0
1675,2024-01-10 00:00:00,referral,36-45,T1,balanced,33612.07,1
1676,2024-01-28 00:00:00,organic,18-25,T3+,cautious,2011.4,1
1677,2024-10-12 00:00:00,organic,26-35,T3+,cautious,4135.75,1
1678,2024-01-27 00:00:00,paid_search,26-35,T3+,aggressive,15912.08,1
1679,2024-04-08 00:00:00,organic,26-35,T1,aggressive,29661.95,1
1680,2024-06-20 00:00:00,bank_partner,36-45,T2,cautious,17989.64,1
1681,2024-02-24 00:00:00,paid_search,36-45,T2,aggressive,7442.64,0
1682,2024-08-06 00:00:00,referral,46-55,T3+,cautious,29632.93,0
1683,2024-07-31 00:00:00,paid_search,36-45,T1,cautious,2176.9,1
1684,2024-08-20 00:00:00,social,18-25,T2,balanced,18409.34,0
1685,2024-02-17 00:00:00,organic,36-45,T2,aggressive,3716.25,1
1686,2024-02-28 00:00:00,bank_partner,26-35,T3+,balanced,42432.11,1
1687,2024-08-30 00:00:00,organic,56+,T1,cautious,67329.89,1
1688,2024-07-11 00:00:00,social,36-45,T2,cautious,30384.27,0
1689,2024-10-09 00:00:00,organic,26-35,T2,cautious,18352.49,1
1690,2024-02-15 00:00:00,social,36-45,T1,cautious,902.73,1
1691,2024-06-27 00:00:00,social,36-45,T3+,balanced,5966.99,1
1692,2024-02-13 00:00:00,referral,46-55,T2,cautious,11819.22,1
1693,2024-06-02 00:00:00,organic,46-55,T1,balanced,8970.2,1
1694,2024-11-20 00:00:00,paid_search,46-55,T3+,balanced,32738.24,1
1695,2024-10-11 00:00:00,bank_partner,26-35,T1,cautious,5779.74,1
1696,2024-02-23 00:00:00,social,18-25,T1,cautious,11418.6,1
1697,2024-12-03 00:00:00,organic,56+,T3+,cautious,3447.18,1
1698,2024-08-24 00:00:00,social,18-25,T3+,balanced,1395.57,1
1699,2024-06-04 00:00:00,bank_partner,46-55,T2,aggressive,38010.61,0
1700,2024-02-29 00:00:00,paid_search,26-35,T2,aggressive,2428.65,1
1701,2024-02-28 00:00:00,organic,36-45,T2,aggressive,2307.6,1
1702,2024-03-06 00:00:00,paid_search,26-35,T2,balanced,3884.03,1
1703,2024-06-29 00:00:00,organic,36-45,T2,balanced,4810.84,1
1704,2024-01-28 00:00:00,paid_search,26-35,T2,cautious,83322.35,1
1705,2024-05-23 00:00:00,referral,46-55,T1,balanced,12089.85,1
1706,2024-10-09 00:00:00,social,18-25,T2,cautious,8306.01,1
1707,2024-08-30 00:00:00,bank_partner,26-35,T2,balanced,2089.47,0
1708,2024-08-29 00:00:00,organic,26-35,T2,cautious,21674.26,1
1709,2024-02-25 00:00:00,organic,36-45,T1,balanced,15561.47,1
1710,2024-02-05 00:00:00,organic,18-25,T3+,aggressive,607.46,1
1711,2024-01-09 00:00:00,paid_search,26-35,T1,cautious,1892.65,1
1712,2024-02-23 00:00:00,organic,26-35,T1,cautious,1544.01,0
1713,2024-09-24 00:00:00,paid_search,26-35,T2,cautious,46742.48,1
1714,2024-08-21 00:00:00,referral,18-25,T3+,balanced,5150.01,1
1715,2024-11-18 00:00:00,paid_search,46-55,T2,balanced,20351.73,1
1716,2024-10-20 00:00:00,paid_search,26-35,T2,aggressive,1935.78,1
1717,2024-05-05 00:00:00,referral,26-35,T2,aggressive,9494.7,1
1718,2024-05-08 00:00:00,referral,36-45,T3+,balanced,7446.33,1
1719,2024-05-04 00:00:00,bank_partner,18-25,T2,cautious,774.05,1
1720,2024-04-03 00:00:00,bank_partner,18-25,T3+,aggressive,1591.85,1
1721,2024-11-03 00:00:00,paid_search,26-35,T1,cautious,15500.19,1
1722,2024-11-08 00:00:00,organic,26-35,T3+,balanced,24506.56,0
1723,2024-12-13 00:00:00,social,26-35,T2,balanced,11364.12,1
1724,2024-11-10 00:00:00,organic,26-35,T1,balanced,14581.41,0
1725,2024-04-16 00:00:00,social,36-45,T3+,balanced,198639.71,1
1726,2024-08-11 00:00:00,paid_search,46-55,T2,cautious,4165.86,1
1727,2024-06-01 00:00:00,organic,46-55,T1,cautious,3556.93,1
1728,2024-10-01 00:00:00,bank_partner,18-25,T2,cautious,1707.1,1
1729,2024-03-25 00:00:00,referral,56+,T1,balanced,31482.04,1
1730,2024-10-10 00:00:00,organic,46-55,T2,cautious,4988.71,1
1731,2024-06-27 00:00:00,organic,46-55,T1,aggressive,11683.89,1
1732,2024-01-19 00:00:00,social,36-45,T2,balanced,4285.02,1
1733,2024-05-11 00:00:00,bank_partner,26-35,T3+,aggressive,11948.85,0
1734,2024-11-03 00:00:00,paid_search,26-35,T3+,balanced,24746.49,0
1735,2024-05-19 00:00:00,paid_search,36-45,T2,cautious,7526.01,0
1736,2024-11-24 00:00:00,organic,26-35,T1,cautious,7855.48,0
1737,2024-10-24 00:00:00,social,26-35,T3+,cautious,19466.97,0
1738,2024-04-27 00:00:00,social,18-25,T2,cautious,4818.34,1
1739,2024-09-04 00:00:00,organic,56+,T3+,aggressive,4488.14,0
1740,2024-01-22 00:00:00,bank_partner,36-45,T1,cautious,20335.43,1
1741,2024-10-18 00:00:00,referral,26-35,T1,cautious,9192.84,1
1742,2024-09-17 00:00:00,social,36-45,T1,cautious,12598.14,1
1743,2024-03-23 00:00:00,social,36-45,T1,cautious,18565.71,1
1744,2024-11-23 00:00:00,paid_search,46-55,T1,balanced,16069.3,1
1745,2024-08-15 00:00:00,bank_partner,36-45,T1,cautious,18963.49,1
1746,2024-10-16 00:00:00,paid_search,46-55,T2,aggressive,66980.52,1
1747,2024-06-20 00:00:00,bank_partner,36-45,T2,balanced,37953.97,1
1748,2024-09-17 00:00:00,referral,26-35,T2,aggressive,11200.57,0
1749,2024-12-14 00:00:00,paid_search,36-45,T2,balanced,11916.32,1
1750,2024-06-22 00:00:00,organic,26-35,T2,cautious,12609.95,1
1751,2024-04-25 00:00:00,paid_search,36-45,T3+,cautious,10728.01,1
1752,2024-08-15 00:00:00,referral,26-35,T2,balanced,9195.39,1
1753,2024-09-28 00:00:00,referral,46-55,T3+,balanced,10660.02,1
1754,2024-10-16 00:00:00,referral,26-35,T3+,balanced,8240.05,1
1755,2024-01-01 00:00:00,social,18-25,T2,cautious,1013.22,1
1756,2024-04-27 00:00:00,social,26-35,T1,balanced,991.95,1
1757,2024-09-10 00:00:00,referral,46-55,T2,aggressive,11610.57,1
1758,2024-05-27 00:00:00,organic,36-45,T2,cautious,2602.18,1
1759,2024-08-10 00:00:00,paid_search,18-25,T1,balanced,2233.08,0
1760,2024-03-08 00:00:00,paid_search,26-35,T3+,balanced,779.11,1
1761,2024-02-29 00:00:00,organic,18-25,T2,aggressive,3194.24,1
1762,2024-05-29 00:00:00,organic,36-45,T2,cautious,6959.46,1
1763,2024-01-17 00:00:00,referral,26-35,T2,cautious,3451.19,1
1764,2024-03-15 00:00:00,bank_partner,36-45,T2,balanced,7542.2,1
1765,2024-05-17 00:00:00,referral,26-35,T2,balanced,32124.04,1
1766,2024-08-17 00:00:00,organic,36-45,T3+,cautious,16357.21,1
1767,2024-05-23 00:00:00,paid_search,26-35,T3+,cautious,15470.71,0
1768,2024-07-12 00:00:00,paid_search,26-35,T1,cautious,7573.49,0
1769,2024-05-21 00:00:00,referral,36-45,T2,cautious,60646.61,1
1770,2024-10-04 00:00:00,social,18-25,T3+,cautious,6820.92,1
1771,2024-09-11 00:00:00,organic,46-55,T1,balanced,16819.59,1
1772,2024-03-04 00:00:00,organic,18-25,T2,cautious,2888.41,0
1773,2024-11-06 00:00:00,organic,26-35,T2,balanced,6280.66,1
1774,2024-09-05 00:00:00,organic,46-55,T2,balanced,33445.65,1
1775,2024-11-02 00:00:00,paid_search,36-45,T3+,cautious,14904.58,1
1776,2024-05-07 00:00:00,referral,46-55,T3+,balanced,13056.35,1
1777,2024-06-05 00:00:00,bank_partner,36-45,T2,balanced,6281.09,1
1778,2024-07-10 00:00:00,paid_search,36-45,T1,aggressive,4184.52,1
1779,2024-08-12 00:00:00,bank_partner,26-35,T1,cautious,2419.75,0
1780,2024-04-29 00:00:00,social,18-25,T1,balanced,1540.21,1
1781,2024-07-23 00:00:00,organic,36-45,T2,aggressive,964.09,0
1782,2024-01-22 00:00:00,bank_partner,36-45,T3+,aggressive,17374.4,0
1783,2024-11-18 00:00:00,organic,36-45,T2,balanced,2799.67,1
1784,2024-07-25 00:00:00,social,56+,T3+,aggressive,9645.61,1
1785,2024-06-14 00:00:00,organic,26-35,T3+,cautious,22678.27,1
1786,2024-01-31 00:00:00,social,26-35,T1,cautious,5837.81,1
1787,2024-01-04 00:00:00,paid_search,18-25,T3+,balanced,15155.13,0
1788,2024-01-05 00:00:00,organic,18-25,T3+,cautious,1436.89,1
1789,2024-04-17 00:00:00,social,36-45,T3+,cautious,21906.91,1
1790,2024-10-08 00:00:00,paid_search,56+,T1,aggressive,43406.4,1
1791,2024-09-11 00:00:00,social,26-35,T2,balanced,6297.6,1
1792,2024-09-26 00:00:00,bank_partner,26-35,T3+,aggressive,16090.29,1
1793,2024-05-30 00:00:00,social,18-25,T3+,balanced,6889.61,1
1794,2024-08-08 00:00:00,social,26-35,T3+,balanced,7166.95,1
1795,2024-02-14 00:00:00,paid_search,36-45,T3+,balanced,50684.67,1
1796,2024-03-08 00:00:00,organic,26-35,T2,cautious,10954.41,1
1797,2024-03-08 00:00:00,bank_partner,36-45,T3+,balanced,19081.45,1
1798,2024-05-16 00:00:00,paid_search,18-25,T3+,balanced,67504.01,0
1799,2024-10-23 00:00:00,paid_search,26-35,T3+,balanced,3846.57,1
1800,2024-06-26 00:00:00,paid_search,36-45,T3+,balanced,2747.82,1
1801,2024-01-16 00:00:00,social,18-25,T2,cautious,3453.58,1
1802,2024-08-08 00:00:00,bank_partner,26-35,T1,aggressive,37171.52,0
1803,2024-08-03 00:00:00,social,36-45,T1,balanced,10117.8,0
1804,2024-05-01 00:00:00,paid_search,36-45,T2,balanced,8209.64,1
1805,2024-07-22 00:00:00,organic,46-55,T2,cautious,2075.43,1
1806,2024-07-04 00:00:00,organic,26-35,T3+,balanced,4318.21,1
1807,2024-09-26 00:00:00,organic,36-45,T2,aggressive,5826.53,1
1808,2024-06-02 00:00:00,referral,36-45,T2,balanced,12875.0,1
1809,2024-10-16 00:00:00,paid_search,46-55,T2,cautious,6139.61,0
1810,2024-12-11 00:00:00,organic,36-45,T2,aggressive,11044.87,0
1811,2024-05-28 00:00:00,paid_search,36-45,T1,balanced,12906.82,1
1812,2024-05-25 00:00:00,social,36-45,T2,cautious,26125.4,1
1813,2024-02-01 00:00:00,referral,18-25,T3+,cautious,2514.64,1
1814,2024-08-31 00:00:00,paid_search,46-55,T1,cautious,4502.97,0
1815,2024-05-30 00:00:00,paid_search,26-35,T1,cautious,3228.9,1
1816,2024-01-31 00:00:00,bank_partner,26-35,T2,aggressive,10432.43,1
1817,2024-10-31 00:00:00,organic,26-35,T2,cautious,4358.7,1
1818,2024-04-27 00:00:00,paid_search,18-25,T1,balanced,5281.36,1
1819,2024-05-13 00:00:00,social,46-55,T3+,cautious,4091.39,1
1820,2024-05-09 00:00:00,paid_search,26-35,T2,cautious,11412.73,1
1821,2024-11-06 00:00:00,social,26-35,T2,balanced,6864.26,1
1822,2024-01-17 00:00:00,bank_partner,26-35,T1,balanced,861.41,0
1823,2024-03-09 00:00:00,bank_partner,26-35,T1,balanced,7955.84,1
1824,2024-08-07 00:00:00,organic,26-35,T3+,cautious,5013.02,0
1825,2024-12-15 00:00:00,paid_search,56+,T3+,balanced,9700.45,1
1826,2024-12-22 00:00:00,organic,46-55,T1,cautious,17361.78,0
1827,2024-10-05 00:00:00,social,26-35,T2,aggressive,23493.17,0
1828,2024-03-04 00:00:00,social,36-45,T2,balanced,3849.21,1
1829,2024-09-29 00:00:00,organic,36-45,T2,balanced,6513.25,1
1830,2024-02-09 00:00:00,social,56+,T1,cautious,56429.15,1
1831,2024-09-02 00:00:00,social,26-35,T3+,balanced,6197.96,1
1832,2024-07-22 00:00:00,referral,36-45,T1,balanced,9049.06,1
1833,2024-09-16 00:00:00,organic,26-35,T2,balanced,853.06,0
1834,2024-05-17 00:00:00,paid_search,56+,T2,cautious,6824.91,1
1835,2024-10-12 00:00:00,paid_search,56+,T3+,cautious,6394.25,0
1836,2024-05-16 00:00:00,bank_partner,26-35,T1,balanced,1329.77,1
1837,2024-07-15 00:00:00,organic,26-35,T2,balanced,9021.72,1
1838,2024-03-08 00:00:00,organic,18-25,T2,cautious,6140.96,0
1839,2024-03-20 00:00:00,referral,36-45,T3+,balanced,7742.72,0
1840,2024-05-25 00:00:00,social,26-35,T2,cautious,35059.23,1
1841,2024-03-05 00:00:00,paid_search,36-45,T2,balanced,26761.33,1
1842,2024-02-18 00:00:00,organic,56+,T3+,aggressive,40308.79,1
1843,2024-01-27 00:00:00,social,56+,T2,balanced,52808.99,0
1844,2024-06-25 00:00:00,referral,36-45,T3+,cautious,22941.36,1
1845,2024-06-12 00:00:00,organic,36-45,T3+,balanced,4635.15,1
1846,2024-09-11 00:00:00,bank_partner,36-45,T1,cautious,17065.83,0
1847,2024-10-24 00:00:00,organic,46-55,T2,aggressive,2921.52,1
1848,2024-03-04 00:00:00,organic,26-35,T3+,balanced,20251.34,1
1849,2024-09-15 00:00:00,social,18-25,T2,cautious,1368.39,1
1850,2024-09-22 00:00:00,paid_search,36-45,T1,cautious,47472.42,1
1851,2024-09-17 00:00:00,referral,36-45,T2,cautious,6620.35,1
1852,2024-07-18 00:00:00,paid_search,36-45,T3+,balanced,4008.39,1
1853,2024-10-27 00:00:00,social,36-45,T1,cautious,8054.47,0
1854,2024-10-19 00:00:00,referral,36-45,T3+,balanced,1234.01,1
1855,2024-07-30 00:00:00,social,46-55,T3+,aggressive,25616.08,1
1856,2024-04-06 00:00:00,referral,26-35,T3+,cautious,2465.91,1
1857,2024-11-08 00:00:00,social,46-55,T1,cautious,10530.23,1
1858,2024-06-03 00:00:00,referral,18-25,T2,cautious,33539.09,1
1859,2024-08-17 00:00:00,paid_search,36-45,T3+,balanced,3861.73,0
1860,2024-09-29 00:00:00,organic,36-45,T3+,cautious,23609.68,0
1861,2024-04-08 00:00:00,paid_search,36-45,T1,aggressive,8397.31,1
1862,2024-10-02 00:00:00,social,36-45,T2,cautious,1995.61,1
1863,2024-07-25 00:00:00,paid_search,46-55,T1,aggressive,39043.39,1
1864,2024-12-08 00:00:00,social,18-25,T1,cautious,1214.19,1
1865,2024-03-05 00:00:00,referral,18-25,T1,cautious,36674.67,1
1866,2024-03-29 00:00:00,paid_search,46-55,T2,balanced,9970.22,1
1867,2024-10-14 00:00:00,organic,26-35,T1,balanced,37698.15,0
1868,2024-05-22 00:00:00,referral,36-45,T1,aggressive,14767.69,0
1869,2024-02-20 00:00:00,social,18-25,T2,aggressive,1596.58,1
1870,2024-04-13 00:00:00,paid_search,26-35,T1,cautious,31488.95,1
1871,2024-09-30 00:00:00,organic,36-45,T2,balanced,2033.58,1
1872,2024-04-20 00:00:00,referral,26-35,T2,cautious,500.0,1
1873,2024-10-27 00:00:00,organic,26-35,T2,aggressive,13689.01,0
1874,2024-11-24 00:00:00,referral,56+,T1,cautious,9626.16,1
1875,2024-08-02 00:00:00,organic,18-25,T3+,aggressive,4143.65,1
1876,2024-12-07 00:00:00,organic,36-45,T1,cautious,15874.42,1
1877,2024-09-25 00:00:00,social,46-55,T3+,balanced,5076.83,1
1878,2024-02-27 00:00:00,social,36-45,T3+,aggressive,6818.6,0
1879,2024-03-27 00:00:00,paid_search,26-35,T1,cautious,17315.65,0
1880,2024-04-06 00:00:00,paid_search,46-55,T1,balanced,16841.02,1
1881,2024-08-31 00:00:00,organic,18-25,T2,cautious,7709.71,0
1882,2024-10-09 00:00:00,social,26-35,T3+,balanced,6611.16,0
1883,2024-11-23 00:00:00,organic,26-35,T3+,cautious,4465.23,0
1884,2024-04-11 00:00:00,organic,46-55,T2,cautious,51157.28,0
1885,2024-01-28 00:00:00,bank_partner,56+,T3+,balanced,32292.41,1
1886,2024-11-30 00:00:00,organic,26-35,T2,balanced,4276.18,1
1887,2024-08-24 00:00:00,bank_partner,18-25,T2,cautious,1511.85,1
1888,2024-02-29 00:00:00,organic,18-25,T2,balanced,3898.69,1
1889,2024-08-21 00:00:00,organic,18-25,T1,balanced,5309.83,0
1890,2024-11-29 00:00:00,organic,26-35,T3+,balanced,27143.64,1
1891,2024-10-28 00:00:00,bank_partner,26-35,T1,cautious,10644.88,1
1892,2024-02-05 00:00:00,paid_search,18-25,T2,aggressive,69679.36,1
1893,2024-12-07 00:00:00,referral,26-35,T3+,balanced,3073.27,1
1894,2024-02-27 00:00:00,referral,26-35,T3+,balanced,16956.58,0
1895,2024-08-16 00:00:00,bank_partner,36-45,T1,cautious,73640.58,1
1896,2024-04-30 00:00:00,organic,26-35,T2,aggressive,1101.21,0
1897,2024-05-03 00:00:00,organic,36-45,T1,cautious,1137.72,1
1898,2024-10-03 00:00:00,social,36-45,T2,cautious,1907.95,0
1899,2024-05-03 00:00:00,referral,56+,T1,aggressive,32980.21,1
1900,2024-09-09 00:00:00,paid_search,26-35,T1,balanced,6598.43,0
1901,2024-07-19 00:00:00,bank_partner,26-35,T2,aggressive,13609.97,0
1902,2024-11-27 00:00:00,organic,26-35,T1,balanced,19730.37,0
1903,2024-10-08 00:00:00,organic,36-45,T2,aggressive,19513.43,0
1904,2024-12-15 00:00:00,referral,26-35,T3+,balanced,7966.7,0
1905,2024-06-06 00:00:00,social,36-45,T1,aggressive,4383.37,1
1906,2024-12-02 00:00:00,bank_partner,26-35,T3+,cautious,3220.58,1
1907,2024-05-21 00:00:00,social,46-55,T3+,cautious,13970.78,0
1908,2024-11-29 00:00:00,organic,18-25,T1,cautious,8060.51,0
1909,2024-06-03 00:00:00,paid_search,36-45,T3+,cautious,23427.47,1
1910,2024-06-22 00:00:00,referral,36-45,T3+,cautious,37815.12,1
1911,2024-05-29 00:00:00,referral,26-35,T2,balanced,5554.3,1
1912,2024-12-20 00:00:00,organic,36-45,T3+,balanced,2615.01,1
1913,2024-09-03 00:00:00,referral,36-45,T3+,balanced,2492.92,1
1914,2024-08-27 00:00:00,referral,26-35,T1,balanced,3190.98,1
1915,2024-12-13 00:00:00,social,26-35,T1,cautious,9317.03,1
1916,2024-06-05 00:00:00,bank_partner,18-25,T3+,aggressive,17327.72,1
1917,2024-03-16 00:00:00,referral,36-45,T3+,balanced,836.49,1
1918,2024-10-06 00:00:00,referral,56+,T3+,aggressive,56940.21,1
1919,2024-11-12 00:00:00,referral,26-35,T2,balanced,2865.22,1
1920,2024-10-07 00:00:00,referral,46-55,T2,balanced,6752.33,1
1921,2024-03-23 00:00:00,social,46-55,T1,aggressive,23518.88,1
1922,2024-07-27 00:00:00,referral,26-35,T2,cautious,12099.96,1
1923,2024-11-01 00:00:00,bank_partner,36-45,T3+,balanced,3910.24,0
1924,2024-12-13 00:00:00,paid_search,26-35,T1,cautious,5436.11,1
1925,2024-02-22 00:00:00,social,36-45,T2,cautious,219914.59,0
1926,2024-10-05 00:00:00,organic,46-55,T3+,balanced,14120.97,1
1927,2024-11-28 00:00:00,paid_search,46-55,T1,cautious,3384.09,1
1928,2024-06-30 00:00:00,organic,26-35,T3+,cautious,4049.66,1
1929,2024-01-25 00:00:00,organic,26-35,T2,balanced,18413.25,1
1930,2024-04-04 00:00:00,organic,26-35,T2,balanced,3775.28,1
1931,2024-07-01 00:00:00,bank_partner,36-45,T2,balanced,5323.55,1
1932,2024-09-04 00:00:00,referral,36-45,T2,cautious,13701.06,0
1933,2024-02-07 00:00:00,organic,26-35,T1,balanced,13153.89,1
1934,2024-10-10 00:00:00,organic,18-25,T2,cautious,12497.55,1
1935,2024-03-30 00:00:00,paid_search,36-45,T2,balanced,6389.58,1
1936,2024-03-24 00:00:00,paid_search,36-45,T1,balanced,3261.13,1
1937,2024-05-19 00:00:00,organic,26-35,T3+,aggressive,31108.32,0
1938,2024-09-07 00:00:00,paid_search,46-55,T3+,balanced,20504.73,1
1939,2024-07-23 00:00:00,organic,26-35,T2,cautious,12774.78,0
1940,2024-02-04 00:00:00,organic,26-35,T3+,balanced,6654.43,1
1941,2024-07-14 00:00:00,organic,46-55,T1,cautious,6117.82,1
1942,2024-09-06 00:00:00,social,36-45,T1,cautious,3603.88,1
1943,2024-09-14 00:00:00,social,26-35,T3+,balanced,1924.81,1
1944,2024-09-24 00:00:00,organic,56+,T1,cautious,34950.54,1
1945,2024-09-07 00:00:00,referral,46-55,T3+,balanced,24861.32,0
1946,2024-06-02 00:00:00,organic,26-35,T2,aggressive,7303.59,1
1947,2024-01-06 00:00:00,organic,46-55,T2,balanced,24131.81,1
1948,2024-05-16 00:00:00,paid_search,36-45,T3+,balanced,27765.42,1
1949,2024-03-01 00:00:00,organic,26-35,T2,balanced,2391.27,0
1950,2024-12-17 00:00:00,social,26-35,T2,balanced,3828.74,1
1951,2024-05-30 00:00:00,organic,36-45,T1,aggressive,2569.75,1
1952,2024-04-18 00:00:00,referral,26-35,T3+,aggressive,2204.31,1
1953,2024-07-06 00:00:00,organic,18-25,T2,cautious,1751.35,1
1954,2024-05-21 00:00:00,organic,46-55,T3+,cautious,2556.17,1
1955,2024-11-10 00:00:00,organic,36-45,T1,balanced,3306.27,1
1956,2024-11-08 00:00:00,social,46-55,T3+,balanced,19925.68,1
1957,2024-02-25 00:00:00,organic,36-45,T1,aggressive,7270.35,1
1958,2024-09-13 00:00:00,referral,56+,T2,balanced,5575.63,1
1959,2024-02-24 00:00:00,organic,26-35,T2,aggressive,7124.0,1
1960,2024-08-04 00:00:00,referral,46-55,T2,balanced,12799.93,0
1961,2024-09-08 00:00:00,organic,26-35,T1,balanced,28292.62,0
1962,2024-07-30 00:00:00,organic,36-45,T3+,balanced,8087.26,1
1963,2024-11-03 00:00:00,paid_search,36-45,T1,cautious,67516.33,1
1964,2024-10-17 00:00:00,social,36-45,T1,cautious,2631.03,0
1965,2024-10-09 00:00:00,bank_partner,26-35,T3+,balanced,6292.71,1
1966,2024-09-07 00:00:00,organic,26-35,T2,cautious,5042.53,1
1967,2024-12-29 00:00:00,organic,46-55,T3+,cautious,16237.47,1
1968,2024-03-07 00:00:00,organic,18-25,T3+,balanced,2119.9,1
1969,2024-09-18 00:00:00,referral,46-55,T3+,cautious,17213.99,1
1970,2024-06-02 00:00:00,paid_search,56+,T2,balanced,11478.26,0
1971,2024-05-05 00:00:00,organic,56+,T1,balanced,30097.38,1
1972,2024-05-18 00:00:00,referral,56+,T3+,balanced,15378.75,1
1973,2024-12-31 00:00:00,bank_partner,56+,T3+,aggressive,4797.85,0
1974,2024-02-15 00:00:00,paid_search,26-35,T3+,cautious,3573.28,1
1975,2024-10-20 00:00:00,social,18-25,T3+,balanced,732.94,0
1976,2024-10-19 00:00:00,social,26-35,T2,aggressive,3355.02,1
1977,2024-04-26 00:00:00,social,36-45,T3+,aggressive,10370.85,0
1978,2024-09-30 00:00:00,paid_search,46-55,T3+,balanced,80975.14,1
1979,2024-03-16 00:00:00,bank_partner,46-55,T3+,cautious,30437.47,1
1980,2024-06-05 00:00:00,referral,56+,T2,cautious,11750.13,1
1981,2024-04-08 00:00:00,social,36-45,T2,balanced,5018.0,1
1982,2024-12-23 00:00:00,paid_search,18-25,T2,cautious,23142.75,0
1983,2024-08-24 00:00:00,social,46-55,T2,cautious,8505.66,1
1984,2024-03-29 00:00:00,paid_search,26-35,T1,cautious,9058.83,0
1985,2024-09-21 00:00:00,paid_search,18-25,T1,cautious,20498.51,1
1986,2024-11-17 00:00:00,paid_search,26-35,T1,cautious,32487.92,1
1987,2024-06-23 00:00:00,organic,26-35,T2,aggressive,10636.06,1
1988,2024-03-24 00:00:00,organic,36-45,T2,balanced,14216.79,1
1989,2024-10-31 00:00:00,social,46-55,T3+,balanced,41078.6,1
1990,2024-10-29 00:00:00,social,26-35,T2,balanced,5750.7,0
1991,2024-11-11 00:00:00,paid_search,36-45,T1,cautious,4547.73,1
1992,2024-06-20 00:00:00,social,26-35,T1,cautious,20218.95,1
1993,2024-07-03 00:00:00,bank_partner,26-35,T3+,balanced,5310.73,0
1994,2024-05-20 00:00:00,organic,36-45,T1,balanced,20799.3,1
1995,2024-01-26 00:00:00,organic,36-45,T3+,balanced,31421.61,1
1996,2024-04-02 00:00:00,bank_partner,26-35,T2,balanced,10217.02,1
1997,2024-06-20 00:00:00,referral,56+,T1,aggressive,3641.69,1
1998,2024-06-10 00:00:00,referral,26-35,T2,cautious,4041.75,1
1999,2024-11-21 00:00:00,organic,36-45,T2,cautious,5200.42,0
2000,2024-03-09 00:00:00,bank_partner,36-45,T3+,cautious,11100.27,1
2001,2024-08-22 00:00:00,organic,46-55,T1,aggressive,5851.29,1
2002,2024-07-27 00:00:00,bank_partner,18-25,T2,cautious,2941.69,1
2003,2024-06-02 00:00:00,social,46-55,T3+,cautious,7852.18,0
2004,2024-07-30 00:00:00,social,46-55,T3+,cautious,16242.0,0
2005,2024-07-14 00:00:00,organic,26-35,T2,cautious,10121.74,0
2006,2024-07-12 00:00:00,bank_partner,18-25,T2,balanced,781.52,0
2007,2024-07-21 00:00:00,social,36-45,T2,aggressive,11165.58,1
2008,2024-04-06 00:00:00,paid_search,26-35,T1,balanced,45457.43,1
2009,2024-01-27 00:00:00,organic,26-35,T2,cautious,15845.31,1
2010,2024-01-04 00:00:00,referral,18-25,T3+,balanced,5570.34,0
2011,2024-06-23 00:00:00,social,36-45,T1,balanced,7639.87,1
2012,2024-10-08 00:00:00,bank_partner,56+,T2,aggressive,23186.3,1
2013,2024-02-26 00:00:00,paid_search,18-25,T3+,aggressive,4672.34,1
2014,2024-01-25 00:00:00,social,36-45,T1,cautious,18893.26,1
2015,2024-12-13 00:00:00,organic,36-45,T2,cautious,23571.71,1
2016,2024-11-19 00:00:00,organic,56+,T1,balanced,8242.06,1
2017,2024-10-17 00:00:00,social,36-45,T3+,balanced,3534.18,0
2018,2024-08-04 00:00:00,social,36-45,T2,balanced,182641.32,1
2019,2024-05-18 00:00:00,referral,36-45,T2,balanced,56515.75,1
2020,2024-12-03 00:00:00,paid_search,18-25,T1,aggressive,1805.23,1
2021,2024-11-22 00:00:00,paid_search,18-25,T2,aggressive,3019.41,1
2022,2024-10-01 00:00:00,referral,26-35,T2,balanced,13551.98,1
2023,2024-06-16 00:00:00,referral,36-45,T2,cautious,9291.45,1
2024,2024-05-20 00:00:00,referral,26-35,T2,aggressive,78588.27,1
2025,2024-02-27 00:00:00,referral,36-45,T2,balanced,8177.37,1
2026,2024-11-12 00:00:00,bank_partner,46-55,T3+,balanced,4159.05,0
2027,2024-11-07 00:00:00,bank_partner,18-25,T1,balanced,11291.78,1
2028,2024-10-21 00:00:00,paid_search,26-35,T2,cautious,13054.78,0
2029,2024-05-23 00:00:00,referral,26-35,T3+,cautious,26983.09,1
2030,2024-11-04 00:00:00,organic,36-45,T3+,balanced,8567.65,1
2031,2024-01-16 00:00:00,referral,36-45,T2,aggressive,1423.26,1
2032,2024-06-06 00:00:00,paid_search,36-45,T2,balanced,92520.96,1
2033,2024-04-08 00:00:00,referral,18-25,T1,cautious,10996.24,1
2034,2024-01-11 00:00:00,organic,18-25,T2,cautious,3026.85,0
2035,2024-09-05 00:00:00,organic,18-25,T3+,balanced,2523.51,1
2036,2024-08-27 00:00:00,social,36-45,T2,balanced,3578.11,1
2037,2024-05-27 00:00:00,paid_search,36-45,T3+,cautious,52824.77,1
2038,2024-12-01 00:00:00,organic,26-35,T3+,cautious,14862.54,1
2039,2024-10-19 00:00:00,social,18-25,T2,cautious,2745.11,1
2040,2024-11-24 00:00:00,paid_search,56+,T1,balanced,22402.22,0
2041,2024-08-04 00:00:00,organic,36-45,T3+,balanced,11631.4,0
2042,2024-02-20 00:00:00,bank_partner,36-45,T3+,cautious,12426.89,1
2043,2024-01-30 00:00:00,referral,26-35,T2,cautious,38203.94,1
2044,2024-11-03 00:00:00,paid_search,36-45,T3+,cautious,1634.25,1
2045,2024-03-12 00:00:00,paid_search,18-25,T2,cautious,2340.55,1
2046,2024-03-16 00:00:00,social,36-45,T2,balanced,10269.81,0
2047,2024-08-25 00:00:00,organic,26-35,T3+,aggressive,12577.18,1
2048,2024-12-04 00:00:00,social,26-35,T1,cautious,48510.75,0
2049,2024-12-22 00:00:00,paid_search,46-55,T3+,cautious,54057.77,0
2050,2024-04-04 00:00:00,bank_partner,46-55,T1,balanced,79376.04,0
2051,2024-05-14 00:00:00,referral,36-45,T2,balanced,13837.36,0
2052,2024-07-30 00:00:00,social,36-45,T2,balanced,11790.73,0
2053,2024-07-07 00:00:00,organic,26-35,T3+,cautious,13957.61,1
2054,2024-06-25 00:00:00,social,26-35,T2,balanced,5779.97,1
2055,2024-09-12 00:00:00,referral,36-45,T2,balanced,43919.46,1
2056,2024-02-08 00:00:00,referral,26-35,T1,aggressive,3006.34,1
2057,2024-12-21 00:00:00,social,26-35,T3+,cautious,1185.41,1
2058,2024-07-05 00:00:00,bank_partner,36-45,T2,balanced,19109.82,1
2059,2024-09-20 00:00:00,referral,36-45,T2,cautious,12585.6,1
2060,2024-04-02 00:00:00,bank_partner,18-25,T3+,aggressive,1983.31,0
2061,2024-05-03 00:00:00,bank_partner,36-45,T3+,aggressive,6577.42,1
2062,2024-10-18 00:00:00,organic,18-25,T3+,aggressive,5234.69,1
2063,2024-04-24 00:00:00,organic,36-45,T2,cautious,2608.8,1
2064,2024-03-27 00:00:00,referral,56+,T2,balanced,26106.5,1
2065,2024-03-06 00:00:00,social,26-35,T3+,cautious,11253.99,1
2066,2024-12-29 00:00:00,social,26-35,T1,cautious,5812.76,1
2067,2024-06-12 00:00:00,organic,26-35,T1,aggressive,10832.13,1
2068,2024-04-16 00:00:00,bank_partner,36-45,T3+,cautious,7614.67,0
2069,2024-08-28 00:00:00,bank_partner,26-35,T2,cautious,2390.21,0
2070,2024-12-29 00:00:00,paid_search,46-55,T1,aggressive,5359.94,0
2071,2024-12-05 00:00:00,referral,46-55,T1,balanced,117134.47,1
2072,2024-01-18 00:00:00,organic,36-45,T2,balanced,1775.16,0
2073,2024-10-08 00:00:00,bank_partner,56+,T3+,cautious,6955.18,0
2074,2024-10-10 00:00:00,organic,36-45,T2,cautious,4694.28,0
2075,2024-03-24 00:00:00,bank_partner,36-45,T3+,balanced,7739.36,0
2076,2024-06-25 00:00:00,organic,18-25,T1,cautious,4512.53,1
2077,2024-03-22 00:00:00,social,36-45,T3+,balanced,3946.66,1
2078,2024-12-27 00:00:00,bank_partner,26-35,T3+,cautious,21634.88,0
2079,2024-02-01 00:00:00,organic,26-35,T3+,cautious,4868.09,1
2080,2024-04-23 00:00:00,organic,36-45,T1,aggressive,14401.35,1
2081,2024-10-28 00:00:00,social,46-55,T1,cautious,7784.5,1
2082,2024-02-18 00:00:00,paid_search,26-35,T3+,balanced,3171.68,1
2083,2024-12-11 00:00:00,organic,36-45,T2,balanced,12865.45,1
2084,2024-11-22 00:00:00,bank_partner,36-45,T2,balanced,16919.29,0
2085,2024-05-04 00:00:00,organic,36-45,T2,cautious,4149.0,0
2086,2024-11-10 00:00:00,referral,18-25,T1,balanced,500.0,1
2087,2024-07-07 00:00:00,organic,26-35,T2,balanced,9409.57,1
2088,2024-06-07 00:00:00,organic,26-35,T2,balanced,50719.99,1
2089,2024-07-19 00:00:00,social,46-55,T3+,balanced,11238.09,1
2090,2024-10-30 00:00:00,referral,36-45,T3+,aggressive,23002.28,1
2091,2024-04-07 00:00:00,social,26-35,T1,balanced,13275.84,1
2092,2024-04-17 00:00:00,organic,46-55,T2,balanced,12009.18,0
2093,2024-07-10 00:00:00,social,26-35,T1,balanced,2836.87,0
2094,2024-06-13 00:00:00,paid_search,46-55,T1,aggressive,25638.21,1
2095,2024-08-24 00:00:00,organic,36-45,T2,balanced,10990.68,1
2096,2024-10-03 00:00:00,referral,18-25,T3+,balanced,3089.23,1
2097,2024-10-21 00:00:00,organic,46-55,T2,balanced,37533.73,1
2098,2024-11-11 00:00:00,paid_search,36-45,T1,aggressive,7625.92,0
2099,2024-09-15 00:00:00,paid_search,26-35,T2,balanced,776.68,1
2100,2024-11-24 00:00:00,organic,26-35,T1,balanced,12056.41,1
2101,2024-08-24 00:00:00,social,36-45,T2,balanced,38134.78,0
2102,2024-06-21 00:00:00,paid_search,18-25,T1,balanced,50626.4,1
2103,2024-08-07 00:00:00,paid_search,36-45,T3+,aggressive,14844.03,1
2104,2024-06-12 00:00:00,paid_search,26-35,T3+,aggressive,1121.48,1
2105,2024-05-27 00:00:00,bank_partner,26-35,T2,balanced,12274.13,1
2106,2024-06-16 00:00:00,paid_search,18-25,T1,balanced,18968.7,1
2107,2024-09-25 00:00:00,referral,36-45,T3+,cautious,10804.46,1
2108,2024-07-13 00:00:00,organic,56+,T1,balanced,46340.67,0
2109,2024-06-21 00:00:00,referral,56+,T3+,cautious,41414.46,0
2110,2024-02-05 00:00:00,referral,36-45,T2,balanced,14401.31,1
2111,2024-02-20 00:00:00,referral,46-55,T3+,cautious,11026.33,1
2112,2024-10-31 00:00:00,bank_partner,26-35,T1,balanced,2391.09,1
2113,2024-12-03 00:00:00,social,18-25,T2,aggressive,2401.7,0
2114,2024-10-23 00:00:00,social,46-55,T1,aggressive,22329.74,1
2115,2024-05-03 00:00:00,organic,36-45,T1,balanced,7521.31,0
2116,2024-03-21 00:00:00,paid_search,26-35,T3+,cautious,4935.8,1
2117,2024-11-12 00:00:00,social,56+,T1,balanced,13732.29,1
2118,2024-10-03 00:00:00,referral,18-25,T2,balanced,8806.65,1
2119,2024-06-04 00:00:00,bank_partner,26-35,T1,cautious,2881.64,1
2120,2024-03-30 00:00:00,paid_search,26-35,T2,balanced,10153.94,1
2121,2024-03-28 00:00:00,bank_partner,26-35,T2,balanced,14486.46,1
2122,2024-09-06 00:00:00,organic,46-55,T2,cautious,5365.74,1
2123,2024-08-09 00:00:00,bank_partner,26-35,T2,balanced,6064.56,1
2124,2024-08-17 00:00:00,bank_partner,36-45,T1,balanced,4377.1,0
2125,2024-03-17 00:00:00,bank_partner,36-45,T3+,balanced,9554.94,0
2126,2024-11-29 00:00:00,paid_search,46-55,T2,balanced,26387.63,0
2127,2024-01-09 00:00:00,organic,36-45,T3+,balanced,7442.53,0
2128,2024-08-27 00:00:00,organic,36-45,T1,cautious,7011.75,1
2129,2024-01-02 00:00:00,referral,36-45,T2,balanced,2970.94,1
2130,2024-10-05 00:00:00,referral,26-35,T2,cautious,8274.28,1
2131,2024-09-14 00:00:00,referral,18-25,T2,balanced,14158.81,1
2132,2024-03-11 00:00:00,organic,26-35,T2,cautious,6471.04,1
2133,2024-11-19 00:00:00,organic,18-25,T1,cautious,2407.51,1
2134,2024-12-10 00:00:00,referral,36-45,T2,balanced,19741.08,1
2135,2024-03-13 00:00:00,bank_partner,46-55,T3+,balanced,57348.16,0
2136,2024-01-28 00:00:00,paid_search,36-45,T3+,cautious,23189.97,0
2137,2024-11-18 00:00:00,paid_search,18-25,T1,balanced,1134.25,1
2138,2024-12-30 00:00:00,social,26-35,T3+,balanced,101230.82,0
2139,2024-02-03 00:00:00,bank_partner,36-45,T3+,balanced,3510.8,0
2140,2024-07-07 00:00:00,organic,26-35,T2,balanced,12933.99,1
2141,2024-10-06 00:00:00,social,26-35,T1,aggressive,37052.77,0
2142,2024-08-19 00:00:00,referral,46-55,T2,cautious,6667.37,1
2143,2024-07-26 00:00:00,social,26-35,T3+,balanced,4500.09,1
2144,2024-05-08 00:00:00,paid_search,26-35,T1,aggressive,8200.19,1
2145,2024-10-02 00:00:00,social,26-35,T1,cautious,8213.6,0
2146,2024-04-14 00:00:00,social,18-25,T1,balanced,9090.73,1
2147,2024-06-09 00:00:00,organic,26-35,T3+,balanced,28544.83,1
2148,2024-12-22 00:00:00,social,26-35,T2,aggressive,6524.37,1
2149,2024-12-02 00:00:00,referral,46-55,T1,balanced,7174.09,1
2150,2024-09-10 00:00:00,social,36-45,T3+,aggressive,3514.86,1
2151,2024-07-28 00:00:00,referral,46-55,T1,balanced,9258.74,1
2152,2024-07-08 00:00:00,organic,18-25,T3+,aggressive,3145.51,1
2153,2024-07-21 00:00:00,social,18-25,T1,balanced,10322.94,1
2154,2024-01-13 00:00:00,paid_search,56+,T2,cautious,13338.75,0
2155,2024-10-17 00:00:00,paid_search,36-45,T2,balanced,5050.21,1
2156,2024-11-21 00:00:00,paid_search,26-35,T3+,cautious,4505.23,1
2157,2024-06-03 00:00:00,paid_search,26-35,T2,aggressive,22626.55,1
2158,2024-09-29 00:00:00,social,36-45,T1,aggressive,6265.85,0
2159,2024-08-05 00:00:00,paid_search,26-35,T3+,balanced,7405.17,1
2160,2024-05-09 00:00:00,paid_search,36-45,T3+,aggressive,6974.99,1
2161,2024-03-21 00:00:00,bank_partner,18-25,T3+,cautious,1249.09,0
2162,2024-02-10 00:00:00,social,18-25,T1,aggressive,2031.98,1
2163,2024-08-25 00:00:00,organic,46-55,T3+,balanced,7881.2,0
2164,2024-01-12 00:00:00,social,36-45,T3+,balanced,23197.3,0
2165,2024-04-06 00:00:00,referral,46-55,T1,cautious,40011.88,1
2166,2024-11-06 00:00:00,social,18-25,T2,cautious,13204.67,1
2167,2024-06-27 00:00:00,paid_search,18-25,T1,cautious,7328.64,0
2168,2024-12-04 00:00:00,organic,36-45,T2,cautious,53954.95,1
2169,2024-07-31 00:00:00,paid_search,46-55,T2,balanced,7153.61,1
2170,2024-01-25 00:00:00,bank_partner,18-25,T2,cautious,18555.74,1
2171,2024-06-07 00:00:00,referral,36-45,T1,balanced,8087.03,0
2172,2024-09-14 00:00:00,bank_partner,26-35,T1,balanced,6518.02,1
2173,2024-03-08 00:00:00,social,18-25,T1,balanced,1591.64,0
2174,2024-01-12 00:00:00,organic,26-35,T1,cautious,3494.12,1
2175,2024-03-15 00:00:00,organic,18-25,T3+,aggressive,2820.92,1
2176,2024-08-07 00:00:00,organic,36-45,T3+,cautious,5227.74,1
2177,2024-08-20 00:00:00,social,26-35,T3+,cautious,5476.46,1
2178,2024-07-03 00:00:00,organic,36-45,T1,cautious,6765.25,1
2179,2024-06-07 00:00:00,social,26-35,T2,balanced,13148.62,1
2180,2024-03-23 00:00:00,organic,26-35,T2,cautious,3676.77,1
2181,2024-09-21 00:00:00,organic,36-45,T2,aggressive,27520.72,1
2182,2024-03-10 00:00:00,referral,46-55,T2,cautious,11610.63,1
2183,2024-07-19 00:00:00,paid_search,18-25,T3+,balanced,4502.97,1
2184,2024-04-25 00:00:00,paid_search,46-55,T2,balanced,11717.43,0
2185,2024-11-16 00:00:00,organic,26-35,T3+,balanced,37529.64,0
2186,2024-11-23 00:00:00,organic,36-45,T2,cautious,15241.34,1
2187,2024-05-04 00:00:00,referral,36-45,T2,balanced,28429.58,1
2188,2024-06-27 00:00:00,paid_search,26-35,T2,cautious,4940.7,1
2189,2024-02-11 00:00:00,paid_search,46-55,T2,aggressive,32947.54,1
2190,2024-07-06 00:00:00,organic,26-35,T3+,balanced,3801.68,1
2191,2024-03-14 00:00:00,social,26-35,T3+,cautious,11977.02,1
2192,2024-09-29 00:00:00,paid_search,36-45,T3+,cautious,7454.64,1
2193,2024-01-08 00:00:00,social,36-45,T1,aggressive,17349.82,1
2194,2024-05-16 00:00:00,bank_partner,56+,T3+,cautious,10490.31,1
2195,2024-07-05 00:00:00,organic,26-35,T1,balanced,16310.31,1
2196,2024-03-07 00:00:00,referral,56+,T3+,cautious,10238.38,1
2197,2024-10-12 00:00:00,referral,26-35,T2,cautious,2671.24,1
2198,2024-09-20 00:00:00,social,56+,T2,balanced,8887.49,1
2199,2024-08-19 00:00:00,referral,26-35,T2,balanced,7261.44,1
2200,2024-04-05 00:00:00,paid_search,46-55,T3+,balanced,7241.26,1
2201,2024-05-18 00:00:00,social,18-25,T3+,balanced,926.88,1
2202,2024-01-18 00:00:00,referral,26-35,T2,aggressive,8806.66,1
2203,2024-08-22 00:00:00,bank_partner,18-25,T1,balanced,17030.84,1
2204,2024-11-04 00:00:00,organic,56+,T2,aggressive,7201.21,1
2205,2024-07-20 00:00:00,social,26-35,T2,balanced,1326.68,1
2206,2024-05-03 00:00:00,referral,36-45,T1,balanced,26336.76,1
2207,2024-12-29 00:00:00,paid_search,46-55,T3+,balanced,18951.91,1
2208,2024-06-20 00:00:00,organic,36-45,T2,aggressive,6962.05,1
2209,2024-04-09 00:00:00,paid_search,36-45,T2,cautious,22614.98,0
2210,2024-09-02 00:00:00,organic,26-35,T3+,aggressive,28893.14,1
2211,2024-09-06 00:00:00,bank_partner,18-25,T1,aggressive,5323.29,1
2212,2024-11-08 00:00:00,social,36-45,T1,aggressive,7133.36,1
2213,2024-12-02 00:00:00,paid_search,36-45,T3+,aggressive,52484.02,1
2214,2024-09-05 00:00:00,paid_search,36-45,T3+,cautious,4151.16,1
2215,2024-06-23 00:00:00,paid_search,26-35,T2,balanced,57103.45,0
2216,2024-08-25 00:00:00,paid_search,36-45,T1,balanced,24966.79,1
2217,2024-10-21 00:00:00,organic,36-45,T2,aggressive,61432.11,0
2218,2024-03-06 00:00:00,social,26-35,T2,aggressive,16356.08,0
2219,2024-03-02 00:00:00,organic,36-45,T1,balanced,4376.44,1
2220,2024-02-21 00:00:00,organic,26-35,T3+,balanced,9850.67,1
2221,2024-02-11 00:00:00,referral,26-35,T2,balanced,1407.02,0
2222,2024-03-21 00:00:00,referral,46-55,T2,aggressive,21650.4,0
2223,2024-05-03 00:00:00,paid_search,26-35,T2,balanced,2752.33,1
2224,2024-09-06 00:00:00,organic,46-55,T1,balanced,63936.74,1
2225,2024-05-20 00:00:00,organic,26-35,T2,cautious,7508.21,1
2226,2024-07-28 00:00:00,paid_search,18-25,T2,cautious,11342.82,1
2227,2024-04-28 00:00:00,organic,46-55,T1,balanced,33188.1,1
2228,2024-05-21 00:00:00,organic,26-35,T1,cautious,15072.47,1
2229,2024-09-09 00:00:00,paid_search,36-45,T3+,cautious,32955.78,0
2230,2024-05-29 00:00:00,organic,18-25,T3+,balanced,14526.72,1
2231,2024-04-18 00:00:00,organic,26-35,T2,balanced,2811.96,1
2232,2024-09-05 00:00:00,referral,26-35,T1,balanced,10491.19,0
2233,2024-12-01 00:00:00,organic,36-45,T2,balanced,39738.97,1
2234,2024-09-20 00:00:00,bank_partner,46-55,T1,aggressive,1765.29,1
2235,2024-02-18 00:00:00,organic,36-45,T3+,cautious,28181.9,1
2236,2024-03-05 00:00:00,social,26-35,T2,cautious,5404.81,1
2237,2024-03-21 00:00:00,organic,36-45,T1,cautious,4503.13,0
2238,2024-07-30 00:00:00,organic,36-45,T1,cautious,4664.98,1
2239,2024-10-28 00:00:00,bank_partner,18-25,T1,balanced,1020.19,1
2240,2024-07-05 00:00:00,organic,36-45,T1,balanced,38745.31,1
2241,2024-12-25 00:00:00,organic,18-25,T2,balanced,1978.42,1
2242,2024-03-17 00:00:00,organic,26-35,T1,cautious,6587.67,1
2243,2024-03-23 00:00:00,paid_search,36-45,T3+,balanced,6987.18,1
2244,2024-07-05 00:00:00,paid_search,56+,T2,cautious,19738.01,0
2245,2024-06-14 00:00:00,paid_search,36-45,T3+,balanced,257721.3,1
2246,2024-02-16 00:00:00,organic,26-35,T3+,aggressive,3720.2,1
2247,2024-06-06 00:00:00,organic,46-55,T2,balanced,51267.57,1
2248,2024-01-11 00:00:00,bank_partner,26-35,T3+,cautious,9590.16,1
2249,2024-11-20 00:00:00,social,18-25,T2,cautious,3812.82,0
2250,2024-08-02 00:00:00,referral,18-25,T3+,balanced,2851.63,1
2251,2024-06-09 00:00:00,organic,36-45,T3+,balanced,9671.89,1
2252,2024-08-09 00:00:00,social,18-25,T1,balanced,5520.24,0
2253,2024-03-24 00:00:00,paid_search,36-45,T2,balanced,42444.31,1
2254,2024-04-30 00:00:00,bank_partner,26-35,T3+,balanced,3858.22,1
2255,2024-12-03 00:00:00,paid_search,26-35,T3+,cautious,5288.66,1
2256,2024-03-26 00:00:00,bank_partner,26-35,T3+,balanced,4380.87,0
2257,2024-02-04 00:00:00,organic,18-25,T3+,cautious,60327.24,1
2258,2024-12-21 00:00:00,referral,36-45,T2,balanced,6722.53,1
2259,2024-12-29 00:00:00,organic,18-25,T2,cautious,842.48,1
2260,2024-11-05 00:00:00,bank_partner,26-35,T3+,balanced,2394.84,1
2261,2024-09-22 00:00:00,paid_search,26-35,T2,cautious,4907.76,1
2262,2024-06-28 00:00:00,organic,26-35,T3+,balanced,7955.41,1
2263,2024-09-29 00:00:00,paid_search,36-45,T2,cautious,24619.89,1
2264,2024-05-07 00:00:00,organic,26-35,T2,cautious,4086.4,1
2265,2024-10-29 00:00:00,paid_search,26-35,T3+,balanced,2028.38,0
2266,2024-12-01 00:00:00,organic,26-35,T3+,balanced,6436.09,1
2267,2024-01-09 00:00:00,organic,46-55,T2,balanced,11481.1,1
2268,2024-09-19 00:00:00,referral,36-45,T2,balanced,15991.18,1
2269,2024-05-16 00:00:00,paid_search,26-35,T3+,cautious,26796.51,1
2270,2024-02-22 00:00:00,organic,18-25,T2,cautious,14132.03,0
2271,2024-07-23 00:00:00,organic,46-55,T3+,balanced,2534.05,0
2272,2024-11-25 00:00:00,bank_partner,26-35,T2,balanced,4627.82,1
2273,2024-07-07 00:00:00,bank_partner,18-25,T3+,balanced,769.17,1
2274,2024-03-26 00:00:00,organic,56+,T1,cautious,32949.92,1
2275,2024-09-27 00:00:00,paid_search,26-35,T2,cautious,16700.88,1
2276,2024-02-19 00:00:00,social,26-35,T3+,cautious,78818.78,1
2277,2024-09-18 00:00:00,organic,46-55,T3+,cautious,172525.6,0
2278,2024-11-07 00:00:00,bank_partner,36-45,T1,aggressive,10525.2,0
2279,2024-05-23 00:00:00,bank_partner,46-55,T2,cautious,45380.09,1
2280,2024-10-10 00:00:00,organic,36-45,T3+,balanced,120764.82,1
2281,2024-06-30 00:00:00,referral,18-25,T2,balanced,13243.31,1
2282,2024-12-31 00:00:00,paid_search,46-55,T1,cautious,26442.01,1
2283,2024-08-29 00:00:00,paid_search,46-55,T1,cautious,41703.82,0
2284,2024-08-11 00:00:00,paid_search,26-35,T1,balanced,10452.59,1
2285,2024-11-18 00:00:00,social,36-45,T1,aggressive,130798.09,1
2286,2024-12-08 00:00:00,social,36-45,T2,aggressive,115540.89,0
2287,2024-07-15 00:00:00,paid_search,18-25,T3+,balanced,5244.71,1
2288,2024-04-19 00:00:00,paid_search,26-35,T1,balanced,3736.83,1
2289,2024-08-31 00:00:00,social,26-35,T3+,balanced,10061.59,0
2290,2024-01-25 00:00:00,organic,46-55,T1,aggressive,32302.06,0
2291,2024-03-08 00:00:00,bank_partner,26-35,T2,balanced,8835.14,1
2292,2024-12-20 00:00:00,referral,26-35,T3+,balanced,13819.08,1
2293,2024-07-17 00:00:00,organic,36-45,T1,balanced,8013.64,1
2294,2024-02-24 00:00:00,bank_partner,46-55,T3+,cautious,2629.09,1
2295,2024-01-28 00:00:00,organic,46-55,T1,balanced,62311.26,1
2296,2024-06-16 00:00:00,paid_search,26-35,T3+,cautious,500.0,0
2297,2024-07-07 00:00:00,organic,26-35,T3+,balanced,24647.1,1
2298,2024-04-22 00:00:00,paid_search,36-45,T3+,balanced,1168.58,1
2299,2024-08-12 00:00:00,paid_search,56+,T2,aggressive,6781.8,1
2300,2024-07-22 00:00:00,paid_search,56+,T3+,balanced,28285.74,1
2301,2024-09-21 00:00:00,social,36-45,T2,cautious,10273.13,0
2302,2024-09-20 00:00:00,organic,26-35,T3+,cautious,80336.82,1
2303,2024-10-06 00:00:00,bank_partner,26-35,T2,aggressive,5710.71,1
2304,2024-06-11 00:00:00,organic,26-35,T2,balanced,47863.09,1
2305,2024-02-01 00:00:00,organic,46-55,T1,cautious,4940.05,1
2306,2024-07-29 00:00:00,referral,26-35,T3+,aggressive,16469.17,1
2307,2024-06-17 00:00:00,organic,26-35,T1,cautious,4817.46,1
2308,2024-10-05 00:00:00,organic,18-25,T3+,balanced,18575.81,1
2309,2024-01-11 00:00:00,bank_partner,26-35,T3+,cautious,6894.53,1
2310,2024-10-11 00:00:00,social,26-35,T2,cautious,18109.83,0
2311,2024-05-17 00:00:00,organic,56+,T1,aggressive,3534.86,1
2312,2024-03-23 00:00:00,social,36-45,T1,balanced,8810.36,1
2313,2024-12-14 00:00:00,social,26-35,T1,aggressive,15669.43,1
2314,2024-06-09 00:00:00,bank_partner,26-35,T2,balanced,34760.35,0
2315,2024-07-10 00:00:00,organic,18-25,T2,cautious,2265.14,1
2316,2024-01-16 00:00:00,referral,26-35,T3+,aggressive,18035.27,1
2317,2024-10-11 00:00:00,organic,26-35,T3+,cautious,6580.52,1
2318,2024-08-13 00:00:00,paid_search,36-45,T2,balanced,11334.76,0
2319,2024-05-07 00:00:00,paid_search,36-45,T1,balanced,7600.97,1
2320,2024-02-13 00:00:00,paid_search,26-35,T2,balanced,7739.51,1
2321,2024-03-08 00:00:00,organic,46-55,T1,cautious,6278.39,1
2322,2024-07-02 00:00:00,referral,36-45,T2,aggressive,33543.24,1
2323,2024-11-02 00:00:00,bank_partner,36-45,T3+,balanced,39037.19,1
2324,2024-03-18 00:00:00,bank_partner,18-25,T2,balanced,7421.08,0
2325,2024-11-29 00:00:00,bank_partner,26-35,T3+,balanced,59634.58,1
2326,2024-12-05 00:00:00,paid_search,36-45,T2,balanced,36497.58,1
2327,2024-03-15 00:00:00,referral,36-45,T1,balanced,22058.88,1
2328,2024-05-22 00:00:00,bank_partner,56+,T1,cautious,8752.8,1
2329,2024-04-24 00:00:00,bank_partner,46-55,T1,balanced,42018.27,0
2330,2024-12-12 00:00:00,organic,36-45,T3+,balanced,3787.77,1
2331,2024-06-10 00:00:00,paid_search,26-35,T3+,balanced,37768.76,1
2332,2024-03-17 00:00:00,referral,36-45,T2,aggressive,10620.99,0
2333,2024-06-01 00:00:00,paid_search,26-35,T2,cautious,30979.51,0
2334,2024-02-14 00:00:00,paid_search,36-45,T2,aggressive,2590.28,1
2335,2024-09-23 00:00:00,referral,36-45,T2,cautious,15367.02,1
2336,2024-11-15 00:00:00,paid_search,26-35,T1,cautious,18131.24,1
2337,2024-09-22 00:00:00,paid_search,56+,T2,aggressive,52707.13,1
2338,2024-05-08 00:00:00,referral,26-35,T3+,cautious,27095.22,1
2339,2024-05-18 00:00:00,social,26-35,T2,balanced,11087.75,1
2340,2024-03-26 00:00:00,organic,36-45,T3+,balanced,11610.36,1
2341,2024-10-06 00:00:00,organic,26-35,T1,cautious,22766.4,1
2342,2024-08-28 00:00:00,social,46-55,T2,balanced,9852.74,1
2343,2024-02-08 00:00:00,paid_search,46-55,T2,balanced,33328.87,1
2344,2024-03-17 00:00:00,social,36-45,T1,cautious,3401.18,1
2345,2024-08-22 00:00:00,paid_search,18-25,T3+,balanced,3123.97,0
2346,2024-03-04 00:00:00,social,36-45,T2,cautious,12445.35,1
2347,2024-08-24 00:00:00,paid_search,26-35,T2,cautious,2844.71,1
2348,2024-07-12 00:00:00,paid_search,56+,T3+,balanced,20572.44,1
2349,2024-03-01 00:00:00,organic,18-25,T3+,balanced,837.75,1
2350,2024-01-02 00:00:00,organic,26-35,T1,aggressive,8687.83,1
2351,2024-09-28 00:00:00,paid_search,46-55,T1,cautious,20507.73,1
2352,2024-10-11 00:00:00,referral,46-55,T3+,aggressive,15830.71,1
2353,2024-05-09 00:00:00,referral,36-45,T1,balanced,3395.8,1
2354,2024-02-24 00:00:00,bank_partner,36-45,T2,cautious,1601.32,1
2355,2024-09-28 00:00:00,organic,26-35,T3+,balanced,1211.84,1
2356,2024-12-17 00:00:00,organic,36-45,T3+,balanced,7804.48,1
2357,2024-06-03 00:00:00,bank_partner,26-35,T3+,balanced,3436.75,1
2358,2024-11-30 00:00:00,referral,26-35,T2,cautious,5829.83,1
2359,2024-02-18 00:00:00,bank_partner,36-45,T2,aggressive,14454.26,1
2360,2024-06-29 00:00:00,social,46-55,T1,balanced,24129.02,1
2361,2024-02-04 00:00:00,paid_search,26-35,T1,cautious,20010.27,1
2362,2024-08-06 00:00:00,referral,36-45,T2,cautious,18265.69,1
2363,2024-08-09 00:00:00,paid_search,36-45,T3+,balanced,3196.09,1
2364,2024-03-07 00:00:00,organic,46-55,T3+,cautious,35925.64,0
2365,2024-09-09 00:00:00,referral,36-45,T3+,cautious,42461.31,1
2366,2024-04-17 00:00:00,paid_search,18-25,T3+,cautious,2178.39,1
2367,2024-04-08 00:00:00,bank_partner,18-25,T3+,cautious,11923.51,0
2368,2024-10-23 00:00:00,bank_partner,46-55,T2,aggressive,7800.85,1
2369,2024-03-29 00:00:00,organic,36-45,T2,cautious,7316.48,1
2370,2024-09-20 00:00:00,social,46-55,T3+,balanced,22935.19,1
2371,2024-04-12 00:00:00,bank_partner,56+,T2,aggressive,8599.02,1
2372,2024-12-14 00:00:00,paid_search,26-35,T3+,cautious,9616.42,1
2373,2024-03-20 00:00:00,paid_search,26-35,T2,cautious,18805.5,1
2374,2024-12-23 00:00:00,bank_partner,46-55,T2,balanced,27793.74,1
2375,2024-05-28 00:00:00,social,36-45,T1,cautious,4139.29,1
2376,2024-07-21 00:00:00,paid_search,26-35,T2,balanced,6940.35,1
2377,2024-05-09 00:00:00,organic,36-45,T3+,cautious,3596.59,1
2378,2024-09-08 00:00:00,paid_search,26-35,T2,balanced,4114.02,1
2379,2024-08-21 00:00:00,referral,18-25,T1,cautious,5810.74,1
2380,2024-05-03 00:00:00,social,36-45,T1,cautious,10422.66,0
2381,2024-09-26 00:00:00,organic,18-25,T3+,balanced,7966.82,1
2382,2024-05-21 00:00:00,paid_search,18-25,T3+,balanced,16959.55,1
2383,2024-11-19 00:00:00,referral,36-45,T1,cautious,9177.57,1
2384,2024-01-08 00:00:00,social,46-55,T3+,balanced,2566.16,1
2385,2024-12-09 00:00:00,bank_partner,26-35,T1,aggressive,3895.08,1
2386,2024-06-26 00:00:00,paid_search,36-45,T3+,balanced,3799.45,1
2387,2024-07-07 00:00:00,referral,46-55,T3+,balanced,30018.2,0
2388,2024-08-06 00:00:00,social,26-35,T2,balanced,6659.12,1
2389,2024-07-15 00:00:00,organic,36-45,T3+,aggressive,9262.28,1
2390,2024-08-17 00:00:00,paid_search,46-55,T1,cautious,38954.77,0
2391,2024-12-27 00:00:00,social,46-55,T3+,cautious,4703.88,1
2392,2024-02-03 00:00:00,social,26-35,T1,cautious,2154.5,0
2393,2024-10-11 00:00:00,referral,26-35,T3+,balanced,8004.31,1
2394,2024-04-11 00:00:00,organic,18-25,T2,balanced,2034.13,1
2395,2024-03-02 00:00:00,bank_partner,36-45,T2,balanced,3493.35,1
2396,2024-04-02 00:00:00,organic,26-35,T2,balanced,3330.93,1
2397,2024-08-05 00:00:00,organic,56+,T2,balanced,9606.83,0
2398,2024-09-12 00:00:00,social,36-45,T3+,balanced,11253.21,0
2399,2024-10-13 00:00:00,organic,18-25,T3+,balanced,1983.46,1
2400,2024-05-26 00:00:00,paid_search,36-45,T1,aggressive,12321.26,1
2401,2024-10-31 00:00:00,bank_partner,36-45,T1,aggressive,6408.12,0
2402,2024-02-16 00:00:00,paid_search,18-25,T1,cautious,1280.4,1
2403,2024-05-21 00:00:00,social,36-45,T1,cautious,7549.92,0
2404,2024-04-03 00:00:00,social,36-45,T3+,balanced,2167.14,0
2405,2024-08-27 00:00:00,social,56+,T1,balanced,2233.78,1
2406,2024-04-18 00:00:00,organic,46-55,T1,balanced,5443.89,1
2407,2024-10-19 00:00:00,paid_search,36-45,T2,balanced,5141.55,1
2408,2024-03-12 00:00:00,bank_partner,36-45,T1,balanced,5753.48,1
2409,2024-06-29 00:00:00,social,18-25,T2,balanced,8338.52,1
2410,2024-06-23 00:00:00,referral,36-45,T3+,balanced,41784.07,1
2411,2024-08-26 00:00:00,bank_partner,56+,T2,aggressive,9822.29,0
2412,2024-10-09 00:00:00,paid_search,36-45,T1,balanced,31356.06,1
2413,2024-07-17 00:00:00,organic,36-45,T3+,balanced,6148.14,1
2414,2024-02-15 00:00:00,referral,18-25,T2,aggressive,5944.96,1
2415,2024-06-01 00:00:00,bank_partner,36-45,T1,balanced,24123.41,0
2416,2024-02-26 00:00:00,social,56+,T3+,cautious,31234.59,1
2417,2024-06-20 00:00:00,paid_search,18-25,T3+,cautious,37564.05,0
2418,2024-08-22 00:00:00,organic,46-55,T3+,cautious,27826.75,1
2419,2024-05-20 00:00:00,referral,36-45,T2,cautious,2282.34,1
2420,2024-11-07 00:00:00,social,26-35,T1,balanced,57806.05,1
2421,2024-02-17 00:00:00,paid_search,36-45,T2,balanced,4372.94,1
2422,2024-01-23 00:00:00,organic,36-45,T2,balanced,1829.27,0
2423,2024-11-19 00:00:00,organic,18-25,T2,cautious,30442.33,0
2424,2024-10-18 00:00:00,social,18-25,T2,cautious,23623.14,0
2425,2024-11-26 00:00:00,paid_search,46-55,T2,balanced,29534.19,1
2426,2024-12-09 00:00:00,referral,36-45,T3+,aggressive,8372.64,1
2427,2024-09-16 00:00:00,paid_search,26-35,T2,balanced,8724.93,1
2428,2024-07-16 00:00:00,organic,36-45,T1,cautious,13507.13,0
2429,2024-04-01 00:00:00,organic,36-45,T2,cautious,2598.84,1
2430,2024-11-03 00:00:00,paid_search,36-45,T3+,aggressive,82517.26,1
2431,2024-04-06 00:00:00,organic,26-35,T1,cautious,1319.64,0
2432,2024-02-21 00:00:00,bank_partner,46-55,T3+,balanced,10970.31,1
2433,2024-08-26 00:00:00,referral,26-35,T3+,balanced,6012.97,1
2434,2024-02-16 00:00:00,organic,36-45,T2,balanced,3467.1,1
2435,2024-04-29 00:00:00,social,46-55,T3+,cautious,1822.25,1
2436,2024-04-15 00:00:00,organic,26-35,T3+,cautious,15606.43,1
2437,2024-03-11 00:00:00,paid_search,56+,T3+,cautious,22739.25,1
2438,2024-02-05 00:00:00,organic,26-35,T2,balanced,36922.48,1
2439,2024-02-28 00:00:00,organic,26-35,T1,aggressive,2770.91,1
2440,2024-07-17 00:00:00,organic,56+,T3+,balanced,65099.97,0
2441,2024-04-20 00:00:00,social,26-35,T1,balanced,4515.22,0
2442,2024-12-29 00:00:00,referral,26-35,T1,cautious,993.05,1
2443,2024-06-28 00:00:00,organic,56+,T1,cautious,1585.47,1
2444,2024-05-29 00:00:00,organic,56+,T2,cautious,18566.0,0
2445,2024-01-03 00:00:00,referral,36-45,T1,balanced,120204.32,1
2446,2024-02-10 00:00:00,social,26-35,T1,aggressive,17951.32,1
2447,2024-11-25 00:00:00,organic,26-35,T1,cautious,32281.5,1
2448,2024-04-14 00:00:00,referral,26-35,T2,balanced,15058.96,1
2449,2024-08-12 00:00:00,bank_partner,36-45,T2,cautious,11476.12,0
2450,2024-05-09 00:00:00,social,26-35,T3+,aggressive,9352.8,1
2451,2024-12-08 00:00:00,organic,18-25,T3+,cautious,5580.15,1
2452,2024-05-07 00:00:00,referral,18-25,T1,balanced,28974.16,1
2453,2024-04-29 00:00:00,bank_partner,46-55,T3+,cautious,5485.05,0
2454,2024-11-30 00:00:00,paid_search,36-45,T1,cautious,6220.44,1
2455,2024-08-24 00:00:00,paid_search,36-45,T3+,cautious,9377.22,1
2456,2024-06-17 00:00:00,organic,26-35,T3+,cautious,10761.33,1
2457,2024-11-08 00:00:00,paid_search,36-45,T3+,cautious,3955.78,1
2458,2024-05-29 00:00:00,paid_search,26-35,T2,cautious,2591.65,1
2459,2024-11-13 00:00:00,referral,36-45,T1,balanced,8450.95,1
2460,2024-03-15 00:00:00,organic,26-35,T1,cautious,14026.39,1
2461,2024-09-24 00:00:00,social,18-25,T1,balanced,9982.14,1
2462,2024-07-14 00:00:00,organic,56+,T3+,aggressive,47629.48,1
2463,2024-04-25 00:00:00,paid_search,46-55,T1,balanced,1721.89,1
2464,2024-05-13 00:00:00,organic,36-45,T3+,aggressive,3502.16,0
2465,2024-08-31 00:00:00,organic,26-35,T2,balanced,6201.02,1
2466,2024-05-18 00:00:00,organic,36-45,T2,cautious,9051.85,1
2467,2024-10-24 00:00:00,paid_search,26-35,T3+,aggressive,27063.54,1
2468,2024-11-06 00:00:00,organic,46-55,T2,cautious,40619.41,1
2469,2024-11-26 00:00:00,social,56+,T2,balanced,33813.17,1
2470,2024-11-30 00:00:00,organic,56+,T2,balanced,9124.4,0
2471,2024-10-11 00:00:00,organic,46-55,T1,cautious,3289.34,1
2472,2024-09-08 00:00:00,organic,56+,T3+,balanced,5642.26,1
2473,2024-07-22 00:00:00,social,18-25,T1,balanced,17414.22,1
2474,2024-08-08 00:00:00,bank_partner,26-35,T2,cautious,23199.8,1
2475,2024-07-13 00:00:00,social,18-25,T3+,aggressive,3319.28,1
2476,2024-12-25 00:00:00,organic,26-35,T2,balanced,39857.0,1
2477,2024-08-10 00:00:00,bank_partner,26-35,T2,balanced,5022.65,1
2478,2024-11-20 00:00:00,organic,36-45,T1,balanced,20261.1,1
2479,2024-11-10 00:00:00,social,36-45,T3+,balanced,22963.12,1
2480,2024-04-19 00:00:00,social,26-35,T2,cautious,1196.91,1
2481,2024-01-30 00:00:00,organic,26-35,T3+,cautious,12386.4,0
2482,2024-03-22 00:00:00,referral,36-45,T1,cautious,32041.18,1
2483,2024-05-07 00:00:00,bank_partner,26-35,T2,cautious,3789.72,0
2484,2024-03-06 00:00:00,paid_search,46-55,T1,balanced,3689.41,0
2485,2024-08-06 00:00:00,social,18-25,T2,cautious,500.0,1
2486,2024-07-12 00:00:00,paid_search,46-55,T2,cautious,27785.91,1
2487,2024-04-29 00:00:00,paid_search,46-55,T2,cautious,20596.9,1
2488,2024-11-07 00:00:00,paid_search,56+,T1,balanced,9680.17,1
2489,2024-12-03 00:00:00,organic,26-35,T3+,cautious,11309.64,0
2490,2024-03-01 00:00:00,paid_search,26-35,T3+,balanced,6921.55,0
2491,2024-08-01 00:00:00,paid_search,36-45,T2,cautious,10313.54,0
2492,2024-01-18 00:00:00,organic,26-35,T3+,cautious,2504.39,1
2493,2024-09-23 00:00:00,social,26-35,T2,balanced,11791.84,1
2494,2024-05-31 00:00:00,organic,18-25,T2,cautious,2087.75,1
2495,2024-08-08 00:00:00,organic,18-25,T2,balanced,16770.0,1
2496,2024-09-11 00:00:00,paid_search,26-35,T2,cautious,63930.0,1
2497,2024-06-22 00:00:00,social,36-45,T1,cautious,17912.21,1
2498,2024-12-25 00:00:00,organic,18-25,T1,cautious,10696.04,0
2499,2024-08-10 00:00:00,organic,26-35,T2,cautious,35222.08,0
2500,2024-04-17 00:00:00,paid_search,18-25,T2,balanced,5182.17,0
2501,2024-12-05 00:00:00,bank_partner,46-55,T2,balanced,3881.08,1
2502,2024-01-27 00:00:00,organic,36-45,T3+,balanced,16686.34,0
2503,2024-03-01 00:00:00,organic,26-35,T2,cautious,4162.95,1
2504,2024-06-22 00:00:00,bank_partner,46-55,T1,cautious,3899.48,1
2505,2024-07-17 00:00:00,organic,18-25,T1,balanced,3717.25,1
2506,2024-04-14 00:00:00,referral,46-55,T1,aggressive,500.0,1
2507,2024-05-09 00:00:00,organic,26-35,T1,cautious,9661.45,1
2508,2024-02-21 00:00:00,paid_search,26-35,T2,balanced,2852.19,1
2509,2024-02-12 00:00:00,referral,26-35,T3+,balanced,36515.85,1
2510,2024-12-26 00:00:00,organic,18-25,T1,balanced,8576.24,1
2511,2024-11-08 00:00:00,paid_search,46-55,T1,aggressive,2459.57,0
2512,2024-10-08 00:00:00,organic,26-35,T3+,balanced,2316.85,0
2513,2024-06-17 00:00:00,social,36-45,T3+,cautious,60859.87,1
2514,2024-02-16 00:00:00,organic,46-55,T2,cautious,4966.41,1
2515,2024-08-22 00:00:00,referral,46-55,T2,cautious,6452.6,1
2516,2024-03-27 00:00:00,social,26-35,T1,balanced,13386.87,0
2517,2024-10-03 00:00:00,bank_partner,36-45,T1,balanced,3849.74,0
2518,2024-12-20 00:00:00,organic,26-35,T3+,balanced,7981.75,1
2519,2024-03-23 00:00:00,social,26-35,T1,balanced,13435.79,1
2520,2024-07-22 00:00:00,referral,36-45,T3+,balanced,1868.4,1
2521,2024-10-08 00:00:00,referral,26-35,T2,cautious,3575.42,1
2522,2024-04-17 00:00:00,referral,36-45,T2,cautious,4408.14,1
2523,2024-03-26 00:00:00,paid_search,36-45,T1,cautious,500.41,1
2524,2024-06-13 00:00:00,referral,26-35,T1,balanced,11290.5,0
2525,2024-10-17 00:00:00,bank_partner,26-35,T3+,cautious,7500.35,1
2526,2024-03-29 00:00:00,paid_search,36-45,T1,cautious,989.0,1
2527,2024-08-08 00:00:00,paid_search,36-45,T3+,aggressive,44525.35,1
2528,2024-04-27 00:00:00,social,18-25,T1,balanced,3796.35,0
2529,2024-07-31 00:00:00,paid_search,26-35,T3+,aggressive,4261.81,0
2530,2024-03-14 00:00:00,organic,18-25,T1,cautious,2340.3,1
2531,2024-08-29 00:00:00,social,36-45,T1,cautious,24077.46,1
2532,2024-08-13 00:00:00,paid_search,26-35,T1,cautious,9595.86,0
2533,2024-01-18 00:00:00,referral,46-55,T1,balanced,31370.23,1
2534,2024-07-18 00:00:00,social,36-45,T3+,balanced,7716.74,0
2535,2024-12-10 00:00:00,social,46-55,T3+,cautious,23640.87,0
2536,2024-07-13 00:00:00,organic,46-55,T2,balanced,69857.48,1
2537,2024-07-02 00:00:00,organic,26-35,T1,balanced,1151.57,1
2538,2024-07-28 00:00:00,paid_search,36-45,T1,cautious,5546.37,0
2539,2024-09-06 00:00:00,social,36-45,T3+,balanced,15946.25,0
2540,2024-07-28 00:00:00,organic,26-35,T2,balanced,41389.6,1
2541,2024-08-08 00:00:00,organic,26-35,T3+,cautious,10707.41,1
2542,2024-07-23 00:00:00,referral,26-35,T2,balanced,8170.55,1
2543,2024-02-03 00:00:00,social,36-45,T2,cautious,1980.37,1
2544,2024-08-31 00:00:00,social,56+,T1,cautious,4249.78,0
2545,2024-10-21 00:00:00,social,26-35,T2,cautious,15022.69,1
2546,2024-08-29 00:00:00,paid_search,56+,T3+,cautious,2719.32,1
2547,2024-02-25 00:00:00,paid_search,36-45,T3+,aggressive,12932.4,1
2548,2024-03-03 00:00:00,referral,18-25,T1,balanced,3531.63,1
2549,2024-09-30 00:00:00,social,26-35,T2,cautious,7158.62,1
2550,2024-07-29 00:00:00,organic,26-35,T3+,balanced,4638.62,1
2551,2024-03-10 00:00:00,organic,26-35,T1,balanced,71296.28,0
2552,2024-10-01 00:00:00,organic,26-35,T2,cautious,12678.84,0
2553,2024-03-02 00:00:00,referral,26-35,T3+,cautious,15666.45,1
2554,2024-05-24 00:00:00,paid_search,56+,T2,balanced,6489.98,1
2555,2024-11-03 00:00:00,paid_search,26-35,T1,balanced,1569.55,1
2556,2024-10-18 00:00:00,bank_partner,46-55,T2,cautious,15796.96,1
2557,2024-04-05 00:00:00,referral,36-45,T2,cautious,1907.01,1
2558,2024-11-09 00:00:00,organic,26-35,T2,aggressive,18470.42,1
2559,2024-08-19 00:00:00,social,26-35,T2,balanced,61346.82,0
2560,2024-08-07 00:00:00,social,56+,T1,aggressive,40295.53,1
2561,2024-01-28 00:00:00,organic,26-35,T2,cautious,4287.33,0
2562,2024-08-10 00:00:00,paid_search,36-45,T1,balanced,98741.54,0
2563,2024-07-19 00:00:00,referral,46-55,T1,balanced,56833.04,1
2564,2024-10-08 00:00:00,paid_search,18-25,T3+,cautious,4976.17,1
2565,2024-06-04 00:00:00,paid_search,26-35,T1,balanced,28685.16,1
2566,2024-02-02 00:00:00,bank_partner,36-45,T1,balanced,2657.12,1
2567,2024-05-12 00:00:00,referral,26-35,T1,aggressive,15796.87,1
2568,2024-02-23 00:00:00,paid_search,46-55,T1,cautious,33201.35,1
2569,2024-11-18 00:00:00,social,26-35,T2,cautious,4575.92,1
2570,2024-08-29 00:00:00,referral,56+,T2,cautious,87685.02,1
2571,2024-12-02 00:00:00,bank_partner,18-25,T3+,balanced,6939.45,1
2572,2024-07-07 00:00:00,organic,36-45,T2,cautious,17673.68,1
2573,2024-11-04 00:00:00,bank_partner,36-45,T1,cautious,28168.06,1
2574,2024-04-30 00:00:00,bank_partner,26-35,T2,balanced,15509.52,1
2575,2024-12-29 00:00:00,referral,26-35,T1,aggressive,12125.64,1
2576,2024-06-21 00:00:00,bank_partner,36-45,T2,cautious,3137.69,1
2577,2024-02-18 00:00:00,organic,46-55,T2,cautious,88958.81,0
2578,2024-06-29 00:00:00,paid_search,36-45,T2,cautious,27343.99,1
2579,2024-02-20 00:00:00,referral,36-45,T3+,cautious,15211.65,0
2580,2024-01-04 00:00:00,social,26-35,T1,balanced,15532.12,0
2581,2024-05-05 00:00:00,paid_search,26-35,T2,balanced,22144.41,1
2582,2024-06-03 00:00:00,paid_search,46-55,T3+,aggressive,17435.61,1
2583,2024-02-27 00:00:00,paid_search,26-35,T1,cautious,954.8,1
2584,2024-12-11 00:00:00,paid_search,56+,T2,aggressive,4079.6,1
2585,2024-01-07 00:00:00,bank_partner,46-55,T2,cautious,19987.44,1
2586,2024-07-14 00:00:00,referral,56+,T2,balanced,33444.62,1
2587,2024-12-04 00:00:00,organic,36-45,T1,aggressive,19460.53,1
2588,2024-06-07 00:00:00,referral,26-35,T2,balanced,22389.03,1
2589,2024-10-12 00:00:00,organic,18-25,T2,cautious,5956.9,0
2590,2024-08-12 00:00:00,social,36-45,T3+,aggressive,11483.13,1
2591,2024-02-06 00:00:00,paid_search,26-35,T1,balanced,10754.45,1
2592,2024-04-09 00:00:00,paid_search,26-35,T2,cautious,2475.81,0
2593,2024-07-23 00:00:00,organic,46-55,T1,balanced,5595.01,0
2594,2024-01-20 00:00:00,paid_search,36-45,T3+,balanced,4494.08,1
2595,2024-04-14 00:00:00,organic,46-55,T3+,aggressive,68777.82,1
2596,2024-11-26 00:00:00,organic,36-45,T1,cautious,4894.7,0
2597,2024-09-29 00:00:00,referral,26-35,T3+,aggressive,914.61,1
2598,2024-02-21 00:00:00,social,26-35,T1,balanced,8145.2,1
2599,2024-09-07 00:00:00,referral,26-35,T1,cautious,13356.29,1
2600,2024-06-18 00:00:00,organic,26-35,T1,balanced,14041.03,0
2601,2024-02-07 00:00:00,paid_search,18-25,T2,cautious,3129.08,0
2602,2024-09-13 00:00:00,organic,26-35,T1,aggressive,3041.78,1
2603,2024-08-15 00:00:00,bank_partner,46-55,T1,aggressive,1071.27,1
2604,2024-01-18 00:00:00,social,26-35,T1,cautious,10062.72,0
2605,2024-11-15 00:00:00,organic,26-35,T2,cautious,3016.41,1
2606,2024-01-04 00:00:00,paid_search,18-25,T1,aggressive,2118.37,1
2607,2024-10-04 00:00:00,paid_search,26-35,T3+,cautious,2613.14,1
2608,2024-12-02 00:00:00,referral,26-35,T2,balanced,962.34,1
2609,2024-10-10 00:00:00,referral,26-35,T2,cautious,9785.89,1
2610,2024-05-06 00:00:00,organic,26-35,T2,cautious,11481.99,1
2611,2024-02-02 00:00:00,social,36-45,T1,balanced,2946.05,1
2612,2024-07-12 00:00:00,paid_search,46-55,T3+,cautious,9137.31,0
2613,2024-07-27 00:00:00,paid_search,18-25,T3+,cautious,500.0,1
2614,2024-06-25 00:00:00,organic,56+,T3+,aggressive,23031.64,0
2615,2024-09-10 00:00:00,bank_partner,56+,T2,cautious,7972.06,1
2616,2024-11-03 00:00:00,paid_search,18-25,T1,cautious,2330.28,0
2617,2024-05-01 00:00:00,organic,26-35,T2,balanced,4186.99,1
2618,2024-01-21 00:00:00,paid_search,56+,T1,aggressive,5141.4,1
2619,2024-08-20 00:00:00,bank_partner,36-45,T3+,aggressive,1944.15,0
2620,2024-03-24 00:00:00,paid_search,26-35,T2,aggressive,15187.96,1
2621,2024-08-28 00:00:00,organic,18-25,T2,cautious,4394.45,1
2622,2024-11-06 00:00:00,paid_search,36-45,T2,balanced,5429.85,1
2623,2024-11-26 00:00:00,referral,36-45,T3+,aggressive,7355.45,1
2624,2024-12-07 00:00:00,organic,56+,T1,cautious,50151.03,1
2625,2024-12-16 00:00:00,referral,26-35,T1,balanced,2998.93,1
2626,2024-12-16 00:00:00,bank_partner,36-45,T2,cautious,15472.64,1
2627,2024-02-28 00:00:00,social,26-35,T2,cautious,7979.51,1
2628,2024-03-12 00:00:00,social,36-45,T1,balanced,17566.93,1
2629,2024-07-14 00:00:00,organic,26-35,T2,cautious,4711.94,0
2630,2024-02-05 00:00:00,paid_search,18-25,T2,balanced,4395.01,1
2631,2024-08-17 00:00:00,organic,18-25,T2,balanced,5629.24,1
2632,2024-06-26 00:00:00,organic,26-35,T2,balanced,4984.53,1
2633,2024-03-16 00:00:00,social,36-45,T2,balanced,4131.71,1
2634,2024-02-22 00:00:00,paid_search,36-45,T1,balanced,6866.59,0
2635,2024-04-22 00:00:00,bank_partner,36-45,T3+,aggressive,1575.14,1
2636,2024-04-01 00:00:00,organic,26-35,T1,cautious,14661.99,1
2637,2024-03-16 00:00:00,social,36-45,T2,balanced,13765.22,0
2638,2024-09-05 00:00:00,bank_partner,18-25,T1,cautious,2903.51,0
2639,2024-05-04 00:00:00,paid_search,46-55,T2,cautious,6679.94,0
2640,2024-06-25 00:00:00,bank_partner,36-45,T3+,cautious,24473.3,1
2641,2024-12-28 00:00:00,referral,46-55,T3+,balanced,29284.83,1
2642,2024-09-20 00:00:00,paid_search,36-45,T2,cautious,1323.69,1
2643,2024-06-16 00:00:00,paid_search,26-35,T3+,cautious,16339.72,0
2644,2024-10-11 00:00:00,referral,26-35,T2,cautious,7146.06,1
2645,2024-07-13 00:00:00,organic,26-35,T1,aggressive,1673.53,1
2646,2024-11-19 00:00:00,paid_search,56+,T3+,balanced,8235.87,0
2647,2024-08-24 00:00:00,bank_partner,36-45,T2,balanced,55289.91,1
2648,2024-12-06 00:00:00,organic,26-35,T3+,balanced,3499.02,1
2649,2024-09-20 00:00:00,social,18-25,T2,balanced,4920.72,0
2650,2024-10-16 00:00:00,organic,46-55,T2,balanced,10319.93,1
2651,2024-07-22 00:00:00,social,36-45,T2,aggressive,25186.36,1
2652,2024-02-02 00:00:00,organic,36-45,T1,aggressive,74174.67,1
2653,2024-12-10 00:00:00,referral,36-45,T2,balanced,6172.07,0
2654,2024-10-01 00:00:00,paid_search,18-25,T1,balanced,6506.92,0
2655,2024-12-31 00:00:00,organic,36-45,T1,cautious,9074.37,1
2656,2024-04-11 00:00:00,referral,46-55,T1,cautious,39593.83,1
2657,2024-12-16 00:00:00,bank_partner,26-35,T3+,aggressive,1814.18,0
2658,2024-04-19 00:00:00,referral,26-35,T1,cautious,5813.11,1
2659,2024-06-13 00:00:00,paid_search,26-35,T2,cautious,4117.87,1
2660,2024-06-29 00:00:00,social,26-35,T2,balanced,25249.13,1
2661,2024-12-09 00:00:00,paid_search,18-25,T2,balanced,500.0,0
2662,2024-03-12 00:00:00,referral,18-25,T2,cautious,5500.87,1
2663,2024-01-23 00:00:00,social,26-35,T1,cautious,11182.18,0
2664,2024-12-29 00:00:00,organic,36-45,T3+,cautious,2404.18,1
2665,2024-08-05 00:00:00,paid_search,18-25,T2,balanced,12389.24,1
2666,2024-12-21 00:00:00,paid_search,26-35,T2,cautious,4478.3,1
2667,2024-06-27 00:00:00,paid_search,46-55,T3+,balanced,74210.14,1
2668,2024-03-31 00:00:00,referral,26-35,T2,cautious,5389.94,1
2669,2024-10-11 00:00:00,organic,46-55,T3+,balanced,2175.58,1
2670,2024-03-14 00:00:00,organic,18-25,T2,cautious,500.0,0
2671,2024-07-26 00:00:00,paid_search,36-45,T3+,balanced,1270.53,1
2672,2024-08-10 00:00:00,referral,26-35,T2,aggressive,7259.26,1
2673,2024-04-15 00:00:00,organic,56+,T1,cautious,42199.38,1
2674,2024-09-30 00:00:00,referral,46-55,T3+,aggressive,20950.39,1
2675,2024-11-30 00:00:00,organic,26-35,T3+,balanced,10734.23,1
2676,2024-01-09 00:00:00,organic,26-35,T3+,balanced,2619.08,1
2677,2024-11-14 00:00:00,paid_search,46-55,T1,cautious,5870.31,1
2678,2024-01-17 00:00:00,paid_search,36-45,T3+,cautious,3013.31,0
2679,2024-05-04 00:00:00,organic,36-45,T3+,aggressive,3635.02,0
2680,2024-01-03 00:00:00,organic,56+,T1,balanced,7111.85,1
2681,2024-09-13 00:00:00,paid_search,56+,T1,balanced,27442.85,1
2682,2024-02-17 00:00:00,paid_search,26-35,T3+,balanced,7086.77,0
2683,2024-08-30 00:00:00,paid_search,26-35,T3+,cautious,18568.46,1
2684,2024-11-20 00:00:00,referral,26-35,T2,cautious,9754.18,1
2685,2024-01-19 00:00:00,organic,56+,T2,balanced,12641.22,0
2686,2024-12-08 00:00:00,bank_partner,26-35,T3+,balanced,30076.38,1
2687,2024-10-02 00:00:00,social,36-45,T1,balanced,11450.03,1
2688,2024-01-22 00:00:00,paid_search,26-35,T2,cautious,3347.21,1
2689,2024-12-07 00:00:00,bank_partner,46-55,T3+,balanced,3490.52,1
2690,2024-08-14 00:00:00,paid_search,36-45,T3+,aggressive,20953.53,1
2691,2024-09-22 00:00:00,paid_search,36-45,T1,balanced,3375.13,1
2692,2024-01-02 00:00:00,referral,18-25,T3+,cautious,33128.21,1
2693,2024-08-26 00:00:00,referral,46-55,T1,aggressive,12853.26,1
2694,2024-07-22 00:00:00,referral,18-25,T3+,aggressive,4737.4,1
2695,2024-06-25 00:00:00,referral,26-35,T2,cautious,13577.25,1
2696,2024-08-09 00:00:00,social,26-35,T2,balanced,11530.48,1
2697,2024-07-02 00:00:00,organic,56+,T2,balanced,7276.49,0
2698,2024-04-28 00:00:00,social,36-45,T2,cautious,12639.42,0
2699,2024-09-13 00:00:00,paid_search,18-25,T1,balanced,9628.92,1
2700,2024-02-17 00:00:00,referral,26-35,T2,cautious,11147.21,1
2701,2024-02-25 00:00:00,bank_partner,46-55,T3+,cautious,4032.87,0
2702,2024-07-30 00:00:00,bank_partner,26-35,T2,cautious,35986.16,1
2703,2024-10-10 00:00:00,organic,26-35,T1,balanced,4623.55,0
2704,2024-07-25 00:00:00,organic,26-35,T2,aggressive,14440.3,0
2705,2024-01-25 00:00:00,referral,26-35,T3+,cautious,29931.63,0
2706,2024-04-26 00:00:00,social,18-25,T2,balanced,10932.12,1
2707,2024-03-23 00:00:00,referral,18-25,T1,aggressive,5543.5,1
2708,2024-09-01 00:00:00,social,26-35,T1,balanced,3880.06,1
2709,2024-07-27 00:00:00,paid_search,18-25,T3+,balanced,7100.66,1
2710,2024-12-30 00:00:00,paid_search,26-35,T2,cautious,16225.43,1
2711,2024-03-02 00:00:00,paid_search,26-35,T3+,aggressive,12745.74,0
2712,2024-02-15 00:00:00,social,56+,T1,balanced,1259.54,1
2713,2024-05-09 00:00:00,paid_search,26-35,T3+,balanced,646.33,1
2714,2024-10-09 00:00:00,organic,26-35,T1,cautious,14343.08,1
2715,2024-12-28 00:00:00,social,46-55,T3+,cautious,4149.23,1
2716,2024-11-08 00:00:00,referral,36-45,T3+,cautious,10820.1,1
2717,2024-05-17 00:00:00,paid_search,18-25,T1,cautious,4512.0,1
2718,2024-03-28 00:00:00,social,36-45,T1,aggressive,27901.45,1
2719,2024-07-01 00:00:00,bank_partner,26-35,T1,cautious,32381.01,1
2720,2024-08-04 00:00:00,bank_partner,36-45,T2,cautious,7846.31,1
2721,2024-02-09 00:00:00,social,36-45,T1,cautious,30580.12,0
2722,2024-05-14 00:00:00,paid_search,18-25,T3+,aggressive,2685.2,0
2723,2024-06-04 00:00:00,paid_search,26-35,T1,cautious,26330.84,1
2724,2024-12-06 00:00:00,paid_search,36-45,T2,balanced,12538.7,1
2725,2024-11-14 00:00:00,organic,56+,T3+,balanced,14087.45,1
2726,2024-04-17 00:00:00,paid_search,18-25,T1,balanced,2160.93,1
2727,2024-06-16 00:00:00,referral,26-35,T1,cautious,5320.53,1
2728,2024-01-17 00:00:00,bank_partner,36-45,T1,balanced,28823.46,0
2729,2024-02-19 00:00:00,organic,26-35,T1,aggressive,8567.46,1
2730,2024-07-05 00:00:00,referral,36-45,T1,balanced,8752.66,1
2731,2024-10-20 00:00:00,organic,46-55,T2,aggressive,54432.06,1
2732,2024-05-11 00:00:00,bank_partner,26-35,T2,cautious,2293.81,0
2733,2024-11-18 00:00:00,referral,26-35,T3+,aggressive,1036.81,0
2734,2024-06-24 00:00:00,paid_search,18-25,T3+,balanced,1912.28,1
2735,2024-09-29 00:00:00,social,18-25,T2,cautious,4355.84,1
2736,2024-11-14 00:00:00,bank_partner,26-35,T3+,balanced,7432.29,1
2737,2024-10-11 00:00:00,social,26-35,T3+,balanced,3208.18,0
2738,2024-04-11 00:00:00,social,36-45,T1,aggressive,49696.38,1
2739,2024-03-11 00:00:00,organic,36-45,T2,balanced,5059.63,1
2740,2024-12-21 00:00:00,organic,46-55,T3+,balanced,145546.28,1
2741,2024-09-02 00:00:00,social,26-35,T3+,balanced,8537.68,1
2742,2024-02-26 00:00:00,referral,46-55,T3+,cautious,18045.04,1
2743,2024-04-19 00:00:00,organic,18-25,T1,balanced,4219.9,1
2744,2024-10-17 00:00:00,organic,26-35,T2,cautious,14913.62,1
2745,2024-02-20 00:00:00,organic,36-45,T1,cautious,26482.89,1
2746,2024-02-10 00:00:00,social,36-45,T3+,balanced,5040.92,1
2747,2024-04-09 00:00:00,organic,26-35,T3+,aggressive,12623.51,0
2748,2024-11-11 00:00:00,social,18-25,T3+,balanced,1211.74,1
2749,2024-07-14 00:00:00,social,26-35,T2,balanced,5318.96,0
2750,2024-04-07 00:00:00,paid_search,26-35,T1,aggressive,36185.29,1
2751,2024-12-12 00:00:00,paid_search,18-25,T2,balanced,1684.02,1
2752,2024-11-13 00:00:00,organic,26-35,T2,cautious,8604.07,0
2753,2024-01-24 00:00:00,referral,36-45,T2,balanced,4288.55,1
2754,2024-04-06 00:00:00,social,46-55,T1,aggressive,4158.78,1
2755,2024-03-04 00:00:00,paid_search,36-45,T3+,balanced,1529.4,0
2756,2024-10-27 00:00:00,organic,26-35,T2,cautious,18971.09,1
2757,2024-07-01 00:00:00,social,26-35,T3+,cautious,14450.67,1
2758,2024-08-12 00:00:00,organic,36-45,T2,balanced,4025.95,1
2759,2024-12-05 00:00:00,social,36-45,T2,balanced,30980.58,1
2760,2024-10-08 00:00:00,organic,36-45,T3+,cautious,12563.48,1
2761,2024-01-10 00:00:00,social,18-25,T3+,balanced,10544.54,0
2762,2024-11-21 00:00:00,paid_search,18-25,T1,aggressive,1147.01,0
2763,2024-07-11 00:00:00,organic,46-55,T2,cautious,5532.85,1
2764,2024-09-03 00:00:00,social,56+,T2,cautious,48185.09,1
2765,2024-05-06 00:00:00,referral,26-35,T3+,cautious,29890.28,1
2766,2024-07-04 00:00:00,paid_search,36-45,T3+,aggressive,37428.08,0
2767,2024-07-05 00:00:00,paid_search,26-35,T2,balanced,4190.17,1
2768,2024-02-26 00:00:00,organic,26-35,T3+,balanced,15790.64,1
2769,2024-03-09 00:00:00,bank_partner,18-25,T1,aggressive,40340.82,0
2770,2024-05-03 00:00:00,bank_partner,46-55,T1,cautious,2229.67,1
2771,2024-04-25 00:00:00,organic,46-55,T2,aggressive,2702.84,0
2772,2024-03-23 00:00:00,organic,36-45,T3+,balanced,20027.66,0
2773,2024-06-28 00:00:00,paid_search,26-35,T2,cautious,9287.26,0
2774,2024-08-18 00:00:00,referral,46-55,T2,cautious,1832.11,1
2775,2024-07-15 00:00:00,organic,36-45,T1,cautious,34846.22,1
2776,2024-02-17 00:00:00,organic,46-55,T3+,balanced,5383.91,0
2777,2024-10-06 00:00:00,organic,26-35,T1,aggressive,59783.42,1
2778,2024-08-02 00:00:00,organic,36-45,T1,balanced,5054.73,1
2779,2024-07-04 00:00:00,organic,46-55,T2,aggressive,34606.98,1
2780,2024-08-28 00:00:00,paid_search,46-55,T2,aggressive,8424.33,1
2781,2024-02-05 00:00:00,paid_search,36-45,T1,balanced,10452.86,1
2782,2024-12-12 00:00:00,organic,36-45,T2,aggressive,4799.51,1
2783,2024-08-31 00:00:00,paid_search,46-55,T3+,cautious,8289.84,1
2784,2024-02-29 00:00:00,bank_partner,46-55,T1,balanced,7843.83,1
2785,2024-02-06 00:00:00,social,26-35,T2,balanced,8048.35,0
2786,2024-12-16 00:00:00,paid_search,26-35,T3+,balanced,12756.74,1
2787,2024-03-20 00:00:00,organic,26-35,T2,aggressive,2334.68,0
2788,2024-05-17 00:00:00,referral,36-45,T2,balanced,5219.42,0
2789,2024-10-31 00:00:00,organic,36-45,T1,cautious,12501.96,1
2790,2024-01-15 00:00:00,organic,26-35,T2,cautious,8280.91,1
2791,2024-01-02 00:00:00,referral,46-55,T1,cautious,15368.5,1
2792,2024-01-23 00:00:00,social,56+,T1,cautious,10063.24,1
2793,2024-04-04 00:00:00,social,18-25,T1,balanced,13046.42,0
2794,2024-10-14 00:00:00,organic,26-35,T2,balanced,7997.19,1
2795,2024-10-14 00:00:00,social,36-45,T2,cautious,9191.84,1
2796,2024-04-17 00:00:00,paid_search,36-45,T3+,aggressive,6307.37,0
2797,2024-09-15 00:00:00,organic,36-45,T1,balanced,28568.28,1
2798,2024-06-10 00:00:00,social,36-45,T1,aggressive,8988.95,1
2799,2024-09-13 00:00:00,bank_partner,56+,T2,balanced,2886.76,1
2800,2024-07-28 00:00:00,paid_search,26-35,T3+,cautious,139733.85,1
2801,2024-12-07 00:00:00,paid_search,46-55,T2,balanced,52929.19,1
2802,2024-08-23 00:00:00,organic,26-35,T2,cautious,16473.35,0
2803,2024-09-07 00:00:00,organic,18-25,T2,aggressive,3914.03,1
2804,2024-04-06 00:00:00,paid_search,26-35,T1,cautious,125189.42,1
2805,2024-01-13 00:00:00,organic,36-45,T3+,cautious,78796.54,0
2806,2024-08-28 00:00:00,paid_search,36-45,T1,balanced,2609.55,1
2807,2024-09-07 00:00:00,referral,18-25,T1,balanced,20195.18,1
2808,2024-04-29 00:00:00,bank_partner,46-55,T1,cautious,3496.87,0
2809,2024-09-27 00:00:00,bank_partner,26-35,T1,balanced,22196.81,0
2810,2024-04-20 00:00:00,organic,26-35,T3+,balanced,1972.75,1
2811,2024-01-20 00:00:00,organic,18-25,T2,cautious,2324.16,1
2812,2024-09-19 00:00:00,paid_search,36-45,T1,balanced,4867.82,0
2813,2024-08-22 00:00:00,bank_partner,56+,T3+,balanced,57999.99,1
2814,2024-07-25 00:00:00,paid_search,36-45,T3+,cautious,4759.43,1
2815,2024-02-13 00:00:00,bank_partner,26-35,T1,cautious,1790.85,0
2816,2024-07-20 00:00:00,organic,26-35,T1,balanced,12096.03,1
2817,2024-09-26 00:00:00,organic,26-35,T3+,cautious,17743.41,1
2818,2024-03-16 00:00:00,referral,46-55,T2,balanced,41985.67,1
2819,2024-02-09 00:00:00,referral,36-45,T1,cautious,3414.75,1
2820,2024-08-01 00:00:00,organic,46-55,T1,aggressive,10785.05,0
2821,2024-03-20 00:00:00,social,46-55,T2,cautious,20039.29,0
2822,2024-12-02 00:00:00,paid_search,18-25,T3+,balanced,4241.35,0
2823,2024-04-03 00:00:00,bank_partner,26-35,T2,cautious,7899.95,0
2824,2024-12-30 00:00:00,organic,36-45,T1,cautious,3522.22,1
2825,2024-07-29 00:00:00,social,36-45,T3+,balanced,5374.2,1
2826,2024-04-25 00:00:00,paid_search,56+,T2,balanced,3964.58,0
2827,2024-03-15 00:00:00,social,36-45,T3+,aggressive,2418.18,1
2828,2024-11-05 00:00:00,organic,36-45,T3+,aggressive,2438.67,1
2829,2024-04-26 00:00:00,referral,18-25,T1,balanced,1362.52,1
2830,2024-10-12 00:00:00,paid_search,36-45,T2,cautious,75692.51,1
2831,2024-12-24 00:00:00,organic,36-45,T3+,aggressive,4293.15,0
2832,2024-05-20 00:00:00,organic,46-55,T2,aggressive,6569.29,1
2833,2024-03-20 00:00:00,organic,46-55,T1,balanced,13460.94,1
2834,2024-12-10 00:00:00,social,26-35,T1,aggressive,5582.51,1
2835,2024-02-12 00:00:00,organic,56+,T1,balanced,21371.01,1
2836,2024-06-30 00:00:00,paid_search,26-35,T3+,balanced,3459.06,1
2837,2024-10-20 00:00:00,bank_partner,26-35,T1,cautious,19988.3,1
2838,2024-07-21 00:00:00,organic,36-45,T1,cautious,6903.74,1
2839,2024-04-09 00:00:00,organic,36-45,T1,balanced,3339.77,1
2840,2024-04-06 00:00:00,social,26-35,T2,cautious,1878.79,1
2841,2024-01-31 00:00:00,social,26-35,T2,balanced,711.8,1
2842,2024-05-19 00:00:00,bank_partner,26-35,T2,aggressive,500.0,0
2843,2024-07-12 00:00:00,referral,36-45,T2,aggressive,21701.18,1
2844,2024-01-05 00:00:00,referral,26-35,T2,balanced,8214.22,1
2845,2024-04-08 00:00:00,organic,36-45,T2,balanced,5649.98,1
2846,2024-09-23 00:00:00,social,46-55,T2,balanced,3810.74,1
2847,2024-04-27 00:00:00,paid_search,18-25,T1,balanced,51315.68,1
2848,2024-11-12 00:00:00,paid_search,36-45,T2,aggressive,21488.42,1
2849,2024-11-25 00:00:00,organic,26-35,T2,balanced,1421.23,1
2850,2024-02-16 00:00:00,social,36-45,T3+,cautious,5817.33,1
2851,2024-01-22 00:00:00,social,26-35,T1,balanced,2361.99,1
2852,2024-11-07 00:00:00,organic,26-35,T1,aggressive,2761.86,0
2853,2024-05-10 00:00:00,bank_partner,36-45,T2,cautious,27061.27,1
2854,2024-03-28 00:00:00,organic,26-35,T2,cautious,7308.82,1
2855,2024-05-13 00:00:00,social,26-35,T3+,cautious,2341.52,1
2856,2024-04-05 00:00:00,paid_search,36-45,T3+,aggressive,14193.34,1
2857,2024-06-26 00:00:00,organic,26-35,T1,balanced,22013.69,1
2858,2024-03-16 00:00:00,organic,26-35,T2,balanced,17174.24,0
2859,2024-06-11 00:00:00,paid_search,26-35,T2,balanced,124064.95,0
2860,2024-11-17 00:00:00,organic,46-55,T3+,cautious,8824.1,1
2861,2024-12-30 00:00:00,bank_partner,26-35,T2,balanced,5607.86,1
2862,2024-01-26 00:00:00,referral,18-25,T3+,balanced,18237.18,1
2863,2024-11-24 00:00:00,bank_partner,46-55,T2,cautious,22294.03,1
2864,2024-09-17 00:00:00,social,56+,T2,balanced,3587.29,1
2865,2024-08-03 00:00:00,referral,46-55,T2,balanced,46733.06,1
2866,2024-06-17 00:00:00,organic,46-55,T1,aggressive,38838.03,0
2867,2024-01-10 00:00:00,social,46-55,T2,aggressive,6917.95,0
2868,2024-10-24 00:00:00,social,18-25,T3+,balanced,548.91,0
2869,2024-06-24 00:00:00,organic,46-55,T2,balanced,2380.88,1
2870,2024-05-08 00:00:00,referral,36-45,T1,balanced,24562.3,1
2871,2024-04-30 00:00:00,referral,18-25,T1,cautious,8162.31,1
2872,2024-12-25 00:00:00,bank_partner,26-35,T2,balanced,3150.72,1
2873,2024-01-18 00:00:00,paid_search,18-25,T1,cautious,2638.99,1
2874,2024-08-11 00:00:00,paid_search,46-55,T1,balanced,39639.06,0
2875,2024-12-17 00:00:00,bank_partner,36-45,T2,balanced,27215.18,1
2876,2024-05-31 00:00:00,bank_partner,56+,T2,balanced,8329.17,1
2877,2024-07-25 00:00:00,social,18-25,T1,balanced,13273.33,1
2878,2024-01-28 00:00:00,bank_partner,18-25,T2,balanced,2475.74,0
2879,2024-07-02 00:00:00,organic,36-45,T3+,balanced,2637.11,0
2880,2024-08-03 00:00:00,social,26-35,T2,cautious,11874.3,0
2881,2024-06-03 00:00:00,bank_partner,56+,T3+,balanced,8540.8,1
2882,2024-03-24 00:00:00,referral,18-25,T1,balanced,4623.18,0
2883,2024-02-05 00:00:00,social,26-35,T3+,cautious,18821.94,0
2884,2024-02-11 00:00:00,social,18-25,T3+,balanced,4312.52,1
2885,2024-02-12 00:00:00,paid_search,26-35,T3+,balanced,9572.53,0
2886,2024-01-28 00:00:00,organic,36-45,T2,cautious,18210.95,1
2887,2024-09-28 00:00:00,paid_search,26-35,T3+,cautious,12028.18,0
2888,2024-05-13 00:00:00,bank_partner,36-45,T3+,cautious,4559.96,0
2889,2024-12-06 00:00:00,bank_partner,36-45,T2,cautious,4931.87,0
2890,2024-10-27 00:00:00,paid_search,56+,T2,cautious,6493.28,1
2891,2024-10-12 00:00:00,paid_search,46-55,T1,balanced,10712.47,0
2892,2024-01-01 00:00:00,referral,26-35,T1,aggressive,8653.83,1
2893,2024-05-28 00:00:00,organic,26-35,T1,balanced,3409.79,1
2894,2024-10-29 00:00:00,bank_partner,36-45,T1,cautious,8423.63,0
2895,2024-02-29 00:00:00,organic,26-35,T3+,balanced,52415.23,1
2896,2024-07-14 00:00:00,referral,26-35,T2,balanced,16265.85,1
2897,2024-12-10 00:00:00,social,26-35,T3+,balanced,6401.32,1
2898,2024-06-09 00:00:00,organic,18-25,T2,balanced,1873.04,1
2899,2024-10-19 00:00:00,organic,26-35,T2,cautious,2354.41,0
2900,2024-03-25 00:00:00,paid_search,18-25,T1,balanced,23369.08,0
2901,2024-06-19 00:00:00,social,26-35,T3+,aggressive,21447.46,1
2902,2024-08-23 00:00:00,referral,26-35,T2,cautious,5028.36,1
2903,2024-12-20 00:00:00,organic,26-35,T3+,balanced,8206.17,1
2904,2024-04-20 00:00:00,bank_partner,36-45,T1,balanced,7348.92,1
2905,2024-03-19 00:00:00,bank_partner,18-25,T2,cautious,1584.74,0
2906,2024-09-21 00:00:00,bank_partner,36-45,T1,balanced,51179.01,1
2907,2024-12-07 00:00:00,referral,56+,T3+,cautious,4393.49,1
2908,2024-12-11 00:00:00,bank_partner,36-45,T3+,balanced,3023.42,0
2909,2024-12-25 00:00:00,organic,26-35,T1,aggressive,6265.89,0
2910,2024-01-27 00:00:00,organic,26-35,T3+,balanced,924.86,1
2911,2024-08-28 00:00:00,organic,18-25,T1,aggressive,1674.77,1
2912,2024-05-31 00:00:00,bank_partner,36-45,T2,balanced,9148.17,1
2913,2024-09-07 00:00:00,social,36-45,T3+,balanced,10267.5,0
2914,2024-09-10 00:00:00,organic,46-55,T2,aggressive,11737.83,1
2915,2024-12-24 00:00:00,organic,46-55,T2,cautious,14773.89,0
2916,2024-08-09 00:00:00,bank_partner,46-55,T3+,aggressive,73309.93,0
2917,2024-04-04 00:00:00,paid_search,36-45,T2,balanced,10295.54,0
2918,2024-05-14 00:00:00,referral,26-35,T1,aggressive,6845.5,1
2919,2024-08-08 00:00:00,paid_search,56+,T3+,balanced,25331.29,1
2920,2024-09-01 00:00:00,social,26-35,T1,cautious,6301.0,0
2921,2024-01-30 00:00:00,referral,36-45,T1,balanced,3841.56,1
2922,2024-05-05 00:00:00,paid_search,26-35,T1,cautious,11551.63,1
2923,2024-03-15 00:00:00,paid_search,46-55,T2,aggressive,26553.64,0
2924,2024-09-21 00:00:00,social,26-35,T3+,cautious,33435.86,1
2925,2024-10-02 00:00:00,referral,36-45,T1,balanced,4859.53,1
2926,2024-05-05 00:00:00,organic,26-35,T2,cautious,129553.38,0
2927,2024-10-03 00:00:00,paid_search,46-55,T2,balanced,16817.54,0
2928,2024-03-05 00:00:00,organic,56+,T1,balanced,9839.77,1
2929,2024-05-23 00:00:00,referral,46-55,T3+,balanced,39238.91,1
2930,2024-04-23 00:00:00,referral,36-45,T2,aggressive,1500.1,1
2931,2024-03-22 00:00:00,social,26-35,T3+,cautious,13701.55,0
2932,2024-06-12 00:00:00,bank_partner,18-25,T1,cautious,5619.76,1
2933,2024-07-29 00:00:00,paid_search,36-45,T2,aggressive,6882.43,1
2934,2024-03-01 00:00:00,organic,26-35,T2,cautious,16161.45,0
2935,2024-12-14 00:00:00,paid_search,26-35,T3+,aggressive,6354.79,1
2936,2024-01-21 00:00:00,organic,26-35,T2,cautious,5137.09,1
2937,2024-02-21 00:00:00,bank_partner,36-45,T2,balanced,88080.31,1
2938,2024-08-08 00:00:00,social,36-45,T1,balanced,7588.03,1
2939,2024-07-05 00:00:00,organic,46-55,T2,balanced,2573.22,1
2940,2024-02-27 00:00:00,organic,46-55,T2,balanced,26776.59,0
2941,2024-07-06 00:00:00,paid_search,46-55,T1,balanced,26507.04,1
2942,2024-12-04 00:00:00,social,36-45,T1,balanced,14550.88,0
2943,2024-12-07 00:00:00,paid_search,26-35,T2,aggressive,15812.22,1
2944,2024-03-30 00:00:00,social,36-45,T3+,aggressive,4355.87,1
2945,2024-08-07 00:00:00,social,46-55,T2,aggressive,11826.55,1
2946,2024-02-20 00:00:00,referral,26-35,T3+,cautious,40301.94,1
2947,2024-04-16 00:00:00,referral,26-35,T1,aggressive,18969.28,0
2948,2024-12-24 00:00:00,paid_search,36-45,T2,cautious,14365.82,1
2949,2024-09-14 00:00:00,organic,18-25,T2,aggressive,18942.61,1
2950,2024-11-23 00:00:00,paid_search,26-35,T3+,cautious,16822.1,1
2951,2024-08-13 00:00:00,organic,36-45,T1,cautious,1836.19,1
2952,2024-08-23 00:00:00,organic,36-45,T1,aggressive,7632.86,0
2953,2024-01-14 00:00:00,organic,18-25,T2,balanced,2823.85,1
2954,2024-03-26 00:00:00,social,18-25,T3+,balanced,1282.13,1
2955,2024-04-20 00:00:00,organic,46-55,T1,cautious,31633.65,1
2956,2024-07-12 00:00:00,paid_search,26-35,T3+,cautious,15957.98,1
2957,2024-11-15 00:00:00,organic,26-35,T1,aggressive,13107.53,1
2958,2024-10-05 00:00:00,organic,46-55,T2,balanced,30775.78,0
2959,2024-10-29 00:00:00,referral,56+,T2,cautious,17481.27,1
2960,2024-10-22 00:00:00,referral,36-45,T1,aggressive,3353.93,1
2961,2024-01-07 00:00:00,paid_search,26-35,T2,balanced,18343.65,1
2962,2024-03-09 00:00:00,organic,36-45,T1,balanced,3308.19,0
2963,2024-03-26 00:00:00,paid_search,26-35,T3+,cautious,1519.2,1
2964,2024-06-07 00:00:00,paid_search,36-45,T3+,balanced,53161.97,1
2965,2024-12-18 00:00:00,organic,26-35,T3+,cautious,7563.97,1
2966,2024-03-03 00:00:00,bank_partner,36-45,T3+,balanced,10418.07,1
2967,2024-09-02 00:00:00,referral,56+,T3+,balanced,25033.79,1
2968,2024-02-26 00:00:00,social,18-25,T1,cautious,5935.06,0
2969,2024-10-27 00:00:00,organic,36-45,T2,balanced,7913.39,1
2970,2024-06-21 00:00:00,paid_search,26-35,T3+,balanced,31490.98,1
2971,2024-01-25 00:00:00,paid_search,36-45,T2,balanced,13139.91,1
2972,2024-04-03 00:00:00,paid_search,18-25,T1,cautious,19856.6,1
2973,2024-02-27 00:00:00,referral,26-35,T1,balanced,84597.83,0
2974,2024-12-14 00:00:00,social,26-35,T2,balanced,23324.56,0
2975,2024-08-19 00:00:00,paid_search,18-25,T3+,aggressive,4932.15,1
2976,2024-09-08 00:00:00,organic,36-45,T2,cautious,25841.83,1
2977,2024-10-05 00:00:00,organic,18-25,T3+,cautious,11849.3,1
2978,2024-08-02 00:00:00,referral,46-55,T1,balanced,5447.91,1
2979,2024-08-11 00:00:00,bank_partner,56+,T3+,balanced,5989.78,1
2980,2024-12-17 00:00:00,bank_partner,26-35,T3+,balanced,5964.18,1
2981,2024-10-25 00:00:00,paid_search,18-25,T3+,balanced,6632.77,0
2982,2024-01-29 00:00:00,social,18-25,T2,cautious,3948.17,1
2983,2024-10-27 00:00:00,social,26-35,T3+,balanced,71172.16,1
2984,2024-11-25 00:00:00,organic,36-45,T2,cautious,22850.93,0
2985,2024-07-07 00:00:00,organic,18-25,T2,aggressive,1007.85,1
2986,2024-03-26 00:00:00,organic,36-45,T1,cautious,8213.66,0
2987,2024-04-13 00:00:00,paid_search,36-45,T2,cautious,11469.57,1
2988,2024-09-28 00:00:00,referral,56+,T3+,aggressive,20841.17,1
2989,2024-02-16 00:00:00,organic,26-35,T3+,cautious,9728.28,1
2990,2024-08-13 00:00:00,paid_search,46-55,T2,balanced,2809.95,0
2991,2024-08-19 00:00:00,paid_search,26-35,T3+,balanced,5291.11,0
2992,2024-07-05 00:00:00,referral,18-25,T2,balanced,3131.29,1
2993,2024-12-05 00:00:00,organic,36-45,T1,cautious,9179.72,1
2994,2024-10-21 00:00:00,social,36-45,T3+,balanced,1978.0,1
2995,2024-03-26 00:00:00,organic,46-55,T2,balanced,46612.18,1
2996,2024-07-09 00:00:00,paid_search,36-45,T3+,balanced,16924.89,1
2997,2024-08-13 00:00:00,paid_search,26-35,T3+,balanced,6509.3,1
2998,2024-05-27 00:00:00,referral,18-25,T1,aggressive,9306.87,1
2999,2024-03-06 00:00:00,bank_partner,36-45,T2,balanced,7369.69,0
3000,2024-01-03 00:00:00,paid_search,18-25,T2,balanced,3734.18,0
3001,2024-08-19 00:00:00,social,36-45,T3+,balanced,58694.3,1
3002,2024-09-28 00:00:00,organic,36-45,T2,cautious,10372.16,1
3003,2024-06-03 00:00:00,organic,36-45,T2,balanced,7166.84,1
3004,2024-06-09 00:00:00,bank_partner,18-25,T1,cautious,3224.16,0
3005,2024-08-16 00:00:00,organic,36-45,T1,cautious,5986.79,1
3006,2024-05-15 00:00:00,paid_search,26-35,T1,aggressive,49774.11,1
3007,2024-11-30 00:00:00,organic,36-45,T2,aggressive,22154.05,1
3008,2024-01-28 00:00:00,referral,36-45,T1,cautious,1839.91,1
3009,2024-04-03 00:00:00,organic,26-35,T3+,balanced,1567.79,1
3010,2024-05-01 00:00:00,social,46-55,T2,balanced,7830.55,1
3011,2024-04-21 00:00:00,referral,36-45,T2,cautious,15386.61,1
3012,2024-07-27 00:00:00,referral,18-25,T2,balanced,1808.75,1
3013,2024-10-01 00:00:00,bank_partner,56+,T2,aggressive,4686.7,1
3014,2024-05-26 00:00:00,social,46-55,T2,aggressive,41081.2,0
3015,2024-06-09 00:00:00,paid_search,36-45,T2,aggressive,11860.82,1
3016,2024-01-04 00:00:00,organic,36-45,T2,balanced,3892.47,1
3017,2024-04-27 00:00:00,social,56+,T1,cautious,2652.23,1
3018,2024-06-08 00:00:00,referral,26-35,T1,aggressive,6125.02,1
3019,2024-09-19 00:00:00,organic,26-35,T2,balanced,22562.41,1
3020,2024-07-17 00:00:00,bank_partner,26-35,T3+,balanced,2511.14,1
3021,2024-05-16 00:00:00,social,26-35,T2,aggressive,13473.57,0
3022,2024-08-28 00:00:00,social,36-45,T2,cautious,6638.41,1
3023,2024-07-29 00:00:00,bank_partner,56+,T1,aggressive,110270.61,0
3024,2024-06-08 00:00:00,social,26-35,T3+,cautious,10526.73,1
3025,2024-05-29 00:00:00,bank_partner,26-35,T3+,aggressive,8989.6,1
3026,2024-09-23 00:00:00,paid_search,46-55,T2,balanced,1914.78,0
3027,2024-08-25 00:00:00,paid_search,26-35,T1,aggressive,4197.16,1
3028,2024-07-14 00:00:00,referral,26-35,T3+,cautious,27572.69,0
3029,2024-08-04 00:00:00,social,56+,T2,balanced,6264.61,1
3030,2024-06-06 00:00:00,paid_search,36-45,T3+,balanced,58966.79,1
3031,2024-12-08 00:00:00,organic,18-25,T3+,balanced,3496.39,0
3032,2024-08-16 00:00:00,bank_partner,36-45,T2,cautious,27191.35,1
3033,2024-11-17 00:00:00,paid_search,26-35,T2,balanced,958.27,1
3034,2024-09-19 00:00:00,bank_partner,18-25,T3+,aggressive,2017.82,1
3035,2024-02-08 00:00:00,paid_search,46-55,T1,aggressive,8093.45,1
3036,2024-12-03 00:00:00,referral,56+,T1,cautious,5542.76,1
3037,2024-06-19 00:00:00,organic,46-55,T3+,balanced,16307.48,1
3038,2024-02-18 00:00:00,bank_partner,36-45,T2,balanced,10333.77,1
3039,2024-02-04 00:00:00,paid_search,36-45,T3+,balanced,43201.46,1
3040,2024-08-11 00:00:00,bank_partner,26-35,T1,balanced,26556.98,1
3041,2024-03-10 00:00:00,social,36-45,T2,cautious,3300.2,1
3042,2024-11-20 00:00:00,referral,26-35,T1,cautious,4817.05,1
3043,2024-05-10 00:00:00,paid_search,26-35,T2,aggressive,1436.36,1
3044,2024-05-15 00:00:00,referral,26-35,T1,balanced,9811.14,1
3045,2024-03-23 00:00:00,paid_search,26-35,T2,aggressive,9154.95,0
3046,2024-03-25 00:00:00,organic,46-55,T2,aggressive,9675.48,1
3047,2024-04-12 00:00:00,bank_partner,36-45,T3+,balanced,10184.04,1
3048,2024-02-19 00:00:00,social,36-45,T3+,balanced,18828.49,1
3049,2024-09-23 00:00:00,bank_partner,26-35,T1,balanced,15777.49,1
3050,2024-01-13 00:00:00,organic,26-35,T2,aggressive,8450.29,0
3051,2024-04-03 00:00:00,organic,26-35,T3+,cautious,8279.14,1
3052,2024-01-23 00:00:00,organic,26-35,T3+,balanced,10957.74,0
3053,2024-11-30 00:00:00,organic,46-55,T2,balanced,6681.2,0
3054,2024-05-08 00:00:00,social,36-45,T1,cautious,6099.41,1
3055,2024-03-22 00:00:00,social,36-45,T2,balanced,2150.34,1
3056,2024-06-04 00:00:00,referral,26-35,T2,balanced,2018.96,1
3057,2024-06-12 00:00:00,social,18-25,T2,cautious,1223.45,1
3058,2024-03-09 00:00:00,bank_partner,26-35,T3+,cautious,62049.38,1
3059,2024-04-17 00:00:00,bank_partner,18-25,T3+,cautious,3654.21,1
3060,2024-12-31 00:00:00,social,56+,T3+,aggressive,19893.42,0
3061,2024-03-30 00:00:00,paid_search,26-35,T1,cautious,7095.07,0
3062,2024-03-19 00:00:00,organic,56+,T1,cautious,30212.66,1
3063,2024-11-22 00:00:00,paid_search,36-45,T1,cautious,6497.64,1
3064,2024-01-31 00:00:00,social,36-45,T2,aggressive,17883.97,1
3065,2024-03-04 00:00:00,bank_partner,46-55,T3+,cautious,21201.56,1
3066,2024-08-20 00:00:00,organic,36-45,T3+,balanced,15160.8,1
3067,2024-03-31 00:00:00,paid_search,36-45,T3+,cautious,500.0,0
3068,2024-09-15 00:00:00,referral,26-35,T3+,aggressive,75915.99,1
3069,2024-11-26 00:00:00,organic,36-45,T2,aggressive,11295.85,1
3070,2024-01-03 00:00:00,paid_search,26-35,T2,cautious,37845.59,1
3071,2024-07-08 00:00:00,organic,26-35,T3+,balanced,5375.63,1
3072,2024-11-15 00:00:00,bank_partner,36-45,T1,balanced,21626.8,1
3073,2024-12-12 00:00:00,bank_partner,26-35,T3+,balanced,6827.87,1
3074,2024-06-29 00:00:00,organic,56+,T1,balanced,19699.22,0
3075,2024-11-21 00:00:00,social,26-35,T1,aggressive,5950.21,1
3076,2024-10-18 00:00:00,referral,26-35,T3+,cautious,6710.03,0
3077,2024-12-19 00:00:00,paid_search,56+,T3+,cautious,39274.02,0
3078,2024-01-22 00:00:00,organic,26-35,T1,balanced,7583.77,1
3079,2024-01-20 00:00:00,organic,36-45,T2,balanced,23260.58,1
3080,2024-02-14 00:00:00,bank_partner,36-45,T1,balanced,13137.62,1
3081,2024-11-08 00:00:00,social,36-45,T3+,balanced,979.09,1
3082,2024-07-13 00:00:00,paid_search,26-35,T1,cautious,6770.09,1
3083,2024-07-09 00:00:00,paid_search,46-55,T3+,balanced,21044.64,1
3084,2024-04-23 00:00:00,organic,36-45,T2,aggressive,31602.38,0
3085,2024-01-31 00:00:00,bank_partner,36-45,T3+,cautious,11761.73,0
3086,2024-10-08 00:00:00,referral,56+,T2,cautious,28723.54,1
3087,2024-04-25 00:00:00,organic,36-45,T3+,balanced,12529.56,1
3088,2024-09-16 00:00:00,paid_search,18-25,T3+,balanced,3067.75,1
3089,2024-01-24 00:00:00,referral,18-25,T2,balanced,581.91,1
3090,2024-01-20 00:00:00,bank_partner,26-35,T2,cautious,1380.59,1
3091,2024-07-09 00:00:00,social,26-35,T2,cautious,24278.97,1
3092,2024-01-16 00:00:00,organic,26-35,T1,balanced,1292.61,1
3093,2024-11-29 00:00:00,organic,36-45,T3+,aggressive,10019.08,1
3094,2024-06-29 00:00:00,referral,46-55,T2,balanced,13333.88,1
3095,2024-03-22 00:00:00,organic,18-25,T1,cautious,16560.62,1
3096,2024-12-25 00:00:00,organic,36-45,T2,cautious,12093.89,1
3097,2024-09-17 00:00:00,organic,18-25,T2,cautious,3363.4,1
3098,2024-02-05 00:00:00,paid_search,46-55,T3+,balanced,88834.31,1
3099,2024-06-19 00:00:00,organic,36-45,T3+,cautious,32361.49,1
3100,2024-09-27 00:00:00,organic,46-55,T1,balanced,5752.31,1
3101,2024-01-07 00:00:00,referral,26-35,T1,cautious,12324.38,1
3102,2024-10-14 00:00:00,referral,46-55,T1,balanced,9451.8,0
3103,2024-05-09 00:00:00,organic,26-35,T2,balanced,12747.79,1
3104,2024-09-23 00:00:00,organic,46-55,T1,cautious,5804.45,1
3105,2024-05-07 00:00:00,social,56+,T2,cautious,4643.27,1
3106,2024-03-13 00:00:00,organic,26-35,T1,balanced,3366.88,1
3107,2024-04-21 00:00:00,referral,46-55,T1,cautious,13626.65,1
3108,2024-08-26 00:00:00,referral,18-25,T3+,cautious,11773.22,1
3109,2024-10-21 00:00:00,paid_search,18-25,T1,balanced,6701.18,0
3110,2024-07-05 00:00:00,referral,36-45,T3+,cautious,6442.39,1
3111,2024-08-31 00:00:00,referral,36-45,T2,balanced,12950.98,1
3112,2024-07-26 00:00:00,social,36-45,T1,cautious,7323.32,1
3113,2024-10-10 00:00:00,organic,36-45,T2,aggressive,19667.55,0
3114,2024-04-09 00:00:00,organic,26-35,T3+,balanced,12549.2,1
3115,2024-11-03 00:00:00,organic,26-35,T1,cautious,6579.69,1
3116,2024-01-23 00:00:00,paid_search,36-45,T3+,balanced,35053.96,1
3117,2024-12-06 00:00:00,referral,36-45,T2,balanced,9574.28,1
3118,2024-03-23 00:00:00,social,36-45,T3+,cautious,26761.76,1
3119,2024-06-19 00:00:00,organic,36-45,T3+,balanced,4467.92,1
3120,2024-03-22 00:00:00,referral,26-35,T2,cautious,13843.24,1
3121,2024-06-13 00:00:00,organic,18-25,T3+,cautious,6604.99,1
3122,2024-02-06 00:00:00,organic,36-45,T1,balanced,4127.67,0
3123,2024-06-21 00:00:00,organic,18-25,T3+,aggressive,47163.99,1
3124,2024-04-01 00:00:00,referral,18-25,T3+,balanced,772.69,1
3125,2024-06-10 00:00:00,paid_search,26-35,T1,balanced,17100.24,1
3126,2024-07-22 00:00:00,social,26-35,T3+,cautious,3666.78,0
3127,2024-10-16 00:00:00,paid_search,26-35,T2,balanced,13216.95,1
3128,2024-08-20 00:00:00,paid_search,26-35,T1,balanced,5306.64,0
3129,2024-08-05 00:00:00,organic,36-45,T3+,balanced,15432.33,1
3130,2024-07-05 00:00:00,paid_search,26-35,T2,balanced,4608.94,1
3131,2024-11-12 00:00:00,organic,18-25,T3+,balanced,14404.22,0
3132,2024-01-17 00:00:00,bank_partner,36-45,T2,cautious,18317.8,1
3133,2024-02-26 00:00:00,organic,36-45,T1,aggressive,45854.53,1
3134,2024-10-29 00:00:00,organic,46-55,T3+,balanced,18980.98,0
3135,2024-06-28 00:00:00,paid_search,46-55,T3+,aggressive,3657.64,1
3136,2024-05-06 00:00:00,referral,26-35,T1,balanced,66183.88,1
3137,2024-10-18 00:00:00,social,26-35,T1,balanced,7463.27,1
3138,2024-02-06 00:00:00,organic,26-35,T1,balanced,15385.92,1
3139,2024-05-18 00:00:00,organic,26-35,T3+,cautious,32450.18,0
3140,2024-01-16 00:00:00,paid_search,46-55,T2,balanced,36404.11,1
3141,2024-06-13 00:00:00,organic,46-55,T2,cautious,12726.72,0
3142,2024-01-05 00:00:00,paid_search,26-35,T2,balanced,4567.21,0
3143,2024-02-27 00:00:00,organic,26-35,T1,cautious,7478.0,0
3144,2024-01-31 00:00:00,referral,26-35,T2,balanced,2538.16,1
3145,2024-08-26 00:00:00,organic,46-55,T1,balanced,15004.93,0
3146,2024-06-25 00:00:00,paid_search,18-25,T2,aggressive,27381.11,1
3147,2024-03-14 00:00:00,referral,18-25,T2,balanced,11510.33,1
3148,2024-12-06 00:00:00,paid_search,46-55,T1,aggressive,22155.35,1
3149,2024-07-24 00:00:00,organic,18-25,T1,cautious,21537.8,1
3150,2024-01-22 00:00:00,social,36-45,T3+,cautious,13639.54,1
3151,2024-05-09 00:00:00,organic,36-45,T2,aggressive,20472.33,0
3152,2024-04-14 00:00:00,bank_partner,36-45,T1,balanced,3585.13,1
3153,2024-03-06 00:00:00,referral,36-45,T2,aggressive,76793.35,1
3154,2024-02-04 00:00:00,organic,26-35,T2,aggressive,83659.0,1
3155,2024-08-28 00:00:00,social,26-35,T3+,balanced,4768.62,0
3156,2024-09-05 00:00:00,bank_partner,56+,T2,cautious,18391.9,1
3157,2024-09-03 00:00:00,social,18-25,T2,cautious,12181.71,1
3158,2024-02-22 00:00:00,paid_search,26-35,T1,cautious,9413.06,1
3159,2024-01-03 00:00:00,paid_search,26-35,T3+,balanced,1103.67,0
3160,2024-12-21 00:00:00,organic,56+,T1,balanced,8964.85,1
3161,2024-12-14 00:00:00,organic,56+,T1,balanced,63610.3,0
3162,2024-10-26 00:00:00,paid_search,36-45,T2,cautious,5485.85,1
3163,2024-01-11 00:00:00,paid_search,26-35,T1,cautious,6148.36,0
3164,2024-09-21 00:00:00,social,56+,T2,cautious,12802.83,0
3165,2024-06-19 00:00:00,social,18-25,T3+,balanced,535.3,1
3166,2024-04-07 00:00:00,referral,56+,T1,cautious,39923.98,1
3167,2024-11-22 00:00:00,organic,36-45,T1,balanced,105173.68,0
3168,2024-11-12 00:00:00,paid_search,26-35,T1,balanced,4505.22,1
3169,2024-11-08 00:00:00,paid_search,46-55,T3+,cautious,2661.15,0
3170,2024-02-24 00:00:00,bank_partner,36-45,T2,cautious,7763.01,1
3171,2024-04-17 00:00:00,social,26-35,T3+,cautious,3613.94,1
3172,2024-03-23 00:00:00,social,46-55,T3+,cautious,3953.34,1
3173,2024-05-07 00:00:00,paid_search,26-35,T1,balanced,1237.99,1
3174,2024-10-09 00:00:00,social,18-25,T1,balanced,1415.17,1
3175,2024-11-20 00:00:00,referral,46-55,T3+,aggressive,1963.33,0
3176,2024-09-02 00:00:00,paid_search,46-55,T3+,balanced,13068.94,1
3177,2024-10-09 00:00:00,social,26-35,T1,cautious,6123.05,0
3178,2024-04-16 00:00:00,social,36-45,T2,balanced,6663.76,1
3179,2024-11-29 00:00:00,referral,18-25,T2,balanced,1047.51,1
3180,2024-03-20 00:00:00,social,26-35,T3+,cautious,10795.91,1
3181,2024-07-20 00:00:00,organic,36-45,T2,cautious,5707.81,1
3182,2024-12-28 00:00:00,paid_search,36-45,T3+,cautious,16949.39,0
3183,2024-12-30 00:00:00,paid_search,18-25,T1,balanced,6323.45,1
3184,2024-10-10 00:00:00,paid_search,36-45,T1,balanced,10734.03,1
3185,2024-03-06 00:00:00,organic,56+,T1,balanced,25850.69,0
3186,2024-03-14 00:00:00,social,36-45,T3+,cautious,2858.63,1
3187,2024-07-02 00:00:00,organic,36-45,T1,cautious,26186.48,1
3188,2024-05-02 00:00:00,paid_search,26-35,T2,cautious,7688.67,1
3189,2024-02-25 00:00:00,organic,18-25,T2,aggressive,11020.22,0
3190,2024-12-15 00:00:00,social,46-55,T2,cautious,15821.65,0
3191,2024-08-29 00:00:00,organic,36-45,T2,balanced,8814.42,1
3192,2024-02-28 00:00:00,organic,36-45,T1,balanced,42687.4,1
3193,2024-02-02 00:00:00,organic,26-35,T1,cautious,12484.57,1
3194,2024-01-21 00:00:00,paid_search,46-55,T3+,balanced,8974.86,0
3195,2024-04-21 00:00:00,social,18-25,T3+,cautious,846.07,1
3196,2024-08-27 00:00:00,organic,46-55,T1,aggressive,3263.87,1
3197,2024-11-07 00:00:00,paid_search,46-55,T1,balanced,10382.87,1
3198,2024-11-15 00:00:00,social,46-55,T3+,aggressive,2605.3,0
3199,2024-04-26 00:00:00,paid_search,36-45,T2,balanced,8056.53,1
3200,2024-12-11 00:00:00,bank_partner,36-45,T3+,balanced,33737.63,1
3201,2024-07-26 00:00:00,organic,26-35,T2,balanced,6368.01,1
3202,2024-08-16 00:00:00,organic,46-55,T2,balanced,3116.5,1
3203,2024-09-28 00:00:00,organic,18-25,T1,aggressive,6062.2,1
3204,2024-07-22 00:00:00,paid_search,46-55,T1,cautious,3982.95,0
3205,2024-04-13 00:00:00,social,26-35,T1,balanced,9228.65,1
3206,2024-02-25 00:00:00,organic,18-25,T1,cautious,7983.42,1
3207,2024-03-02 00:00:00,organic,46-55,T3+,balanced,4410.81,1
3208,2024-10-17 00:00:00,bank_partner,18-25,T2,aggressive,3869.92,0
3209,2024-10-08 00:00:00,organic,26-35,T2,cautious,8998.51,0
3210,2024-09-19 00:00:00,bank_partner,26-35,T1,balanced,7645.64,1
3211,2024-11-26 00:00:00,referral,56+,T1,cautious,2674.08,1
3212,2024-03-06 00:00:00,paid_search,36-45,T2,aggressive,8489.18,0
3213,2024-04-01 00:00:00,referral,18-25,T2,balanced,70304.67,1
3214,2024-11-15 00:00:00,referral,26-35,T3+,balanced,14767.58,1
3215,2024-05-24 00:00:00,bank_partner,46-55,T2,aggressive,9603.65,1
3216,2024-02-15 00:00:00,bank_partner,46-55,T2,balanced,1389.98,1
3217,2024-10-01 00:00:00,organic,26-35,T2,aggressive,923.82,0
3218,2024-02-29 00:00:00,social,18-25,T3+,balanced,29222.59,1
3219,2024-10-16 00:00:00,referral,56+,T1,balanced,51461.6,1
3220,2024-07-14 00:00:00,bank_partner,36-45,T2,aggressive,16803.72,0
3221,2024-09-23 00:00:00,social,26-35,T1,balanced,8252.18,0
3222,2024-07-13 00:00:00,paid_search,36-45,T3+,cautious,26164.68,1
3223,2024-11-16 00:00:00,organic,26-35,T3+,balanced,3837.76,0
3224,2024-11-22 00:00:00,social,26-35,T2,balanced,1433.77,1
3225,2024-09-14 00:00:00,referral,18-25,T2,cautious,5272.12,1
3226,2024-03-03 00:00:00,social,26-35,T3+,balanced,510.86,0
3227,2024-06-01 00:00:00,paid_search,18-25,T2,balanced,1522.65,1
3228,2024-04-25 00:00:00,social,56+,T1,aggressive,16524.75,0
3229,2024-05-25 00:00:00,organic,26-35,T2,aggressive,16676.32,1
3230,2024-04-17 00:00:00,social,26-35,T1,aggressive,20127.32,0
3231,2024-05-27 00:00:00,organic,36-45,T3+,cautious,3174.91,0
3232,2024-01-19 00:00:00,organic,26-35,T3+,cautious,15302.58,1
3233,2024-09-16 00:00:00,social,56+,T2,balanced,7960.56,1
3234,2024-04-06 00:00:00,social,26-35,T2,aggressive,10540.63,1
3235,2024-08-23 00:00:00,paid_search,46-55,T2,balanced,19230.26,0
3236,2024-01-02 00:00:00,organic,36-45,T3+,aggressive,3361.42,1
3237,2024-08-16 00:00:00,paid_search,26-35,T2,balanced,3833.75,0
3238,2024-02-23 00:00:00,referral,36-45,T3+,cautious,17842.4,1
3239,2024-07-04 00:00:00,paid_search,46-55,T3+,cautious,3259.89,1
3240,2024-05-01 00:00:00,bank_partner,18-25,T1,cautious,2451.72,1
3241,2024-09-30 00:00:00,organic,36-45,T3+,balanced,3163.56,1
3242,2024-11-24 00:00:00,social,26-35,T2,cautious,23067.33,0
3243,2024-12-10 00:00:00,organic,36-45,T1,cautious,9161.28,1
3244,2024-06-02 00:00:00,social,26-35,T1,balanced,1766.44,0
3245,2024-04-26 00:00:00,organic,36-45,T2,cautious,4433.93,1
3246,2024-02-28 00:00:00,organic,36-45,T2,cautious,11586.52,1
3247,2024-03-05 00:00:00,social,36-45,T3+,balanced,937.23,1
3248,2024-01-14 00:00:00,social,26-35,T3+,cautious,4815.73,1
3249,2024-04-09 00:00:00,social,18-25,T3+,cautious,6054.7,0
3250,2024-10-18 00:00:00,paid_search,36-45,T1,aggressive,22337.87,0
3251,2024-08-05 00:00:00,social,26-35,T3+,cautious,26400.76,0
3252,2024-07-12 00:00:00,social,18-25,T2,balanced,500.0,1
3253,2024-03-12 00:00:00,referral,26-35,T1,cautious,2957.87,1
3254,2024-06-07 00:00:00,organic,26-35,T2,cautious,10929.47,0
3255,2024-11-15 00:00:00,organic,36-45,T1,balanced,3607.91,1
3256,2024-11-21 00:00:00,organic,46-55,T1,balanced,2917.51,0
3257,2024-03-10 00:00:00,referral,46-55,T3+,cautious,4669.47,1
3258,2024-01-31 00:00:00,social,46-55,T2,balanced,15608.22,0
3259,2024-04-05 00:00:00,social,26-35,T2,cautious,7004.01,1
3260,2024-07-03 00:00:00,bank_partner,26-35,T2,cautious,14931.49,1
3261,2024-10-23 00:00:00,social,26-35,T2,balanced,9552.28,1
3262,2024-07-04 00:00:00,bank_partner,18-25,T2,cautious,4573.09,0
3263,2024-10-09 00:00:00,social,26-35,T1,balanced,4168.3,0
3264,2024-03-09 00:00:00,social,36-45,T2,balanced,36355.52,1
3265,2024-08-13 00:00:00,paid_search,26-35,T3+,cautious,4378.22,1
3266,2024-07-13 00:00:00,paid_search,18-25,T3+,cautious,3664.63,0
3267,2024-10-27 00:00:00,referral,18-25,T3+,cautious,3273.01,1
3268,2024-05-19 00:00:00,bank_partner,36-45,T3+,balanced,20977.22,0
3269,2024-10-14 00:00:00,bank_partner,36-45,T3+,cautious,1335.8,1
3270,2024-08-22 00:00:00,social,46-55,T2,cautious,11837.45,0
3271,2024-04-15 00:00:00,bank_partner,26-35,T2,balanced,8337.56,1
3272,2024-05-04 00:00:00,paid_search,36-45,T2,cautious,5868.18,1
3273,2024-11-14 00:00:00,organic,26-35,T1,cautious,24546.85,1
3274,2024-07-01 00:00:00,organic,26-35,T1,balanced,18146.51,1
3275,2024-12-10 00:00:00,paid_search,18-25,T2,aggressive,13369.33,0
3276,2024-07-22 00:00:00,bank_partner,18-25,T2,balanced,24316.17,1
3277,2024-04-12 00:00:00,paid_search,36-45,T1,aggressive,24699.0,1
3278,2024-10-29 00:00:00,organic,26-35,T1,balanced,16938.81,1
3279,2024-12-05 00:00:00,organic,26-35,T3+,balanced,13044.56,1
3280,2024-09-08 00:00:00,referral,36-45,T1,balanced,11921.42,1
3281,2024-04-01 00:00:00,social,26-35,T2,balanced,23585.59,1
3282,2024-11-29 00:00:00,bank_partner,36-45,T3+,cautious,5821.64,1
3283,2024-12-16 00:00:00,paid_search,56+,T3+,cautious,29049.49,1
3284,2024-04-23 00:00:00,referral,26-35,T3+,balanced,2113.85,1
3285,2024-06-22 00:00:00,social,46-55,T3+,cautious,15209.05,1
3286,2024-09-02 00:00:00,referral,36-45,T3+,cautious,10700.27,1
3287,2024-09-25 00:00:00,bank_partner,46-55,T3+,balanced,12300.59,1
3288,2024-01-27 00:00:00,organic,26-35,T1,cautious,6481.03,1
3289,2024-03-21 00:00:00,bank_partner,18-25,T3+,cautious,24167.64,1
3290,2024-07-21 00:00:00,organic,46-55,T1,aggressive,34086.67,0
3291,2024-05-09 00:00:00,referral,36-45,T3+,balanced,7712.41,0
3292,2024-06-11 00:00:00,social,36-45,T2,balanced,27866.75,1
3293,2024-06-21 00:00:00,organic,18-25,T1,balanced,7403.94,1
3294,2024-01-10 00:00:00,paid_search,26-35,T2,aggressive,10311.43,1
3295,2024-01-09 00:00:00,paid_search,18-25,T3+,aggressive,12578.09,1
3296,2024-11-02 00:00:00,paid_search,36-45,T2,balanced,48507.37,1
3297,2024-09-17 00:00:00,organic,36-45,T2,balanced,37321.96,1
3298,2024-06-10 00:00:00,organic,26-35,T2,balanced,4302.04,0
3299,2024-04-06 00:00:00,social,18-25,T3+,aggressive,6504.76,0
3300,2024-04-04 00:00:00,bank_partner,46-55,T2,balanced,96371.99,1
3301,2024-07-25 00:00:00,social,46-55,T2,cautious,4907.59,1
3302,2024-08-01 00:00:00,paid_search,56+,T1,cautious,10682.63,1
3303,2024-05-12 00:00:00,organic,46-55,T2,balanced,66532.68,0
3304,2024-04-04 00:00:00,referral,36-45,T1,balanced,5300.71,1
3305,2024-03-29 00:00:00,bank_partner,46-55,T1,balanced,67845.16,1
3306,2024-03-11 00:00:00,bank_partner,26-35,T2,balanced,6259.73,0
3307,2024-12-30 00:00:00,referral,36-45,T3+,balanced,3115.03,1
3308,2024-08-01 00:00:00,organic,18-25,T2,cautious,3178.17,0
3309,2024-05-21 00:00:00,referral,18-25,T2,balanced,730.38,1
3310,2024-03-18 00:00:00,social,26-35,T2,balanced,9461.15,1
3311,2024-09-05 00:00:00,paid_search,56+,T3+,aggressive,7881.06,1
3312,2024-07-25 00:00:00,bank_partner,26-35,T1,cautious,10897.63,1
3313,2024-04-10 00:00:00,organic,36-45,T3+,balanced,16606.01,0
3314,2024-07-10 00:00:00,organic,18-25,T1,aggressive,638.09,0
3315,2024-12-04 00:00:00,organic,18-25,T1,balanced,5839.92,1
3316,2024-10-28 00:00:00,referral,26-35,T2,cautious,6706.13,1
3317,2024-02-28 00:00:00,organic,26-35,T2,balanced,985.75,1
3318,2024-02-22 00:00:00,referral,18-25,T3+,cautious,8477.18,0
3319,2024-12-28 00:00:00,referral,26-35,T3+,cautious,21581.22,1
3320,2024-11-13 00:00:00,referral,26-35,T3+,aggressive,12628.94,1
3321,2024-06-15 00:00:00,social,36-45,T1,balanced,12544.92,0
3322,2024-03-06 00:00:00,paid_search,26-35,T3+,cautious,4950.34,1
3323,2024-09-19 00:00:00,referral,46-55,T2,balanced,12156.04,1
3324,2024-04-30 00:00:00,organic,26-35,T2,balanced,6646.73,1
3325,2024-08-25 00:00:00,social,36-45,T2,balanced,16504.22,1
3326,2024-12-05 00:00:00,referral,56+,T1,balanced,15512.69,1
3327,2024-12-25 00:00:00,organic,46-55,T3+,balanced,16478.13,1
3328,2024-10-05 00:00:00,paid_search,46-55,T3+,cautious,30196.45,1
3329,2024-04-02 00:00:00,paid_search,46-55,T2,cautious,10992.88,0
3330,2024-03-03 00:00:00,social,46-55,T2,balanced,11681.06,1
3331,2024-12-08 00:00:00,organic,46-55,T2,balanced,2176.99,1
3332,2024-10-28 00:00:00,paid_search,26-35,T3+,aggressive,6008.51,1
3333,2024-05-18 00:00:00,bank_partner,26-35,T2,cautious,14721.19,1
3334,2024-06-08 00:00:00,social,36-45,T2,aggressive,7184.17,1
3335,2024-01-15 00:00:00,organic,36-45,T1,cautious,45781.58,0
3336,2024-09-03 00:00:00,bank_partner,56+,T1,cautious,10253.4,1
3337,2024-10-11 00:00:00,social,26-35,T3+,balanced,8962.36,0
3338,2024-04-16 00:00:00,social,26-35,T1,balanced,7902.1,1
3339,2024-12-20 00:00:00,social,26-35,T1,cautious,10419.07,1
3340,2024-11-24 00:00:00,organic,18-25,T1,balanced,1712.59,1
3341,2024-05-24 00:00:00,bank_partner,18-25,T3+,balanced,3116.38,1
3342,2024-03-01 00:00:00,organic,26-35,T1,cautious,16454.39,0
3343,2024-10-24 00:00:00,referral,36-45,T3+,cautious,13607.29,1
3344,2024-02-02 00:00:00,organic,26-35,T1,aggressive,2166.82,0
3345,2024-02-20 00:00:00,organic,36-45,T3+,cautious,3098.61,0
3346,2024-02-28 00:00:00,referral,56+,T2,aggressive,13896.9,1
3347,2024-02-24 00:00:00,paid_search,36-45,T1,cautious,31825.29,1
3348,2024-02-15 00:00:00,paid_search,26-35,T1,aggressive,5373.32,0
3349,2024-07-07 00:00:00,social,36-45,T3+,balanced,7202.19,1
3350,2024-05-23 00:00:00,bank_partner,36-45,T2,cautious,6187.9,1
3351,2024-11-15 00:00:00,social,56+,T2,aggressive,1059.9,1
3352,2024-08-18 00:00:00,organic,36-45,T1,balanced,4191.84,0
3353,2024-07-19 00:00:00,paid_search,26-35,T2,balanced,21797.63,1
3354,2024-07-02 00:00:00,paid_search,26-35,T1,cautious,14214.46,1
3355,2024-08-11 00:00:00,paid_search,46-55,T1,cautious,8135.36,0
3356,2024-09-30 00:00:00,bank_partner,36-45,T1,balanced,4418.25,1
3357,2024-04-11 00:00:00,organic,56+,T1,cautious,14505.35,1
3358,2024-06-05 00:00:00,paid_search,18-25,T3+,balanced,5184.24,1
3359,2024-06-20 00:00:00,paid_search,18-25,T3+,balanced,1574.16,0
3360,2024-03-28 00:00:00,organic,46-55,T1,balanced,1591.5,1
3361,2024-07-25 00:00:00,organic,26-35,T2,balanced,14551.67,0
3362,2024-11-29 00:00:00,organic,56+,T3+,cautious,33914.26,0
3363,2024-09-10 00:00:00,referral,46-55,T1,cautious,3881.68,1
3364,2024-11-01 00:00:00,referral,56+,T3+,balanced,75713.9,1
3365,2024-03-16 00:00:00,paid_search,26-35,T3+,balanced,6608.5,1
3366,2024-04-04 00:00:00,paid_search,56+,T1,cautious,72110.92,0
3367,2024-07-13 00:00:00,referral,36-45,T3+,aggressive,8059.41,1
3368,2024-03-17 00:00:00,referral,26-35,T1,cautious,30168.51,1
3369,2024-09-22 00:00:00,bank_partner,46-55,T3+,cautious,22583.54,0
3370,2024-11-03 00:00:00,paid_search,18-25,T3+,cautious,3343.99,1
3371,2024-07-05 00:00:00,social,18-25,T1,cautious,3581.93,1
3372,2024-01-01 00:00:00,paid_search,26-35,T1,cautious,36192.04,0
3373,2024-10-09 00:00:00,referral,26-35,T2,cautious,12286.38,1
3374,2024-09-05 00:00:00,social,56+,T1,balanced,25589.63,1
3375,2024-02-27 00:00:00,organic,18-25,T3+,balanced,3734.5,1
3376,2024-12-25 00:00:00,organic,46-55,T3+,balanced,2912.52,1
3377,2024-03-10 00:00:00,social,36-45,T1,cautious,8990.45,1
3378,2024-04-13 00:00:00,organic,36-45,T1,balanced,16151.55,0
3379,2024-02-21 00:00:00,paid_search,26-35,T1,cautious,583.9,0
3380,2024-08-17 00:00:00,organic,26-35,T2,cautious,7875.95,1
3381,2024-02-12 00:00:00,organic,18-25,T1,balanced,9359.66,1
3382,2024-01-28 00:00:00,paid_search,36-45,T1,balanced,38542.95,1
3383,2024-10-04 00:00:00,paid_search,26-35,T3+,cautious,5376.49,1
3384,2024-10-16 00:00:00,organic,26-35,T2,cautious,8724.5,1
3385,2024-12-12 00:00:00,paid_search,26-35,T1,cautious,32132.19,1
3386,2024-09-10 00:00:00,bank_partner,36-45,T1,cautious,13833.34,1
3387,2024-02-23 00:00:00,organic,36-45,T3+,aggressive,2655.01,1
3388,2024-03-13 00:00:00,organic,46-55,T1,balanced,3496.31,1
3389,2024-09-25 00:00:00,organic,36-45,T2,cautious,6070.07,1
3390,2024-01-13 00:00:00,organic,46-55,T3+,aggressive,11152.01,1
3391,2024-01-20 00:00:00,organic,36-45,T3+,balanced,25599.36,1
3392,2024-11-17 00:00:00,social,36-45,T1,balanced,17468.47,1
3393,2024-05-18 00:00:00,organic,36-45,T1,balanced,2817.71,1
3394,2024-10-30 00:00:00,bank_partner,36-45,T2,balanced,26809.61,1
3395,2024-07-31 00:00:00,paid_search,56+,T3+,balanced,7734.55,1
3396,2024-05-23 00:00:00,bank_partner,36-45,T2,cautious,25799.75,1
3397,2024-06-14 00:00:00,referral,36-45,T2,cautious,75110.6,1
3398,2024-07-17 00:00:00,bank_partner,46-55,T1,aggressive,5939.94,0
3399,2024-12-29 00:00:00,social,26-35,T3+,cautious,30407.88,0
3400,2024-08-29 00:00:00,social,26-35,T1,balanced,16805.65,1
3401,2024-07-18 00:00:00,organic,36-45,T2,balanced,4877.87,1
3402,2024-09-17 00:00:00,organic,18-25,T3+,balanced,2564.22,0
3403,2024-10-26 00:00:00,organic,36-45,T1,aggressive,17375.67,1
3404,2024-05-31 00:00:00,referral,56+,T1,balanced,12922.4,1
3405,2024-01-30 00:00:00,organic,18-25,T1,balanced,14935.97,1
3406,2024-11-16 00:00:00,organic,18-25,T1,balanced,6750.22,1
3407,2024-10-02 00:00:00,organic,56+,T2,balanced,24444.4,1
3408,2024-11-10 00:00:00,social,56+,T2,cautious,5514.66,1
3409,2024-10-29 00:00:00,social,18-25,T2,aggressive,18597.28,1
3410,2024-05-05 00:00:00,paid_search,36-45,T1,balanced,17220.95,1
3411,2024-05-18 00:00:00,social,36-45,T1,cautious,6981.79,1
3412,2024-05-19 00:00:00,organic,26-35,T1,cautious,11917.66,1
3413,2024-01-04 00:00:00,social,26-35,T1,aggressive,749.45,1
3414,2024-05-15 00:00:00,bank_partner,36-45,T2,cautious,9924.13,0
3415,2024-05-12 00:00:00,social,56+,T2,cautious,23634.39,1
3416,2024-09-14 00:00:00,referral,26-35,T1,cautious,13402.13,1
3417,2024-01-22 00:00:00,referral,46-55,T2,balanced,23713.28,1
3418,2024-05-07 00:00:00,bank_partner,18-25,T1,balanced,13883.6,0
3419,2024-12-13 00:00:00,organic,46-55,T3+,aggressive,8247.66,1
3420,2024-11-24 00:00:00,organic,46-55,T1,cautious,10843.33,1
3421,2024-12-28 00:00:00,social,36-45,T2,balanced,2409.93,1
3422,2024-03-19 00:00:00,organic,56+,T2,balanced,21513.85,1
3423,2024-05-04 00:00:00,referral,26-35,T1,cautious,3421.33,1
3424,2024-08-25 00:00:00,organic,18-25,T3+,cautious,1935.61,1
3425,2024-03-08 00:00:00,social,26-35,T1,balanced,1479.39,1
3426,2024-04-18 00:00:00,organic,46-55,T2,balanced,31040.35,0
3427,2024-04-22 00:00:00,organic,18-25,T3+,balanced,3426.56,1
3428,2024-05-05 00:00:00,paid_search,26-35,T2,cautious,3912.57,0
3429,2024-02-25 00:00:00,paid_search,26-35,T2,balanced,3930.23,1
3430,2024-05-30 00:00:00,bank_partner,26-35,T1,aggressive,6620.96,1
3431,2024-10-13 00:00:00,organic,18-25,T2,cautious,2320.48,1
3432,2024-10-09 00:00:00,referral,36-45,T3+,cautious,11607.75,1
3433,2024-09-06 00:00:00,referral,26-35,T3+,balanced,6583.62,1
3434,2024-10-05 00:00:00,social,26-35,T3+,balanced,9282.23,1
3435,2024-07-26 00:00:00,paid_search,46-55,T1,aggressive,7495.53,0
3436,2024-06-17 00:00:00,social,26-35,T3+,balanced,20674.07,1
3437,2024-08-17 00:00:00,organic,18-25,T2,aggressive,4510.05,1
3438,2024-11-17 00:00:00,organic,26-35,T2,balanced,46435.79,0
3439,2024-02-16 00:00:00,referral,36-45,T2,balanced,4275.49,1
3440,2024-07-13 00:00:00,referral,26-35,T3+,balanced,25818.45,1
3441,2024-08-14 00:00:00,referral,26-35,T1,cautious,7845.35,1
3442,2024-12-03 00:00:00,social,46-55,T2,aggressive,21479.45,1
3443,2024-05-24 00:00:00,social,18-25,T2,balanced,2364.35,0
3444,2024-06-14 00:00:00,organic,56+,T2,balanced,7738.38,1
3445,2024-11-05 00:00:00,social,26-35,T3+,cautious,5489.34,1
3446,2024-04-26 00:00:00,referral,18-25,T3+,balanced,4102.15,1
3447,2024-05-31 00:00:00,organic,56+,T3+,cautious,4445.05,1
3448,2024-04-29 00:00:00,referral,56+,T3+,cautious,12634.44,1
3449,2024-01-25 00:00:00,social,36-45,T1,cautious,7045.26,1
3450,2024-02-28 00:00:00,social,56+,T1,aggressive,4730.28,1
3451,2024-12-31 00:00:00,paid_search,46-55,T2,cautious,28223.52,0
3452,2024-10-29 00:00:00,referral,36-45,T1,balanced,4568.11,1
3453,2024-03-18 00:00:00,paid_search,26-35,T3+,cautious,7644.87,0
3454,2024-09-19 00:00:00,social,36-45,T2,balanced,2787.07,1
3455,2024-09-17 00:00:00,bank_partner,26-35,T1,cautious,3175.33,1
3456,2024-05-07 00:00:00,organic,18-25,T2,cautious,7844.21,1
3457,2024-09-22 00:00:00,paid_search,18-25,T2,cautious,8754.91,0
3458,2024-03-07 00:00:00,organic,36-45,T2,balanced,43341.28,1
3459,2024-05-10 00:00:00,referral,36-45,T2,cautious,8317.0,1
3460,2024-04-21 00:00:00,bank_partner,46-55,T2,balanced,47635.91,1
3461,2024-12-12 00:00:00,paid_search,36-45,T1,cautious,30918.6,0
3462,2024-03-27 00:00:00,paid_search,26-35,T3+,aggressive,12233.96,1
3463,2024-07-14 00:00:00,organic,36-45,T2,balanced,5027.99,1
3464,2024-02-29 00:00:00,bank_partner,46-55,T2,balanced,6920.27,0
3465,2024-11-01 00:00:00,organic,36-45,T2,balanced,1542.5,1
3466,2024-06-03 00:00:00,organic,26-35,T1,cautious,947.81,1
3467,2024-05-21 00:00:00,social,18-25,T3+,balanced,14666.49,1
3468,2024-06-19 00:00:00,paid_search,46-55,T2,aggressive,1841.44,0
3469,2024-10-20 00:00:00,paid_search,18-25,T1,cautious,914.45,1
3470,2024-11-23 00:00:00,organic,46-55,T2,balanced,3957.91,1
3471,2024-12-31 00:00:00,social,56+,T1,balanced,2542.9,1
3472,2024-05-24 00:00:00,organic,18-25,T3+,cautious,1927.54,1
3473,2024-08-16 00:00:00,bank_partner,46-55,T3+,balanced,4061.87,1
3474,2024-01-24 00:00:00,paid_search,26-35,T1,balanced,17604.68,1
3475,2024-12-13 00:00:00,paid_search,36-45,T1,balanced,1315.46,1
3476,2024-06-16 00:00:00,paid_search,26-35,T1,balanced,11839.13,1
3477,2024-04-10 00:00:00,paid_search,36-45,T1,cautious,14024.23,1
3478,2024-01-02 00:00:00,organic,26-35,T3+,balanced,7017.72,0
3479,2024-02-01 00:00:00,social,18-25,T3+,cautious,23024.48,1
3480,2024-02-23 00:00:00,paid_search,26-35,T2,cautious,6851.69,1
3481,2024-04-10 00:00:00,social,46-55,T3+,balanced,13905.29,1
3482,2024-11-21 00:00:00,social,26-35,T3+,balanced,39181.32,0
3483,2024-05-15 00:00:00,paid_search,46-55,T1,balanced,3769.58,1
3484,2024-05-03 00:00:00,bank_partner,26-35,T3+,cautious,27876.58,1
3485,2024-11-24 00:00:00,referral,36-45,T1,cautious,1747.62,0
3486,2024-05-02 00:00:00,organic,26-35,T1,cautious,16852.31,1
3487,2024-01-26 00:00:00,organic,36-45,T1,cautious,3797.14,1
3488,2024-09-08 00:00:00,organic,36-45,T3+,balanced,12510.56,0
3489,2024-09-19 00:00:00,organic,26-35,T1,balanced,22493.73,1
3490,2024-02-22 00:00:00,paid_search,36-45,T2,aggressive,13472.74,1
3491,2024-04-29 00:00:00,organic,18-25,T1,aggressive,6092.86,1
3492,2024-01-26 00:00:00,social,46-55,T2,aggressive,5032.77,0
3493,2024-07-08 00:00:00,paid_search,26-35,T2,balanced,16456.12,0
3494,2024-03-25 00:00:00,social,36-45,T3+,balanced,3538.34,0
3495,2024-08-13 00:00:00,social,18-25,T2,aggressive,1434.97,1
3496,2024-07-22 00:00:00,social,18-25,T1,aggressive,2433.92,1
3497,2024-05-09 00:00:00,bank_partner,46-55,T3+,cautious,11962.39,0
3498,2024-12-16 00:00:00,social,26-35,T3+,balanced,6079.51,1
3499,2024-06-11 00:00:00,organic,18-25,T3+,balanced,5681.31,1
3500,2024-08-13 00:00:00,organic,26-35,T1,aggressive,21273.45,0
3501,2024-11-29 00:00:00,social,26-35,T2,balanced,12880.06,1
3502,2024-01-27 00:00:00,referral,36-45,T2,aggressive,8620.17,1
3503,2024-06-24 00:00:00,paid_search,18-25,T1,aggressive,16461.48,1
3504,2024-03-13 00:00:00,paid_search,36-45,T2,cautious,4965.82,1
3505,2024-08-13 00:00:00,social,36-45,T2,cautious,54271.34,0
3506,2024-09-29 00:00:00,referral,36-45,T1,cautious,2159.28,1
3507,2024-06-22 00:00:00,social,26-35,T2,balanced,18032.84,1
3508,2024-03-20 00:00:00,organic,26-35,T3+,balanced,15444.02,0
3509,2024-02-28 00:00:00,organic,26-35,T3+,balanced,6637.52,0
3510,2024-10-23 00:00:00,organic,36-45,T1,balanced,2805.69,1
3511,2024-07-30 00:00:00,social,46-55,T3+,cautious,21189.75,1
3512,2024-06-03 00:00:00,bank_partner,18-25,T1,aggressive,1539.6,1
3513,2024-06-22 00:00:00,bank_partner,36-45,T1,cautious,619.09,0
3514,2024-05-03 00:00:00,social,36-45,T1,aggressive,17764.52,1
3515,2024-09-06 00:00:00,paid_search,18-25,T1,balanced,3847.64,1
3516,2024-12-26 00:00:00,paid_search,18-25,T1,cautious,3785.52,1
3517,2024-01-29 00:00:00,organic,26-35,T2,balanced,3523.58,0
3518,2024-07-16 00:00:00,paid_search,26-35,T2,balanced,14118.85,1
3519,2024-01-16 00:00:00,referral,56+,T2,aggressive,12111.1,1
3520,2024-06-23 00:00:00,bank_partner,46-55,T3+,cautious,30262.03,1
3521,2024-01-11 00:00:00,organic,26-35,T1,balanced,20213.32,1
3522,2024-04-12 00:00:00,organic,56+,T2,cautious,12928.54,1
3523,2024-10-31 00:00:00,referral,18-25,T3+,cautious,15711.65,1
3524,2024-09-20 00:00:00,organic,18-25,T2,cautious,13635.76,1
3525,2024-01-01 00:00:00,referral,26-35,T3+,cautious,3637.62,0
3526,2024-11-17 00:00:00,referral,26-35,T2,aggressive,8814.71,1
3527,2024-04-03 00:00:00,referral,36-45,T2,cautious,8979.94,1
3528,2024-08-03 00:00:00,referral,46-55,T2,balanced,65939.46,0
3529,2024-06-11 00:00:00,bank_partner,46-55,T2,balanced,8660.78,1
3530,2024-12-27 00:00:00,bank_partner,26-35,T3+,balanced,11279.51,1
3531,2024-10-08 00:00:00,bank_partner,26-35,T2,cautious,10186.91,1
3532,2024-07-13 00:00:00,organic,26-35,T2,balanced,25697.48,1
3533,2024-03-13 00:00:00,social,18-25,T2,cautious,11603.15,1
3534,2024-06-21 00:00:00,organic,46-55,T2,cautious,10565.94,1
3535,2024-01-06 00:00:00,social,46-55,T3+,cautious,11145.96,0
3536,2024-07-01 00:00:00,referral,18-25,T3+,cautious,7282.06,1
3537,2024-12-08 00:00:00,social,36-45,T1,balanced,11013.0,1
3538,2024-03-23 00:00:00,bank_partner,36-45,T3+,cautious,7403.02,0
3539,2024-12-06 00:00:00,referral,26-35,T3+,aggressive,3837.98,1
3540,2024-11-30 00:00:00,bank_partner,46-55,T1,balanced,6178.27,1
3541,2024-10-15 00:00:00,social,26-35,T2,aggressive,5258.12,1
3542,2024-04-22 00:00:00,paid_search,26-35,T2,balanced,41048.59,1
3543,2024-11-06 00:00:00,paid_search,36-45,T3+,cautious,7662.62,1
3544,2024-02-04 00:00:00,organic,18-25,T3+,cautious,735.06,0
3545,2024-09-25 00:00:00,bank_partner,18-25,T2,balanced,11258.54,1
3546,2024-01-28 00:00:00,bank_partner,18-25,T1,balanced,19748.21,1
3547,2024-05-01 00:00:00,bank_partner,46-55,T3+,balanced,28968.24,1
3548,2024-02-01 00:00:00,paid_search,36-45,T2,cautious,8963.28,0
3549,2024-02-23 00:00:00,social,18-25,T2,cautious,6926.92,0
3550,2024-10-28 00:00:00,referral,46-55,T2,aggressive,2998.46,1
3551,2024-06-19 00:00:00,bank_partner,18-25,T1,cautious,18846.89,1
3552,2024-06-22 00:00:00,organic,46-55,T3+,balanced,6845.34,1
3553,2024-09-02 00:00:00,referral,36-45,T2,cautious,3457.67,1
3554,2024-10-06 00:00:00,social,26-35,T2,balanced,2840.45,1
3555,2024-06-06 00:00:00,social,18-25,T2,balanced,9787.03,1
3556,2024-03-03 00:00:00,bank_partner,56+,T1,balanced,59457.54,0
3557,2024-10-25 00:00:00,paid_search,36-45,T2,aggressive,8458.86,1
3558,2024-08-05 00:00:00,social,26-35,T2,aggressive,7226.69,1
3559,2024-07-31 00:00:00,paid_search,36-45,T2,cautious,2466.72,0
3560,2024-10-29 00:00:00,organic,46-55,T2,cautious,31035.89,0
3561,2024-05-05 00:00:00,paid_search,26-35,T1,cautious,4688.47,1
3562,2024-12-16 00:00:00,organic,26-35,T3+,balanced,9685.29,0
3563,2024-09-25 00:00:00,social,56+,T1,cautious,31481.63,1
3564,2024-08-07 00:00:00,referral,46-55,T2,balanced,113091.63,1
3565,2024-06-25 00:00:00,paid_search,26-35,T1,cautious,1908.55,1
3566,2024-04-24 00:00:00,organic,36-45,T3+,balanced,8951.44,1
3567,2024-04-10 00:00:00,referral,26-35,T3+,cautious,2416.37,1
3568,2024-03-19 00:00:00,paid_search,56+,T3+,cautious,5107.28,0
3569,2024-08-02 00:00:00,social,46-55,T2,cautious,24799.98,1
3570,2024-10-11 00:00:00,organic,46-55,T3+,cautious,8025.37,1
3571,2024-10-26 00:00:00,organic,26-35,T2,balanced,15220.16,1
3572,2024-04-04 00:00:00,organic,18-25,T2,balanced,10246.67,0
3573,2024-10-25 00:00:00,social,26-35,T2,balanced,10369.28,0
3574,2024-10-13 00:00:00,organic,56+,T1,aggressive,18616.82,0
3575,2024-04-28 00:00:00,referral,36-45,T1,balanced,4510.4,0
3576,2024-07-29 00:00:00,organic,26-35,T3+,balanced,4364.37,1
3577,2024-12-04 00:00:00,paid_search,26-35,T2,cautious,11021.3,1
3578,2024-01-20 00:00:00,organic,26-35,T1,cautious,2407.0,1
3579,2024-07-25 00:00:00,organic,36-45,T1,balanced,8115.63,1
3580,2024-06-10 00:00:00,social,46-55,T2,aggressive,17770.39,1
3581,2024-12-14 00:00:00,social,26-35,T1,balanced,3711.68,1
3582,2024-11-03 00:00:00,referral,46-55,T3+,cautious,12878.28,1
3583,2024-08-12 00:00:00,social,36-45,T3+,cautious,896.36,1
3584,2024-08-11 00:00:00,paid_search,36-45,T1,balanced,3569.1,1
3585,2024-04-05 00:00:00,referral,36-45,T1,aggressive,3370.77,1
3586,2024-11-14 00:00:00,organic,18-25,T1,aggressive,26703.63,1
3587,2024-10-14 00:00:00,social,36-45,T3+,balanced,63883.49,1
3588,2024-11-09 00:00:00,paid_search,26-35,T2,balanced,12765.12,1
3589,2024-01-05 00:00:00,organic,36-45,T2,balanced,9819.08,1
3590,2024-07-08 00:00:00,referral,36-45,T2,balanced,7174.46,0
3591,2024-10-15 00:00:00,organic,46-55,T1,aggressive,17300.71,1
3592,2024-04-03 00:00:00,bank_partner,18-25,T2,cautious,2400.58,1
3593,2024-09-14 00:00:00,organic,36-45,T1,balanced,3429.68,1
3594,2024-08-22 00:00:00,social,26-35,T2,cautious,4324.78,0
3595,2024-03-31 00:00:00,bank_partner,46-55,T1,balanced,5282.13,1
3596,2024-04-20 00:00:00,paid_search,26-35,T1,cautious,4520.61,1
3597,2024-05-08 00:00:00,paid_search,36-45,T3+,balanced,6260.6,1
3598,2024-05-07 00:00:00,organic,18-25,T2,balanced,4842.22,1
3599,2024-12-04 00:00:00,organic,46-55,T1,aggressive,3058.04,1
3600,2024-04-24 00:00:00,paid_search,56+,T1,cautious,3559.87,1
3601,2024-03-15 00:00:00,organic,36-45,T3+,balanced,4441.98,1
3602,2024-03-14 00:00:00,referral,36-45,T1,cautious,5916.33,1
3603,2024-11-12 00:00:00,paid_search,36-45,T1,cautious,20981.74,1
3604,2024-11-23 00:00:00,organic,36-45,T1,cautious,2592.75,1
3605,2024-01-19 00:00:00,paid_search,18-25,T1,cautious,20727.0,1
3606,2024-04-06 00:00:00,social,46-55,T1,balanced,7825.55,1
3607,2024-10-14 00:00:00,organic,36-45,T2,aggressive,1713.51,0
3608,2024-03-18 00:00:00,organic,36-45,T3+,cautious,15714.58,0
3609,2024-07-02 00:00:00,organic,36-45,T2,balanced,4601.89,1
3610,2024-07-02 00:00:00,paid_search,46-55,T3+,cautious,6003.86,1
3611,2024-01-11 00:00:00,social,26-35,T1,balanced,6412.89,1
3612,2024-12-09 00:00:00,paid_search,26-35,T2,balanced,350000.0,0
3613,2024-06-15 00:00:00,social,26-35,T2,cautious,3341.88,1
3614,2024-09-14 00:00:00,paid_search,36-45,T3+,balanced,821.55,1
3615,2024-02-13 00:00:00,social,26-35,T1,cautious,21837.02,1
3616,2024-06-28 00:00:00,paid_search,26-35,T3+,cautious,10481.48,0
3617,2024-09-13 00:00:00,referral,56+,T2,cautious,13319.93,1
3618,2024-07-09 00:00:00,social,46-55,T3+,balanced,14021.69,1
3619,2024-12-13 00:00:00,paid_search,36-45,T2,aggressive,29383.38,1
3620,2024-03-07 00:00:00,referral,46-55,T2,cautious,10688.72,1
3621,2024-03-11 00:00:00,organic,26-35,T2,balanced,18625.92,1
3622,2024-08-11 00:00:00,paid_search,26-35,T1,aggressive,6430.89,0
3623,2024-08-16 00:00:00,social,36-45,T1,cautious,23588.29,1
3624,2024-05-20 00:00:00,social,26-35,T2,balanced,22242.83,0
3625,2024-08-07 00:00:00,organic,26-35,T3+,cautious,7205.73,1
3626,2024-07-13 00:00:00,paid_search,18-25,T1,balanced,40708.8,1
3627,2024-10-18 00:00:00,referral,56+,T1,aggressive,8167.05,1
3628,2024-03-13 00:00:00,organic,26-35,T2,cautious,24421.37,0
3629,2024-03-22 00:00:00,organic,26-35,T2,cautious,2400.96,1
3630,2024-01-24 00:00:00,organic,26-35,T2,balanced,10274.93,1
3631,2024-01-10 00:00:00,referral,26-35,T3+,balanced,2407.39,1
3632,2024-09-30 00:00:00,organic,36-45,T1,cautious,12986.12,1
3633,2024-03-17 00:00:00,paid_search,46-55,T1,balanced,6685.46,1
3634,2024-03-27 00:00:00,paid_search,26-35,T1,balanced,9989.9,1
3635,2024-09-24 00:00:00,paid_search,46-55,T2,balanced,18665.81,1
3636,2024-01-01 00:00:00,bank_partner,46-55,T2,balanced,1392.09,1
3637,2024-10-29 00:00:00,organic,26-35,T2,cautious,7703.03,0
3638,2024-07-08 00:00:00,referral,46-55,T1,cautious,20737.39,1
3639,2024-04-13 00:00:00,social,18-25,T2,balanced,68914.1,1
3640,2024-04-08 00:00:00,paid_search,26-35,T2,balanced,36689.56,0
3641,2024-03-13 00:00:00,paid_search,46-55,T2,balanced,9873.99,1
3642,2024-07-17 00:00:00,paid_search,36-45,T1,cautious,14837.69,1
3643,2024-06-19 00:00:00,bank_partner,36-45,T2,balanced,14650.31,1
3644,2024-03-26 00:00:00,bank_partner,46-55,T2,cautious,30420.85,1
3645,2024-03-04 00:00:00,organic,36-45,T1,balanced,1421.35,0
3646,2024-09-04 00:00:00,paid_search,36-45,T2,balanced,6093.95,0
3647,2024-03-21 00:00:00,referral,56+,T2,balanced,3619.54,1
3648,2024-06-24 00:00:00,organic,56+,T2,balanced,7235.75,1
3649,2024-02-22 00:00:00,organic,36-45,T3+,cautious,17465.54,1
3650,2024-02-03 00:00:00,organic,36-45,T2,aggressive,787.5,1
3651,2024-10-09 00:00:00,organic,46-55,T3+,aggressive,29741.6,1
3652,2024-07-20 00:00:00,referral,46-55,T2,balanced,4437.92,1
3653,2024-01-24 00:00:00,paid_search,36-45,T3+,aggressive,8483.39,1
3654,2024-06-16 00:00:00,organic,26-35,T1,cautious,2069.37,0
3655,2024-10-03 00:00:00,referral,26-35,T3+,balanced,20292.85,0
3656,2024-06-28 00:00:00,organic,26-35,T3+,balanced,4542.32,1
3657,2024-06-16 00:00:00,referral,26-35,T2,aggressive,2758.86,1
3658,2024-08-30 00:00:00,organic,46-55,T1,aggressive,7513.13,1
3659,2024-05-08 00:00:00,paid_search,36-45,T3+,aggressive,8066.46,1
3660,2024-01-24 00:00:00,bank_partner,36-45,T2,aggressive,32488.04,0
3661,2024-10-27 00:00:00,social,46-55,T1,cautious,9436.62,0
3662,2024-10-08 00:00:00,referral,36-45,T1,balanced,31635.54,1
3663,2024-04-11 00:00:00,social,26-35,T3+,cautious,9762.35,1
3664,2024-01-24 00:00:00,organic,46-55,T1,balanced,12396.92,1
3665,2024-10-03 00:00:00,organic,36-45,T2,cautious,31510.92,1
3666,2024-03-17 00:00:00,bank_partner,18-25,T2,cautious,1275.48,1
3667,2024-06-03 00:00:00,organic,26-35,T1,balanced,13863.79,1
3668,2024-10-28 00:00:00,referral,26-35,T3+,balanced,8296.93,1
3669,2024-01-10 00:00:00,social,46-55,T2,balanced,23702.08,0
3670,2024-02-26 00:00:00,paid_search,26-35,T2,aggressive,24164.91,1
3671,2024-04-12 00:00:00,referral,18-25,T1,cautious,1065.17,1
3672,2024-02-20 00:00:00,organic,56+,T2,cautious,4332.92,0
3673,2024-11-17 00:00:00,organic,36-45,T2,balanced,1733.37,1
3674,2024-03-03 00:00:00,organic,36-45,T1,aggressive,17052.3,0
3675,2024-02-10 00:00:00,organic,36-45,T2,cautious,4643.01,1
3676,2024-09-08 00:00:00,referral,26-35,T3+,balanced,10940.55,1
3677,2024-06-07 00:00:00,social,26-35,T1,aggressive,4987.8,1
3678,2024-02-21 00:00:00,bank_partner,18-25,T3+,cautious,13971.48,0
3679,2024-09-15 00:00:00,bank_partner,36-45,T3+,balanced,7761.42,1
3680,2024-02-28 00:00:00,social,36-45,T3+,balanced,4758.1,1
3681,2024-10-18 00:00:00,organic,26-35,T2,balanced,23002.41,1
3682,2024-08-22 00:00:00,paid_search,46-55,T2,cautious,16253.87,1
3683,2024-08-12 00:00:00,organic,36-45,T3+,balanced,10357.36,1
3684,2024-01-18 00:00:00,social,26-35,T2,aggressive,36385.17,1
3685,2024-02-28 00:00:00,referral,18-25,T2,aggressive,5518.96,1
3686,2024-05-31 00:00:00,bank_partner,18-25,T1,cautious,2425.28,1
3687,2024-05-14 00:00:00,organic,18-25,T1,balanced,25995.93,1
3688,2024-05-13 00:00:00,paid_search,26-35,T3+,cautious,6382.13,1
3689,2024-03-14 00:00:00,organic,26-35,T2,cautious,4537.78,0
3690,2024-12-26 00:00:00,organic,36-45,T3+,cautious,13690.49,1
3691,2024-05-01 00:00:00,organic,18-25,T3+,aggressive,1967.62,1
3692,2024-01-26 00:00:00,bank_partner,18-25,T3+,cautious,2457.61,1
3693,2024-01-16 00:00:00,organic,36-45,T3+,cautious,24018.93,1
3694,2024-10-15 00:00:00,paid_search,26-35,T1,cautious,95862.63,1
3695,2024-10-31 00:00:00,social,36-45,T2,balanced,10631.42,1
3696,2024-10-27 00:00:00,paid_search,18-25,T1,balanced,2541.79,0
3697,2024-02-20 00:00:00,paid_search,18-25,T3+,aggressive,8999.79,0
3698,2024-06-02 00:00:00,referral,26-35,T1,cautious,5664.36,1
3699,2024-01-25 00:00:00,organic,26-35,T2,balanced,27511.6,0
3700,2024-09-29 00:00:00,organic,36-45,T1,cautious,8688.51,1
3701,2024-12-26 00:00:00,organic,46-55,T3+,balanced,12808.25,1
3702,2024-04-18 00:00:00,paid_search,36-45,T1,balanced,36377.55,1
3703,2024-02-04 00:00:00,organic,36-45,T1,cautious,2128.48,0
3704,2024-10-26 00:00:00,organic,26-35,T3+,balanced,3563.66,0
3705,2024-09-08 00:00:00,referral,56+,T1,balanced,10019.11,1
3706,2024-09-19 00:00:00,organic,18-25,T2,cautious,5757.15,1
3707,2024-03-01 00:00:00,paid_search,26-35,T1,aggressive,6458.88,1
3708,2024-01-06 00:00:00,paid_search,26-35,T3+,balanced,127356.01,1
3709,2024-12-20 00:00:00,bank_partner,26-35,T2,aggressive,9578.86,1
3710,2024-09-03 00:00:00,organic,36-45,T1,cautious,6133.53,1
3711,2024-07-19 00:00:00,social,18-25,T2,balanced,5851.68,0
3712,2024-02-15 00:00:00,paid_search,36-45,T3+,balanced,11254.57,1
3713,2024-01-01 00:00:00,bank_partner,18-25,T1,cautious,10449.07,1
3714,2024-02-12 00:00:00,paid_search,46-55,T2,cautious,4975.96,0
3715,2024-11-05 00:00:00,bank_partner,36-45,T2,balanced,12934.98,1
3716,2024-10-03 00:00:00,paid_search,36-45,T1,balanced,57734.84,1
3717,2024-05-12 00:00:00,organic,26-35,T3+,cautious,13443.84,1
3718,2024-01-24 00:00:00,organic,26-35,T3+,cautious,21127.04,1
3719,2024-07-30 00:00:00,bank_partner,36-45,T2,cautious,17908.47,1
3720,2024-10-13 00:00:00,organic,46-55,T3+,cautious,16565.45,1
3721,2024-12-04 00:00:00,social,36-45,T2,balanced,38584.44,1
3722,2024-03-28 00:00:00,paid_search,26-35,T2,aggressive,1697.09,1
3723,2024-12-22 00:00:00,referral,36-45,T3+,cautious,13664.31,1
3724,2024-04-17 00:00:00,paid_search,18-25,T2,balanced,1652.9,0
3725,2024-09-01 00:00:00,paid_search,36-45,T1,cautious,13055.87,1
3726,2024-09-09 00:00:00,referral,18-25,T3+,cautious,500.0,1
3727,2024-12-19 00:00:00,bank_partner,26-35,T2,balanced,14140.99,1
3728,2024-06-28 00:00:00,organic,56+,T1,cautious,8538.53,1
3729,2024-05-19 00:00:00,referral,26-35,T2,cautious,26451.25,0
3730,2024-12-24 00:00:00,paid_search,36-45,T3+,balanced,2849.45,1
3731,2024-09-19 00:00:00,social,18-25,T2,balanced,3291.31,1
3732,2024-10-08 00:00:00,social,46-55,T3+,balanced,15605.98,1
3733,2024-12-25 00:00:00,social,46-55,T1,cautious,64909.67,0
3734,2024-05-07 00:00:00,referral,26-35,T1,aggressive,8756.16,0
3735,2024-05-03 00:00:00,social,18-25,T1,balanced,2370.03,0
3736,2024-06-19 00:00:00,bank_partner,36-45,T3+,cautious,3960.91,1
3737,2024-03-13 00:00:00,organic,26-35,T3+,balanced,5890.41,1
3738,2024-06-02 00:00:00,social,36-45,T1,cautious,4930.39,1
3739,2024-04-08 00:00:00,paid_search,18-25,T3+,balanced,15903.73,1
3740,2024-12-09 00:00:00,paid_search,26-35,T3+,balanced,500.0,1
3741,2024-04-01 00:00:00,paid_search,26-35,T1,cautious,22888.22,1
3742,2024-09-18 00:00:00,organic,36-45,T3+,cautious,24818.68,1
3743,2024-06-21 00:00:00,organic,36-45,T1,balanced,2306.35,1
3744,2024-06-16 00:00:00,referral,26-35,T2,aggressive,3660.72,1
3745,2024-11-01 00:00:00,organic,36-45,T3+,cautious,1136.59,1
3746,2024-06-17 00:00:00,referral,26-35,T2,aggressive,9072.03,1
3747,2024-10-27 00:00:00,referral,18-25,T2,aggressive,12246.4,1
3748,2024-06-03 00:00:00,social,26-35,T1,balanced,12379.32,0
3749,2024-11-09 00:00:00,paid_search,26-35,T2,balanced,3952.69,1
3750,2024-03-20 00:00:00,organic,26-35,T2,aggressive,102701.79,1
3751,2024-11-02 00:00:00,organic,26-35,T3+,cautious,1997.34,1
3752,2024-09-20 00:00:00,social,46-55,T3+,balanced,13005.56,1
3753,2024-04-05 00:00:00,organic,18-25,T2,aggressive,5929.3,1
3754,2024-12-26 00:00:00,organic,26-35,T1,cautious,13248.71,1
3755,2024-05-23 00:00:00,organic,26-35,T3+,cautious,1719.32,0
3756,2024-07-21 00:00:00,organic,26-35,T3+,balanced,8873.61,1
3757,2024-04-27 00:00:00,referral,26-35,T2,balanced,6757.68,1
3758,2024-12-05 00:00:00,social,36-45,T3+,aggressive,1775.62,1
3759,2024-01-18 00:00:00,bank_partner,46-55,T1,cautious,12087.77,0
3760,2024-07-25 00:00:00,referral,18-25,T1,aggressive,22917.87,1
3761,2024-01-10 00:00:00,paid_search,26-35,T3+,balanced,10762.26,1
3762,2024-03-11 00:00:00,paid_search,26-35,T1,cautious,25768.15,1
3763,2024-03-23 00:00:00,paid_search,46-55,T1,cautious,76835.44,1
3764,2024-04-15 00:00:00,referral,26-35,T3+,aggressive,13196.61,0
3765,2024-11-16 00:00:00,paid_search,26-35,T3+,cautious,9559.87,1
3766,2024-09-26 00:00:00,bank_partner,18-25,T1,balanced,8251.7,1
3767,2024-07-27 00:00:00,referral,26-35,T2,aggressive,7358.36,0
3768,2024-07-25 00:00:00,social,26-35,T3+,balanced,3065.25,1
3769,2024-04-06 00:00:00,paid_search,26-35,T1,cautious,4588.37,1
3770,2024-10-21 00:00:00,paid_search,18-25,T2,balanced,5195.71,0
3771,2024-02-10 00:00:00,bank_partner,36-45,T1,cautious,62475.94,1
3772,2024-08-01 00:00:00,paid_search,26-35,T2,balanced,9107.15,0
3773,2024-08-18 00:00:00,paid_search,36-45,T3+,balanced,2887.54,0
3774,2024-03-01 00:00:00,organic,26-35,T1,balanced,5088.25,1
3775,2024-01-13 00:00:00,organic,36-45,T1,cautious,26078.49,1
3776,2024-09-05 00:00:00,referral,46-55,T1,aggressive,5704.9,1
3777,2024-05-28 00:00:00,organic,46-55,T1,balanced,2414.57,1
3778,2024-03-15 00:00:00,bank_partner,36-45,T3+,cautious,40763.89,1
3779,2024-10-30 00:00:00,organic,18-25,T2,cautious,2404.86,0
3780,2024-02-06 00:00:00,paid_search,26-35,T2,balanced,6103.47,1
3781,2024-01-18 00:00:00,referral,26-35,T2,balanced,16256.65,1
3782,2024-10-20 00:00:00,paid_search,26-35,T1,balanced,6916.08,1
3783,2024-01-02 00:00:00,referral,36-45,T1,cautious,5684.35,1
3784,2024-02-23 00:00:00,organic,46-55,T1,aggressive,15776.09,1
3785,2024-07-12 00:00:00,organic,18-25,T2,aggressive,4257.99,0
3786,2024-02-09 00:00:00,bank_partner,36-45,T2,balanced,112175.36,1
3787,2024-08-20 00:00:00,referral,18-25,T3+,balanced,2458.36,1
3788,2024-09-24 00:00:00,referral,46-55,T1,cautious,50018.79,1
3789,2024-12-28 00:00:00,referral,46-55,T1,balanced,49259.42,1
3790,2024-06-15 00:00:00,social,36-45,T2,cautious,12758.87,1
3791,2024-04-08 00:00:00,social,18-25,T2,aggressive,500.0,0
3792,2024-07-06 00:00:00,referral,36-45,T3+,balanced,49332.34,1
3793,2024-11-12 00:00:00,referral,36-45,T1,balanced,65839.25,1
3794,2024-04-05 00:00:00,paid_search,36-45,T3+,aggressive,2005.83,1
3795,2024-09-23 00:00:00,paid_search,18-25,T2,cautious,3897.88,1
3796,2024-07-06 00:00:00,paid_search,18-25,T1,aggressive,6767.55,1
3797,2024-03-29 00:00:00,organic,26-35,T2,balanced,17367.24,0
3798,2024-05-23 00:00:00,referral,56+,T1,balanced,7986.06,0
3799,2024-07-24 00:00:00,social,18-25,T1,cautious,4745.32,1
3800,2024-02-02 00:00:00,referral,26-35,T1,balanced,34302.12,1
3801,2024-07-05 00:00:00,organic,36-45,T3+,balanced,6697.44,1
3802,2024-04-14 00:00:00,organic,46-55,T3+,balanced,22039.05,1
3803,2024-01-23 00:00:00,paid_search,56+,T1,cautious,55524.83,1
3804,2024-10-05 00:00:00,social,18-25,T2,cautious,500.0,0
3805,2024-12-15 00:00:00,bank_partner,46-55,T2,balanced,8629.65,1
3806,2024-01-15 00:00:00,referral,26-35,T3+,cautious,1930.86,1
3807,2024-03-05 00:00:00,referral,36-45,T2,aggressive,8471.93,0
3808,2024-07-09 00:00:00,social,26-35,T2,aggressive,6011.89,1
3809,2024-11-29 00:00:00,organic,18-25,T2,balanced,9304.16,1
3810,2024-04-20 00:00:00,bank_partner,26-35,T2,cautious,75409.2,1
3811,2024-12-20 00:00:00,organic,26-35,T2,cautious,2134.75,1
3812,2024-03-07 00:00:00,social,18-25,T3+,balanced,758.2,1
3813,2024-08-24 00:00:00,organic,36-45,T2,balanced,39841.57,1
3814,2024-08-10 00:00:00,referral,36-45,T3+,cautious,2558.06,1
3815,2024-10-22 00:00:00,bank_partner,36-45,T2,aggressive,12948.42,1
3816,2024-08-14 00:00:00,paid_search,18-25,T3+,cautious,8410.65,1
3817,2024-12-08 00:00:00,bank_partner,36-45,T2,aggressive,1890.75,1
3818,2024-01-07 00:00:00,paid_search,26-35,T3+,balanced,32511.6,0
3819,2024-04-29 00:00:00,organic,18-25,T2,cautious,7962.11,1
3820,2024-09-20 00:00:00,organic,36-45,T2,balanced,2250.66,0
3821,2024-04-05 00:00:00,social,36-45,T2,balanced,16341.4,0
3822,2024-04-07 00:00:00,referral,26-35,T1,cautious,11392.7,1
3823,2024-04-26 00:00:00,organic,26-35,T2,aggressive,4654.06,1
3824,2024-03-22 00:00:00,bank_partner,26-35,T1,aggressive,84308.68,1
3825,2024-08-12 00:00:00,organic,26-35,T1,aggressive,17415.86,0
3826,2024-03-26 00:00:00,bank_partner,26-35,T3+,balanced,7689.04,1
3827,2024-02-24 00:00:00,bank_partner,36-45,T2,balanced,1889.8,1
3828,2024-12-09 00:00:00,organic,56+,T2,balanced,26333.04,1
3829,2024-10-09 00:00:00,bank_partner,36-45,T3+,balanced,38713.26,0
3830,2024-01-18 00:00:00,paid_search,46-55,T3+,balanced,10297.29,1
3831,2024-11-06 00:00:00,paid_search,26-35,T3+,cautious,13398.32,0
3832,2024-05-27 00:00:00,social,26-35,T3+,cautious,5726.9,1
3833,2024-03-10 00:00:00,paid_search,36-45,T3+,balanced,14257.18,1
3834,2024-03-24 00:00:00,referral,26-35,T3+,balanced,8277.24,1
3835,2024-05-24 00:00:00,social,26-35,T3+,cautious,5033.73,1
3836,2024-05-12 00:00:00,organic,26-35,T2,aggressive,6308.8,0
3837,2024-10-15 00:00:00,bank_partner,56+,T2,balanced,14975.8,1
3838,2024-01-15 00:00:00,referral,26-35,T3+,balanced,2062.13,1
3839,2024-10-25 00:00:00,paid_search,26-35,T3+,cautious,2644.25,1
3840,2024-05-29 00:00:00,bank_partner,36-45,T3+,balanced,16946.51,1
3841,2024-03-15 00:00:00,organic,18-25,T3+,balanced,5422.05,1
3842,2024-11-30 00:00:00,organic,46-55,T1,cautious,9608.1,1
3843,2024-04-28 00:00:00,organic,36-45,T2,cautious,6322.77,1
3844,2024-09-20 00:00:00,referral,36-45,T1,balanced,2541.81,1
3845,2024-07-31 00:00:00,referral,26-35,T1,balanced,3917.21,1
3846,2024-05-27 00:00:00,paid_search,26-35,T1,aggressive,35713.67,1
3847,2024-12-20 00:00:00,paid_search,36-45,T1,balanced,13490.0,1
3848,2024-04-04 00:00:00,organic,46-55,T1,cautious,5111.82,1
3849,2024-01-31 00:00:00,referral,36-45,T2,aggressive,15977.65,1
3850,2024-08-07 00:00:00,organic,18-25,T1,balanced,4116.15,1
3851,2024-07-20 00:00:00,referral,36-45,T3+,balanced,11397.43,1
3852,2024-05-27 00:00:00,social,46-55,T1,aggressive,72275.68,1
3853,2024-08-16 00:00:00,bank_partner,18-25,T2,balanced,4782.7,0
3854,2024-09-16 00:00:00,referral,18-25,T2,cautious,2236.2,0
3855,2024-11-08 00:00:00,referral,18-25,T3+,cautious,24081.56,1
3856,2024-02-08 00:00:00,bank_partner,26-35,T3+,aggressive,6642.34,0
3857,2024-11-09 00:00:00,referral,26-35,T2,cautious,26243.53,0
3858,2024-05-16 00:00:00,social,26-35,T1,balanced,9160.96,0
3859,2024-02-08 00:00:00,paid_search,46-55,T1,balanced,7718.67,0
3860,2024-11-28 00:00:00,bank_partner,18-25,T2,aggressive,26295.39,1
3861,2024-06-01 00:00:00,referral,46-55,T3+,cautious,11425.95,1
3862,2024-01-20 00:00:00,paid_search,18-25,T2,cautious,1230.55,1
3863,2024-11-17 00:00:00,organic,36-45,T1,balanced,23668.03,1
3864,2024-09-18 00:00:00,social,56+,T1,cautious,7530.48,1
3865,2024-01-03 00:00:00,bank_partner,36-45,T2,cautious,23683.48,0
3866,2024-11-06 00:00:00,paid_search,46-55,T3+,balanced,61283.12,1
3867,2024-09-07 00:00:00,organic,36-45,T1,balanced,3630.4,1
3868,2024-11-22 00:00:00,organic,46-55,T2,cautious,14314.49,1
3869,2024-05-09 00:00:00,referral,26-35,T2,aggressive,15255.29,1
3870,2024-11-25 00:00:00,paid_search,18-25,T2,cautious,9252.28,1
3871,2024-05-30 00:00:00,referral,56+,T1,aggressive,6579.45,0
3872,2024-03-16 00:00:00,organic,36-45,T1,cautious,70299.17,1
3873,2024-05-02 00:00:00,organic,46-55,T3+,balanced,39891.94,1
3874,2024-12-02 00:00:00,paid_search,18-25,T2,balanced,6737.51,1
3875,2024-12-04 00:00:00,paid_search,18-25,T1,cautious,2759.13,1
3876,2024-03-01 00:00:00,organic,46-55,T3+,cautious,18414.17,1
3877,2024-10-15 00:00:00,organic,36-45,T2,balanced,23260.3,0
3878,2024-07-11 00:00:00,social,26-35,T1,balanced,7600.39,0
3879,2024-07-16 00:00:00,organic,36-45,T3+,cautious,6360.82,1
3880,2024-12-16 00:00:00,organic,26-35,T1,aggressive,17114.46,1
3881,2024-09-13 00:00:00,social,36-45,T1,balanced,14897.47,0
3882,2024-09-06 00:00:00,paid_search,46-55,T2,aggressive,14060.91,1
3883,2024-02-20 00:00:00,social,18-25,T3+,cautious,2167.81,1
3884,2024-02-24 00:00:00,bank_partner,56+,T3+,aggressive,12913.05,1
3885,2024-05-14 00:00:00,organic,18-25,T1,cautious,3198.11,1
3886,2024-12-05 00:00:00,social,26-35,T1,balanced,50736.24,1
3887,2024-09-28 00:00:00,bank_partner,26-35,T3+,cautious,74956.87,1
3888,2024-10-29 00:00:00,paid_search,36-45,T2,balanced,19742.54,1
3889,2024-06-26 00:00:00,referral,18-25,T3+,cautious,1827.05,1
3890,2024-04-22 00:00:00,social,18-25,T1,cautious,5509.1,1
3891,2024-05-24 00:00:00,referral,26-35,T1,cautious,30064.86,0
3892,2024-12-11 00:00:00,paid_search,26-35,T1,balanced,16467.58,1
3893,2024-04-10 00:00:00,organic,36-45,T2,cautious,17145.27,1
3894,2024-02-18 00:00:00,paid_search,26-35,T3+,balanced,1987.19,1
3895,2024-11-09 00:00:00,bank_partner,46-55,T3+,cautious,12641.71,1
3896,2024-12-03 00:00:00,social,26-35,T1,aggressive,6236.34,1
3897,2024-04-01 00:00:00,paid_search,26-35,T1,cautious,1574.61,1
3898,2024-04-01 00:00:00,referral,36-45,T3+,balanced,31276.22,1
3899,2024-07-28 00:00:00,referral,46-55,T1,cautious,15772.36,1
3900,2024-07-07 00:00:00,social,36-45,T2,balanced,4689.68,1
3901,2024-05-14 00:00:00,referral,26-35,T2,cautious,32861.48,0
3902,2024-02-04 00:00:00,paid_search,36-45,T3+,balanced,10803.11,1
3903,2024-09-26 00:00:00,organic,26-35,T1,balanced,5714.2,0
3904,2024-11-25 00:00:00,organic,26-35,T1,balanced,6912.32,0
3905,2024-07-01 00:00:00,social,36-45,T2,cautious,14934.53,0
3906,2024-01-29 00:00:00,social,36-45,T3+,cautious,8182.95,1
3907,2024-05-23 00:00:00,bank_partner,18-25,T3+,balanced,1742.48,0
3908,2024-01-24 00:00:00,bank_partner,26-35,T2,balanced,6309.04,1
3909,2024-03-04 00:00:00,organic,46-55,T1,aggressive,9882.43,1
3910,2024-12-23 00:00:00,organic,26-35,T2,aggressive,12122.11,1
3911,2024-04-25 00:00:00,paid_search,36-45,T3+,cautious,104337.32,1
3912,2024-10-06 00:00:00,social,46-55,T3+,balanced,13255.73,1
3913,2024-11-22 00:00:00,referral,26-35,T3+,cautious,8540.45,1
3914,2024-01-31 00:00:00,bank_partner,26-35,T3+,cautious,6452.9,1
3915,2024-10-30 00:00:00,bank_partner,26-35,T3+,balanced,9309.12,1
3916,2024-05-26 00:00:00,referral,26-35,T1,balanced,1511.72,1
3917,2024-12-01 00:00:00,social,36-45,T2,aggressive,14635.67,0
3918,2024-12-14 00:00:00,referral,26-35,T3+,balanced,15237.14,1
3919,2024-08-04 00:00:00,referral,36-45,T1,cautious,26646.63,1
3920,2024-05-08 00:00:00,referral,36-45,T3+,balanced,3467.49,1
3921,2024-04-19 00:00:00,bank_partner,26-35,T3+,aggressive,4307.56,1
3922,2024-07-22 00:00:00,organic,26-35,T2,balanced,3827.66,0
3923,2024-07-26 00:00:00,paid_search,56+,T2,balanced,11087.11,0
3924,2024-12-07 00:00:00,organic,26-35,T2,cautious,4723.07,0
3925,2024-02-08 00:00:00,organic,36-45,T3+,cautious,5337.6,0
3926,2024-06-06 00:00:00,organic,36-45,T2,aggressive,2077.46,1
3927,2024-01-08 00:00:00,bank_partner,36-45,T2,aggressive,1863.48,0
3928,2024-06-26 00:00:00,bank_partner,18-25,T3+,balanced,1081.63,1
3929,2024-12-20 00:00:00,organic,26-35,T2,cautious,8200.31,0
3930,2024-10-11 00:00:00,referral,36-45,T3+,balanced,3039.56,1
3931,2024-02-08 00:00:00,social,56+,T2,aggressive,12384.53,1
3932,2024-12-03 00:00:00,social,36-45,T2,cautious,6585.72,1
3933,2024-11-21 00:00:00,referral,26-35,T3+,cautious,4270.09,1
3934,2024-10-31 00:00:00,social,56+,T1,cautious,207458.34,1
3935,2024-05-28 00:00:00,referral,36-45,T1,balanced,2026.72,1
3936,2024-05-19 00:00:00,paid_search,26-35,T1,balanced,4006.59,1
3937,2024-01-18 00:00:00,paid_search,36-45,T3+,balanced,3975.52,0
3938,2024-08-15 00:00:00,bank_partner,56+,T2,cautious,10265.23,1
3939,2024-08-28 00:00:00,paid_search,56+,T2,balanced,86331.62,0
3940,2024-03-30 00:00:00,paid_search,46-55,T3+,cautious,12907.58,0
3941,2024-07-25 00:00:00,paid_search,26-35,T2,cautious,11655.37,1
3942,2024-11-23 00:00:00,organic,36-45,T3+,cautious,2950.6,1
3943,2024-11-12 00:00:00,social,26-35,T2,cautious,14717.86,0
3944,2024-08-10 00:00:00,paid_search,46-55,T2,aggressive,12592.19,0
3945,2024-11-14 00:00:00,bank_partner,56+,T3+,balanced,14241.68,1
3946,2024-05-22 00:00:00,social,26-35,T3+,cautious,4024.51,1
3947,2024-06-11 00:00:00,social,18-25,T3+,aggressive,29775.53,0
3948,2024-10-14 00:00:00,paid_search,26-35,T1,aggressive,50878.59,0
3949,2024-10-30 00:00:00,referral,18-25,T2,balanced,4242.13,1
3950,2024-06-29 00:00:00,paid_search,26-35,T1,cautious,5850.85,0
3951,2024-09-07 00:00:00,paid_search,36-45,T2,aggressive,4681.22,1
3952,2024-06-30 00:00:00,paid_search,46-55,T3+,balanced,20591.33,1
3953,2024-12-03 00:00:00,referral,26-35,T1,aggressive,24162.21,1
3954,2024-06-03 00:00:00,referral,26-35,T2,balanced,11195.25,1
3955,2024-12-20 00:00:00,social,26-35,T2,cautious,37782.8,0
3956,2024-11-12 00:00:00,bank_partner,46-55,T1,balanced,13059.59,1
3957,2024-03-29 00:00:00,referral,18-25,T1,balanced,2627.25,0
3958,2024-02-26 00:00:00,paid_search,36-45,T1,balanced,27407.09,1
3959,2024-11-09 00:00:00,organic,18-25,T1,aggressive,2429.3,1
3960,2024-03-22 00:00:00,paid_search,46-55,T1,cautious,14881.2,1
3961,2024-04-28 00:00:00,paid_search,36-45,T2,aggressive,28436.5,0
3962,2024-11-05 00:00:00,organic,36-45,T1,cautious,12482.1,1
3963,2024-12-03 00:00:00,referral,26-35,T1,balanced,2692.25,1
3964,2024-10-19 00:00:00,social,36-45,T1,cautious,5056.09,0
3965,2024-02-25 00:00:00,referral,46-55,T2,cautious,5426.91,1
3966,2024-09-26 00:00:00,organic,36-45,T2,balanced,12018.68,1
3967,2024-12-26 00:00:00,bank_partner,56+,T3+,aggressive,19541.24,1
3968,2024-02-17 00:00:00,organic,46-55,T1,balanced,37835.95,1
3969,2024-04-01 00:00:00,paid_search,26-35,T3+,cautious,4800.7,1
3970,2024-02-26 00:00:00,paid_search,36-45,T1,balanced,5318.7,1
3971,2024-12-13 00:00:00,social,36-45,T1,cautious,5239.76,0
3972,2024-04-01 00:00:00,social,36-45,T1,cautious,11089.42,0
3973,2024-10-31 00:00:00,paid_search,46-55,T3+,balanced,6694.95,1
3974,2024-02-23 00:00:00,social,36-45,T3+,cautious,2577.98,0
3975,2024-05-05 00:00:00,social,36-45,T1,aggressive,12624.95,0
3976,2024-09-21 00:00:00,organic,46-55,T3+,balanced,21580.03,1
3977,2024-02-25 00:00:00,referral,26-35,T1,aggressive,4204.61,1
3978,2024-06-24 00:00:00,paid_search,26-35,T1,cautious,5992.94,1
3979,2024-10-06 00:00:00,social,26-35,T3+,balanced,56630.53,0
3980,2024-09-28 00:00:00,organic,46-55,T1,aggressive,69246.0,1
3981,2024-03-28 00:00:00,referral,46-55,T3+,cautious,9853.67,1
3982,2024-06-05 00:00:00,referral,36-45,T1,cautious,300604.32,0
3983,2024-03-18 00:00:00,organic,18-25,T2,balanced,3346.72,1
3984,2024-05-11 00:00:00,social,26-35,T2,balanced,132986.95,1
3985,2024-01-28 00:00:00,referral,26-35,T3+,cautious,24780.1,1
3986,2024-08-12 00:00:00,organic,26-35,T1,cautious,44728.69,1
3987,2024-08-13 00:00:00,organic,18-25,T2,balanced,4740.45,1
3988,2024-02-11 00:00:00,organic,56+,T2,aggressive,69229.62,1
3989,2024-07-19 00:00:00,paid_search,36-45,T3+,cautious,8712.11,0
3990,2024-05-03 00:00:00,organic,26-35,T2,cautious,10017.55,1
3991,2024-08-16 00:00:00,bank_partner,18-25,T1,cautious,4048.02,1
3992,2024-09-11 00:00:00,paid_search,46-55,T2,balanced,8750.17,0
3993,2024-11-22 00:00:00,organic,26-35,T1,cautious,12059.42,1
3994,2024-03-11 00:00:00,referral,26-35,T1,aggressive,6841.39,1
3995,2024-11-23 00:00:00,organic,56+,T1,aggressive,10192.57,0
3996,2024-02-25 00:00:00,organic,46-55,T3+,balanced,4356.62,0
3997,2024-06-12 00:00:00,paid_search,18-25,T3+,cautious,500.0,1
3998,2024-08-18 00:00:00,social,18-25,T3+,balanced,19442.88,1
3999,2024-08-09 00:00:00,organic,26-35,T3+,balanced,11019.92,1
4000,2024-04-04 00:00:00,organic,36-45,T3+,aggressive,58209.57,1
4001,2024-01-02 00:00:00,bank_partner,18-25,T2,balanced,10683.58,0
4002,2024-02-19 00:00:00,organic,46-55,T2,cautious,4269.41,0
4003,2024-06-04 00:00:00,referral,46-55,T1,balanced,7576.87,1
4004,2024-06-16 00:00:00,referral,36-45,T2,cautious,72900.32,1
4005,2024-08-17 00:00:00,organic,26-35,T2,balanced,13482.08,0
4006,2024-11-06 00:00:00,bank_partner,36-45,T1,aggressive,2897.36,1
4007,2024-11-28 00:00:00,organic,36-45,T3+,aggressive,1995.16,1
4008,2024-03-24 00:00:00,social,56+,T2,cautious,21421.94,1
4009,2024-09-01 00:00:00,bank_partner,46-55,T1,balanced,6558.04,1
4010,2024-02-06 00:00:00,social,46-55,T3+,balanced,29129.15,1
4011,2024-10-25 00:00:00,paid_search,18-25,T2,balanced,1800.88,1
4012,2024-02-17 00:00:00,referral,36-45,T3+,aggressive,12829.66,1
4013,2024-06-22 00:00:00,organic,46-55,T1,aggressive,71751.76,1
4014,2024-02-04 00:00:00,paid_search,26-35,T1,cautious,5009.77,1
4015,2024-10-18 00:00:00,social,36-45,T3+,cautious,4674.77,1
4016,2024-01-14 00:00:00,social,36-45,T3+,aggressive,38100.81,1
4017,2024-03-01 00:00:00,bank_partner,46-55,T1,balanced,7517.92,0
4018,2024-10-08 00:00:00,social,26-35,T2,cautious,5022.06,1
4019,2024-03-02 00:00:00,paid_search,26-35,T2,balanced,3035.38,0
4020,2024-11-29 00:00:00,organic,26-35,T3+,balanced,3271.87,1
4021,2024-10-13 00:00:00,social,18-25,T1,cautious,4436.33,1
4022,2024-10-10 00:00:00,bank_partner,18-25,T2,aggressive,4572.71,1
4023,2024-10-06 00:00:00,organic,36-45,T1,aggressive,5214.37,0
4024,2024-02-06 00:00:00,referral,26-35,T2,balanced,21893.79,1
4025,2024-05-01 00:00:00,referral,46-55,T3+,aggressive,63502.72,1
4026,2024-09-28 00:00:00,organic,18-25,T3+,balanced,49811.41,1
4027,2024-09-17 00:00:00,organic,46-55,T3+,balanced,8355.52,1
4028,2024-06-12 00:00:00,organic,36-45,T2,aggressive,13093.01,1
4029,2024-11-13 00:00:00,referral,18-25,T1,balanced,18081.98,1
4030,2024-08-28 00:00:00,bank_partner,36-45,T3+,balanced,12628.42,1
4031,2024-08-14 00:00:00,social,18-25,T2,balanced,3651.65,1
4032,2024-04-10 00:00:00,organic,26-35,T2,cautious,8339.99,1
4033,2024-03-21 00:00:00,paid_search,26-35,T2,cautious,19074.39,1
4034,2024-06-15 00:00:00,organic,56+,T2,cautious,14354.03,1
4035,2024-05-12 00:00:00,referral,46-55,T1,cautious,3850.8,1
4036,2024-07-14 00:00:00,organic,36-45,T3+,balanced,29703.55,0
4037,2024-03-09 00:00:00,organic,36-45,T2,cautious,12532.5,1
4038,2024-10-17 00:00:00,organic,36-45,T2,cautious,55951.33,1
4039,2024-05-23 00:00:00,bank_partner,36-45,T3+,cautious,2386.71,0
4040,2024-09-19 00:00:00,social,26-35,T3+,aggressive,3000.86,1
4041,2024-09-09 00:00:00,organic,26-35,T1,balanced,24759.98,1
4042,2024-10-03 00:00:00,organic,18-25,T3+,balanced,12364.28,1
4043,2024-01-05 00:00:00,paid_search,26-35,T2,balanced,2335.01,1
4044,2024-06-15 00:00:00,organic,26-35,T2,aggressive,5562.09,1
4045,2024-09-24 00:00:00,referral,18-25,T2,balanced,3696.37,1
4046,2024-06-25 00:00:00,organic,36-45,T1,balanced,15371.38,0
4047,2024-05-21 00:00:00,organic,36-45,T1,aggressive,4580.66,1
4048,2024-07-25 00:00:00,organic,18-25,T3+,cautious,3804.74,1
4049,2024-12-19 00:00:00,organic,18-25,T3+,aggressive,8131.0,1
4050,2024-02-10 00:00:00,organic,36-45,T1,balanced,7770.01,0
4051,2024-09-22 00:00:00,paid_search,36-45,T1,aggressive,54391.75,0
4052,2024-06-23 00:00:00,social,36-45,T2,cautious,5541.12,1
4053,2024-02-09 00:00:00,organic,46-55,T2,balanced,5406.53,1
4054,2024-01-30 00:00:00,referral,18-25,T1,cautious,1162.85,1
4055,2024-06-02 00:00:00,social,26-35,T3+,aggressive,3522.26,1
4056,2024-06-11 00:00:00,social,46-55,T3+,cautious,15248.58,1
4057,2024-03-23 00:00:00,paid_search,18-25,T2,balanced,2499.55,1
4058,2024-01-15 00:00:00,bank_partner,46-55,T3+,balanced,4075.0,0
4059,2024-07-07 00:00:00,organic,36-45,T2,cautious,21406.24,1
4060,2024-01-25 00:00:00,social,46-55,T3+,cautious,3170.87,1
4061,2024-12-03 00:00:00,organic,36-45,T1,aggressive,8479.13,1
4062,2024-08-09 00:00:00,bank_partner,56+,T2,cautious,25975.31,1
4063,2024-03-20 00:00:00,organic,46-55,T3+,cautious,13813.63,1
4064,2024-01-22 00:00:00,paid_search,26-35,T1,cautious,18386.41,1
4065,2024-07-29 00:00:00,organic,36-45,T2,cautious,6268.0,1
4066,2024-12-28 00:00:00,paid_search,26-35,T1,aggressive,2641.21,1
4067,2024-12-25 00:00:00,social,36-45,T3+,balanced,20167.48,1
4068,2024-11-10 00:00:00,organic,26-35,T1,cautious,9238.42,1
4069,2024-08-12 00:00:00,bank_partner,26-35,T3+,balanced,6675.08,0
4070,2024-04-13 00:00:00,paid_search,26-35,T3+,aggressive,12007.54,1
4071,2024-11-19 00:00:00,paid_search,26-35,T2,balanced,15110.03,1
4072,2024-08-18 00:00:00,social,26-35,T1,balanced,6085.1,1
4073,2024-04-24 00:00:00,referral,26-35,T1,cautious,4294.96,1
4074,2024-10-07 00:00:00,social,36-45,T1,balanced,2325.67,0
4075,2024-10-29 00:00:00,referral,46-55,T3+,cautious,18419.62,1
4076,2024-10-05 00:00:00,paid_search,26-35,T3+,cautious,10900.17,0
4077,2024-08-16 00:00:00,referral,36-45,T2,aggressive,22088.61,1
4078,2024-10-07 00:00:00,organic,26-35,T3+,cautious,23753.11,1
4079,2024-11-09 00:00:00,referral,26-35,T3+,cautious,2143.47,1
4080,2024-04-06 00:00:00,social,36-45,T2,aggressive,16512.08,1
4081,2024-10-29 00:00:00,social,26-35,T1,cautious,20537.22,0
4082,2024-07-31 00:00:00,bank_partner,36-45,T3+,aggressive,6901.93,1
4083,2024-06-28 00:00:00,paid_search,56+,T2,cautious,15614.53,0
4084,2024-05-06 00:00:00,referral,18-25,T2,cautious,9022.27,1
4085,2024-01-07 00:00:00,social,36-45,T1,cautious,4718.74,1
4086,2024-05-16 00:00:00,social,36-45,T2,aggressive,4032.29,1
4087,2024-05-15 00:00:00,bank_partner,26-35,T1,balanced,12484.68,1
4088,2024-08-05 00:00:00,paid_search,26-35,T2,aggressive,2792.13,1
4089,2024-03-17 00:00:00,bank_partner,46-55,T3+,cautious,53004.41,1
4090,2024-07-19 00:00:00,paid_search,36-45,T1,balanced,7451.8,1
4091,2024-10-06 00:00:00,organic,36-45,T3+,balanced,846.54,1
4092,2024-10-21 00:00:00,paid_search,26-35,T3+,cautious,33507.87,1
4093,2024-10-29 00:00:00,bank_partner,18-25,T3+,balanced,6753.26,1
4094,2024-04-19 00:00:00,social,18-25,T3+,cautious,3450.95,1
4095,2024-10-21 00:00:00,paid_search,36-45,T3+,cautious,10577.79,1
4096,2024-12-25 00:00:00,paid_search,26-35,T1,balanced,1106.86,1
4097,2024-09-07 00:00:00,organic,46-55,T2,aggressive,674.25,1
4098,2024-09-29 00:00:00,referral,26-35,T2,balanced,10091.21,1
4099,2024-08-26 00:00:00,bank_partner,46-55,T3+,balanced,33223.77,1
4100,2024-06-27 00:00:00,paid_search,36-45,T1,balanced,16698.09,1
4101,2024-11-07 00:00:00,organic,26-35,T2,balanced,88283.57,1
4102,2024-03-07 00:00:00,organic,36-45,T2,cautious,24318.3,1
4103,2024-11-02 00:00:00,paid_search,46-55,T1,balanced,31673.34,0
4104,2024-01-13 00:00:00,paid_search,26-35,T3+,cautious,9698.6,1
4105,2024-10-09 00:00:00,paid_search,26-35,T1,balanced,32951.17,1
4106,2024-11-14 00:00:00,social,18-25,T1,balanced,11172.06,1
4107,2024-09-06 00:00:00,organic,18-25,T2,cautious,12744.58,1
4108,2024-03-18 00:00:00,paid_search,26-35,T2,cautious,10852.78,1
4109,2024-05-04 00:00:00,organic,46-55,T2,cautious,97114.03,1
4110,2024-12-15 00:00:00,organic,46-55,T2,cautious,62600.85,1
4111,2024-07-10 00:00:00,referral,26-35,T3+,cautious,13623.3,1
4112,2024-07-01 00:00:00,organic,36-45,T3+,aggressive,19216.77,1
4113,2024-02-23 00:00:00,social,26-35,T1,cautious,13797.36,0
4114,2024-06-15 00:00:00,organic,18-25,T3+,balanced,8335.11,1
4115,2024-02-05 00:00:00,social,26-35,T2,aggressive,3323.75,1
4116,2024-02-19 00:00:00,referral,36-45,T1,aggressive,13344.69,1
4117,2024-02-11 00:00:00,organic,36-45,T2,balanced,9263.54,1
4118,2024-02-12 00:00:00,paid_search,56+,T3+,cautious,52044.4,1
4119,2024-07-29 00:00:00,bank_partner,46-55,T1,balanced,2105.24,1
4120,2024-07-30 00:00:00,organic,46-55,T2,balanced,3504.3,0
4121,2024-09-11 00:00:00,organic,46-55,T3+,balanced,92754.55,1
4122,2024-02-29 00:00:00,social,46-55,T2,aggressive,20006.38,1
4123,2024-04-21 00:00:00,organic,36-45,T3+,cautious,22853.23,1
4124,2024-09-18 00:00:00,social,36-45,T2,balanced,12717.78,1
4125,2024-06-16 00:00:00,organic,36-45,T3+,balanced,10283.95,1
4126,2024-12-06 00:00:00,organic,46-55,T1,cautious,6174.44,1
4127,2024-09-20 00:00:00,organic,26-35,T3+,aggressive,2873.58,0
4128,2024-09-13 00:00:00,paid_search,26-35,T3+,balanced,2501.77,1
4129,2024-11-08 00:00:00,paid_search,56+,T1,cautious,8118.38,0
4130,2024-12-06 00:00:00,referral,46-55,T3+,balanced,2796.09,1
4131,2024-12-14 00:00:00,paid_search,26-35,T2,balanced,6828.75,0
4132,2024-01-08 00:00:00,organic,36-45,T1,cautious,35125.63,1
4133,2024-12-20 00:00:00,paid_search,26-35,T3+,balanced,9968.2,1
4134,2024-05-02 00:00:00,bank_partner,46-55,T1,cautious,14400.1,1
4135,2024-07-20 00:00:00,referral,18-25,T1,cautious,676.34,1
4136,2024-06-30 00:00:00,referral,26-35,T3+,balanced,9463.44,1
4137,2024-01-10 00:00:00,paid_search,36-45,T2,balanced,1620.41,0
4138,2024-12-15 00:00:00,organic,18-25,T3+,aggressive,4808.75,0
4139,2024-12-28 00:00:00,paid_search,36-45,T2,cautious,26090.47,1
4140,2024-03-10 00:00:00,referral,46-55,T1,aggressive,31705.38,1
4141,2024-05-14 00:00:00,organic,36-45,T3+,cautious,13097.62,0
4142,2024-07-30 00:00:00,paid_search,26-35,T2,balanced,48750.53,1
4143,2024-03-01 00:00:00,organic,18-25,T3+,balanced,1379.02,1
4144,2024-12-27 00:00:00,social,18-25,T2,balanced,7440.58,0
4145,2024-12-06 00:00:00,organic,26-35,T2,cautious,1913.37,1
4146,2024-05-05 00:00:00,bank_partner,46-55,T3+,balanced,3666.47,0
4147,2024-04-22 00:00:00,social,26-35,T2,balanced,19257.79,0
4148,2024-05-22 00:00:00,paid_search,26-35,T2,balanced,2476.27,1
4149,2024-11-26 00:00:00,organic,36-45,T3+,cautious,14686.44,0
4150,2024-10-10 00:00:00,referral,36-45,T2,balanced,32449.31,1
4151,2024-10-15 00:00:00,organic,18-25,T2,balanced,1693.38,1
4152,2024-07-07 00:00:00,organic,26-35,T1,balanced,2225.4,0
4153,2024-01-13 00:00:00,organic,26-35,T3+,balanced,8437.81,1
4154,2024-07-31 00:00:00,social,46-55,T2,balanced,56224.65,1
4155,2024-01-01 00:00:00,organic,36-45,T2,cautious,8731.03,1
4156,2024-06-13 00:00:00,organic,36-45,T2,cautious,14432.35,1
4157,2024-08-08 00:00:00,bank_partner,26-35,T3+,balanced,33364.35,1
4158,2024-04-10 00:00:00,paid_search,36-45,T2,cautious,996.41,1
4159,2024-03-05 00:00:00,organic,46-55,T2,balanced,4230.94,0
4160,2024-04-17 00:00:00,paid_search,18-25,T3+,cautious,3029.51,1
4161,2024-06-02 00:00:00,bank_partner,26-35,T1,balanced,1303.3,1
4162,2024-04-22 00:00:00,referral,46-55,T2,balanced,5220.5,1
4163,2024-09-02 00:00:00,paid_search,18-25,T2,balanced,500.0,1
4164,2024-01-12 00:00:00,organic,18-25,T3+,balanced,895.73,0
4165,2024-09-02 00:00:00,paid_search,46-55,T2,balanced,2547.97,0
4166,2024-01-09 00:00:00,social,18-25,T2,balanced,500.0,1
4167,2024-01-08 00:00:00,organic,26-35,T2,cautious,8891.5,1
4168,2024-05-10 00:00:00,organic,18-25,T2,cautious,9075.86,1
4169,2024-07-15 00:00:00,social,46-55,T1,cautious,11316.36,1
4170,2024-10-25 00:00:00,social,26-35,T2,balanced,946.1,1
4171,2024-02-15 00:00:00,social,36-45,T3+,balanced,29293.97,0
4172,2024-04-29 00:00:00,bank_partner,36-45,T2,cautious,10279.1,0
4173,2024-09-01 00:00:00,paid_search,36-45,T1,cautious,12710.01,1
4174,2024-10-17 00:00:00,bank_partner,46-55,T2,balanced,3274.85,1
4175,2024-12-31 00:00:00,bank_partner,26-35,T2,aggressive,11480.57,0
4176,2024-07-02 00:00:00,social,26-35,T2,cautious,5133.08,0
4177,2024-12-31 00:00:00,organic,26-35,T1,balanced,19195.21,1
4178,2024-06-27 00:00:00,organic,46-55,T2,cautious,46171.25,1
4179,2024-03-06 00:00:00,bank_partner,26-35,T2,balanced,11794.61,0
4180,2024-10-22 00:00:00,organic,18-25,T1,balanced,16270.1,1
4181,2024-05-10 00:00:00,referral,36-45,T3+,cautious,5955.94,0
4182,2024-04-06 00:00:00,social,36-45,T2,balanced,4210.4,1
4183,2024-01-19 00:00:00,organic,18-25,T2,balanced,19790.66,1
4184,2024-10-23 00:00:00,referral,26-35,T2,cautious,17096.79,1
4185,2024-02-23 00:00:00,social,36-45,T2,balanced,107535.54,1
4186,2024-12-19 00:00:00,referral,26-35,T2,aggressive,12819.48,1
4187,2024-04-28 00:00:00,social,18-25,T2,aggressive,1111.33,1
4188,2024-04-02 00:00:00,organic,36-45,T1,balanced,6732.13,1
4189,2024-10-16 00:00:00,paid_search,46-55,T3+,balanced,3738.73,1
4190,2024-11-22 00:00:00,referral,36-45,T3+,balanced,11765.43,1
4191,2024-09-29 00:00:00,referral,56+,T1,aggressive,36325.5,1
4192,2024-08-22 00:00:00,paid_search,56+,T2,cautious,24474.21,1
4193,2024-06-24 00:00:00,bank_partner,56+,T3+,cautious,12758.97,0
4194,2024-12-20 00:00:00,social,46-55,T2,cautious,8120.64,1
4195,2024-02-15 00:00:00,organic,26-35,T3+,balanced,15144.19,0
4196,2024-08-04 00:00:00,social,18-25,T2,cautious,3989.02,1
4197,2024-05-02 00:00:00,paid_search,26-35,T2,balanced,23371.12,0
4198,2024-11-08 00:00:00,referral,36-45,T2,balanced,2141.05,1
4199,2024-02-22 00:00:00,paid_search,36-45,T2,balanced,2921.92,1
4200,2024-06-20 00:00:00,organic,36-45,T1,balanced,13270.35,0
4201,2024-06-13 00:00:00,bank_partner,46-55,T2,aggressive,7921.41,0
4202,2024-11-08 00:00:00,social,46-55,T3+,cautious,5231.96,0
4203,2024-03-10 00:00:00,paid_search,46-55,T3+,balanced,4986.07,0
4204,2024-12-03 00:00:00,organic,26-35,T2,cautious,2997.06,1
4205,2024-04-02 00:00:00,referral,36-45,T1,cautious,3075.41,1
4206,2024-10-30 00:00:00,social,26-35,T1,balanced,13990.35,0
4207,2024-07-08 00:00:00,bank_partner,26-35,T2,balanced,9721.96,1
4208,2024-02-09 00:00:00,paid_search,46-55,T1,balanced,53944.85,1
4209,2024-06-04 00:00:00,paid_search,46-55,T2,balanced,4779.5,1
4210,2024-10-16 00:00:00,paid_search,26-35,T3+,aggressive,1963.6,1
4211,2024-09-28 00:00:00,paid_search,18-25,T1,cautious,22949.95,1
4212,2024-04-18 00:00:00,bank_partner,26-35,T2,aggressive,20463.21,0
4213,2024-06-13 00:00:00,paid_search,18-25,T1,cautious,5309.5,1
4214,2024-07-27 00:00:00,bank_partner,26-35,T2,cautious,17139.39,1
4215,2024-01-18 00:00:00,paid_search,26-35,T3+,aggressive,865.64,0
4216,2024-07-16 00:00:00,paid_search,36-45,T1,cautious,2506.98,1
4217,2024-06-08 00:00:00,paid_search,56+,T3+,cautious,12394.57,0
4218,2024-06-27 00:00:00,bank_partner,36-45,T2,balanced,18241.19,1
4219,2024-02-17 00:00:00,social,46-55,T1,balanced,3530.63,0
4220,2024-11-04 00:00:00,organic,26-35,T1,balanced,12985.54,1
4221,2024-10-29 00:00:00,organic,36-45,T2,cautious,9189.83,1
4222,2024-01-12 00:00:00,social,26-35,T3+,cautious,53363.09,0
4223,2024-01-31 00:00:00,paid_search,18-25,T3+,cautious,4209.09,1
4224,2024-03-20 00:00:00,social,26-35,T2,balanced,19007.96,1
4225,2024-03-05 00:00:00,social,18-25,T2,balanced,5242.58,1
4226,2024-04-20 00:00:00,bank_partner,26-35,T1,balanced,44200.21,1
4227,2024-08-31 00:00:00,referral,36-45,T1,balanced,752.46,1
4228,2024-10-30 00:00:00,referral,26-35,T3+,cautious,5622.97,1
4229,2024-04-13 00:00:00,social,36-45,T2,aggressive,34016.17,1
4230,2024-02-24 00:00:00,paid_search,36-45,T1,aggressive,32717.06,0
4231,2024-11-27 00:00:00,organic,36-45,T1,cautious,13778.99,1
4232,2024-09-30 00:00:00,bank_partner,56+,T2,aggressive,51091.04,1
4233,2024-09-17 00:00:00,bank_partner,26-35,T1,balanced,3611.16,0
4234,2024-10-25 00:00:00,paid_search,26-35,T2,aggressive,33374.28,1
4235,2024-08-24 00:00:00,paid_search,26-35,T2,cautious,38523.06,1
4236,2024-02-08 00:00:00,paid_search,26-35,T3+,cautious,21691.83,1
4237,2024-06-06 00:00:00,paid_search,36-45,T1,balanced,30566.86,1
4238,2024-07-14 00:00:00,bank_partner,46-55,T2,cautious,2559.69,1
4239,2024-10-19 00:00:00,organic,36-45,T3+,balanced,13032.81,1
4240,2024-10-15 00:00:00,organic,46-55,T2,cautious,11814.2,1
4241,2024-05-05 00:00:00,bank_partner,26-35,T3+,aggressive,29546.19,0
4242,2024-05-27 00:00:00,social,36-45,T2,cautious,4166.65,1
4243,2024-05-26 00:00:00,organic,26-35,T2,cautious,3794.89,1
4244,2024-03-09 00:00:00,organic,26-35,T3+,cautious,5772.36,1
4245,2024-02-12 00:00:00,bank_partner,26-35,T1,cautious,31533.55,1
4246,2024-02-08 00:00:00,organic,36-45,T2,balanced,28393.58,0
4247,2024-08-23 00:00:00,organic,36-45,T2,cautious,5640.04,1
4248,2024-07-23 00:00:00,social,26-35,T2,balanced,41858.69,1
4249,2024-10-14 00:00:00,organic,36-45,T2,cautious,5713.73,1
4250,2024-01-24 00:00:00,paid_search,56+,T1,cautious,6424.44,1
4251,2024-07-07 00:00:00,referral,18-25,T1,cautious,5976.37,1
4252,2024-07-23 00:00:00,organic,18-25,T1,balanced,1604.35,0
4253,2024-05-21 00:00:00,organic,26-35,T3+,aggressive,13386.57,1
4254,2024-09-01 00:00:00,social,26-35,T3+,balanced,7618.86,1
4255,2024-01-14 00:00:00,organic,36-45,T2,cautious,10508.93,1
4256,2024-08-04 00:00:00,bank_partner,26-35,T1,balanced,2879.06,0
4257,2024-08-08 00:00:00,organic,26-35,T1,aggressive,121831.48,0
4258,2024-08-13 00:00:00,organic,36-45,T3+,cautious,19666.8,1
4259,2024-03-01 00:00:00,organic,26-35,T2,balanced,2243.24,1
4260,2024-09-19 00:00:00,organic,36-45,T1,cautious,1492.38,0
4261,2024-04-23 00:00:00,organic,36-45,T3+,balanced,9357.25,0
4262,2024-11-13 00:00:00,organic,46-55,T2,balanced,4765.6,1
4263,2024-10-01 00:00:00,organic,26-35,T3+,balanced,14314.39,1
4264,2024-07-24 00:00:00,paid_search,26-35,T1,cautious,11339.53,1
4265,2024-07-18 00:00:00,paid_search,26-35,T3+,aggressive,2164.62,1
4266,2024-01-07 00:00:00,social,26-35,T1,balanced,6207.29,1
4267,2024-05-05 00:00:00,organic,26-35,T3+,cautious,11934.96,0
4268,2024-12-25 00:00:00,organic,26-35,T2,cautious,2637.67,0
4269,2024-08-06 00:00:00,social,36-45,T1,aggressive,9245.91,1
4270,2024-08-11 00:00:00,referral,26-35,T3+,balanced,6305.56,0
4271,2024-02-19 00:00:00,referral,36-45,T1,aggressive,2891.76,1
4272,2024-06-10 00:00:00,paid_search,46-55,T1,balanced,47864.96,1
4273,2024-06-09 00:00:00,social,46-55,T3+,balanced,23674.27,1
4274,2024-06-12 00:00:00,organic,26-35,T2,cautious,3585.38,1
4275,2024-05-25 00:00:00,paid_search,26-35,T3+,cautious,19737.02,0
4276,2024-07-11 00:00:00,paid_search,36-45,T3+,aggressive,11093.9,1
4277,2024-07-17 00:00:00,referral,56+,T3+,balanced,2546.89,0
4278,2024-07-04 00:00:00,referral,46-55,T3+,cautious,5415.05,1
4279,2024-05-24 00:00:00,referral,56+,T2,balanced,30171.53,1
4280,2024-05-28 00:00:00,paid_search,26-35,T3+,cautious,29377.54,1
4281,2024-03-12 00:00:00,paid_search,36-45,T2,cautious,2976.54,1
4282,2024-08-22 00:00:00,organic,36-45,T2,balanced,2387.12,1
4283,2024-07-02 00:00:00,paid_search,46-55,T2,cautious,23484.64,1
4284,2024-10-26 00:00:00,paid_search,56+,T3+,aggressive,11421.21,1
4285,2024-01-04 00:00:00,organic,18-25,T3+,balanced,18156.42,0
4286,2024-08-23 00:00:00,referral,46-55,T3+,balanced,56261.39,1
4287,2024-10-06 00:00:00,referral,26-35,T3+,balanced,15780.0,1
4288,2024-11-01 00:00:00,social,36-45,T2,cautious,1523.55,0
4289,2024-01-05 00:00:00,paid_search,26-35,T3+,balanced,14035.45,1
4290,2024-06-23 00:00:00,bank_partner,46-55,T1,cautious,12470.75,1
4291,2024-11-22 00:00:00,organic,36-45,T2,balanced,17268.75,1
4292,2024-11-14 00:00:00,organic,56+,T2,cautious,11166.15,1
4293,2024-10-22 00:00:00,organic,46-55,T1,cautious,19565.48,1
4294,2024-11-27 00:00:00,paid_search,18-25,T3+,balanced,3989.47,1
4295,2024-10-15 00:00:00,paid_search,56+,T1,cautious,50659.76,1
4296,2024-04-28 00:00:00,organic,18-25,T3+,cautious,13334.43,0
4297,2024-08-26 00:00:00,organic,26-35,T1,balanced,8843.38,1
4298,2024-04-17 00:00:00,bank_partner,26-35,T1,aggressive,14784.51,0
4299,2024-08-14 00:00:00,paid_search,46-55,T2,cautious,61367.85,1
4300,2024-12-08 00:00:00,organic,36-45,T2,aggressive,21353.6,1
4301,2024-05-15 00:00:00,bank_partner,26-35,T2,balanced,3052.28,0
4302,2024-02-28 00:00:00,referral,26-35,T2,cautious,31759.5,1
4303,2024-05-08 00:00:00,referral,46-55,T3+,aggressive,11509.95,1
4304,2024-03-17 00:00:00,organic,36-45,T1,balanced,22777.4,1
4305,2024-11-24 00:00:00,referral,36-45,T1,balanced,524.48,0
4306,2024-02-04 00:00:00,referral,26-35,T1,balanced,3618.99,1
4307,2024-09-28 00:00:00,bank_partner,36-45,T3+,balanced,2166.58,1
4308,2024-07-27 00:00:00,social,36-45,T1,balanced,5727.3,1
4309,2024-03-06 00:00:00,organic,46-55,T2,cautious,2125.65,1
4310,2024-10-29 00:00:00,organic,26-35,T3+,balanced,9662.25,1
4311,2024-03-06 00:00:00,paid_search,36-45,T3+,balanced,14566.76,0
4312,2024-12-12 00:00:00,referral,36-45,T2,cautious,36463.71,0
4313,2024-06-23 00:00:00,referral,18-25,T3+,balanced,1694.04,0
4314,2024-04-13 00:00:00,bank_partner,26-35,T1,balanced,37031.02,0
4315,2024-10-24 00:00:00,referral,56+,T2,cautious,26061.71,1
4316,2024-09-25 00:00:00,organic,56+,T2,cautious,5750.81,1
4317,2024-08-06 00:00:00,paid_search,18-25,T3+,aggressive,4478.74,1
4318,2024-11-26 00:00:00,social,36-45,T3+,balanced,13181.51,0
4319,2024-07-25 00:00:00,paid_search,46-55,T2,cautious,53921.22,1
4320,2024-07-30 00:00:00,referral,26-35,T3+,cautious,8405.8,1
4321,2024-04-30 00:00:00,bank_partner,26-35,T2,cautious,30545.18,0
4322,2024-11-26 00:00:00,organic,36-45,T3+,cautious,40332.73,1
4323,2024-07-29 00:00:00,bank_partner,26-35,T2,balanced,6319.27,1
4324,2024-05-28 00:00:00,social,18-25,T1,balanced,2905.97,1
4325,2024-04-11 00:00:00,organic,56+,T2,cautious,6202.34,1
4326,2024-11-22 00:00:00,bank_partner,46-55,T3+,cautious,836.28,1
4327,2024-10-01 00:00:00,organic,36-45,T3+,cautious,6596.74,1
4328,2024-05-20 00:00:00,social,36-45,T3+,cautious,15359.76,0
4329,2024-11-28 00:00:00,organic,46-55,T3+,aggressive,11860.4,1
4330,2024-11-17 00:00:00,referral,36-45,T2,aggressive,4448.86,0
4331,2024-03-10 00:00:00,paid_search,26-35,T2,balanced,32471.63,1
4332,2024-05-10 00:00:00,organic,46-55,T1,balanced,20307.23,1
4333,2024-07-26 00:00:00,organic,26-35,T2,aggressive,6518.2,1
4334,2024-11-24 00:00:00,paid_search,18-25,T3+,cautious,16974.18,1
4335,2024-08-18 00:00:00,organic,18-25,T3+,balanced,3705.34,0
4336,2024-04-08 00:00:00,referral,36-45,T3+,aggressive,15019.0,1
4337,2024-07-28 00:00:00,organic,18-25,T2,cautious,18136.65,1
4338,2024-02-16 00:00:00,paid_search,26-35,T2,balanced,11499.08,1
4339,2024-07-19 00:00:00,referral,26-35,T3+,balanced,17751.19,1
4340,2024-03-23 00:00:00,organic,36-45,T3+,cautious,1101.42,1
4341,2024-10-21 00:00:00,referral,46-55,T2,balanced,20789.12,1
4342,2024-12-14 00:00:00,social,18-25,T3+,balanced,26703.37,1
4343,2024-01-10 00:00:00,organic,26-35,T2,aggressive,20791.79,1
4344,2024-01-09 00:00:00,social,46-55,T3+,balanced,5504.13,1
4345,2024-07-25 00:00:00,organic,46-55,T2,aggressive,16775.86,1
4346,2024-08-14 00:00:00,paid_search,36-45,T1,cautious,6704.6,1
4347,2024-10-15 00:00:00,referral,26-35,T3+,balanced,30386.3,1
4348,2024-04-11 00:00:00,bank_partner,26-35,T1,cautious,20141.19,1
4349,2024-10-20 00:00:00,social,36-45,T2,cautious,5767.95,0
4350,2024-01-28 00:00:00,social,46-55,T2,cautious,8959.48,1
4351,2024-11-09 00:00:00,social,36-45,T2,aggressive,23038.58,1
4352,2024-07-19 00:00:00,referral,36-45,T2,cautious,2394.37,1
4353,2024-12-15 00:00:00,referral,36-45,T2,balanced,51289.82,1
4354,2024-06-29 00:00:00,bank_partner,26-35,T2,balanced,14536.08,1
4355,2024-08-04 00:00:00,organic,26-35,T3+,cautious,40085.38,1
4356,2024-01-23 00:00:00,bank_partner,36-45,T2,aggressive,4083.72,0
4357,2024-12-15 00:00:00,social,26-35,T2,cautious,4974.36,1
4358,2024-11-28 00:00:00,referral,26-35,T1,balanced,27735.95,1
4359,2024-05-24 00:00:00,referral,46-55,T2,balanced,13829.09,1
4360,2024-04-15 00:00:00,referral,46-55,T1,balanced,5919.67,1
4361,2024-05-20 00:00:00,referral,56+,T3+,cautious,4699.85,1
4362,2024-10-02 00:00:00,organic,26-35,T1,cautious,5332.1,1
4363,2024-02-07 00:00:00,organic,36-45,T2,cautious,4906.05,0
4364,2024-06-22 00:00:00,social,56+,T2,balanced,17848.5,1
4365,2024-02-21 00:00:00,social,46-55,T2,balanced,2238.2,1
4366,2024-10-06 00:00:00,paid_search,26-35,T1,aggressive,5138.27,1
4367,2024-10-01 00:00:00,referral,36-45,T1,aggressive,15615.17,1
4368,2024-09-08 00:00:00,organic,26-35,T1,cautious,8173.58,0
4369,2024-10-12 00:00:00,paid_search,26-35,T1,cautious,38245.56,1
4370,2024-04-01 00:00:00,paid_search,26-35,T2,balanced,40741.78,1
4371,2024-10-22 00:00:00,paid_search,18-25,T3+,balanced,4948.6,1
4372,2024-12-12 00:00:00,paid_search,18-25,T3+,balanced,33452.7,1
4373,2024-09-11 00:00:00,organic,56+,T3+,cautious,5695.57,1
4374,2024-01-02 00:00:00,organic,46-55,T2,balanced,32406.13,1
4375,2024-03-27 00:00:00,bank_partner,18-25,T2,balanced,704.13,0
4376,2024-11-21 00:00:00,paid_search,18-25,T3+,balanced,2081.73,1
4377,2024-10-02 00:00:00,organic,26-35,T1,balanced,41866.68,1
4378,2024-01-24 00:00:00,paid_search,26-35,T1,balanced,19470.38,1
4379,2024-02-22 00:00:00,referral,26-35,T1,cautious,14101.45,1
4380,2024-11-10 00:00:00,social,36-45,T1,aggressive,4076.04,1
4381,2024-07-13 00:00:00,bank_partner,46-55,T3+,balanced,11276.32,1
4382,2024-07-21 00:00:00,organic,46-55,T3+,cautious,8554.62,1
4383,2024-01-26 00:00:00,organic,36-45,T1,aggressive,11449.79,1
4384,2024-05-21 00:00:00,referral,26-35,T2,aggressive,10504.99,1
4385,2024-09-17 00:00:00,referral,26-35,T2,cautious,22001.9,1
4386,2024-05-27 00:00:00,organic,18-25,T2,balanced,7606.63,1
4387,2024-07-11 00:00:00,bank_partner,36-45,T2,cautious,3417.49,1
4388,2024-07-25 00:00:00,referral,18-25,T2,balanced,49335.99,1
4389,2024-08-08 00:00:00,organic,26-35,T1,balanced,4268.2,0
4390,2024-08-30 00:00:00,organic,46-55,T1,cautious,18325.24,1
4391,2024-04-11 00:00:00,paid_search,36-45,T3+,balanced,43198.01,1
4392,2024-07-04 00:00:00,referral,26-35,T3+,balanced,3165.0,0
4393,2024-01-14 00:00:00,referral,18-25,T1,aggressive,12127.54,1
4394,2024-10-19 00:00:00,social,26-35,T2,balanced,8848.6,1
4395,2024-07-24 00:00:00,paid_search,46-55,T1,balanced,5702.47,1
4396,2024-07-14 00:00:00,organic,26-35,T2,balanced,6530.39,1
4397,2024-02-19 00:00:00,organic,36-45,T1,cautious,10325.74,1
4398,2024-10-06 00:00:00,organic,26-35,T2,cautious,1975.77,0
4399,2024-02-24 00:00:00,bank_partner,18-25,T1,balanced,1661.25,1
4400,2024-03-21 00:00:00,paid_search,36-45,T3+,cautious,8687.28,0
4401,2024-07-04 00:00:00,social,56+,T2,aggressive,15981.67,1
4402,2024-10-17 00:00:00,paid_search,26-35,T3+,balanced,3324.96,1
4403,2024-05-18 00:00:00,referral,36-45,T3+,cautious,66873.88,0
4404,2024-11-02 00:00:00,social,46-55,T1,aggressive,9642.86,1
4405,2024-03-01 00:00:00,bank_partner,26-35,T2,cautious,7302.86,1
4406,2024-05-10 00:00:00,organic,46-55,T1,balanced,8768.54,1
4407,2024-02-29 00:00:00,social,46-55,T1,cautious,9088.44,1
4408,2024-07-31 00:00:00,paid_search,36-45,T2,aggressive,40631.75,0
4409,2024-02-11 00:00:00,referral,26-35,T2,balanced,19367.94,1
4410,2024-12-08 00:00:00,paid_search,36-45,T3+,balanced,102569.93,1
4411,2024-11-29 00:00:00,bank_partner,26-35,T3+,cautious,99321.68,1
4412,2024-12-01 00:00:00,organic,36-45,T1,cautious,6404.88,0
4413,2024-06-07 00:00:00,bank_partner,26-35,T3+,cautious,2552.98,0
4414,2024-04-30 00:00:00,organic,18-25,T3+,aggressive,3063.5,0
4415,2024-05-20 00:00:00,social,26-35,T1,balanced,1696.11,0
4416,2024-07-03 00:00:00,social,26-35,T2,balanced,15215.24,0
4417,2024-08-18 00:00:00,organic,18-25,T1,balanced,5062.97,0
4418,2024-08-11 00:00:00,organic,26-35,T2,balanced,38599.54,1
4419,2024-10-29 00:00:00,organic,46-55,T3+,cautious,5662.19,0
4420,2024-08-06 00:00:00,referral,36-45,T3+,balanced,46177.57,1
4421,2024-07-30 00:00:00,referral,36-45,T3+,balanced,87492.15,1
4422,2024-12-28 00:00:00,paid_search,26-35,T1,aggressive,4965.45,1
4423,2024-09-01 00:00:00,social,36-45,T1,balanced,22787.48,1
4424,2024-06-11 00:00:00,organic,26-35,T1,cautious,6047.58,1
4425,2024-09-28 00:00:00,social,36-45,T1,aggressive,4472.64,0
4426,2024-03-26 00:00:00,bank_partner,46-55,T3+,balanced,48514.15,1
4427,2024-12-02 00:00:00,bank_partner,46-55,T1,cautious,12699.08,1
4428,2024-10-30 00:00:00,social,26-35,T3+,aggressive,2227.32,0
4429,2024-09-18 00:00:00,paid_search,36-45,T3+,balanced,2453.79,0
4430,2024-12-24 00:00:00,social,46-55,T2,balanced,21540.25,1
4431,2024-06-24 00:00:00,bank_partner,36-45,T1,balanced,1293.64,1
4432,2024-10-25 00:00:00,organic,46-55,T3+,aggressive,28873.74,1
4433,2024-11-09 00:00:00,social,46-55,T2,balanced,7156.22,1
4434,2024-11-29 00:00:00,organic,46-55,T2,cautious,1603.8,0
4435,2024-12-13 00:00:00,bank_partner,26-35,T2,cautious,2710.94,1
4436,2024-06-14 00:00:00,social,36-45,T2,cautious,4748.56,1
4437,2024-12-21 00:00:00,bank_partner,56+,T1,aggressive,9257.86,1
4438,2024-12-27 00:00:00,organic,26-35,T3+,cautious,22169.16,1
4439,2024-02-27 00:00:00,organic,36-45,T2,balanced,51297.35,1
4440,2024-05-08 00:00:00,bank_partner,18-25,T3+,aggressive,1544.19,1
4441,2024-08-11 00:00:00,organic,36-45,T2,cautious,4377.83,0
4442,2024-09-09 00:00:00,organic,46-55,T3+,balanced,18889.97,0
4443,2024-06-09 00:00:00,social,46-55,T2,cautious,973.57,1
4444,2024-08-07 00:00:00,organic,26-35,T2,cautious,7791.61,0
4445,2024-02-20 00:00:00,social,18-25,T3+,cautious,37774.27,1
4446,2024-03-15 00:00:00,bank_partner,46-55,T2,aggressive,39588.32,1
4447,2024-12-15 00:00:00,social,18-25,T3+,aggressive,4227.36,1
4448,2024-01-27 00:00:00,organic,26-35,T1,aggressive,3945.57,1
4449,2024-05-21 00:00:00,organic,46-55,T1,balanced,2091.68,1
4450,2024-03-25 00:00:00,referral,26-35,T1,cautious,6570.36,1
4451,2024-07-24 00:00:00,bank_partner,18-25,T3+,balanced,4070.07,0
4452,2024-07-22 00:00:00,paid_search,36-45,T2,balanced,6582.52,1
4453,2024-07-07 00:00:00,paid_search,18-25,T1,aggressive,3481.19,1
4454,2024-11-21 00:00:00,paid_search,26-35,T1,cautious,2552.3,1
4455,2024-05-05 00:00:00,organic,26-35,T2,balanced,8953.32,1
4456,2024-01-26 00:00:00,bank_partner,36-45,T3+,cautious,4208.82,1
4457,2024-01-02 00:00:00,organic,46-55,T1,aggressive,64572.23,0
4458,2024-07-07 00:00:00,paid_search,26-35,T1,cautious,4700.85,0
4459,2024-07-08 00:00:00,paid_search,18-25,T2,aggressive,2227.04,1
4460,2024-11-13 00:00:00,social,26-35,T1,balanced,18097.06,1
4461,2024-04-16 00:00:00,organic,36-45,T1,aggressive,21139.56,1
4462,2024-11-20 00:00:00,paid_search,46-55,T1,balanced,1827.72,1
4463,2024-05-16 00:00:00,organic,18-25,T2,balanced,1937.17,1
4464,2024-08-25 00:00:00,social,18-25,T2,aggressive,1861.02,1
4465,2024-12-08 00:00:00,organic,18-25,T2,aggressive,22544.33,1
4466,2024-03-31 00:00:00,bank_partner,46-55,T3+,cautious,26246.84,1
4467,2024-02-21 00:00:00,organic,36-45,T2,cautious,22772.67,1
4468,2024-08-09 00:00:00,organic,36-45,T3+,aggressive,6977.51,1
4469,2024-07-14 00:00:00,referral,26-35,T1,balanced,18440.28,1
4470,2024-10-26 00:00:00,bank_partner,26-35,T1,balanced,3942.04,1
4471,2024-07-21 00:00:00,social,36-45,T2,aggressive,12585.29,1
4472,2024-07-18 00:00:00,bank_partner,56+,T1,balanced,5262.5,1
4473,2024-02-04 00:00:00,bank_partner,26-35,T1,balanced,17279.66,0
4474,2024-06-12 00:00:00,organic,26-35,T1,cautious,15019.62,1
4475,2024-05-27 00:00:00,paid_search,36-45,T3+,balanced,19460.62,0
4476,2024-05-20 00:00:00,bank_partner,26-35,T2,cautious,6331.09,1
4477,2024-06-08 00:00:00,organic,36-45,T2,balanced,8142.27,1
4478,2024-07-10 00:00:00,social,36-45,T3+,cautious,13763.77,0
4479,2024-01-25 00:00:00,social,46-55,T3+,balanced,13609.22,1
4480,2024-01-06 00:00:00,bank_partner,46-55,T1,balanced,75855.68,1
4481,2024-06-27 00:00:00,paid_search,26-35,T2,aggressive,8302.97,0
4482,2024-06-04 00:00:00,referral,26-35,T2,cautious,7923.37,0
4483,2024-09-27 00:00:00,organic,26-35,T1,balanced,8373.53,0
4484,2024-03-18 00:00:00,referral,26-35,T1,cautious,3186.1,1
4485,2024-10-21 00:00:00,organic,36-45,T1,cautious,54961.17,1
4486,2024-06-24 00:00:00,bank_partner,36-45,T1,balanced,5269.17,0
4487,2024-03-23 00:00:00,paid_search,46-55,T2,cautious,12525.62,1
4488,2024-09-25 00:00:00,organic,26-35,T3+,cautious,9032.59,1
4489,2024-05-27 00:00:00,organic,26-35,T3+,cautious,3554.7,1
4490,2024-06-07 00:00:00,referral,26-35,T1,balanced,866.37,1
4491,2024-03-13 00:00:00,paid_search,26-35,T3+,cautious,11241.83,1
4492,2024-08-24 00:00:00,bank_partner,26-35,T1,cautious,19279.86,1
4493,2024-05-24 00:00:00,social,18-25,T1,cautious,2965.93,1
4494,2024-07-30 00:00:00,referral,26-35,T3+,cautious,2741.96,1
4495,2024-04-09 00:00:00,social,36-45,T1,cautious,11458.76,1
4496,2024-04-04 00:00:00,paid_search,18-25,T1,balanced,3255.81,0
4497,2024-11-19 00:00:00,paid_search,56+,T2,cautious,5881.7,1
4498,2024-12-07 00:00:00,social,36-45,T3+,balanced,3677.42,0
4499,2024-02-01 00:00:00,bank_partner,26-35,T1,balanced,7151.83,0
4500,2024-05-20 00:00:00,organic,46-55,T2,balanced,5004.29,1
4501,2024-10-03 00:00:00,paid_search,26-35,T1,cautious,1267.33,0
4502,2024-03-03 00:00:00,paid_search,26-35,T1,balanced,1189.02,0
4503,2024-03-25 00:00:00,paid_search,26-35,T3+,cautious,36193.54,0
4504,2024-06-21 00:00:00,referral,18-25,T3+,balanced,6845.09,1
4505,2024-01-02 00:00:00,social,26-35,T2,balanced,10179.82,1
4506,2024-06-09 00:00:00,social,18-25,T2,cautious,4763.16,1
4507,2024-09-07 00:00:00,organic,56+,T3+,balanced,20823.56,1
4508,2024-11-15 00:00:00,bank_partner,18-25,T1,balanced,5418.78,1
4509,2024-08-21 00:00:00,social,46-55,T2,cautious,11744.64,1
4510,2024-05-05 00:00:00,organic,26-35,T2,balanced,23007.83,1
4511,2024-07-01 00:00:00,social,18-25,T2,aggressive,3009.18,1
4512,2024-05-02 00:00:00,organic,46-55,T2,balanced,26017.01,1
4513,2024-10-16 00:00:00,paid_search,26-35,T3+,balanced,11225.95,1
4514,2024-02-10 00:00:00,referral,36-45,T3+,cautious,5281.96,1
4515,2024-06-17 00:00:00,paid_search,18-25,T2,balanced,11827.71,1
4516,2024-05-14 00:00:00,organic,36-45,T3+,balanced,22230.37,1
4517,2024-08-06 00:00:00,bank_partner,46-55,T1,balanced,2021.91,1
4518,2024-06-05 00:00:00,paid_search,36-45,T3+,balanced,6196.17,1
4519,2024-09-06 00:00:00,paid_search,18-25,T3+,balanced,2129.65,0
4520,2024-05-20 00:00:00,organic,26-35,T1,balanced,23937.1,0
4521,2024-12-22 00:00:00,organic,26-35,T3+,aggressive,6375.53,0
4522,2024-07-20 00:00:00,paid_search,26-35,T1,cautious,6042.16,1
4523,2024-12-07 00:00:00,referral,46-55,T3+,cautious,1981.72,1
4524,2024-11-14 00:00:00,bank_partner,46-55,T2,cautious,10288.88,0
4525,2024-04-04 00:00:00,organic,36-45,T2,aggressive,51121.76,1
4526,2024-12-11 00:00:00,social,36-45,T2,aggressive,7454.38,1
4527,2024-04-02 00:00:00,referral,18-25,T3+,balanced,14281.72,1
4528,2024-08-02 00:00:00,referral,36-45,T3+,cautious,15517.61,0
4529,2024-10-30 00:00:00,bank_partner,26-35,T2,balanced,24121.05,1
4530,2024-12-31 00:00:00,paid_search,46-55,T1,balanced,24720.4,1
4531,2024-04-25 00:00:00,bank_partner,26-35,T3+,cautious,7176.57,0
4532,2024-11-09 00:00:00,organic,36-45,T2,balanced,9225.69,1
4533,2024-12-30 00:00:00,bank_partner,36-45,T2,balanced,6156.98,1
4534,2024-06-02 00:00:00,bank_partner,36-45,T1,balanced,49505.28,1
4535,2024-02-18 00:00:00,organic,36-45,T3+,balanced,9614.46,1
4536,2024-04-28 00:00:00,organic,46-55,T2,cautious,8355.51,1
4537,2024-06-30 00:00:00,social,46-55,T2,balanced,10223.15,0
4538,2024-12-06 00:00:00,referral,36-45,T2,cautious,7191.53,1
4539,2024-04-01 00:00:00,organic,46-55,T1,balanced,47325.86,1
4540,2024-08-17 00:00:00,bank_partner,18-25,T2,balanced,1887.0,1
4541,2024-05-19 00:00:00,organic,26-35,T3+,cautious,8640.59,0
4542,2024-07-14 00:00:00,bank_partner,26-35,T1,balanced,6292.76,1
4543,2024-12-02 00:00:00,organic,26-35,T1,cautious,15077.4,1
4544,2024-05-07 00:00:00,social,46-55,T2,cautious,9163.69,0
4545,2024-10-13 00:00:00,paid_search,46-55,T2,balanced,10948.78,1
4546,2024-01-01 00:00:00,social,26-35,T1,balanced,2641.01,1
4547,2024-03-17 00:00:00,organic,56+,T1,balanced,17842.82,1
4548,2024-12-28 00:00:00,bank_partner,26-35,T2,aggressive,2755.99,0
4549,2024-01-15 00:00:00,organic,56+,T2,aggressive,14398.99,0
4550,2024-04-24 00:00:00,social,36-45,T1,balanced,15219.56,1
4551,2024-05-03 00:00:00,organic,26-35,T2,cautious,5051.8,1
4552,2024-02-20 00:00:00,bank_partner,36-45,T1,balanced,28858.17,1
4553,2024-08-06 00:00:00,paid_search,18-25,T2,balanced,2849.26,0
4554,2024-05-31 00:00:00,social,26-35,T1,cautious,6726.23,0
4555,2024-04-18 00:00:00,referral,46-55,T1,cautious,20162.43,0
4556,2024-03-02 00:00:00,paid_search,26-35,T3+,cautious,6879.55,1
4557,2024-11-27 00:00:00,social,36-45,T3+,cautious,14695.76,1
4558,2024-01-07 00:00:00,referral,26-35,T3+,balanced,4230.07,1
4559,2024-10-30 00:00:00,bank_partner,36-45,T3+,cautious,27430.44,0
4560,2024-04-18 00:00:00,referral,36-45,T3+,cautious,11636.83,1
4561,2024-02-28 00:00:00,social,26-35,T3+,aggressive,31388.56,1
4562,2024-05-30 00:00:00,paid_search,36-45,T1,balanced,2065.54,1
4563,2024-10-22 00:00:00,organic,36-45,T2,cautious,28077.56,1
4564,2024-02-04 00:00:00,organic,36-45,T2,cautious,55306.75,1
4565,2024-05-14 00:00:00,organic,36-45,T1,cautious,6752.66,1
4566,2024-04-25 00:00:00,paid_search,56+,T1,cautious,30121.25,1
4567,2024-08-31 00:00:00,social,46-55,T2,cautious,8044.55,1
4568,2024-07-27 00:00:00,paid_search,26-35,T2,cautious,6020.61,0
4569,2024-11-21 00:00:00,referral,36-45,T1,aggressive,4567.58,1
4570,2024-07-21 00:00:00,organic,26-35,T1,cautious,14746.12,1
4571,2024-04-28 00:00:00,social,36-45,T3+,cautious,4100.31,1
4572,2024-07-06 00:00:00,organic,36-45,T1,cautious,52407.92,1
4573,2024-02-15 00:00:00,organic,36-45,T2,cautious,27205.54,1
4574,2024-01-31 00:00:00,social,26-35,T3+,balanced,5225.56,0
4575,2024-12-21 00:00:00,referral,18-25,T1,cautious,9790.69,1
4576,2024-04-09 00:00:00,social,46-55,T2,cautious,11587.59,1
4577,2024-07-30 00:00:00,organic,56+,T1,aggressive,1698.86,1
4578,2024-09-09 00:00:00,paid_search,36-45,T2,aggressive,19736.67,1
4579,2024-02-05 00:00:00,organic,36-45,T3+,balanced,14945.67,1
4580,2024-04-24 00:00:00,bank_partner,18-25,T2,balanced,1192.41,1
4581,2024-09-30 00:00:00,social,26-35,T3+,balanced,8741.73,1
4582,2024-03-10 00:00:00,paid_search,18-25,T1,balanced,1056.22,1
4583,2024-01-15 00:00:00,organic,26-35,T3+,balanced,7162.05,1
4584,2024-08-05 00:00:00,social,26-35,T1,balanced,40053.61,0
4585,2024-08-15 00:00:00,organic,36-45,T3+,cautious,4496.67,1
4586,2024-12-14 00:00:00,paid_search,26-35,T3+,balanced,9132.84,1
4587,2024-03-01 00:00:00,paid_search,56+,T2,balanced,81927.1,1
4588,2024-02-02 00:00:00,social,18-25,T3+,balanced,6810.59,1
4589,2024-12-15 00:00:00,bank_partner,18-25,T1,balanced,3052.97,1
4590,2024-02-13 00:00:00,referral,36-45,T3+,aggressive,3794.93,1
4591,2024-12-27 00:00:00,referral,18-25,T2,balanced,3381.22,0
4592,2024-11-08 00:00:00,social,36-45,T2,balanced,10899.61,1
4593,2024-02-11 00:00:00,paid_search,26-35,T3+,balanced,34944.57,0
4594,2024-08-01 00:00:00,social,46-55,T2,cautious,14161.12,1
4595,2024-06-22 00:00:00,social,26-35,T2,cautious,8648.7,0
4596,2024-05-01 00:00:00,organic,26-35,T1,cautious,1191.4,0
4597,2024-05-10 00:00:00,social,46-55,T2,cautious,4615.1,1
4598,2024-02-05 00:00:00,paid_search,18-25,T2,aggressive,6000.46,1
4599,2024-11-06 00:00:00,social,36-45,T1,aggressive,15450.65,1
4600,2024-06-20 00:00:00,paid_search,26-35,T2,cautious,4595.41,1
4601,2024-08-03 00:00:00,social,26-35,T3+,balanced,8540.24,1
4602,2024-10-02 00:00:00,paid_search,46-55,T2,cautious,10834.79,1
4603,2024-12-26 00:00:00,paid_search,46-55,T3+,aggressive,38422.16,0
4604,2024-01-27 00:00:00,referral,36-45,T3+,balanced,4836.98,1
4605,2024-12-10 00:00:00,social,56+,T2,aggressive,4136.62,1
4606,2024-04-20 00:00:00,social,36-45,T3+,balanced,1701.52,0
4607,2024-07-12 00:00:00,organic,26-35,T2,cautious,3580.91,1
4608,2024-09-11 00:00:00,paid_search,36-45,T3+,cautious,29684.08,1
4609,2024-04-02 00:00:00,organic,26-35,T2,balanced,3962.01,1
4610,2024-07-12 00:00:00,social,46-55,T3+,balanced,56467.79,1
4611,2024-04-27 00:00:00,social,26-35,T2,balanced,21226.99,1
4612,2024-08-17 00:00:00,referral,36-45,T2,aggressive,10760.05,1
4613,2024-12-25 00:00:00,organic,18-25,T2,cautious,8271.84,1
4614,2024-04-25 00:00:00,organic,46-55,T3+,cautious,11742.54,1
4615,2024-11-16 00:00:00,bank_partner,26-35,T1,balanced,11178.52,0
4616,2024-09-25 00:00:00,organic,36-45,T2,balanced,54606.12,1
4617,2024-01-16 00:00:00,organic,56+,T3+,balanced,12070.45,0
4618,2024-04-10 00:00:00,bank_partner,46-55,T2,balanced,27203.13,1
4619,2024-07-29 00:00:00,social,56+,T2,aggressive,1099.83,1
4620,2024-12-14 00:00:00,bank_partner,56+,T2,cautious,7670.37,0
4621,2024-02-08 00:00:00,referral,18-25,T1,aggressive,10969.94,1
4622,2024-03-18 00:00:00,paid_search,56+,T1,aggressive,6691.54,1
4623,2024-12-31 00:00:00,referral,26-35,T3+,aggressive,58447.05,0
4624,2024-01-08 00:00:00,paid_search,46-55,T2,aggressive,20547.82,0
4625,2024-12-24 00:00:00,referral,56+,T3+,cautious,2908.21,1
4626,2024-05-24 00:00:00,organic,36-45,T2,balanced,15943.39,0
4627,2024-01-16 00:00:00,organic,18-25,T3+,aggressive,4432.54,1
4628,2024-09-19 00:00:00,social,26-35,T2,balanced,17781.45,1
4629,2024-07-19 00:00:00,paid_search,26-35,T2,balanced,26461.08,1
4630,2024-06-10 00:00:00,social,18-25,T2,balanced,21421.15,1
4631,2024-08-29 00:00:00,referral,36-45,T1,cautious,18245.23,1
4632,2024-01-17 00:00:00,organic,26-35,T3+,balanced,13128.08,1
4633,2024-09-19 00:00:00,paid_search,26-35,T2,aggressive,26667.01,1
4634,2024-10-25 00:00:00,paid_search,36-45,T2,balanced,23589.37,1
4635,2024-03-31 00:00:00,organic,18-25,T3+,cautious,10132.77,0
4636,2024-03-27 00:00:00,paid_search,26-35,T3+,balanced,15160.72,0
4637,2024-07-20 00:00:00,paid_search,26-35,T2,balanced,8078.6,1
4638,2024-11-08 00:00:00,organic,46-55,T3+,balanced,42634.19,0
4639,2024-02-23 00:00:00,paid_search,26-35,T3+,balanced,10810.42,1
4640,2024-07-05 00:00:00,organic,18-25,T2,balanced,25262.24,1
4641,2024-06-17 00:00:00,paid_search,46-55,T1,balanced,16898.44,1
4642,2024-01-04 00:00:00,organic,46-55,T2,cautious,3359.64,1
4643,2024-08-15 00:00:00,paid_search,56+,T3+,aggressive,1918.75,1
4644,2024-11-16 00:00:00,organic,36-45,T3+,cautious,11999.67,1
4645,2024-11-11 00:00:00,paid_search,26-35,T3+,balanced,9215.07,1
4646,2024-10-22 00:00:00,paid_search,26-35,T1,cautious,5082.62,1
4647,2024-03-10 00:00:00,organic,26-35,T1,aggressive,19349.78,1
4648,2024-11-27 00:00:00,organic,36-45,T2,balanced,6159.85,1
4649,2024-01-07 00:00:00,organic,26-35,T2,cautious,7992.91,1
4650,2024-02-14 00:00:00,organic,18-25,T1,cautious,13126.54,1
4651,2024-08-02 00:00:00,social,56+,T3+,balanced,11880.25,1
4652,2024-09-07 00:00:00,organic,26-35,T2,cautious,6845.66,1
4653,2024-09-29 00:00:00,organic,36-45,T2,balanced,14732.22,0
4654,2024-01-11 00:00:00,social,46-55,T3+,cautious,8314.63,1
4655,2024-10-14 00:00:00,paid_search,46-55,T1,cautious,20008.17,1
4656,2024-12-27 00:00:00,organic,26-35,T1,balanced,6904.97,0
4657,2024-08-22 00:00:00,paid_search,26-35,T2,aggressive,15395.23,1
4658,2024-04-25 00:00:00,paid_search,26-35,T2,cautious,4047.51,1
4659,2024-02-08 00:00:00,organic,26-35,T1,aggressive,19500.69,0
4660,2024-09-16 00:00:00,paid_search,18-25,T1,cautious,4244.79,1
4661,2024-08-11 00:00:00,referral,26-35,T3+,cautious,10684.54,0
4662,2024-08-11 00:00:00,social,36-45,T1,balanced,4098.01,0
4663,2024-04-27 00:00:00,social,26-35,T2,aggressive,12633.37,1
4664,2024-05-05 00:00:00,organic,26-35,T1,cautious,16498.34,1
4665,2024-04-30 00:00:00,social,26-35,T2,aggressive,21216.22,0
4666,2024-08-25 00:00:00,organic,46-55,T1,balanced,16048.87,0
4667,2024-07-17 00:00:00,referral,18-25,T3+,cautious,6454.08,1
4668,2024-06-02 00:00:00,social,26-35,T3+,cautious,10754.31,1
4669,2024-02-20 00:00:00,social,36-45,T3+,balanced,1383.09,1
4670,2024-08-13 00:00:00,paid_search,56+,T3+,cautious,10223.8,1
4671,2024-08-19 00:00:00,organic,46-55,T2,cautious,137300.65,0
4672,2024-10-02 00:00:00,social,36-45,T3+,cautious,12287.13,1
4673,2024-10-12 00:00:00,social,36-45,T3+,balanced,20168.17,1
4674,2024-02-18 00:00:00,paid_search,46-55,T1,balanced,12428.91,1
4675,2024-04-24 00:00:00,referral,18-25,T1,balanced,987.61,0
4676,2024-07-04 00:00:00,paid_search,46-55,T3+,cautious,11310.08,1
4677,2024-07-15 00:00:00,social,36-45,T1,balanced,8729.93,1
4678,2024-01-21 00:00:00,paid_search,46-55,T2,balanced,5185.07,1
4679,2024-06-30 00:00:00,bank_partner,36-45,T2,cautious,15074.14,1
4680,2024-01-17 00:00:00,paid_search,26-35,T2,balanced,20658.8,1
4681,2024-04-23 00:00:00,social,26-35,T2,cautious,19931.54,1
4682,2024-12-18 00:00:00,organic,26-35,T1,cautious,11658.05,0
4683,2024-11-26 00:00:00,organic,26-35,T3+,balanced,22520.31,0
4684,2024-09-22 00:00:00,organic,26-35,T1,balanced,12128.65,1
4685,2024-04-26 00:00:00,paid_search,26-35,T2,balanced,12887.36,0
4686,2024-12-04 00:00:00,bank_partner,46-55,T2,balanced,7306.78,1
4687,2024-11-13 00:00:00,organic,36-45,T3+,cautious,45097.0,0
4688,2024-03-15 00:00:00,social,46-55,T2,balanced,1912.8,1
4689,2024-04-30 00:00:00,bank_partner,36-45,T1,cautious,32926.74,1
4690,2024-04-15 00:00:00,organic,46-55,T2,cautious,17067.02,1
4691,2024-01-29 00:00:00,referral,18-25,T1,aggressive,9404.11,1
4692,2024-09-13 00:00:00,bank_partner,46-55,T3+,balanced,10161.24,0
4693,2024-07-11 00:00:00,organic,36-45,T1,balanced,38320.43,1
4694,2024-04-04 00:00:00,paid_search,18-25,T2,cautious,14214.67,1
4695,2024-02-15 00:00:00,social,46-55,T1,balanced,13168.41,1
4696,2024-08-30 00:00:00,paid_search,36-45,T3+,cautious,22642.7,1
4697,2024-11-06 00:00:00,social,18-25,T3+,cautious,8945.01,1
4698,2024-09-07 00:00:00,paid_search,26-35,T2,aggressive,8654.18,1
4699,2024-10-22 00:00:00,bank_partner,46-55,T2,cautious,12570.54,1
4700,2024-09-06 00:00:00,paid_search,18-25,T3+,cautious,7313.75,1
4701,2024-12-04 00:00:00,organic,26-35,T1,cautious,11088.55,0
4702,2024-07-10 00:00:00,organic,36-45,T2,cautious,41268.92,1
4703,2024-12-17 00:00:00,organic,26-35,T3+,cautious,5133.12,0
4704,2024-07-10 00:00:00,referral,56+,T1,balanced,6523.01,0
4705,2024-10-11 00:00:00,paid_search,36-45,T1,balanced,2590.37,1
4706,2024-05-08 00:00:00,social,36-45,T3+,aggressive,12586.88,1
4707,2024-01-24 00:00:00,bank_partner,36-45,T3+,cautious,84752.54,1
4708,2024-03-14 00:00:00,organic,26-35,T2,cautious,2523.51,0
4709,2024-08-25 00:00:00,social,26-35,T2,balanced,1127.96,1
4710,2024-01-09 00:00:00,referral,18-25,T1,balanced,10989.39,1
4711,2024-10-30 00:00:00,paid_search,36-45,T1,balanced,1828.19,0
4712,2024-06-18 00:00:00,organic,46-55,T3+,aggressive,2655.66,1
4713,2024-09-28 00:00:00,organic,26-35,T2,cautious,14405.66,1
4714,2024-06-13 00:00:00,paid_search,46-55,T1,cautious,15392.88,1
4715,2024-11-10 00:00:00,social,46-55,T3+,cautious,845.5,0
4716,2024-04-28 00:00:00,organic,56+,T2,balanced,2483.6,0
4717,2024-05-25 00:00:00,referral,18-25,T1,balanced,7341.55,1
4718,2024-10-25 00:00:00,bank_partner,36-45,T2,aggressive,15200.31,0
4719,2024-06-28 00:00:00,organic,36-45,T3+,aggressive,16179.78,0
4720,2024-07-28 00:00:00,bank_partner,26-35,T2,balanced,529.22,1
4721,2024-03-01 00:00:00,social,26-35,T2,cautious,4100.99,0
4722,2024-09-24 00:00:00,social,26-35,T2,cautious,13556.01,1
4723,2024-04-02 00:00:00,organic,26-35,T1,balanced,36230.08,1
4724,2024-06-25 00:00:00,paid_search,18-25,T2,balanced,11452.35,1
4725,2024-05-02 00:00:00,referral,26-35,T3+,balanced,3698.7,1
4726,2024-06-08 00:00:00,referral,56+,T1,aggressive,6933.32,1
4727,2024-04-30 00:00:00,social,26-35,T2,aggressive,30848.35,1
4728,2024-08-03 00:00:00,organic,46-55,T3+,aggressive,58943.48,1
4729,2024-11-18 00:00:00,bank_partner,26-35,T3+,balanced,19237.29,1
4730,2024-07-31 00:00:00,paid_search,36-45,T1,balanced,15722.38,0
4731,2024-11-29 00:00:00,bank_partner,46-55,T1,aggressive,14809.36,1
4732,2024-08-05 00:00:00,organic,26-35,T2,cautious,1003.78,1
4733,2024-10-26 00:00:00,organic,36-45,T2,cautious,10618.79,1
4734,2024-10-27 00:00:00,social,26-35,T1,balanced,4860.76,0
4735,2024-07-05 00:00:00,referral,26-35,T2,cautious,65421.73,1
4736,2024-04-03 00:00:00,organic,36-45,T1,balanced,11488.32,1
4737,2024-05-25 00:00:00,organic,26-35,T3+,balanced,9926.35,1
4738,2024-03-24 00:00:00,bank_partner,46-55,T1,balanced,1401.16,1
4739,2024-06-13 00:00:00,referral,26-35,T1,balanced,9096.4,0
4740,2024-11-21 00:00:00,bank_partner,56+,T3+,aggressive,12526.8,1
4741,2024-11-05 00:00:00,social,56+,T3+,balanced,23333.86,1
4742,2024-12-27 00:00:00,bank_partner,46-55,T1,cautious,16155.22,1
4743,2024-02-14 00:00:00,bank_partner,18-25,T3+,cautious,7621.11,1
4744,2024-07-31 00:00:00,paid_search,26-35,T3+,cautious,38870.91,0
4745,2024-09-14 00:00:00,organic,18-25,T2,balanced,7680.02,0
4746,2024-04-23 00:00:00,bank_partner,26-35,T3+,cautious,33584.93,0
4747,2024-06-12 00:00:00,bank_partner,26-35,T3+,balanced,1132.23,1
4748,2024-08-01 00:00:00,social,18-25,T3+,balanced,831.33,1
4749,2024-01-13 00:00:00,paid_search,26-35,T3+,cautious,2108.54,1
4750,2024-03-16 00:00:00,bank_partner,26-35,T2,balanced,21476.61,0
4751,2024-10-24 00:00:00,bank_partner,18-25,T1,balanced,8038.92,1
4752,2024-10-25 00:00:00,referral,36-45,T1,cautious,7600.52,1
4753,2024-06-09 00:00:00,paid_search,26-35,T2,cautious,21977.36,0
4754,2024-01-09 00:00:00,organic,36-45,T3+,aggressive,17304.55,1
4755,2024-07-01 00:00:00,organic,26-35,T1,cautious,55709.33,1
4756,2024-07-12 00:00:00,paid_search,26-35,T3+,balanced,13190.24,1
4757,2024-12-31 00:00:00,social,36-45,T2,balanced,73113.51,0
4758,2024-10-04 00:00:00,organic,18-25,T3+,aggressive,7542.55,1
4759,2024-05-08 00:00:00,organic,36-45,T1,aggressive,10346.78,1
4760,2024-10-12 00:00:00,referral,26-35,T3+,balanced,25780.37,0
4761,2024-10-09 00:00:00,paid_search,26-35,T2,balanced,7913.78,1
4762,2024-11-09 00:00:00,organic,26-35,T1,balanced,65749.08,1
4763,2024-01-02 00:00:00,bank_partner,26-35,T2,aggressive,7488.48,1
4764,2024-05-17 00:00:00,paid_search,56+,T2,cautious,19845.54,1
4765,2024-10-31 00:00:00,referral,18-25,T1,cautious,15482.13,1
4766,2024-01-26 00:00:00,paid_search,46-55,T2,cautious,33392.96,1
4767,2024-11-25 00:00:00,social,26-35,T1,aggressive,18645.5,1
4768,2024-06-16 00:00:00,organic,26-35,T1,cautious,28404.99,0
4769,2024-07-30 00:00:00,referral,36-45,T1,cautious,21468.32,0
4770,2024-04-10 00:00:00,social,56+,T1,aggressive,20761.75,1
4771,2024-05-25 00:00:00,bank_partner,26-35,T3+,cautious,1762.59,1
4772,2024-07-12 00:00:00,social,36-45,T3+,cautious,7029.25,1
4773,2024-12-09 00:00:00,social,26-35,T2,balanced,1905.65,1
4774,2024-06-01 00:00:00,organic,36-45,T1,aggressive,30488.07,1
4775,2024-10-31 00:00:00,paid_search,26-35,T1,aggressive,4885.8,1
4776,2024-06-07 00:00:00,bank_partner,18-25,T3+,aggressive,8651.78,1
4777,2024-08-13 00:00:00,paid_search,36-45,T1,balanced,21360.43,0
4778,2024-05-22 00:00:00,organic,36-45,T2,balanced,1462.08,0
4779,2024-01-13 00:00:00,social,36-45,T2,aggressive,804.25,1
4780,2024-01-20 00:00:00,referral,26-35,T3+,balanced,4996.94,1
4781,2024-03-24 00:00:00,organic,36-45,T2,cautious,22822.31,1
4782,2024-11-27 00:00:00,bank_partner,26-35,T3+,balanced,4519.27,0
4783,2024-03-15 00:00:00,paid_search,26-35,T2,balanced,7141.77,1
4784,2024-03-27 00:00:00,referral,26-35,T3+,aggressive,8906.85,1
4785,2024-04-26 00:00:00,social,46-55,T2,balanced,8727.08,0
4786,2024-03-24 00:00:00,referral,46-55,T2,balanced,1003.29,1
4787,2024-11-06 00:00:00,paid_search,26-35,T2,balanced,18004.71,1
4788,2024-09-19 00:00:00,organic,26-35,T3+,aggressive,4003.02,1
4789,2024-06-27 00:00:00,paid_search,26-35,T1,aggressive,2623.3,1
4790,2024-10-23 00:00:00,social,26-35,T1,balanced,9480.64,0
4791,2024-12-06 00:00:00,social,26-35,T2,cautious,12459.32,1
4792,2024-07-23 00:00:00,bank_partner,36-45,T2,balanced,29963.05,1
4793,2024-07-02 00:00:00,organic,36-45,T3+,aggressive,15737.1,0
4794,2024-04-11 00:00:00,paid_search,26-35,T3+,balanced,4422.36,1
4795,2024-01-01 00:00:00,organic,36-45,T3+,balanced,24435.47,0
4796,2024-05-23 00:00:00,bank_partner,36-45,T2,balanced,8769.84,1
4797,2024-06-09 00:00:00,organic,26-35,T1,balanced,47146.28,0
4798,2024-01-01 00:00:00,bank_partner,26-35,T1,cautious,3975.06,1
4799,2024-12-18 00:00:00,bank_partner,26-35,T2,aggressive,17466.74,0
4800,2024-03-31 00:00:00,bank_partner,26-35,T2,cautious,1765.02,1
4801,2024-11-28 00:00:00,referral,46-55,T3+,cautious,6111.11,0
4802,2024-08-22 00:00:00,social,36-45,T2,aggressive,27766.03,1
4803,2024-01-23 00:00:00,organic,18-25,T2,cautious,608.87,1
4804,2024-12-16 00:00:00,bank_partner,46-55,T2,cautious,24443.29,1
4805,2024-01-12 00:00:00,social,18-25,T1,balanced,42373.72,0
4806,2024-07-15 00:00:00,social,36-45,T1,cautious,21871.92,0
4807,2024-10-11 00:00:00,referral,26-35,T3+,balanced,1225.39,1
4808,2024-11-13 00:00:00,social,26-35,T3+,cautious,9842.94,0
4809,2024-04-22 00:00:00,social,46-55,T3+,aggressive,20136.98,1
4810,2024-05-28 00:00:00,paid_search,26-35,T2,cautious,5078.89,1
4811,2024-09-02 00:00:00,organic,56+,T1,cautious,13548.2,0
4812,2024-11-28 00:00:00,organic,36-45,T2,balanced,2768.48,0
4813,2024-03-28 00:00:00,paid_search,36-45,T3+,cautious,5768.69,1
4814,2024-12-05 00:00:00,social,36-45,T1,balanced,2697.82,1
4815,2024-09-24 00:00:00,social,46-55,T3+,balanced,19855.9,0
4816,2024-10-04 00:00:00,bank_partner,26-35,T3+,balanced,42418.73,0
4817,2024-06-15 00:00:00,paid_search,26-35,T2,balanced,34391.93,0
4818,2024-07-12 00:00:00,paid_search,18-25,T1,cautious,2284.2,0
4819,2024-05-24 00:00:00,organic,26-35,T1,cautious,15495.64,1
4820,2024-12-31 00:00:00,organic,36-45,T3+,cautious,8234.93,1
4821,2024-08-09 00:00:00,paid_search,46-55,T1,balanced,21021.04,1
4822,2024-02-06 00:00:00,referral,26-35,T1,balanced,2425.08,1
4823,2024-06-15 00:00:00,referral,26-35,T1,cautious,19205.48,1
4824,2024-02-16 00:00:00,organic,26-35,T3+,cautious,17438.03,1
4825,2024-11-14 00:00:00,referral,26-35,T1,balanced,3479.99,1
4826,2024-01-26 00:00:00,organic,36-45,T1,aggressive,2625.16,1
4827,2024-07-12 00:00:00,social,18-25,T1,cautious,2410.07,1
4828,2024-08-16 00:00:00,organic,36-45,T1,cautious,3685.53,1
4829,2024-04-03 00:00:00,social,36-45,T2,balanced,3721.4,1
4830,2024-05-27 00:00:00,social,26-35,T2,balanced,8984.76,0
4831,2024-09-20 00:00:00,bank_partner,26-35,T3+,cautious,8315.44,1
4832,2024-07-05 00:00:00,social,36-45,T3+,balanced,5583.67,1
4833,2024-01-17 00:00:00,paid_search,46-55,T1,cautious,9905.02,1
4834,2024-06-18 00:00:00,paid_search,18-25,T1,aggressive,5958.04,0
4835,2024-07-16 00:00:00,organic,36-45,T1,aggressive,20469.88,1
4836,2024-05-31 00:00:00,referral,26-35,T2,balanced,5651.72,1
4837,2024-02-15 00:00:00,social,18-25,T2,cautious,13765.96,1
4838,2024-11-12 00:00:00,social,26-35,T2,cautious,34820.52,1
4839,2024-06-23 00:00:00,organic,26-35,T2,cautious,24902.36,0
4840,2024-03-21 00:00:00,social,56+,T2,cautious,59704.03,1
4841,2024-02-26 00:00:00,referral,56+,T2,cautious,16469.79,1
4842,2024-06-20 00:00:00,paid_search,56+,T2,balanced,11060.23,1
4843,2024-03-18 00:00:00,social,36-45,T2,cautious,309522.93,1
4844,2024-08-03 00:00:00,paid_search,26-35,T3+,balanced,36631.45,0
4845,2024-12-24 00:00:00,social,18-25,T2,cautious,40048.9,1
4846,2024-11-26 00:00:00,bank_partner,46-55,T3+,balanced,36367.55,1
4847,2024-01-04 00:00:00,organic,18-25,T1,cautious,6284.09,1
4848,2024-05-27 00:00:00,bank_partner,36-45,T3+,cautious,4216.98,1
4849,2024-06-30 00:00:00,paid_search,36-45,T3+,aggressive,3966.37,1
4850,2024-07-19 00:00:00,paid_search,36-45,T1,balanced,55161.5,1
4851,2024-05-13 00:00:00,organic,36-45,T2,cautious,10805.72,0
4852,2024-05-05 00:00:00,organic,36-45,T3+,cautious,8718.99,1
4853,2024-04-27 00:00:00,bank_partner,18-25,T3+,cautious,8197.7,1
4854,2024-03-03 00:00:00,paid_search,46-55,T1,balanced,5130.56,1
4855,2024-06-29 00:00:00,organic,36-45,T1,balanced,7681.22,0
4856,2024-06-21 00:00:00,referral,36-45,T2,balanced,45889.62,0
4857,2024-04-27 00:00:00,organic,26-35,T1,cautious,2957.24,1
4858,2024-04-29 00:00:00,organic,46-55,T3+,aggressive,13168.78,1
4859,2024-12-03 00:00:00,referral,36-45,T2,balanced,1503.51,1
4860,2024-07-01 00:00:00,referral,36-45,T3+,balanced,86232.91,1
4861,2024-08-11 00:00:00,referral,26-35,T1,cautious,36317.6,0
4862,2024-11-11 00:00:00,organic,46-55,T2,aggressive,2886.66,0
4863,2024-12-01 00:00:00,organic,26-35,T3+,balanced,4099.96,1
4864,2024-02-13 00:00:00,social,36-45,T3+,cautious,2312.05,0
4865,2024-05-09 00:00:00,referral,46-55,T3+,aggressive,11454.71,1
4866,2024-11-02 00:00:00,organic,26-35,T1,cautious,33339.52,1
4867,2024-08-04 00:00:00,paid_search,18-25,T1,cautious,17277.44,0
4868,2024-02-26 00:00:00,paid_search,36-45,T1,balanced,36560.78,1
4869,2024-03-19 00:00:00,social,26-35,T1,cautious,517.69,1
4870,2024-12-09 00:00:00,social,26-35,T2,aggressive,23766.53,0
4871,2024-11-11 00:00:00,organic,26-35,T1,aggressive,4497.59,1
4872,2024-04-19 00:00:00,paid_search,46-55,T2,cautious,23433.49,1
4873,2024-07-18 00:00:00,social,26-35,T1,cautious,23903.91,1
4874,2024-12-31 00:00:00,bank_partner,26-35,T1,cautious,12145.25,1
4875,2024-11-01 00:00:00,paid_search,26-35,T2,balanced,5933.28,0
4876,2024-10-03 00:00:00,social,36-45,T3+,cautious,8751.17,0
4877,2024-07-30 00:00:00,organic,18-25,T1,cautious,4805.09,1
4878,2024-03-31 00:00:00,organic,18-25,T3+,aggressive,1474.51,1
4879,2024-02-04 00:00:00,social,46-55,T2,aggressive,16885.33,0
4880,2024-01-06 00:00:00,bank_partner,18-25,T1,balanced,5302.55,1
4881,2024-10-06 00:00:00,referral,26-35,T1,aggressive,23913.49,0
4882,2024-10-22 00:00:00,organic,26-35,T1,balanced,3023.05,1
4883,2024-12-14 00:00:00,organic,26-35,T1,balanced,3477.83,1
4884,2024-08-26 00:00:00,organic,56+,T2,aggressive,25899.78,1
4885,2024-04-30 00:00:00,organic,26-35,T1,cautious,214858.92,1
4886,2024-07-04 00:00:00,paid_search,26-35,T3+,balanced,5754.52,1
4887,2024-09-02 00:00:00,bank_partner,46-55,T1,aggressive,3631.17,1
4888,2024-03-23 00:00:00,bank_partner,18-25,T2,balanced,2714.51,1
4889,2024-12-02 00:00:00,paid_search,26-35,T2,cautious,8077.63,1
4890,2024-06-17 00:00:00,paid_search,56+,T1,balanced,8749.95,1
4891,2024-01-10 00:00:00,bank_partner,36-45,T1,cautious,3153.62,0
4892,2024-11-05 00:00:00,bank_partner,18-25,T2,aggressive,13089.13,0
4893,2024-07-26 00:00:00,referral,36-45,T3+,balanced,3677.14,0
4894,2024-08-21 00:00:00,social,36-45,T3+,balanced,4435.62,1
4895,2024-03-07 00:00:00,social,26-35,T3+,aggressive,3979.15,1
4896,2024-02-08 00:00:00,paid_search,36-45,T1,balanced,4082.97,1
4897,2024-01-03 00:00:00,social,26-35,T1,aggressive,1313.3,1
4898,2024-02-09 00:00:00,paid_search,18-25,T3+,balanced,1671.45,1
4899,2024-12-14 00:00:00,paid_search,46-55,T2,aggressive,4175.88,0
4900,2024-05-28 00:00:00,paid_search,26-35,T3+,aggressive,4397.27,1
4901,2024-05-16 00:00:00,paid_search,36-45,T3+,balanced,6059.74,0
4902,2024-01-26 00:00:00,bank_partner,36-45,T3+,balanced,3812.36,1
4903,2024-11-13 00:00:00,social,26-35,T3+,aggressive,7555.24,1
4904,2024-05-29 00:00:00,social,26-35,T1,aggressive,74719.24,1
4905,2024-07-23 00:00:00,paid_search,46-55,T3+,aggressive,184179.8,1
4906,2024-02-09 00:00:00,social,46-55,T2,balanced,98351.06,1
4907,2024-07-04 00:00:00,bank_partner,36-45,T3+,balanced,43662.26,1
4908,2024-07-04 00:00:00,paid_search,26-35,T1,cautious,1405.58,1
4909,2024-01-14 00:00:00,referral,26-35,T3+,aggressive,6651.97,1
4910,2024-11-23 00:00:00,paid_search,46-55,T3+,balanced,500.0,1
4911,2024-11-01 00:00:00,bank_partner,26-35,T1,balanced,8387.6,1
4912,2024-07-02 00:00:00,paid_search,26-35,T2,balanced,3220.1,1
4913,2024-01-21 00:00:00,organic,36-45,T3+,balanced,5469.84,1
4914,2024-08-14 00:00:00,paid_search,46-55,T1,cautious,11434.53,1
4915,2024-02-11 00:00:00,social,18-25,T2,balanced,10006.47,1
4916,2024-05-10 00:00:00,organic,36-45,T1,balanced,2709.2,1
4917,2024-01-07 00:00:00,bank_partner,26-35,T2,cautious,5456.5,0
4918,2024-03-25 00:00:00,social,46-55,T2,cautious,15382.45,0
4919,2024-07-16 00:00:00,referral,36-45,T1,aggressive,1553.27,1
4920,2024-03-22 00:00:00,referral,56+,T1,balanced,10934.61,1
4921,2024-10-20 00:00:00,paid_search,18-25,T1,balanced,7202.6,0
4922,2024-01-26 00:00:00,paid_search,36-45,T3+,cautious,3196.41,0
4923,2024-08-26 00:00:00,organic,46-55,T1,cautious,21675.02,1
4924,2024-07-12 00:00:00,paid_search,26-35,T1,cautious,42964.61,1
4925,2024-12-14 00:00:00,social,36-45,T2,aggressive,6475.26,1
4926,2024-12-29 00:00:00,social,46-55,T3+,cautious,36029.36,1
4927,2024-01-20 00:00:00,organic,18-25,T2,balanced,2028.52,0
4928,2024-05-25 00:00:00,organic,36-45,T3+,balanced,11444.1,1
4929,2024-08-27 00:00:00,referral,36-45,T1,balanced,3942.35,1
4930,2024-01-16 00:00:00,social,56+,T2,cautious,23670.91,0
4931,2024-06-21 00:00:00,referral,46-55,T2,cautious,20718.5,0
4932,2024-08-10 00:00:00,paid_search,18-25,T2,balanced,4302.38,1
4933,2024-04-14 00:00:00,bank_partner,36-45,T3+,cautious,37433.92,1
4934,2024-02-27 00:00:00,social,36-45,T2,balanced,15315.66,1
4935,2024-06-17 00:00:00,paid_search,18-25,T2,balanced,4412.79,0
4936,2024-06-09 00:00:00,organic,46-55,T2,balanced,5868.16,0
4937,2024-09-05 00:00:00,organic,36-45,T2,balanced,14806.51,0
4938,2024-01-10 00:00:00,organic,46-55,T2,aggressive,23267.93,1
4939,2024-12-26 00:00:00,social,26-35,T3+,balanced,10503.71,1
4940,2024-03-30 00:00:00,social,26-35,T2,balanced,4420.65,1
4941,2024-09-04 00:00:00,paid_search,18-25,T1,balanced,4753.15,1
4942,2024-10-19 00:00:00,organic,56+,T1,aggressive,2013.95,1
4943,2024-01-28 00:00:00,referral,36-45,T1,aggressive,5845.49,1
4944,2024-11-14 00:00:00,bank_partner,26-35,T3+,balanced,12014.58,1
4945,2024-08-31 00:00:00,organic,56+,T3+,balanced,26287.89,0
4946,2024-08-25 00:00:00,bank_partner,36-45,T1,aggressive,16997.54,0
4947,2024-11-19 00:00:00,bank_partner,36-45,T1,balanced,1401.05,1
4948,2024-02-05 00:00:00,referral,26-35,T2,cautious,4921.79,1
4949,2024-11-06 00:00:00,organic,36-45,T2,aggressive,20699.8,1
4950,2024-07-18 00:00:00,paid_search,46-55,T3+,aggressive,29440.92,0
4951,2024-05-02 00:00:00,organic,26-35,T3+,cautious,11122.72,1
4952,2024-02-05 00:00:00,organic,26-35,T3+,balanced,34645.7,1
4953,2024-11-13 00:00:00,organic,26-35,T3+,cautious,27123.5,1
4954,2024-11-24 00:00:00,social,56+,T3+,cautious,5689.24,1
4955,2024-01-18 00:00:00,referral,26-35,T2,cautious,22251.43,1
4956,2024-08-17 00:00:00,social,36-45,T1,aggressive,4863.3,1
4957,2024-09-02 00:00:00,referral,56+,T2,balanced,20317.47,1
4958,2024-07-04 00:00:00,paid_search,26-35,T1,cautious,5105.38,1
4959,2024-03-09 00:00:00,referral,36-45,T2,aggressive,6230.75,1
4960,2024-06-19 00:00:00,paid_search,46-55,T3+,cautious,44084.36,1
4961,2024-07-31 00:00:00,bank_partner,18-25,T3+,balanced,3418.01,1
4962,2024-10-08 00:00:00,social,26-35,T1,balanced,8552.73,1
4963,2024-07-26 00:00:00,social,26-35,T3+,balanced,6939.01,0
4964,2024-03-03 00:00:00,paid_search,56+,T2,balanced,41443.07,0
4965,2024-09-29 00:00:00,referral,26-35,T3+,balanced,500.0,0
4966,2024-08-20 00:00:00,organic,26-35,T2,aggressive,2160.33,0
4967,2024-04-10 00:00:00,social,36-45,T2,cautious,3273.2,1
4968,2024-07-15 00:00:00,referral,26-35,T3+,balanced,17570.28,0
4969,2024-02-15 00:00:00,organic,26-35,T3+,balanced,13909.12,1
4970,2024-05-19 00:00:00,paid_search,46-55,T3+,cautious,18006.09,0
4971,2024-05-11 00:00:00,bank_partner,56+,T3+,cautious,35435.85,1
4972,2024-08-11 00:00:00,bank_partner,26-35,T3+,balanced,12308.57,0
4973,2024-08-27 00:00:00,organic,26-35,T1,balanced,4286.25,0
4974,2024-06-27 00:00:00,social,36-45,T3+,cautious,6740.08,1
4975,2024-05-21 00:00:00,paid_search,18-25,T2,balanced,1393.04,1
4976,2024-04-11 00:00:00,organic,56+,T3+,cautious,2799.2,0
4977,2024-06-06 00:00:00,paid_search,26-35,T2,aggressive,1938.4,1
4978,2024-10-12 00:00:00,social,18-25,T1,aggressive,15956.13,1
4979,2024-08-17 00:00:00,bank_partner,36-45,T3+,balanced,21128.53,1
4980,2024-11-21 00:00:00,paid_search,46-55,T1,balanced,14931.44,1
4981,2024-01-07 00:00:00,referral,18-25,T3+,balanced,3287.34,1
4982,2024-12-02 00:00:00,organic,26-35,T1,balanced,14484.35,1
4983,2024-11-19 00:00:00,referral,56+,T1,balanced,6863.71,1
4984,2024-10-04 00:00:00,organic,36-45,T2,balanced,17675.17,1
4985,2024-02-10 00:00:00,bank_partner,36-45,T1,aggressive,2030.16,0
4986,2024-04-13 00:00:00,paid_search,56+,T3+,cautious,114663.68,1
4987,2024-09-15 00:00:00,referral,18-25,T3+,balanced,8219.15,1
4988,2024-10-30 00:00:00,bank_partner,36-45,T3+,cautious,7229.81,1
4989,2024-01-17 00:00:00,social,46-55,T1,balanced,165858.16,1
4990,2024-01-05 00:00:00,organic,46-55,T2,cautious,33025.46,1
4991,2024-03-23 00:00:00,organic,46-55,T2,cautious,9806.39,1
4992,2024-04-24 00:00:00,paid_search,26-35,T1,balanced,12132.67,1
4993,2024-03-18 00:00:00,paid_search,26-35,T1,aggressive,11193.23,0
4994,2024-11-27 00:00:00,paid_search,26-35,T1,cautious,94889.17,1
4995,2024-08-12 00:00:00,organic,46-55,T3+,cautious,9566.82,1
4996,2024-03-09 00:00:00,organic,26-35,T2,balanced,9225.93,1
4997,2024-05-15 00:00:00,bank_partner,46-55,T1,cautious,11649.15,1
4998,2024-11-29 00:00:00,paid_search,46-55,T1,balanced,14886.4,1
4999,2024-06-04 00:00:00,organic,26-35,T3+,balanced,9823.45,1
5000,2024-03-24 00:00:00,organic,26-35,T2,balanced,1776.77,1
5001,2024-03-12 00:00:00,organic,46-55,T1,cautious,6198.43,1
5002,2024-04-18 00:00:00,referral,18-25,T1,cautious,5207.25,1
5003,2024-11-29 00:00:00,social,26-35,T3+,cautious,8133.57,1
5004,2024-12-13 00:00:00,referral,26-35,T1,balanced,13497.45,0
5005,2024-06-14 00:00:00,paid_search,36-45,T1,aggressive,12950.98,0
5006,2024-11-03 00:00:00,paid_search,36-45,T3+,balanced,1153.71,1
5007,2024-07-30 00:00:00,organic,26-35,T2,cautious,10815.17,1
5008,2024-05-06 00:00:00,bank_partner,36-45,T2,balanced,18423.24,1
5009,2024-07-18 00:00:00,organic,46-55,T3+,balanced,51754.06,0
5010,2024-05-02 00:00:00,organic,36-45,T3+,cautious,6136.14,0
5011,2024-05-11 00:00:00,referral,46-55,T1,balanced,5757.26,1
5012,2024-12-26 00:00:00,organic,36-45,T3+,balanced,3752.71,1
5013,2024-03-16 00:00:00,social,46-55,T2,cautious,6726.66,0
5014,2024-08-21 00:00:00,social,26-35,T1,aggressive,11862.14,1
5015,2024-02-01 00:00:00,paid_search,46-55,T3+,balanced,21210.12,0
5016,2024-03-04 00:00:00,social,36-45,T3+,aggressive,13681.59,0
5017,2024-04-02 00:00:00,bank_partner,46-55,T2,balanced,42237.78,1
5018,2024-05-07 00:00:00,paid_search,36-45,T2,cautious,19034.18,1
5019,2024-03-31 00:00:00,social,56+,T2,cautious,7177.89,1
5020,2024-02-04 00:00:00,paid_search,36-45,T1,aggressive,68081.66,1
5021,2024-09-14 00:00:00,referral,26-35,T2,cautious,1403.09,1
5022,2024-10-08 00:00:00,referral,26-35,T1,cautious,12544.23,1
5023,2024-02-26 00:00:00,organic,46-55,T2,cautious,24699.79,1
5024,2024-09-08 00:00:00,organic,26-35,T1,cautious,23846.46,1
5025,2024-01-05 00:00:00,paid_search,46-55,T3+,cautious,9059.66,1
5026,2024-12-22 00:00:00,referral,26-35,T3+,cautious,71810.65,1
5027,2024-06-17 00:00:00,paid_search,26-35,T3+,balanced,4971.06,1
5028,2024-01-24 00:00:00,social,36-45,T1,aggressive,31623.17,0
5029,2024-04-12 00:00:00,paid_search,26-35,T3+,balanced,10617.52,0
5030,2024-03-22 00:00:00,organic,36-45,T1,balanced,2536.45,1
5031,2024-09-19 00:00:00,organic,26-35,T2,balanced,4327.87,0
5032,2024-11-26 00:00:00,referral,46-55,T3+,cautious,30013.09,1
5033,2024-04-22 00:00:00,organic,36-45,T3+,cautious,4633.75,1
5034,2024-06-11 00:00:00,bank_partner,56+,T2,aggressive,10828.68,1
5035,2024-09-15 00:00:00,bank_partner,36-45,T3+,balanced,2621.05,0
5036,2024-09-18 00:00:00,organic,26-35,T2,cautious,2445.37,0
5037,2024-02-26 00:00:00,social,56+,T2,balanced,20048.45,0
5038,2024-03-08 00:00:00,bank_partner,26-35,T3+,balanced,6064.74,0
5039,2024-05-15 00:00:00,organic,26-35,T1,balanced,55911.9,1
5040,2024-07-11 00:00:00,bank_partner,26-35,T2,cautious,7155.28,1
5041,2024-12-26 00:00:00,social,26-35,T3+,balanced,17081.02,1
5042,2024-05-18 00:00:00,organic,18-25,T1,balanced,7554.21,1
5043,2024-09-22 00:00:00,social,46-55,T2,aggressive,18558.41,1
5044,2024-09-16 00:00:00,organic,46-55,T2,cautious,5630.51,1
5045,2024-07-06 00:00:00,paid_search,46-55,T2,balanced,32817.87,0
5046,2024-01-17 00:00:00,bank_partner,36-45,T2,aggressive,25218.89,1
5047,2024-08-10 00:00:00,organic,36-45,T1,balanced,3279.62,0
5048,2024-07-23 00:00:00,social,26-35,T1,aggressive,10876.33,1
5049,2024-05-20 00:00:00,bank_partner,36-45,T3+,balanced,17591.37,0
5050,2024-02-05 00:00:00,referral,26-35,T1,balanced,3298.16,1
5051,2024-10-03 00:00:00,social,26-35,T2,balanced,1302.49,1
5052,2024-01-10 00:00:00,referral,26-35,T2,balanced,10920.0,1
5053,2024-02-29 00:00:00,social,36-45,T1,balanced,4391.6,1
5054,2024-11-02 00:00:00,bank_partner,26-35,T2,cautious,9677.35,1
5055,2024-06-10 00:00:00,bank_partner,36-45,T1,balanced,8792.29,1
5056,2024-01-04 00:00:00,paid_search,18-25,T3+,cautious,3515.65,1
5057,2024-05-22 00:00:00,paid_search,26-35,T2,balanced,6483.13,1
5058,2024-12-26 00:00:00,social,36-45,T2,balanced,5602.82,0
5059,2024-08-25 00:00:00,referral,36-45,T1,cautious,1120.53,0
5060,2024-01-16 00:00:00,paid_search,26-35,T1,cautious,19567.16,1
5061,2024-10-13 00:00:00,paid_search,18-25,T3+,cautious,5351.33,0
5062,2024-05-13 00:00:00,bank_partner,36-45,T1,balanced,53559.76,1
5063,2024-03-17 00:00:00,referral,26-35,T1,cautious,10119.4,1
5064,2024-04-03 00:00:00,bank_partner,26-35,T1,cautious,4343.44,1
5065,2024-11-30 00:00:00,referral,36-45,T2,balanced,13730.69,1
5066,2024-02-08 00:00:00,paid_search,26-35,T1,balanced,4987.65,1
5067,2024-07-27 00:00:00,paid_search,46-55,T1,aggressive,5170.51,0
5068,2024-07-10 00:00:00,organic,26-35,T2,balanced,5441.31,1
5069,2024-07-24 00:00:00,organic,36-45,T2,balanced,9077.78,1
5070,2024-02-20 00:00:00,paid_search,36-45,T1,cautious,15731.27,1
5071,2024-11-09 00:00:00,paid_search,46-55,T2,balanced,18349.11,1
5072,2024-12-15 00:00:00,organic,36-45,T1,cautious,2160.77,0
5073,2024-07-06 00:00:00,bank_partner,36-45,T3+,balanced,5062.11,1
5074,2024-12-18 00:00:00,bank_partner,26-35,T1,balanced,5587.54,1
5075,2024-04-24 00:00:00,paid_search,56+,T1,cautious,4461.22,1
5076,2024-05-17 00:00:00,paid_search,56+,T3+,aggressive,6443.02,1
5077,2024-10-22 00:00:00,organic,36-45,T1,aggressive,2804.37,1
5078,2024-03-12 00:00:00,organic,36-45,T3+,cautious,4597.33,0
5079,2024-08-19 00:00:00,paid_search,46-55,T1,balanced,26620.95,1
5080,2024-07-27 00:00:00,bank_partner,26-35,T2,cautious,13653.49,1
5081,2024-05-07 00:00:00,organic,26-35,T1,aggressive,6874.05,1
5082,2024-04-24 00:00:00,paid_search,36-45,T3+,cautious,10688.8,1
5083,2024-09-16 00:00:00,organic,36-45,T1,balanced,2947.12,1
5084,2024-05-06 00:00:00,referral,36-45,T3+,cautious,20198.29,1
5085,2024-10-31 00:00:00,referral,36-45,T3+,balanced,13116.19,1
5086,2024-02-02 00:00:00,organic,26-35,T1,aggressive,13798.58,1
5087,2024-02-10 00:00:00,paid_search,36-45,T1,balanced,7220.92,1
5088,2024-07-02 00:00:00,paid_search,26-35,T3+,cautious,2746.01,0
5089,2024-04-25 00:00:00,social,36-45,T1,cautious,4651.96,1
5090,2024-12-08 00:00:00,paid_search,46-55,T3+,aggressive,1946.8,1
5091,2024-06-09 00:00:00,paid_search,46-55,T3+,cautious,4789.64,1
5092,2024-05-17 00:00:00,social,36-45,T2,cautious,35397.59,1
5093,2024-08-16 00:00:00,paid_search,36-45,T1,cautious,6591.31,1
5094,2024-09-14 00:00:00,referral,36-45,T2,cautious,2671.67,1
5095,2024-11-08 00:00:00,referral,46-55,T1,cautious,8689.01,1
5096,2024-06-23 00:00:00,referral,46-55,T2,balanced,1312.48,1
5097,2024-12-23 00:00:00,referral,56+,T2,cautious,4109.87,0
5098,2024-08-19 00:00:00,social,26-35,T3+,aggressive,3844.08,1
5099,2024-05-06 00:00:00,bank_partner,26-35,T2,cautious,11006.95,1
5100,2024-04-15 00:00:00,referral,36-45,T2,balanced,4495.78,1
5101,2024-01-07 00:00:00,social,26-35,T2,balanced,10801.03,0
5102,2024-06-11 00:00:00,paid_search,56+,T2,balanced,6586.82,1
5103,2024-12-17 00:00:00,organic,36-45,T2,balanced,13753.95,1
5104,2024-10-01 00:00:00,social,36-45,T3+,cautious,33913.77,0
5105,2024-10-31 00:00:00,paid_search,26-35,T3+,balanced,3003.87,1
5106,2024-07-18 00:00:00,social,26-35,T3+,cautious,8161.88,0
5107,2024-02-25 00:00:00,referral,18-25,T2,cautious,1090.32,1
5108,2024-05-15 00:00:00,organic,26-35,T1,cautious,12036.37,1
5109,2024-12-04 00:00:00,referral,26-35,T1,aggressive,28213.11,1
5110,2024-06-07 00:00:00,organic,46-55,T2,aggressive,59152.45,1
5111,2024-04-10 00:00:00,organic,26-35,T2,cautious,7612.05,1
5112,2024-06-10 00:00:00,paid_search,36-45,T1,balanced,20754.1,0
5113,2024-07-15 00:00:00,paid_search,46-55,T3+,balanced,63091.85,0
5114,2024-06-22 00:00:00,social,46-55,T3+,aggressive,4808.96,1
5115,2024-08-11 00:00:00,organic,18-25,T2,cautious,5948.17,1
5116,2024-02-25 00:00:00,organic,36-45,T2,aggressive,169538.77,1
5117,2024-07-24 00:00:00,organic,36-45,T1,balanced,11609.66,1
5118,2024-03-01 00:00:00,bank_partner,26-35,T2,cautious,974.73,1
5119,2024-06-17 00:00:00,paid_search,26-35,T1,aggressive,6750.61,1
5120,2024-07-27 00:00:00,organic,26-35,T3+,cautious,5341.28,0
5121,2024-07-23 00:00:00,organic,26-35,T1,cautious,7376.26,1
5122,2024-05-25 00:00:00,paid_search,18-25,T2,balanced,3879.14,1
5123,2024-09-07 00:00:00,organic,46-55,T3+,cautious,5110.87,1
5124,2024-06-06 00:00:00,organic,26-35,T2,balanced,13970.28,1
5125,2024-01-13 00:00:00,organic,18-25,T2,cautious,5312.4,1
5126,2024-06-24 00:00:00,paid_search,46-55,T1,cautious,16676.48,1
5127,2024-12-25 00:00:00,organic,26-35,T2,balanced,15428.57,1
5128,2024-07-18 00:00:00,social,26-35,T1,balanced,4870.29,1
5129,2024-09-08 00:00:00,organic,36-45,T1,cautious,10247.88,1
5130,2024-08-29 00:00:00,organic,56+,T3+,cautious,3010.77,1
5131,2024-03-13 00:00:00,organic,18-25,T1,cautious,6068.37,1
5132,2024-04-24 00:00:00,referral,46-55,T3+,balanced,3126.25,1
5133,2024-06-17 00:00:00,paid_search,26-35,T3+,aggressive,3003.12,1
5134,2024-08-26 00:00:00,organic,46-55,T3+,balanced,6091.33,1
5135,2024-04-12 00:00:00,organic,56+,T1,balanced,26395.22,1
5136,2024-06-15 00:00:00,paid_search,18-25,T2,cautious,10001.04,1
5137,2024-10-03 00:00:00,paid_search,36-45,T3+,aggressive,3512.23,1
5138,2024-04-09 00:00:00,organic,26-35,T1,cautious,17347.27,1
5139,2024-06-24 00:00:00,social,26-35,T3+,balanced,8401.5,1
5140,2024-02-08 00:00:00,bank_partner,36-45,T3+,cautious,25258.56,0
5141,2024-08-29 00:00:00,referral,26-35,T1,balanced,11096.14,0
5142,2024-08-14 00:00:00,organic,56+,T1,balanced,85617.84,1
5143,2024-01-21 00:00:00,paid_search,18-25,T2,balanced,22250.56,1
5144,2024-05-23 00:00:00,social,26-35,T3+,balanced,2168.77,1
5145,2024-10-01 00:00:00,organic,26-35,T1,cautious,4643.2,0
5146,2024-10-22 00:00:00,bank_partner,26-35,T2,cautious,3480.99,1
5147,2024-01-31 00:00:00,paid_search,26-35,T1,balanced,3916.46,1
5148,2024-06-21 00:00:00,social,36-45,T2,balanced,1380.2,1
5149,2024-10-07 00:00:00,bank_partner,46-55,T3+,balanced,25159.71,1
5150,2024-06-05 00:00:00,referral,26-35,T2,cautious,30658.01,1
5151,2024-01-27 00:00:00,bank_partner,36-45,T1,balanced,11420.45,1
5152,2024-06-14 00:00:00,paid_search,18-25,T3+,cautious,23117.62,1
5153,2024-12-04 00:00:00,bank_partner,18-25,T3+,cautious,7398.45,1
5154,2024-12-26 00:00:00,paid_search,36-45,T1,aggressive,4162.64,1
5155,2024-10-23 00:00:00,social,56+,T3+,balanced,18068.77,0
5156,2024-09-19 00:00:00,organic,26-35,T1,cautious,2486.41,1
5157,2024-05-10 00:00:00,referral,56+,T1,balanced,5094.66,1
5158,2024-04-16 00:00:00,social,36-45,T2,balanced,4883.04,0
5159,2024-06-22 00:00:00,organic,26-35,T3+,balanced,3914.59,0
5160,2024-11-12 00:00:00,referral,46-55,T2,balanced,4494.67,0
5161,2024-01-02 00:00:00,organic,36-45,T2,cautious,68393.58,1
5162,2024-09-28 00:00:00,social,26-35,T3+,cautious,6285.55,0
5163,2024-05-03 00:00:00,paid_search,26-35,T1,cautious,517.96,0
5164,2024-09-27 00:00:00,paid_search,26-35,T3+,balanced,4985.58,1
5165,2024-05-21 00:00:00,referral,26-35,T3+,balanced,15392.29,1
5166,2024-11-29 00:00:00,paid_search,26-35,T1,cautious,6636.89,1
5167,2024-08-13 00:00:00,organic,36-45,T3+,cautious,8114.08,1
5168,2024-12-24 00:00:00,organic,36-45,T1,balanced,4358.88,1
5169,2024-07-09 00:00:00,organic,46-55,T2,cautious,13430.03,1
5170,2024-12-24 00:00:00,referral,26-35,T2,cautious,22562.85,0
5171,2024-04-16 00:00:00,referral,26-35,T3+,aggressive,33032.69,1
5172,2024-03-27 00:00:00,organic,26-35,T3+,cautious,3158.0,1
5173,2024-04-14 00:00:00,bank_partner,26-35,T2,cautious,4204.12,0
5174,2024-07-11 00:00:00,referral,46-55,T3+,balanced,78876.58,1
5175,2024-06-19 00:00:00,bank_partner,18-25,T1,balanced,5142.73,1
5176,2024-05-23 00:00:00,organic,36-45,T3+,balanced,5729.88,0
5177,2024-11-27 00:00:00,referral,46-55,T2,balanced,16041.91,1
5178,2024-05-17 00:00:00,paid_search,26-35,T2,cautious,4805.32,1
5179,2024-05-23 00:00:00,paid_search,26-35,T1,balanced,7887.54,1
5180,2024-11-16 00:00:00,paid_search,26-35,T3+,balanced,9477.7,1
5181,2024-05-18 00:00:00,bank_partner,26-35,T1,balanced,81202.41,0
5182,2024-08-27 00:00:00,organic,36-45,T2,balanced,13321.15,0
5183,2024-02-11 00:00:00,organic,26-35,T2,balanced,11448.35,1
5184,2024-04-09 00:00:00,bank_partner,36-45,T3+,cautious,4225.86,1
5185,2024-06-12 00:00:00,organic,56+,T2,cautious,4037.13,1
5186,2024-10-10 00:00:00,paid_search,18-25,T3+,balanced,71233.8,1
5187,2024-06-12 00:00:00,paid_search,46-55,T3+,cautious,188465.83,1
5188,2024-12-01 00:00:00,paid_search,26-35,T1,aggressive,3065.9,1
5189,2024-06-20 00:00:00,social,46-55,T3+,cautious,10730.08,0
5190,2024-03-11 00:00:00,social,36-45,T3+,balanced,5303.42,0
5191,2024-06-06 00:00:00,paid_search,26-35,T3+,cautious,1997.71,1
5192,2024-09-11 00:00:00,social,46-55,T3+,cautious,2365.54,1
5193,2024-10-05 00:00:00,social,36-45,T2,aggressive,4356.9,1
5194,2024-08-30 00:00:00,organic,36-45,T2,balanced,2276.32,1
5195,2024-08-18 00:00:00,social,26-35,T1,balanced,5351.87,1
5196,2024-04-02 00:00:00,organic,26-35,T2,balanced,8310.52,1
5197,2024-06-26 00:00:00,paid_search,26-35,T2,balanced,2436.75,1
5198,2024-01-26 00:00:00,organic,26-35,T1,cautious,8299.83,0
5199,2024-11-12 00:00:00,organic,18-25,T2,cautious,2510.18,1
5200,2024-01-16 00:00:00,organic,46-55,T2,balanced,41967.48,0
5201,2024-02-15 00:00:00,organic,46-55,T2,balanced,21357.46,0
5202,2024-12-16 00:00:00,bank_partner,26-35,T1,balanced,8414.72,0
5203,2024-01-13 00:00:00,social,26-35,T3+,balanced,10493.37,1
5204,2024-02-20 00:00:00,paid_search,26-35,T1,cautious,2853.31,1
5205,2024-02-02 00:00:00,referral,36-45,T3+,balanced,23754.56,1
5206,2024-10-07 00:00:00,bank_partner,26-35,T1,cautious,2507.81,0
5207,2024-10-26 00:00:00,organic,56+,T2,balanced,37231.79,1
5208,2024-02-21 00:00:00,social,18-25,T2,balanced,3559.61,1
5209,2024-08-10 00:00:00,bank_partner,26-35,T1,balanced,12797.14,1
5210,2024-12-01 00:00:00,paid_search,26-35,T1,balanced,10777.1,1
5211,2024-01-04 00:00:00,referral,46-55,T2,cautious,16815.18,1
5212,2024-07-10 00:00:00,organic,26-35,T1,balanced,13343.98,0
5213,2024-01-19 00:00:00,paid_search,36-45,T2,aggressive,10821.16,1
5214,2024-02-02 00:00:00,paid_search,18-25,T2,balanced,9988.94,1
5215,2024-05-15 00:00:00,organic,56+,T3+,aggressive,7552.66,0
5216,2024-06-26 00:00:00,organic,26-35,T3+,aggressive,6317.77,0
5217,2024-04-06 00:00:00,organic,26-35,T2,cautious,10965.78,1
5218,2024-01-23 00:00:00,social,36-45,T2,cautious,8105.23,0
5219,2024-08-30 00:00:00,organic,26-35,T1,cautious,18548.12,1
5220,2024-01-26 00:00:00,bank_partner,56+,T2,cautious,6403.85,1
5221,2024-05-21 00:00:00,referral,36-45,T3+,cautious,10241.5,1
5222,2024-10-24 00:00:00,organic,36-45,T3+,cautious,3418.57,0
5223,2024-05-06 00:00:00,social,26-35,T1,balanced,53791.67,1
5224,2024-06-07 00:00:00,social,56+,T1,aggressive,55455.74,1
5225,2024-10-31 00:00:00,social,26-35,T1,cautious,37516.1,1
5226,2024-05-02 00:00:00,referral,26-35,T3+,cautious,75457.18,1
5227,2024-08-06 00:00:00,organic,26-35,T3+,aggressive,9152.29,1
5228,2024-05-25 00:00:00,social,56+,T1,balanced,22166.42,1
5229,2024-07-16 00:00:00,organic,18-25,T2,balanced,1851.85,1
5230,2024-11-22 00:00:00,referral,26-35,T2,aggressive,5951.63,1
5231,2024-11-10 00:00:00,organic,46-55,T3+,aggressive,4709.42,1
5232,2024-10-10 00:00:00,bank_partner,46-55,T1,balanced,19788.63,1
5233,2024-06-12 00:00:00,paid_search,26-35,T1,balanced,7595.06,0
5234,2024-06-05 00:00:00,organic,26-35,T2,aggressive,7027.66,1
5235,2024-11-05 00:00:00,referral,36-45,T3+,cautious,4294.32,1
5236,2024-01-28 00:00:00,organic,26-35,T2,cautious,6403.77,1
5237,2024-02-03 00:00:00,paid_search,36-45,T3+,balanced,6910.27,1
5238,2024-09-01 00:00:00,social,46-55,T2,cautious,2459.99,0
5239,2024-04-06 00:00:00,bank_partner,26-35,T1,balanced,2357.47,1
5240,2024-10-23 00:00:00,social,36-45,T2,balanced,2704.26,1
5241,2024-06-13 00:00:00,referral,46-55,T2,cautious,33030.26,0
5242,2024-07-14 00:00:00,organic,26-35,T3+,cautious,5918.46,1
5243,2024-01-09 00:00:00,referral,26-35,T2,aggressive,23959.11,1
5244,2024-02-13 00:00:00,referral,46-55,T3+,balanced,25465.95,1
5245,2024-06-15 00:00:00,organic,36-45,T2,cautious,43757.42,1
5246,2024-06-13 00:00:00,bank_partner,46-55,T1,balanced,22676.08,1
5247,2024-06-06 00:00:00,organic,36-45,T3+,cautious,15407.09,1
5248,2024-09-01 00:00:00,referral,46-55,T2,balanced,4493.45,1
5249,2024-04-29 00:00:00,referral,18-25,T1,cautious,7326.41,1
5250,2024-08-09 00:00:00,organic,46-55,T2,balanced,41197.99,1
5251,2024-03-05 00:00:00,social,26-35,T1,cautious,25215.99,0
5252,2024-04-25 00:00:00,paid_search,46-55,T1,balanced,56890.57,0
5253,2024-12-25 00:00:00,referral,26-35,T1,balanced,6251.48,1
5254,2024-02-03 00:00:00,paid_search,36-45,T2,cautious,74488.71,1
5255,2024-08-04 00:00:00,referral,26-35,T1,aggressive,3362.45,1
5256,2024-12-22 00:00:00,paid_search,18-25,T2,balanced,4482.62,1
5257,2024-04-11 00:00:00,paid_search,36-45,T1,cautious,32156.26,1
5258,2024-08-13 00:00:00,organic,18-25,T1,cautious,7338.83,0
5259,2024-01-21 00:00:00,organic,26-35,T1,cautious,6836.88,0
5260,2024-02-27 00:00:00,organic,36-45,T1,aggressive,15009.03,1
5261,2024-08-21 00:00:00,social,18-25,T2,cautious,2044.38,1
5262,2024-09-28 00:00:00,organic,36-45,T2,cautious,19570.43,1
5263,2024-11-18 00:00:00,paid_search,26-35,T1,balanced,10933.52,1
5264,2024-12-27 00:00:00,paid_search,26-35,T3+,balanced,2828.9,1
5265,2024-04-07 00:00:00,social,18-25,T2,cautious,1367.74,1
5266,2024-08-21 00:00:00,organic,56+,T2,balanced,21805.07,0
5267,2024-11-17 00:00:00,paid_search,26-35,T1,aggressive,1390.43,1
5268,2024-04-13 00:00:00,paid_search,36-45,T2,balanced,17051.46,1
5269,2024-01-07 00:00:00,paid_search,18-25,T1,cautious,3334.68,1
5270,2024-07-26 00:00:00,paid_search,36-45,T1,balanced,17605.91,0
5271,2024-09-01 00:00:00,social,26-35,T3+,balanced,5921.27,1
5272,2024-09-05 00:00:00,organic,26-35,T3+,cautious,6812.48,0
5273,2024-08-10 00:00:00,paid_search,36-45,T3+,cautious,15139.99,1
5274,2024-12-16 00:00:00,referral,26-35,T2,aggressive,10775.77,1
5275,2024-03-24 00:00:00,organic,36-45,T1,balanced,11056.93,0
5276,2024-04-16 00:00:00,organic,46-55,T3+,balanced,17010.62,1
5277,2024-06-12 00:00:00,paid_search,36-45,T2,balanced,3348.89,1
5278,2024-07-29 00:00:00,referral,56+,T3+,aggressive,14883.47,1
5279,2024-01-06 00:00:00,social,26-35,T1,balanced,53325.91,1
5280,2024-04-28 00:00:00,bank_partner,26-35,T3+,cautious,36564.68,1
5281,2024-04-21 00:00:00,social,36-45,T1,balanced,19093.29,1
5282,2024-08-02 00:00:00,referral,46-55,T2,balanced,36938.56,1
5283,2024-01-10 00:00:00,paid_search,26-35,T1,cautious,11058.06,1
5284,2024-10-26 00:00:00,referral,18-25,T2,aggressive,7655.79,1
5285,2024-02-03 00:00:00,referral,56+,T3+,aggressive,29243.23,1
5286,2024-02-25 00:00:00,organic,26-35,T2,aggressive,9576.65,1
5287,2024-08-02 00:00:00,referral,26-35,T3+,balanced,141299.61,1
5288,2024-12-27 00:00:00,bank_partner,26-35,T3+,cautious,22215.72,0
5289,2024-12-06 00:00:00,referral,26-35,T3+,balanced,41793.33,1
5290,2024-07-16 00:00:00,organic,36-45,T1,cautious,2834.39,1
5291,2024-05-26 00:00:00,social,46-55,T1,balanced,8388.56,1
5292,2024-08-16 00:00:00,organic,18-25,T1,balanced,1862.73,1
5293,2024-07-28 00:00:00,paid_search,36-45,T1,aggressive,8354.02,1
5294,2024-10-21 00:00:00,organic,26-35,T3+,balanced,9484.83,1
5295,2024-07-09 00:00:00,referral,36-45,T1,aggressive,3406.05,0
5296,2024-06-29 00:00:00,paid_search,26-35,T1,balanced,39397.72,1
5297,2024-08-23 00:00:00,paid_search,56+,T3+,aggressive,6701.34,1
5298,2024-07-09 00:00:00,organic,18-25,T2,balanced,1645.42,1
5299,2024-01-11 00:00:00,social,26-35,T3+,balanced,10338.78,1
5300,2024-03-07 00:00:00,bank_partner,36-45,T2,aggressive,2396.25,1
5301,2024-04-05 00:00:00,paid_search,36-45,T2,balanced,14248.39,1
5302,2024-08-14 00:00:00,referral,18-25,T3+,cautious,3566.46,1
5303,2024-03-09 00:00:00,social,46-55,T2,balanced,2114.88,1
5304,2024-06-10 00:00:00,paid_search,18-25,T2,cautious,9371.28,1
5305,2024-09-15 00:00:00,organic,46-55,T1,balanced,500.0,1
5306,2024-09-12 00:00:00,paid_search,26-35,T2,aggressive,5254.56,0
5307,2024-05-19 00:00:00,organic,26-35,T2,balanced,34778.93,1
5308,2024-03-26 00:00:00,organic,26-35,T2,cautious,11841.9,0
5309,2024-10-14 00:00:00,organic,26-35,T3+,cautious,35806.52,1
5310,2024-08-08 00:00:00,paid_search,46-55,T3+,cautious,18693.25,1
5311,2024-05-05 00:00:00,paid_search,26-35,T2,aggressive,13692.06,1
5312,2024-07-18 00:00:00,paid_search,36-45,T3+,aggressive,4940.05,0
5313,2024-09-12 00:00:00,referral,26-35,T1,balanced,26889.4,1
5314,2024-05-05 00:00:00,organic,18-25,T1,cautious,860.05,1
5315,2024-12-16 00:00:00,organic,18-25,T3+,balanced,9253.29,1
5316,2024-05-24 00:00:00,organic,26-35,T1,cautious,2873.92,0
5317,2024-04-08 00:00:00,referral,36-45,T1,cautious,5173.61,1
5318,2024-10-18 00:00:00,organic,56+,T1,balanced,18151.3,1
5319,2024-10-17 00:00:00,paid_search,36-45,T2,balanced,5953.41,1
5320,2024-07-02 00:00:00,referral,18-25,T1,balanced,9640.29,1
5321,2024-08-03 00:00:00,referral,18-25,T2,balanced,34348.98,1
5322,2024-11-08 00:00:00,social,18-25,T2,balanced,2362.33,1
5323,2024-04-16 00:00:00,organic,26-35,T3+,balanced,41093.24,0
5324,2024-02-08 00:00:00,bank_partner,26-35,T3+,cautious,2114.86,1
5325,2024-07-29 00:00:00,social,18-25,T3+,cautious,2796.21,0
5326,2024-10-17 00:00:00,bank_partner,46-55,T1,cautious,29409.22,1
5327,2024-05-09 00:00:00,organic,46-55,T1,cautious,77727.28,1
5328,2024-02-07 00:00:00,social,18-25,T3+,cautious,3127.2,1
5329,2024-01-23 00:00:00,social,46-55,T1,balanced,15765.49,1
5330,2024-08-14 00:00:00,organic,36-45,T2,balanced,3920.41,1
5331,2024-08-06 00:00:00,referral,26-35,T2,balanced,13841.58,1
5332,2024-03-13 00:00:00,organic,56+,T2,aggressive,12640.53,1
5333,2024-12-21 00:00:00,referral,18-25,T2,aggressive,16610.6,1
5334,2024-01-04 00:00:00,social,26-35,T2,cautious,1078.72,0
5335,2024-05-03 00:00:00,organic,56+,T2,cautious,135446.44,1
5336,2024-07-13 00:00:00,social,36-45,T3+,balanced,4181.15,0
5337,2024-02-12 00:00:00,paid_search,26-35,T3+,balanced,19144.02,1
5338,2024-01-26 00:00:00,social,46-55,T2,balanced,12228.27,1
5339,2024-04-18 00:00:00,organic,18-25,T3+,cautious,9082.0,1
5340,2024-08-17 00:00:00,referral,36-45,T1,balanced,3547.34,1
5341,2024-08-01 00:00:00,organic,46-55,T3+,cautious,19181.39,0
5342,2024-08-19 00:00:00,paid_search,18-25,T1,balanced,1391.82,1
5343,2024-08-03 00:00:00,bank_partner,18-25,T2,balanced,11130.75,1
5344,2024-06-29 00:00:00,organic,36-45,T3+,balanced,27790.65,1
5345,2024-07-13 00:00:00,social,46-55,T3+,cautious,6610.65,0
5346,2024-05-16 00:00:00,organic,36-45,T3+,cautious,18229.97,1
5347,2024-09-22 00:00:00,referral,26-35,T3+,cautious,23181.29,0
5348,2024-01-06 00:00:00,organic,26-35,T3+,balanced,6051.07,1
5349,2024-09-25 00:00:00,organic,36-45,T2,balanced,19959.02,1
5350,2024-10-15 00:00:00,referral,26-35,T2,cautious,85956.89,1
5351,2024-10-08 00:00:00,social,56+,T2,balanced,47399.41,0
5352,2024-10-03 00:00:00,social,26-35,T2,cautious,3569.46,1
5353,2024-06-15 00:00:00,social,36-45,T1,aggressive,7936.92,1
5354,2024-11-16 00:00:00,organic,36-45,T2,cautious,5937.16,1
5355,2024-10-25 00:00:00,bank_partner,36-45,T1,aggressive,27673.64,1
5356,2024-10-20 00:00:00,social,36-45,T1,aggressive,2041.93,0
5357,2024-12-30 00:00:00,organic,36-45,T3+,balanced,3003.27,1
5358,2024-04-30 00:00:00,social,46-55,T2,cautious,11024.11,1
5359,2024-05-17 00:00:00,organic,36-45,T1,balanced,3078.4,1
5360,2024-07-27 00:00:00,paid_search,56+,T3+,balanced,80126.4,1
5361,2024-10-07 00:00:00,social,26-35,T2,aggressive,19824.05,0
5362,2024-06-17 00:00:00,paid_search,46-55,T3+,cautious,19087.54,1
5363,2024-12-21 00:00:00,social,26-35,T2,balanced,3447.4,1
5364,2024-05-13 00:00:00,referral,36-45,T1,aggressive,9389.06,0
5365,2024-12-30 00:00:00,organic,36-45,T3+,cautious,15081.67,1
5366,2024-01-28 00:00:00,organic,26-35,T1,balanced,26508.59,1
5367,2024-08-09 00:00:00,paid_search,46-55,T2,balanced,1311.06,1
5368,2024-03-23 00:00:00,referral,36-45,T3+,balanced,16675.79,0
5369,2024-08-09 00:00:00,organic,36-45,T1,cautious,90683.42,1
5370,2024-09-14 00:00:00,organic,36-45,T3+,aggressive,13688.81,1
5371,2024-11-21 00:00:00,organic,26-35,T1,balanced,139724.94,1
5372,2024-05-21 00:00:00,organic,26-35,T3+,cautious,34437.12,1
5373,2024-05-16 00:00:00,referral,56+,T2,balanced,2311.86,1
5374,2024-10-22 00:00:00,bank_partner,36-45,T3+,cautious,3413.05,1
5375,2024-01-06 00:00:00,organic,36-45,T3+,balanced,14165.58,1
5376,2024-11-06 00:00:00,paid_search,36-45,T1,balanced,6651.2,1
5377,2024-09-21 00:00:00,referral,56+,T2,cautious,4680.51,0
5378,2024-08-20 00:00:00,social,36-45,T1,balanced,5191.3,1
5379,2024-02-21 00:00:00,organic,36-45,T2,aggressive,23949.41,1
5380,2024-08-29 00:00:00,referral,36-45,T2,aggressive,2104.27,1
5381,2024-08-26 00:00:00,social,26-35,T1,aggressive,26087.8,1
5382,2024-06-10 00:00:00,paid_search,26-35,T1,aggressive,13142.33,1
5383,2024-07-02 00:00:00,paid_search,18-25,T3+,balanced,4104.39,0
5384,2024-12-25 00:00:00,organic,26-35,T3+,aggressive,5192.44,1
5385,2024-06-30 00:00:00,social,46-55,T3+,cautious,2424.06,0
5386,2024-03-15 00:00:00,paid_search,26-35,T3+,aggressive,4170.97,1
5387,2024-06-14 00:00:00,paid_search,36-45,T2,balanced,8523.49,1
5388,2024-09-08 00:00:00,referral,36-45,T1,balanced,9227.46,1
5389,2024-11-16 00:00:00,organic,18-25,T1,balanced,4794.09,0
5390,2024-07-21 00:00:00,paid_search,26-35,T3+,cautious,37364.96,0
5391,2024-12-12 00:00:00,referral,46-55,T3+,balanced,11581.96,1
5392,2024-02-22 00:00:00,paid_search,18-25,T1,balanced,4312.83,1
5393,2024-08-11 00:00:00,paid_search,36-45,T1,aggressive,3332.54,1
5394,2024-12-03 00:00:00,organic,36-45,T3+,balanced,2679.93,1
5395,2024-04-20 00:00:00,organic,46-55,T1,balanced,33781.97,1
5396,2024-02-16 00:00:00,organic,26-35,T3+,balanced,8234.7,1
5397,2024-08-10 00:00:00,social,18-25,T1,balanced,1394.83,1
5398,2024-07-19 00:00:00,social,56+,T3+,cautious,18134.92,1
5399,2024-05-29 00:00:00,organic,18-25,T3+,aggressive,2000.03,0
5400,2024-06-11 00:00:00,referral,26-35,T1,cautious,30550.51,1
5401,2024-02-16 00:00:00,organic,18-25,T1,cautious,4374.26,1
5402,2024-11-02 00:00:00,social,36-45,T1,cautious,40987.56,1
5403,2024-03-04 00:00:00,organic,36-45,T1,balanced,19228.0,1
5404,2024-05-31 00:00:00,bank_partner,36-45,T3+,cautious,1436.44,1
5405,2024-08-01 00:00:00,referral,36-45,T2,cautious,3716.75,1
5406,2024-05-03 00:00:00,referral,18-25,T2,cautious,1963.96,1
5407,2024-05-01 00:00:00,organic,18-25,T2,cautious,4288.7,0
5408,2024-10-28 00:00:00,social,26-35,T2,balanced,5565.36,1
5409,2024-01-27 00:00:00,referral,46-55,T3+,balanced,80721.19,1
5410,2024-09-16 00:00:00,referral,18-25,T3+,cautious,1451.45,0
5411,2024-06-14 00:00:00,bank_partner,18-25,T3+,balanced,2373.66,1
5412,2024-05-06 00:00:00,organic,26-35,T2,aggressive,2284.93,0
5413,2024-03-30 00:00:00,organic,18-25,T1,cautious,2423.32,1
5414,2024-01-24 00:00:00,organic,26-35,T1,balanced,42370.7,0
5415,2024-02-16 00:00:00,social,36-45,T1,aggressive,16046.5,0
5416,2024-01-03 00:00:00,bank_partner,26-35,T1,aggressive,1614.6,0
5417,2024-06-24 00:00:00,bank_partner,36-45,T3+,balanced,63459.05,1
5418,2024-10-13 00:00:00,organic,26-35,T2,balanced,4071.61,1
5419,2024-06-10 00:00:00,referral,46-55,T1,cautious,85395.76,0
5420,2024-11-25 00:00:00,social,26-35,T3+,balanced,4031.37,1
5421,2024-01-24 00:00:00,organic,36-45,T3+,cautious,13292.43,1
5422,2024-02-05 00:00:00,organic,26-35,T1,cautious,18316.96,1
5423,2024-06-14 00:00:00,paid_search,26-35,T1,balanced,2143.9,1
5424,2024-12-25 00:00:00,organic,18-25,T1,aggressive,1111.03,1
5425,2024-12-08 00:00:00,referral,46-55,T3+,aggressive,7786.76,1
5426,2024-01-08 00:00:00,organic,46-55,T1,aggressive,24203.14,0
5427,2024-07-20 00:00:00,paid_search,26-35,T1,balanced,20962.49,1
5428,2024-09-21 00:00:00,social,46-55,T1,balanced,12947.19,1
5429,2024-03-03 00:00:00,organic,46-55,T3+,balanced,20306.68,1
5430,2024-06-30 00:00:00,organic,26-35,T3+,balanced,8697.74,1
5431,2024-03-15 00:00:00,paid_search,36-45,T3+,balanced,34739.38,0
5432,2024-04-15 00:00:00,bank_partner,18-25,T3+,balanced,1974.46,0
5433,2024-07-29 00:00:00,paid_search,26-35,T1,cautious,47883.36,1
5434,2024-03-09 00:00:00,bank_partner,36-45,T2,balanced,10993.85,1
5435,2024-05-25 00:00:00,referral,56+,T2,balanced,16446.99,1
5436,2024-01-16 00:00:00,paid_search,26-35,T3+,balanced,31623.83,1
5437,2024-09-03 00:00:00,social,26-35,T3+,cautious,1228.6,1
5438,2024-10-13 00:00:00,social,26-35,T3+,balanced,31188.64,1
5439,2024-03-30 00:00:00,organic,26-35,T2,cautious,88931.88,1
5440,2024-03-23 00:00:00,organic,26-35,T1,balanced,14023.1,1
5441,2024-01-08 00:00:00,organic,36-45,T1,balanced,2698.13,1
5442,2024-08-05 00:00:00,paid_search,26-35,T3+,cautious,12334.05,1
5443,2024-11-10 00:00:00,referral,26-35,T3+,balanced,2902.38,1
5444,2024-10-11 00:00:00,referral,26-35,T2,balanced,4585.09,1
5445,2024-03-22 00:00:00,paid_search,36-45,T1,cautious,6900.57,1
5446,2024-11-27 00:00:00,organic,46-55,T3+,balanced,13406.35,0
5447,2024-09-23 00:00:00,referral,26-35,T3+,balanced,26510.5,1
5448,2024-10-25 00:00:00,social,46-55,T2,balanced,10617.82,0
5449,2024-12-12 00:00:00,referral,36-45,T3+,cautious,32903.07,1
5450,2024-07-12 00:00:00,referral,36-45,T2,cautious,3499.71,1
5451,2024-06-16 00:00:00,referral,18-25,T3+,balanced,3545.26,1
5452,2024-05-06 00:00:00,paid_search,46-55,T2,cautious,6953.33,0
5453,2024-09-29 00:00:00,bank_partner,36-45,T2,balanced,32480.89,1
5454,2024-02-15 00:00:00,organic,36-45,T2,aggressive,2938.92,0
5455,2024-06-28 00:00:00,paid_search,18-25,T1,balanced,8227.57,1
5456,2024-04-03 00:00:00,organic,26-35,T2,balanced,35656.43,1
5457,2024-11-16 00:00:00,social,36-45,T1,cautious,18605.17,1
5458,2024-12-10 00:00:00,bank_partner,26-35,T2,balanced,7223.35,1
5459,2024-04-15 00:00:00,referral,36-45,T2,balanced,7201.23,1
5460,2024-04-08 00:00:00,organic,26-35,T1,cautious,16739.16,1
5461,2024-08-05 00:00:00,social,36-45,T1,balanced,8648.91,1
5462,2024-05-17 00:00:00,organic,36-45,T1,cautious,21352.13,1
5463,2024-11-26 00:00:00,organic,36-45,T2,cautious,29561.18,1
5464,2024-10-21 00:00:00,social,36-45,T3+,balanced,1271.2,0
5465,2024-01-23 00:00:00,organic,36-45,T3+,cautious,22124.18,0
5466,2024-10-19 00:00:00,organic,56+,T3+,aggressive,14516.52,1
5467,2024-06-27 00:00:00,referral,26-35,T1,aggressive,8400.17,1
5468,2024-05-23 00:00:00,bank_partner,26-35,T2,cautious,6378.22,0
5469,2024-12-10 00:00:00,organic,36-45,T2,cautious,10677.52,1
5470,2024-01-22 00:00:00,bank_partner,26-35,T2,balanced,103868.68,1
5471,2024-04-22 00:00:00,paid_search,18-25,T1,aggressive,14648.85,1
5472,2024-08-30 00:00:00,social,56+,T2,aggressive,22538.46,1
5473,2024-12-17 00:00:00,organic,26-35,T3+,balanced,4564.09,1
5474,2024-02-14 00:00:00,referral,26-35,T3+,balanced,9769.17,0
5475,2024-03-10 00:00:00,social,36-45,T1,cautious,4748.76,1
5476,2024-10-25 00:00:00,paid_search,18-25,T2,cautious,817.73,1
5477,2024-09-03 00:00:00,referral,26-35,T3+,cautious,4720.71,1
5478,2024-12-03 00:00:00,organic,26-35,T1,cautious,7740.13,1
5479,2024-03-28 00:00:00,organic,26-35,T2,balanced,33367.73,1
5480,2024-08-12 00:00:00,social,36-45,T1,aggressive,6527.57,1
5481,2024-06-02 00:00:00,paid_search,18-25,T3+,aggressive,4556.05,1
5482,2024-11-21 00:00:00,organic,26-35,T3+,cautious,7704.59,1
5483,2024-04-06 00:00:00,social,26-35,T2,balanced,5738.48,1
5484,2024-12-24 00:00:00,paid_search,46-55,T2,aggressive,12171.6,1
5485,2024-12-20 00:00:00,organic,56+,T3+,balanced,1271.91,1
5486,2024-11-19 00:00:00,paid_search,26-35,T1,cautious,7268.84,1
5487,2024-07-20 00:00:00,paid_search,36-45,T3+,balanced,9342.36,1
5488,2024-05-23 00:00:00,organic,36-45,T3+,aggressive,11192.07,1
5489,2024-06-20 00:00:00,referral,26-35,T2,cautious,10471.39,1
5490,2024-06-10 00:00:00,organic,36-45,T1,aggressive,8305.01,0
5491,2024-01-28 00:00:00,referral,36-45,T3+,aggressive,6249.73,1
5492,2024-02-10 00:00:00,referral,18-25,T1,cautious,2272.47,1
5493,2024-05-01 00:00:00,paid_search,26-35,T3+,balanced,2746.5,1
5494,2024-06-16 00:00:00,organic,26-35,T3+,balanced,2811.66,1
5495,2024-03-31 00:00:00,social,36-45,T2,balanced,31502.15,0
5496,2024-01-16 00:00:00,organic,36-45,T2,aggressive,15147.86,1
5497,2024-01-14 00:00:00,bank_partner,26-35,T3+,cautious,3065.97,0
5498,2024-03-28 00:00:00,organic,56+,T1,aggressive,99664.36,1
5499,2024-09-06 00:00:00,organic,46-55,T3+,balanced,22957.19,1
5500,2024-03-01 00:00:00,paid_search,36-45,T3+,balanced,16156.87,1
5501,2024-02-21 00:00:00,bank_partner,26-35,T1,balanced,15697.82,1
5502,2024-09-16 00:00:00,paid_search,56+,T1,cautious,54528.49,0
5503,2024-10-19 00:00:00,organic,18-25,T1,cautious,19843.91,1
5504,2024-10-21 00:00:00,social,36-45,T3+,cautious,4970.45,1
5505,2024-01-31 00:00:00,referral,46-55,T3+,balanced,6601.85,1
5506,2024-07-22 00:00:00,organic,36-45,T3+,balanced,3468.95,1
5507,2024-04-11 00:00:00,bank_partner,26-35,T3+,balanced,4161.35,1
5508,2024-02-24 00:00:00,organic,18-25,T1,aggressive,5069.72,1
5509,2024-06-28 00:00:00,referral,36-45,T1,balanced,13822.9,1
5510,2024-01-25 00:00:00,bank_partner,56+,T1,balanced,6110.96,0
5511,2024-11-07 00:00:00,social,26-35,T3+,balanced,34842.91,1
5512,2024-07-09 00:00:00,paid_search,36-45,T3+,balanced,23910.8,0
5513,2024-01-24 00:00:00,organic,46-55,T3+,balanced,29543.36,0
5514,2024-12-03 00:00:00,social,26-35,T3+,cautious,1817.98,1
5515,2024-05-07 00:00:00,social,26-35,T1,cautious,7285.58,0
5516,2024-12-13 00:00:00,organic,26-35,T2,balanced,28459.05,0
5517,2024-12-09 00:00:00,paid_search,36-45,T1,balanced,15882.5,1
5518,2024-12-14 00:00:00,referral,26-35,T2,cautious,7536.15,1
5519,2024-06-20 00:00:00,referral,36-45,T2,cautious,12906.99,1
5520,2024-05-20 00:00:00,social,36-45,T1,balanced,121394.66,0
5521,2024-10-24 00:00:00,paid_search,26-35,T1,cautious,1693.15,1
5522,2024-10-07 00:00:00,organic,18-25,T2,aggressive,7483.21,1
5523,2024-06-06 00:00:00,organic,46-55,T2,balanced,5117.63,1
5524,2024-06-18 00:00:00,bank_partner,36-45,T2,aggressive,3923.9,0
5525,2024-10-16 00:00:00,paid_search,36-45,T3+,balanced,7998.42,1
5526,2024-08-07 00:00:00,bank_partner,36-45,T2,aggressive,21491.82,1
5527,2024-04-14 00:00:00,social,26-35,T2,cautious,15776.46,1
5528,2024-11-30 00:00:00,paid_search,36-45,T1,cautious,6844.16,0
5529,2024-02-14 00:00:00,organic,56+,T3+,balanced,29244.15,0
5530,2024-12-11 00:00:00,organic,18-25,T3+,balanced,3202.86,1
5531,2024-09-09 00:00:00,paid_search,36-45,T1,cautious,3542.01,1
5532,2024-08-17 00:00:00,referral,26-35,T2,cautious,1898.54,1
5533,2024-12-05 00:00:00,referral,26-35,T2,balanced,35603.39,1
5534,2024-04-28 00:00:00,social,26-35,T2,cautious,7774.25,1
5535,2024-09-03 00:00:00,paid_search,46-55,T3+,aggressive,8539.25,0
5536,2024-09-17 00:00:00,paid_search,46-55,T1,balanced,1333.87,1
5537,2024-12-02 00:00:00,organic,36-45,T3+,balanced,29659.31,1
5538,2024-09-28 00:00:00,social,18-25,T2,balanced,7733.47,1
5539,2024-04-19 00:00:00,bank_partner,36-45,T1,cautious,3394.67,1
5540,2024-04-21 00:00:00,bank_partner,26-35,T3+,balanced,4753.07,1
5541,2024-07-21 00:00:00,referral,36-45,T2,aggressive,71185.44,1
5542,2024-07-17 00:00:00,paid_search,46-55,T2,aggressive,19873.67,1
5543,2024-11-06 00:00:00,referral,26-35,T1,cautious,7300.55,1
5544,2024-01-29 00:00:00,organic,46-55,T1,balanced,13151.75,1
5545,2024-07-19 00:00:00,organic,46-55,T2,balanced,19650.31,1
5546,2024-08-23 00:00:00,organic,26-35,T1,cautious,2841.0,0
5547,2024-09-28 00:00:00,organic,36-45,T3+,aggressive,25503.81,0
5548,2024-03-19 00:00:00,paid_search,36-45,T1,balanced,8466.34,1
5549,2024-09-05 00:00:00,organic,36-45,T1,cautious,4179.75,0
5550,2024-06-19 00:00:00,organic,36-45,T2,cautious,11213.21,1
5551,2024-10-27 00:00:00,organic,46-55,T2,cautious,1558.01,1
5552,2024-08-26 00:00:00,referral,36-45,T3+,aggressive,3051.55,1
5553,2024-05-01 00:00:00,social,18-25,T2,balanced,5062.83,1
5554,2024-02-26 00:00:00,referral,26-35,T2,cautious,7426.69,1
5555,2024-12-25 00:00:00,paid_search,36-45,T1,cautious,20604.61,1
5556,2024-05-13 00:00:00,social,46-55,T2,cautious,6186.34,0
5557,2024-08-04 00:00:00,social,26-35,T1,balanced,2507.62,1
5558,2024-05-03 00:00:00,social,46-55,T3+,cautious,5063.09,1
5559,2024-01-21 00:00:00,referral,46-55,T2,balanced,254779.71,1
5560,2024-08-28 00:00:00,paid_search,26-35,T3+,cautious,5988.71,1
5561,2024-04-26 00:00:00,paid_search,36-45,T2,balanced,7312.67,1
5562,2024-12-30 00:00:00,organic,46-55,T1,aggressive,10287.39,1
5563,2024-06-29 00:00:00,organic,46-55,T3+,cautious,37513.99,1
5564,2024-09-21 00:00:00,paid_search,26-35,T2,cautious,6812.17,1
5565,2024-10-09 00:00:00,organic,18-25,T3+,balanced,6940.93,1
5566,2024-11-24 00:00:00,organic,26-35,T2,balanced,24005.99,1
5567,2024-07-07 00:00:00,bank_partner,26-35,T2,aggressive,11166.11,0
5568,2024-04-27 00:00:00,bank_partner,18-25,T1,balanced,5661.38,0
5569,2024-08-24 00:00:00,social,36-45,T1,balanced,5504.47,1
5570,2024-02-11 00:00:00,social,26-35,T1,aggressive,8738.87,0
5571,2024-04-11 00:00:00,organic,36-45,T1,balanced,7533.3,0
5572,2024-03-26 00:00:00,social,46-55,T1,cautious,20601.37,1
5573,2024-06-11 00:00:00,organic,26-35,T2,aggressive,7664.75,1
5574,2024-05-11 00:00:00,bank_partner,46-55,T1,balanced,18014.92,1
5575,2024-08-10 00:00:00,social,36-45,T3+,cautious,10581.34,0
5576,2024-11-13 00:00:00,paid_search,36-45,T2,balanced,3009.91,1
5577,2024-12-02 00:00:00,bank_partner,26-35,T2,balanced,18609.71,1
5578,2024-08-25 00:00:00,referral,18-25,T3+,cautious,81154.05,1
5579,2024-03-11 00:00:00,bank_partner,26-35,T1,cautious,22282.88,0
5580,2024-04-20 00:00:00,social,26-35,T3+,balanced,11017.24,1
5581,2024-05-11 00:00:00,paid_search,36-45,T2,balanced,778.35,1
5582,2024-05-19 00:00:00,bank_partner,56+,T3+,cautious,250643.49,1
5583,2024-06-27 00:00:00,organic,26-35,T3+,balanced,8426.87,1
5584,2024-05-04 00:00:00,organic,46-55,T3+,balanced,17382.26,1
5585,2024-06-13 00:00:00,social,26-35,T2,cautious,19374.44,1
5586,2024-10-20 00:00:00,paid_search,26-35,T3+,cautious,13721.51,1
5587,2024-02-24 00:00:00,social,46-55,T3+,cautious,11227.1,1
5588,2024-12-04 00:00:00,organic,26-35,T3+,cautious,10552.84,1
5589,2024-03-08 00:00:00,social,18-25,T2,aggressive,1345.35,0
5590,2024-06-19 00:00:00,paid_search,26-35,T3+,balanced,10916.77,0
5591,2024-07-18 00:00:00,referral,36-45,T3+,aggressive,22579.97,0
5592,2024-08-29 00:00:00,organic,18-25,T1,cautious,3536.36,1
5593,2024-12-31 00:00:00,bank_partner,18-25,T2,aggressive,3056.22,0
5594,2024-11-30 00:00:00,organic,18-25,T3+,balanced,3650.8,1
5595,2024-01-07 00:00:00,organic,26-35,T2,cautious,8261.08,1
5596,2024-01-22 00:00:00,social,18-25,T2,aggressive,5704.14,0
5597,2024-09-08 00:00:00,paid_search,26-35,T2,balanced,14529.19,1
5598,2024-06-30 00:00:00,social,18-25,T3+,balanced,1978.44,1
5599,2024-02-27 00:00:00,paid_search,26-35,T3+,cautious,4180.58,1
5600,2024-06-09 00:00:00,organic,26-35,T1,aggressive,78920.83,1
5601,2024-08-31 00:00:00,social,26-35,T2,aggressive,8746.1,1
5602,2024-05-01 00:00:00,social,36-45,T2,cautious,14398.77,1
5603,2024-11-12 00:00:00,bank_partner,46-55,T1,cautious,3881.21,0
5604,2024-06-24 00:00:00,social,18-25,T3+,balanced,7609.94,1
5605,2024-07-01 00:00:00,organic,46-55,T2,aggressive,5968.47,1
5606,2024-12-19 00:00:00,referral,36-45,T2,cautious,905.74,1
5607,2024-01-08 00:00:00,bank_partner,46-55,T2,cautious,19960.12,1
5608,2024-12-29 00:00:00,referral,26-35,T3+,balanced,17022.89,1
5609,2024-12-24 00:00:00,bank_partner,26-35,T2,cautious,1758.83,0
5610,2024-08-18 00:00:00,organic,18-25,T2,balanced,22333.3,1
5611,2024-01-23 00:00:00,social,26-35,T3+,balanced,2341.76,1
5612,2024-06-02 00:00:00,paid_search,46-55,T1,cautious,3854.32,0
5613,2024-02-06 00:00:00,bank_partner,46-55,T1,balanced,3041.02,1
5614,2024-02-20 00:00:00,referral,26-35,T3+,aggressive,6255.79,1
5615,2024-04-25 00:00:00,referral,18-25,T3+,balanced,10769.18,1
5616,2024-07-23 00:00:00,referral,36-45,T2,cautious,5593.0,1
5617,2024-05-04 00:00:00,referral,46-55,T3+,aggressive,853.03,1
5618,2024-04-12 00:00:00,paid_search,18-25,T2,balanced,1613.11,1
5619,2024-07-11 00:00:00,social,18-25,T3+,cautious,500.0,0
5620,2024-06-25 00:00:00,social,46-55,T3+,cautious,3660.52,1
5621,2024-08-23 00:00:00,social,26-35,T2,balanced,26195.82,0
5622,2024-06-25 00:00:00,bank_partner,26-35,T2,balanced,28618.01,0
5623,2024-08-08 00:00:00,bank_partner,26-35,T2,cautious,22119.16,0
5624,2024-12-03 00:00:00,social,26-35,T2,balanced,8037.26,0
5625,2024-11-17 00:00:00,referral,56+,T1,balanced,7802.04,1
5626,2024-04-13 00:00:00,organic,26-35,T2,cautious,3625.83,1
5627,2024-12-14 00:00:00,organic,36-45,T3+,balanced,5184.6,1
5628,2024-10-26 00:00:00,organic,36-45,T1,aggressive,3703.09,1
5629,2024-07-30 00:00:00,organic,36-45,T2,cautious,3702.31,0
5630,2024-08-02 00:00:00,organic,36-45,T1,cautious,11931.17,1
5631,2024-08-16 00:00:00,paid_search,46-55,T1,cautious,17459.09,1
5632,2024-06-15 00:00:00,organic,18-25,T3+,aggressive,2396.77,1
5633,2024-01-20 00:00:00,bank_partner,36-45,T1,cautious,64905.88,1
5634,2024-04-23 00:00:00,organic,36-45,T2,balanced,24567.22,1
5635,2024-05-27 00:00:00,bank_partner,36-45,T2,cautious,24422.7,0
5636,2024-10-10 00:00:00,bank_partner,18-25,T3+,balanced,2313.98,1
5637,2024-11-12 00:00:00,organic,56+,T3+,cautious,31709.02,1
5638,2024-11-21 00:00:00,paid_search,36-45,T2,balanced,12316.03,1
5639,2024-04-01 00:00:00,organic,36-45,T2,cautious,7071.95,1
5640,2024-05-14 00:00:00,organic,26-35,T3+,cautious,5841.68,1
5641,2024-09-14 00:00:00,paid_search,36-45,T2,aggressive,7844.42,1
5642,2024-08-13 00:00:00,referral,18-25,T3+,balanced,2881.38,1
5643,2024-09-10 00:00:00,social,26-35,T3+,balanced,1252.75,1
5644,2024-04-12 00:00:00,bank_partner,56+,T2,balanced,23261.22,1
5645,2024-12-22 00:00:00,organic,56+,T3+,balanced,25647.23,0
5646,2024-06-25 00:00:00,social,26-35,T3+,cautious,35692.27,0
5647,2024-06-20 00:00:00,paid_search,26-35,T1,cautious,2705.68,1
5648,2024-07-18 00:00:00,organic,36-45,T2,balanced,1601.15,1
5649,2024-09-09 00:00:00,paid_search,36-45,T2,aggressive,7846.26,0
5650,2024-08-02 00:00:00,organic,36-45,T1,balanced,7371.43,0
5651,2024-06-24 00:00:00,referral,26-35,T2,balanced,19974.81,1
5652,2024-08-27 00:00:00,paid_search,26-35,T2,aggressive,7598.87,1
5653,2024-02-22 00:00:00,social,36-45,T3+,balanced,816.85,1
5654,2024-04-12 00:00:00,bank_partner,36-45,T3+,aggressive,3738.61,0
5655,2024-01-20 00:00:00,organic,46-55,T2,balanced,26054.94,1
5656,2024-02-13 00:00:00,organic,46-55,T3+,balanced,20594.88,1
5657,2024-10-17 00:00:00,social,36-45,T1,balanced,20952.7,1
5658,2024-01-19 00:00:00,paid_search,36-45,T1,balanced,21372.31,1
5659,2024-06-01 00:00:00,organic,36-45,T3+,cautious,22851.08,1
5660,2024-10-11 00:00:00,bank_partner,18-25,T2,cautious,1037.86,0
5661,2024-07-17 00:00:00,bank_partner,26-35,T1,cautious,26560.44,1
5662,2024-04-07 00:00:00,organic,26-35,T2,balanced,9375.51,0
5663,2024-03-14 00:00:00,organic,18-25,T3+,balanced,2230.91,0
5664,2024-05-11 00:00:00,paid_search,46-55,T2,aggressive,4825.14,1
5665,2024-03-08 00:00:00,paid_search,18-25,T1,cautious,1893.22,1
5666,2024-10-10 00:00:00,paid_search,56+,T3+,balanced,37596.32,1
5667,2024-07-03 00:00:00,referral,26-35,T1,balanced,1395.85,1
5668,2024-08-10 00:00:00,referral,46-55,T1,balanced,32761.77,1
5669,2024-02-18 00:00:00,bank_partner,26-35,T3+,cautious,39415.94,1
5670,2024-07-26 00:00:00,paid_search,26-35,T3+,balanced,4207.99,0
5671,2024-04-14 00:00:00,paid_search,26-35,T2,cautious,21783.16,1
5672,2024-12-21 00:00:00,bank_partner,26-35,T3+,balanced,2761.35,0
5673,2024-03-20 00:00:00,organic,26-35,T2,balanced,20410.19,1
5674,2024-05-26 00:00:00,social,26-35,T1,cautious,6848.09,1
5675,2024-07-29 00:00:00,referral,56+,T3+,cautious,7727.7,1
5676,2024-03-17 00:00:00,organic,26-35,T1,balanced,13852.34,1
5677,2024-03-29 00:00:00,organic,26-35,T2,balanced,7263.4,0
5678,2024-10-30 00:00:00,organic,46-55,T1,aggressive,12088.02,0
5679,2024-04-24 00:00:00,referral,26-35,T3+,balanced,4151.45,1
5680,2024-07-13 00:00:00,organic,46-55,T1,cautious,12555.67,1
5681,2024-07-26 00:00:00,social,36-45,T1,balanced,34340.4,0
5682,2024-12-28 00:00:00,social,26-35,T1,balanced,17443.58,1
5683,2024-03-06 00:00:00,social,56+,T3+,cautious,6066.3,1
5684,2024-03-27 00:00:00,paid_search,18-25,T2,aggressive,14317.57,1
5685,2024-03-11 00:00:00,paid_search,26-35,T2,balanced,5689.05,1
5686,2024-04-24 00:00:00,paid_search,36-45,T1,cautious,25753.65,1
5687,2024-12-01 00:00:00,social,18-25,T3+,aggressive,1543.88,0
5688,2024-01-18 00:00:00,paid_search,26-35,T1,cautious,4508.37,1
5689,2024-05-26 00:00:00,social,36-45,T1,cautious,19295.03,1
5690,2024-02-23 00:00:00,paid_search,46-55,T3+,balanced,6685.06,1
5691,2024-12-26 00:00:00,paid_search,18-25,T2,balanced,19702.13,1
5692,2024-08-19 00:00:00,social,26-35,T3+,cautious,5826.83,1
5693,2024-04-28 00:00:00,social,56+,T2,cautious,7389.2,0
5694,2024-12-04 00:00:00,paid_search,46-55,T2,cautious,3651.15,1
5695,2024-02-05 00:00:00,organic,36-45,T2,aggressive,8154.44,1
5696,2024-03-17 00:00:00,organic,18-25,T3+,cautious,600.39,1
5697,2024-04-24 00:00:00,social,18-25,T2,balanced,17518.14,0
5698,2024-11-05 00:00:00,organic,36-45,T3+,aggressive,3571.17,0
5699,2024-07-15 00:00:00,bank_partner,26-35,T1,balanced,45538.03,1
5700,2024-10-14 00:00:00,paid_search,26-35,T2,balanced,10663.78,0
5701,2024-01-04 00:00:00,referral,26-35,T1,cautious,53643.57,1
5702,2024-09-11 00:00:00,paid_search,36-45,T3+,cautious,7045.59,1
5703,2024-11-09 00:00:00,referral,46-55,T1,balanced,82220.28,1
5704,2024-12-23 00:00:00,bank_partner,56+,T2,aggressive,13384.96,1
5705,2024-07-31 00:00:00,referral,36-45,T1,balanced,23946.24,1
5706,2024-04-13 00:00:00,paid_search,36-45,T3+,cautious,16155.6,1
5707,2024-09-26 00:00:00,referral,26-35,T2,aggressive,62430.05,1
5708,2024-04-29 00:00:00,organic,26-35,T3+,balanced,13462.86,1
5709,2024-02-01 00:00:00,social,46-55,T3+,cautious,3049.32,1
5710,2024-03-29 00:00:00,organic,36-45,T1,aggressive,3205.01,0
5711,2024-10-06 00:00:00,referral,18-25,T3+,cautious,1829.82,1
5712,2024-05-06 00:00:00,paid_search,26-35,T2,balanced,3723.11,0
5713,2024-02-16 00:00:00,paid_search,26-35,T1,cautious,13036.01,0
5714,2024-09-23 00:00:00,organic,26-35,T2,balanced,12852.35,1
5715,2024-08-04 00:00:00,organic,26-35,T3+,cautious,22180.97,1
5716,2024-02-20 00:00:00,referral,46-55,T2,aggressive,5583.87,0
5717,2024-08-21 00:00:00,social,26-35,T3+,balanced,89786.08,1
5718,2024-02-01 00:00:00,referral,36-45,T3+,cautious,17322.05,1
5719,2024-12-24 00:00:00,paid_search,46-55,T3+,cautious,9229.84,1
5720,2024-03-04 00:00:00,referral,46-55,T3+,cautious,8299.47,1
5721,2024-03-21 00:00:00,social,26-35,T3+,aggressive,27640.15,1
5722,2024-06-12 00:00:00,bank_partner,56+,T2,aggressive,3325.83,1
5723,2024-02-13 00:00:00,organic,26-35,T3+,balanced,7303.3,1
5724,2024-04-26 00:00:00,paid_search,36-45,T3+,cautious,24995.76,1
5725,2024-10-18 00:00:00,organic,18-25,T2,cautious,4303.82,1
5726,2024-11-25 00:00:00,bank_partner,26-35,T1,balanced,8918.46,1
5727,2024-04-29 00:00:00,organic,36-45,T1,balanced,76136.01,0
5728,2024-08-01 00:00:00,organic,36-45,T1,balanced,13045.21,1
5729,2024-11-17 00:00:00,organic,18-25,T2,balanced,3006.67,1
5730,2024-11-01 00:00:00,organic,26-35,T2,cautious,9312.81,1
5731,2024-11-07 00:00:00,organic,26-35,T1,balanced,1038.15,1
5732,2024-04-24 00:00:00,paid_search,26-35,T2,cautious,10006.79,0
5733,2024-08-03 00:00:00,bank_partner,36-45,T2,cautious,196902.25,1
5734,2024-06-07 00:00:00,bank_partner,36-45,T3+,aggressive,41345.71,1
5735,2024-06-05 00:00:00,social,26-35,T1,balanced,5521.59,1
5736,2024-06-24 00:00:00,referral,46-55,T2,balanced,8675.6,1
5737,2024-04-07 00:00:00,organic,36-45,T2,aggressive,3412.52,1
5738,2024-05-31 00:00:00,organic,18-25,T1,balanced,5979.2,0
5739,2024-09-26 00:00:00,organic,18-25,T2,balanced,9965.25,1
5740,2024-04-09 00:00:00,bank_partner,18-25,T1,balanced,2503.59,0
5741,2024-10-11 00:00:00,organic,26-35,T1,balanced,11568.28,1
5742,2024-03-21 00:00:00,organic,56+,T1,balanced,12018.99,1
5743,2024-10-18 00:00:00,organic,26-35,T1,balanced,21948.89,1
5744,2024-09-12 00:00:00,social,26-35,T3+,aggressive,25834.68,1
5745,2024-03-02 00:00:00,social,36-45,T1,balanced,97930.36,1
5746,2024-10-07 00:00:00,organic,36-45,T1,balanced,2422.65,0
5747,2024-01-03 00:00:00,referral,18-25,T2,aggressive,2538.82,1
5748,2024-11-11 00:00:00,organic,56+,T1,balanced,73707.57,0
5749,2024-09-20 00:00:00,organic,18-25,T1,balanced,2482.95,0
5750,2024-04-01 00:00:00,organic,36-45,T3+,cautious,3643.55,1
5751,2024-12-20 00:00:00,social,36-45,T2,cautious,896.09,1
5752,2024-02-06 00:00:00,social,26-35,T3+,aggressive,22816.14,1
5753,2024-03-16 00:00:00,bank_partner,46-55,T3+,aggressive,11431.8,1
5754,2024-05-04 00:00:00,social,46-55,T3+,balanced,11693.41,1
5755,2024-04-11 00:00:00,social,36-45,T1,cautious,30391.14,0
5756,2024-10-17 00:00:00,referral,26-35,T1,balanced,7776.74,0
5757,2024-08-19 00:00:00,organic,36-45,T1,aggressive,30812.36,0
5758,2024-10-24 00:00:00,social,26-35,T1,balanced,20364.95,0
5759,2024-09-27 00:00:00,referral,18-25,T1,balanced,1988.05,0
5760,2024-01-13 00:00:00,organic,36-45,T3+,balanced,1248.35,1
5761,2024-07-19 00:00:00,bank_partner,18-25,T3+,balanced,2299.64,1
5762,2024-10-23 00:00:00,referral,46-55,T2,balanced,8576.86,1
5763,2024-10-28 00:00:00,organic,56+,T2,aggressive,5254.73,0
5764,2024-04-10 00:00:00,organic,26-35,T1,cautious,12333.76,1
5765,2024-01-16 00:00:00,organic,36-45,T3+,aggressive,777.03,1
5766,2024-09-10 00:00:00,organic,36-45,T3+,balanced,10052.78,1
5767,2024-06-15 00:00:00,social,46-55,T3+,cautious,13250.2,1
5768,2024-11-25 00:00:00,organic,36-45,T2,balanced,14934.87,1
5769,2024-10-06 00:00:00,referral,26-35,T2,aggressive,4519.06,1
5770,2024-01-12 00:00:00,organic,26-35,T2,cautious,5420.31,1
5771,2024-08-04 00:00:00,social,26-35,T3+,balanced,28180.52,1
5772,2024-12-03 00:00:00,organic,36-45,T3+,aggressive,36673.49,1
5773,2024-07-18 00:00:00,referral,46-55,T3+,cautious,4940.47,1
5774,2024-11-01 00:00:00,organic,36-45,T3+,aggressive,11367.8,1
5775,2024-10-28 00:00:00,paid_search,36-45,T3+,cautious,7101.05,1
5776,2024-11-14 00:00:00,referral,26-35,T3+,cautious,2041.65,0
5777,2024-10-04 00:00:00,bank_partner,36-45,T2,balanced,16936.91,1
5778,2024-06-11 00:00:00,organic,46-55,T2,cautious,3625.91,1
5779,2024-11-07 00:00:00,referral,46-55,T2,aggressive,12727.64,1
5780,2024-09-17 00:00:00,referral,36-45,T3+,cautious,10206.78,1
5781,2024-09-20 00:00:00,social,36-45,T2,balanced,1125.18,1
5782,2024-05-01 00:00:00,referral,56+,T2,balanced,6143.33,1
5783,2024-03-17 00:00:00,paid_search,36-45,T3+,cautious,40530.74,0
5784,2024-07-23 00:00:00,paid_search,36-45,T1,balanced,28295.86,1
5785,2024-08-29 00:00:00,referral,26-35,T2,balanced,21622.74,1
5786,2024-01-04 00:00:00,social,36-45,T1,balanced,3484.4,0
5787,2024-09-22 00:00:00,bank_partner,46-55,T1,balanced,23615.22,1
5788,2024-12-15 00:00:00,referral,26-35,T2,cautious,5916.55,1
5789,2024-03-26 00:00:00,social,36-45,T2,balanced,3111.01,1
5790,2024-07-27 00:00:00,organic,26-35,T1,aggressive,3490.5,1
5791,2024-05-30 00:00:00,social,36-45,T2,balanced,27309.39,0
5792,2024-06-29 00:00:00,paid_search,46-55,T3+,cautious,14295.21,0
5793,2024-10-22 00:00:00,referral,36-45,T2,balanced,8806.73,1
5794,2024-06-11 00:00:00,paid_search,36-45,T1,cautious,8015.0,1
5795,2024-03-10 00:00:00,organic,46-55,T1,balanced,16002.47,1
5796,2024-08-30 00:00:00,referral,46-55,T2,balanced,4690.11,1
5797,2024-02-12 00:00:00,organic,18-25,T3+,balanced,6918.07,1
5798,2024-06-16 00:00:00,social,36-45,T2,balanced,8801.46,0
5799,2024-06-19 00:00:00,organic,18-25,T3+,cautious,5414.71,1
5800,2024-06-11 00:00:00,bank_partner,36-45,T3+,cautious,20628.27,1
5801,2024-11-03 00:00:00,organic,26-35,T2,cautious,6437.9,0
5802,2024-03-02 00:00:00,social,26-35,T3+,balanced,2742.92,1
5803,2024-04-22 00:00:00,paid_search,26-35,T2,balanced,77251.91,0
5804,2024-04-03 00:00:00,organic,18-25,T3+,cautious,1910.8,0
5805,2024-02-27 00:00:00,bank_partner,56+,T3+,cautious,10164.22,1
5806,2024-03-28 00:00:00,social,36-45,T2,cautious,4560.34,1
5807,2024-09-07 00:00:00,paid_search,36-45,T2,balanced,18938.99,1
5808,2024-03-20 00:00:00,social,56+,T3+,balanced,80533.16,0
5809,2024-02-16 00:00:00,paid_search,26-35,T1,cautious,4593.74,1
5810,2024-04-30 00:00:00,referral,46-55,T2,balanced,10985.72,1
5811,2024-06-05 00:00:00,paid_search,46-55,T3+,cautious,48066.03,1
5812,2024-01-30 00:00:00,paid_search,36-45,T1,balanced,30524.15,1
5813,2024-08-04 00:00:00,social,26-35,T1,balanced,1932.59,1
5814,2024-08-24 00:00:00,organic,26-35,T2,aggressive,77116.82,0
5815,2024-03-29 00:00:00,organic,46-55,T1,balanced,32681.05,1
5816,2024-12-21 00:00:00,organic,18-25,T2,balanced,3991.14,1
5817,2024-04-21 00:00:00,bank_partner,36-45,T1,balanced,4670.54,1
5818,2024-08-05 00:00:00,bank_partner,36-45,T2,balanced,20995.56,0
5819,2024-06-25 00:00:00,organic,26-35,T2,cautious,27690.89,1
5820,2024-10-03 00:00:00,organic,26-35,T3+,balanced,8251.34,1
5821,2024-09-28 00:00:00,organic,26-35,T1,balanced,7989.51,0
5822,2024-09-11 00:00:00,referral,36-45,T3+,cautious,6729.59,0
5823,2024-06-29 00:00:00,social,36-45,T1,balanced,11832.2,1
5824,2024-04-18 00:00:00,organic,46-55,T1,balanced,1707.42,0
5825,2024-03-04 00:00:00,paid_search,36-45,T2,aggressive,26835.96,1
5826,2024-06-19 00:00:00,paid_search,26-35,T2,aggressive,17387.05,1
5827,2024-06-05 00:00:00,referral,46-55,T3+,balanced,13937.95,1
5828,2024-11-04 00:00:00,bank_partner,26-35,T1,cautious,8606.86,0
5829,2024-01-05 00:00:00,social,26-35,T3+,balanced,20063.31,1
5830,2024-03-15 00:00:00,referral,18-25,T2,cautious,2619.44,0
5831,2024-08-08 00:00:00,bank_partner,36-45,T1,aggressive,8896.49,0
5832,2024-05-19 00:00:00,organic,26-35,T3+,balanced,28713.68,1
5833,2024-01-18 00:00:00,social,36-45,T3+,cautious,8801.16,0
5834,2024-01-24 00:00:00,social,18-25,T1,balanced,32906.64,1
5835,2024-08-29 00:00:00,paid_search,26-35,T2,cautious,5052.39,1
5836,2024-05-10 00:00:00,bank_partner,46-55,T1,balanced,10196.52,0
5837,2024-09-12 00:00:00,referral,36-45,T3+,aggressive,2875.28,1
5838,2024-04-16 00:00:00,paid_search,26-35,T3+,cautious,7237.62,1
5839,2024-09-08 00:00:00,referral,26-35,T2,balanced,123357.05,1
5840,2024-12-17 00:00:00,paid_search,36-45,T2,balanced,27258.1,1
5841,2024-01-06 00:00:00,social,18-25,T2,balanced,16709.94,1
5842,2024-03-02 00:00:00,paid_search,36-45,T2,cautious,1518.43,1
5843,2024-02-19 00:00:00,bank_partner,36-45,T2,cautious,31108.91,1
5844,2024-12-08 00:00:00,social,36-45,T1,balanced,38253.14,0
5845,2024-10-17 00:00:00,referral,26-35,T2,cautious,18922.13,1
5846,2024-04-12 00:00:00,bank_partner,18-25,T3+,cautious,1840.04,0
5847,2024-11-16 00:00:00,organic,26-35,T3+,cautious,6668.21,1
5848,2024-10-28 00:00:00,bank_partner,46-55,T2,aggressive,3349.56,1
5849,2024-07-08 00:00:00,organic,46-55,T2,aggressive,12528.85,1
5850,2024-09-20 00:00:00,paid_search,18-25,T3+,balanced,5840.72,1
5851,2024-04-22 00:00:00,paid_search,46-55,T1,balanced,4041.14,0
5852,2024-03-23 00:00:00,organic,26-35,T2,balanced,8688.75,0
5853,2024-12-30 00:00:00,referral,36-45,T3+,aggressive,63476.64,1
5854,2024-04-14 00:00:00,paid_search,18-25,T2,cautious,2203.45,1
5855,2024-08-02 00:00:00,paid_search,26-35,T3+,balanced,2500.84,1
5856,2024-02-11 00:00:00,paid_search,26-35,T1,balanced,4234.12,0
5857,2024-02-27 00:00:00,paid_search,26-35,T3+,balanced,3633.63,0
5858,2024-01-24 00:00:00,paid_search,18-25,T2,cautious,9377.05,1
5859,2024-09-28 00:00:00,social,36-45,T2,cautious,4756.97,1
5860,2024-11-22 00:00:00,social,26-35,T1,balanced,42955.05,1
5861,2024-08-13 00:00:00,organic,18-25,T3+,aggressive,3148.04,0
5862,2024-08-25 00:00:00,organic,18-25,T3+,cautious,35534.16,0
5863,2024-08-27 00:00:00,organic,26-35,T3+,balanced,6101.07,1
5864,2024-07-18 00:00:00,organic,26-35,T3+,cautious,32441.46,1
5865,2024-06-15 00:00:00,social,46-55,T2,cautious,74979.81,0
5866,2024-12-30 00:00:00,organic,46-55,T1,balanced,37776.56,1
5867,2024-08-10 00:00:00,social,56+,T2,balanced,11912.01,1
5868,2024-06-22 00:00:00,paid_search,36-45,T2,cautious,14195.02,1
5869,2024-06-28 00:00:00,paid_search,18-25,T3+,cautious,500.0,0
5870,2024-10-05 00:00:00,referral,56+,T3+,balanced,105583.56,1
5871,2024-06-11 00:00:00,organic,36-45,T1,balanced,16890.77,1
5872,2024-05-14 00:00:00,bank_partner,26-35,T2,balanced,14901.81,0
5873,2024-10-29 00:00:00,organic,26-35,T1,balanced,2784.79,1
5874,2024-01-12 00:00:00,referral,46-55,T1,cautious,28564.61,0
5875,2024-12-09 00:00:00,social,18-25,T2,cautious,3925.5,1
5876,2024-10-28 00:00:00,social,36-45,T3+,cautious,30631.57,0
5877,2024-09-26 00:00:00,bank_partner,36-45,T2,balanced,29226.58,0
5878,2024-01-26 00:00:00,organic,36-45,T2,balanced,2030.05,0
5879,2024-09-16 00:00:00,paid_search,36-45,T3+,balanced,8401.23,1
5880,2024-03-30 00:00:00,social,26-35,T1,balanced,3496.13,1
5881,2024-06-20 00:00:00,paid_search,26-35,T2,aggressive,20513.33,1
5882,2024-01-27 00:00:00,paid_search,46-55,T2,aggressive,24515.11,0
5883,2024-10-03 00:00:00,organic,26-35,T2,aggressive,7302.34,1
5884,2024-05-17 00:00:00,social,36-45,T1,cautious,40665.09,0
5885,2024-03-13 00:00:00,paid_search,26-35,T3+,cautious,8982.59,1
5886,2024-05-21 00:00:00,organic,18-25,T3+,balanced,7171.81,1
5887,2024-01-13 00:00:00,organic,26-35,T1,cautious,8346.58,0
5888,2024-06-28 00:00:00,social,56+,T2,balanced,10043.54,0
5889,2024-05-15 00:00:00,social,36-45,T2,balanced,7188.71,1
5890,2024-09-01 00:00:00,organic,18-25,T1,balanced,14380.45,1
5891,2024-06-13 00:00:00,referral,56+,T2,cautious,21187.29,1
5892,2024-09-16 00:00:00,referral,36-45,T2,aggressive,2280.23,0
5893,2024-09-15 00:00:00,organic,18-25,T3+,balanced,3165.19,0
5894,2024-03-08 00:00:00,referral,26-35,T2,cautious,15233.94,1
5895,2024-12-23 00:00:00,referral,26-35,T3+,cautious,1816.65,1
5896,2024-09-30 00:00:00,social,36-45,T3+,balanced,130384.34,1
5897,2024-08-30 00:00:00,organic,36-45,T3+,cautious,6654.99,1
5898,2024-03-08 00:00:00,organic,26-35,T1,cautious,14675.36,1
5899,2024-06-16 00:00:00,referral,36-45,T3+,cautious,25230.08,1
5900,2024-03-10 00:00:00,social,46-55,T2,cautious,9400.63,0
5901,2024-09-08 00:00:00,organic,46-55,T2,balanced,14877.06,0
5902,2024-06-21 00:00:00,social,46-55,T1,cautious,17491.57,1
5903,2024-07-20 00:00:00,referral,56+,T2,aggressive,49577.92,0
5904,2024-08-31 00:00:00,referral,26-35,T2,cautious,10775.72,1
5905,2024-12-26 00:00:00,paid_search,36-45,T1,balanced,2179.94,1
5906,2024-09-20 00:00:00,paid_search,18-25,T3+,cautious,18498.32,1
5907,2024-09-30 00:00:00,bank_partner,18-25,T1,balanced,4674.11,1
5908,2024-06-24 00:00:00,referral,36-45,T3+,balanced,3350.19,0
5909,2024-03-13 00:00:00,social,56+,T1,aggressive,33712.33,1
5910,2024-10-25 00:00:00,organic,36-45,T1,cautious,3527.13,1
5911,2024-09-21 00:00:00,organic,46-55,T2,cautious,932.04,0
5912,2024-12-10 00:00:00,bank_partner,26-35,T1,balanced,2251.79,1
5913,2024-05-12 00:00:00,bank_partner,26-35,T2,cautious,3385.35,1
5914,2024-02-24 00:00:00,bank_partner,18-25,T1,cautious,14736.21,1
5915,2024-02-28 00:00:00,social,18-25,T3+,balanced,12444.86,1
5916,2024-05-07 00:00:00,organic,56+,T2,balanced,1270.76,1
5917,2024-11-02 00:00:00,referral,36-45,T3+,cautious,15398.56,1
5918,2024-01-18 00:00:00,bank_partner,36-45,T3+,aggressive,4054.92,1
5919,2024-09-17 00:00:00,paid_search,26-35,T3+,aggressive,21034.85,1
5920,2024-11-05 00:00:00,organic,26-35,T3+,cautious,44145.84,1
5921,2024-07-15 00:00:00,referral,36-45,T1,balanced,8461.91,1
5922,2024-10-10 00:00:00,organic,36-45,T3+,aggressive,3388.2,1
5923,2024-03-30 00:00:00,social,26-35,T2,balanced,3879.88,1
5924,2024-03-19 00:00:00,referral,46-55,T2,balanced,1525.07,1
5925,2024-10-04 00:00:00,paid_search,26-35,T2,balanced,1744.48,1
5926,2024-11-12 00:00:00,social,26-35,T2,balanced,31752.17,1
5927,2024-04-29 00:00:00,bank_partner,26-35,T3+,balanced,3814.87,1
5928,2024-08-05 00:00:00,social,36-45,T2,balanced,23806.84,1
5929,2024-12-19 00:00:00,paid_search,36-45,T2,cautious,4551.5,1
5930,2024-08-04 00:00:00,organic,26-35,T1,balanced,5594.74,1
5931,2024-06-23 00:00:00,paid_search,18-25,T2,cautious,10567.75,0
5932,2024-03-28 00:00:00,social,26-35,T2,balanced,8621.26,1
5933,2024-11-24 00:00:00,referral,26-35,T3+,balanced,6606.68,1
5934,2024-01-24 00:00:00,organic,26-35,T2,aggressive,8122.45,0
5935,2024-03-16 00:00:00,paid_search,36-45,T3+,cautious,8710.02,1
5936,2024-04-13 00:00:00,social,46-55,T2,balanced,4854.31,1
5937,2024-02-02 00:00:00,bank_partner,26-35,T2,balanced,4125.73,1
5938,2024-06-12 00:00:00,social,26-35,T3+,cautious,29565.37,0
5939,2024-03-01 00:00:00,social,46-55,T3+,balanced,6804.89,0
5940,2024-10-20 00:00:00,bank_partner,46-55,T3+,balanced,2038.15,0
5941,2024-08-12 00:00:00,paid_search,36-45,T1,cautious,4283.59,1
5942,2024-02-05 00:00:00,organic,56+,T2,cautious,20813.17,0
5943,2024-08-10 00:00:00,organic,36-45,T3+,cautious,9917.59,1
5944,2024-10-14 00:00:00,paid_search,56+,T3+,cautious,33556.55,1
5945,2024-10-06 00:00:00,referral,36-45,T3+,aggressive,8254.22,1
5946,2024-09-11 00:00:00,paid_search,46-55,T1,balanced,7010.08,1
5947,2024-01-07 00:00:00,paid_search,26-35,T2,balanced,2043.52,1
5948,2024-03-06 00:00:00,paid_search,46-55,T3+,balanced,16396.02,0
5949,2024-02-16 00:00:00,social,46-55,T1,balanced,26909.55,1
5950,2024-02-06 00:00:00,organic,56+,T2,aggressive,21674.57,1
5951,2024-08-09 00:00:00,social,26-35,T3+,balanced,8841.7,1
5952,2024-06-05 00:00:00,referral,36-45,T2,cautious,6411.2,1
5953,2024-12-16 00:00:00,social,36-45,T2,aggressive,3621.09,0
5954,2024-09-18 00:00:00,organic,36-45,T3+,cautious,27062.39,1
5955,2024-07-05 00:00:00,organic,26-35,T2,aggressive,4471.24,1
5956,2024-11-15 00:00:00,organic,46-55,T3+,aggressive,14784.52,1
5957,2024-12-16 00:00:00,organic,36-45,T3+,cautious,71867.67,1
5958,2024-01-06 00:00:00,social,18-25,T2,balanced,6702.26,0
5959,2024-10-14 00:00:00,paid_search,26-35,T2,aggressive,79870.02,1
5960,2024-06-12 00:00:00,social,36-45,T3+,balanced,783.83,1
5961,2024-06-01 00:00:00,referral,18-25,T1,cautious,7955.61,1
5962,2024-04-21 00:00:00,social,18-25,T2,balanced,6903.22,1
5963,2024-08-08 00:00:00,paid_search,46-55,T2,aggressive,73614.66,1
5964,2024-10-08 00:00:00,social,18-25,T1,balanced,6804.19,1
5965,2024-05-10 00:00:00,organic,36-45,T3+,aggressive,5944.29,1
5966,2024-02-03 00:00:00,bank_partner,18-25,T2,balanced,5044.78,1
5967,2024-06-20 00:00:00,paid_search,26-35,T2,cautious,15280.32,1
5968,2024-06-08 00:00:00,social,36-45,T2,cautious,658.89,1
5969,2024-06-22 00:00:00,referral,56+,T1,cautious,7069.61,0
5970,2024-03-27 00:00:00,paid_search,46-55,T2,balanced,14859.72,1
5971,2024-06-15 00:00:00,social,36-45,T2,cautious,15320.47,1
5972,2024-05-02 00:00:00,bank_partner,56+,T2,balanced,51461.16,1
5973,2024-12-12 00:00:00,paid_search,26-35,T2,cautious,17485.05,0
5974,2024-03-06 00:00:00,social,36-45,T2,aggressive,16810.76,1
5975,2024-07-29 00:00:00,social,26-35,T2,aggressive,13028.57,0
5976,2024-04-20 00:00:00,referral,18-25,T1,balanced,5069.37,1
5977,2024-09-21 00:00:00,organic,36-45,T3+,aggressive,22783.14,1
5978,2024-07-07 00:00:00,organic,26-35,T3+,aggressive,6164.71,0
5979,2024-05-12 00:00:00,social,36-45,T2,cautious,1399.48,1
5980,2024-04-04 00:00:00,referral,46-55,T2,balanced,11124.61,1
5981,2024-05-21 00:00:00,referral,36-45,T1,cautious,1280.46,1
5982,2024-02-03 00:00:00,social,56+,T1,cautious,59279.46,0
5983,2024-04-29 00:00:00,paid_search,36-45,T3+,balanced,8055.59,1
5984,2024-10-22 00:00:00,paid_search,26-35,T2,balanced,43759.88,1
5985,2024-10-11 00:00:00,social,26-35,T1,cautious,16522.48,0
5986,2024-04-14 00:00:00,organic,46-55,T3+,balanced,19350.14,0
5987,2024-06-11 00:00:00,paid_search,18-25,T2,aggressive,12403.25,1
5988,2024-02-28 00:00:00,social,36-45,T2,cautious,15615.19,0
5989,2024-12-22 00:00:00,organic,26-35,T2,cautious,79512.38,1
5990,2024-11-08 00:00:00,organic,18-25,T1,cautious,17972.73,0
5991,2024-04-12 00:00:00,paid_search,18-25,T2,cautious,18211.68,1
5992,2024-10-17 00:00:00,organic,36-45,T1,balanced,2079.33,1
5993,2024-09-02 00:00:00,social,26-35,T3+,balanced,21784.89,0
5994,2024-12-01 00:00:00,paid_search,36-45,T3+,balanced,13450.3,1
5995,2024-07-25 00:00:00,organic,36-45,T3+,cautious,18782.17,0
5996,2024-04-22 00:00:00,organic,46-55,T2,aggressive,3716.22,0
5997,2024-05-27 00:00:00,paid_search,36-45,T2,balanced,35913.76,1
5998,2024-08-07 00:00:00,social,56+,T1,cautious,15603.42,1
5999,2024-11-02 00:00:00,bank_partner,26-35,T3+,cautious,11594.87,1
6000,2024-11-01 00:00:00,paid_search,26-35,T2,balanced,18793.6,1
6001,2024-03-14 00:00:00,organic,18-25,T1,cautious,3498.69,1
6002,2024-07-09 00:00:00,paid_search,36-45,T2,aggressive,20124.15,1
6003,2024-01-27 00:00:00,organic,26-35,T3+,aggressive,3770.67,1
6004,2024-08-11 00:00:00,paid_search,36-45,T1,aggressive,3056.94,1
6005,2024-07-29 00:00:00,paid_search,18-25,T2,balanced,3157.12,1
6006,2024-08-27 00:00:00,paid_search,36-45,T1,cautious,3518.49,0
6007,2024-06-04 00:00:00,paid_search,36-45,T2,balanced,152177.49,1
6008,2024-01-23 00:00:00,referral,46-55,T1,cautious,24626.08,1
6009,2024-05-17 00:00:00,social,26-35,T3+,balanced,32612.21,1
6010,2024-09-17 00:00:00,bank_partner,56+,T1,cautious,16177.24,0
6011,2024-03-31 00:00:00,paid_search,56+,T2,balanced,29454.43,1
6012,2024-11-05 00:00:00,paid_search,26-35,T3+,cautious,12530.43,1
6013,2024-05-15 00:00:00,paid_search,18-25,T3+,cautious,11945.36,1
6014,2024-02-02 00:00:00,social,26-35,T2,cautious,101130.15,1
6015,2024-11-21 00:00:00,social,36-45,T2,aggressive,8830.91,0
6016,2024-04-10 00:00:00,social,26-35,T1,balanced,350000.0,0
6017,2024-08-15 00:00:00,organic,26-35,T1,cautious,86982.11,0
6018,2024-12-09 00:00:00,bank_partner,36-45,T3+,balanced,13690.29,1
6019,2024-10-18 00:00:00,referral,26-35,T2,cautious,16966.15,1
6020,2024-04-10 00:00:00,organic,46-55,T2,balanced,29060.33,1
6021,2024-11-13 00:00:00,paid_search,56+,T2,aggressive,9715.49,0
6022,2024-07-09 00:00:00,organic,18-25,T3+,cautious,19202.42,1
6023,2024-10-24 00:00:00,paid_search,18-25,T1,balanced,10655.77,1
6024,2024-02-05 00:00:00,organic,36-45,T3+,cautious,20595.9,1
6025,2024-03-16 00:00:00,bank_partner,26-35,T2,balanced,6715.73,0
6026,2024-10-13 00:00:00,paid_search,46-55,T1,cautious,14677.81,0
6027,2024-06-18 00:00:00,paid_search,46-55,T3+,cautious,6410.46,1
6028,2024-05-15 00:00:00,organic,18-25,T3+,balanced,9961.72,1
6029,2024-01-08 00:00:00,social,26-35,T3+,balanced,5204.24,1
6030,2024-06-28 00:00:00,social,36-45,T2,cautious,890.11,0
6031,2024-08-25 00:00:00,paid_search,56+,T2,cautious,4250.22,1
6032,2024-05-22 00:00:00,organic,46-55,T3+,cautious,16968.54,0
6033,2024-09-25 00:00:00,social,36-45,T2,cautious,42408.74,1
6034,2024-02-24 00:00:00,social,26-35,T1,cautious,18929.28,1
6035,2024-06-16 00:00:00,organic,26-35,T1,balanced,14214.33,1
6036,2024-12-19 00:00:00,referral,46-55,T2,cautious,63680.53,1
6037,2024-03-24 00:00:00,social,36-45,T1,cautious,2646.88,1
6038,2024-11-06 00:00:00,paid_search,36-45,T1,aggressive,6260.81,1
6039,2024-09-07 00:00:00,paid_search,36-45,T2,cautious,6243.54,1
6040,2024-10-11 00:00:00,bank_partner,26-35,T1,balanced,19709.46,0
6041,2024-01-09 00:00:00,bank_partner,46-55,T1,aggressive,10073.51,1
6042,2024-06-09 00:00:00,paid_search,36-45,T2,aggressive,23823.17,1
6043,2024-11-01 00:00:00,social,18-25,T3+,aggressive,7300.84,1
6044,2024-01-30 00:00:00,paid_search,36-45,T3+,cautious,9965.27,1
6045,2024-07-11 00:00:00,paid_search,36-45,T1,cautious,2223.21,0
6046,2024-08-11 00:00:00,organic,36-45,T2,balanced,3992.04,1
6047,2024-04-09 00:00:00,organic,46-55,T2,balanced,11690.52,1
6048,2024-05-28 00:00:00,bank_partner,26-35,T1,cautious,1807.48,1
6049,2024-04-28 00:00:00,organic,46-55,T2,balanced,3834.71,1
6050,2024-12-28 00:00:00,social,18-25,T2,balanced,8452.09,1
6051,2024-05-20 00:00:00,organic,46-55,T2,cautious,9867.99,1
6052,2024-11-21 00:00:00,organic,46-55,T2,aggressive,4193.41,1
6053,2024-10-27 00:00:00,paid_search,46-55,T2,aggressive,8282.22,1
6054,2024-02-05 00:00:00,bank_partner,18-25,T2,cautious,17890.01,0
6055,2024-08-31 00:00:00,organic,36-45,T3+,cautious,10113.67,1
6056,2024-07-30 00:00:00,organic,36-45,T1,balanced,4727.12,1
6057,2024-12-31 00:00:00,referral,36-45,T3+,cautious,6067.13,1
6058,2024-06-15 00:00:00,organic,36-45,T3+,aggressive,26465.94,1
6059,2024-04-24 00:00:00,organic,56+,T3+,balanced,4230.0,0
6060,2024-11-15 00:00:00,bank_partner,18-25,T3+,balanced,3921.27,1
6061,2024-11-20 00:00:00,referral,26-35,T3+,cautious,13474.66,1
6062,2024-11-27 00:00:00,bank_partner,46-55,T3+,balanced,48006.71,1
6063,2024-06-09 00:00:00,social,18-25,T1,balanced,5541.32,1
6064,2024-01-12 00:00:00,social,18-25,T3+,cautious,10423.54,1
6065,2024-05-29 00:00:00,organic,26-35,T1,balanced,12386.92,0
6066,2024-05-13 00:00:00,organic,26-35,T1,cautious,14341.24,0
6067,2024-12-08 00:00:00,social,46-55,T2,cautious,6361.61,1
6068,2024-12-24 00:00:00,social,26-35,T1,balanced,9906.07,0
6069,2024-04-17 00:00:00,organic,36-45,T2,balanced,53781.57,1
6070,2024-09-01 00:00:00,social,26-35,T1,cautious,16228.56,1
6071,2024-10-18 00:00:00,social,18-25,T2,balanced,5550.76,0
6072,2024-05-14 00:00:00,paid_search,56+,T2,balanced,7095.74,1
6073,2024-08-27 00:00:00,organic,46-55,T1,cautious,29156.51,0
6074,2024-08-09 00:00:00,organic,36-45,T3+,balanced,8691.61,1
6075,2024-08-01 00:00:00,paid_search,26-35,T1,balanced,4921.9,1
6076,2024-07-10 00:00:00,organic,46-55,T2,balanced,12787.13,0
6077,2024-02-13 00:00:00,referral,36-45,T1,cautious,10043.4,1
6078,2024-01-01 00:00:00,paid_search,26-35,T1,aggressive,26516.57,1
6079,2024-09-26 00:00:00,paid_search,26-35,T1,balanced,5139.75,1
6080,2024-03-17 00:00:00,paid_search,18-25,T3+,balanced,16573.98,0
6081,2024-07-10 00:00:00,bank_partner,26-35,T2,aggressive,6493.51,1
6082,2024-05-22 00:00:00,organic,18-25,T1,balanced,44193.52,0
6083,2024-11-06 00:00:00,organic,26-35,T1,balanced,23383.01,0
6084,2024-07-02 00:00:00,organic,46-55,T2,aggressive,2967.98,1
6085,2024-01-17 00:00:00,referral,26-35,T1,balanced,21883.74,1
6086,2024-08-24 00:00:00,referral,26-35,T3+,cautious,15685.95,1
6087,2024-04-14 00:00:00,referral,36-45,T2,balanced,29837.05,1
6088,2024-01-03 00:00:00,paid_search,46-55,T1,balanced,48548.4,0
6089,2024-08-14 00:00:00,social,36-45,T3+,cautious,54648.06,1
6090,2024-01-01 00:00:00,paid_search,26-35,T2,balanced,9167.79,1
6091,2024-02-17 00:00:00,organic,26-35,T2,aggressive,11892.99,1
6092,2024-10-09 00:00:00,paid_search,46-55,T1,cautious,23362.83,0
6093,2024-04-28 00:00:00,paid_search,36-45,T2,balanced,8189.06,1
6094,2024-11-18 00:00:00,paid_search,26-35,T2,balanced,47961.07,1
6095,2024-06-27 00:00:00,referral,36-45,T1,balanced,5795.22,1
6096,2024-01-28 00:00:00,referral,26-35,T1,cautious,44915.5,1
6097,2024-12-15 00:00:00,referral,18-25,T1,cautious,7365.4,1
6098,2024-03-10 00:00:00,organic,18-25,T2,balanced,6593.15,0
6099,2024-07-22 00:00:00,paid_search,26-35,T3+,balanced,12833.15,0
6100,2024-08-13 00:00:00,bank_partner,36-45,T2,aggressive,25241.02,1
6101,2024-05-30 00:00:00,organic,36-45,T2,aggressive,22530.05,1
6102,2024-12-25 00:00:00,paid_search,18-25,T1,balanced,7902.29,0
6103,2024-05-17 00:00:00,referral,36-45,T2,cautious,4455.86,1
6104,2024-04-28 00:00:00,bank_partner,26-35,T1,cautious,23026.66,0
6105,2024-04-25 00:00:00,referral,56+,T2,aggressive,33103.82,1
6106,2024-07-12 00:00:00,bank_partner,36-45,T3+,balanced,9112.61,1
6107,2024-12-12 00:00:00,organic,36-45,T2,cautious,2000.55,0
6108,2024-03-06 00:00:00,organic,26-35,T3+,cautious,1920.17,1
6109,2024-12-09 00:00:00,paid_search,26-35,T2,balanced,51567.7,1
6110,2024-02-06 00:00:00,social,46-55,T2,cautious,11820.12,1
6111,2024-04-12 00:00:00,social,26-35,T2,aggressive,3562.79,1
6112,2024-10-25 00:00:00,organic,26-35,T1,cautious,10345.93,1
6113,2024-04-25 00:00:00,paid_search,46-55,T3+,aggressive,12536.85,1
6114,2024-04-11 00:00:00,social,18-25,T3+,balanced,13815.91,1
6115,2024-06-01 00:00:00,paid_search,36-45,T1,balanced,6749.53,1
6116,2024-06-30 00:00:00,paid_search,26-35,T1,cautious,3218.77,0
6117,2024-01-10 00:00:00,paid_search,46-55,T3+,cautious,16939.72,1
6118,2024-09-25 00:00:00,social,46-55,T1,cautious,16001.99,1
6119,2024-09-14 00:00:00,paid_search,36-45,T1,cautious,54121.64,0
6120,2024-02-14 00:00:00,social,26-35,T2,cautious,3144.3,0
6121,2024-01-20 00:00:00,paid_search,36-45,T2,aggressive,24787.75,1
6122,2024-02-19 00:00:00,referral,26-35,T1,cautious,28556.82,0
6123,2024-10-05 00:00:00,organic,56+,T1,balanced,8608.63,1
6124,2024-03-12 00:00:00,social,18-25,T3+,cautious,8669.59,0
6125,2024-11-23 00:00:00,paid_search,26-35,T2,aggressive,15255.29,1
6126,2024-05-08 00:00:00,bank_partner,56+,T3+,cautious,34787.11,1
6127,2024-06-17 00:00:00,social,36-45,T3+,cautious,52535.93,1
6128,2024-12-27 00:00:00,paid_search,56+,T1,aggressive,4706.66,0
6129,2024-08-31 00:00:00,social,26-35,T2,balanced,7385.21,1
6130,2024-10-09 00:00:00,paid_search,26-35,T2,balanced,7260.43,1
6131,2024-01-21 00:00:00,bank_partner,36-45,T2,cautious,4902.06,1
6132,2024-09-08 00:00:00,social,36-45,T1,balanced,9827.01,0
6133,2024-12-24 00:00:00,social,26-35,T2,cautious,8250.23,1
6134,2024-04-19 00:00:00,social,36-45,T2,aggressive,2691.52,1
6135,2024-12-01 00:00:00,organic,36-45,T3+,balanced,63911.57,1
6136,2024-06-14 00:00:00,organic,26-35,T1,aggressive,3454.52,1
6137,2024-10-02 00:00:00,organic,26-35,T1,balanced,10237.61,1
6138,2024-02-19 00:00:00,paid_search,36-45,T3+,balanced,4622.42,1
6139,2024-02-01 00:00:00,paid_search,46-55,T2,balanced,17575.34,1
6140,2024-12-11 00:00:00,social,36-45,T2,cautious,2147.5,1
6141,2024-07-05 00:00:00,organic,26-35,T3+,cautious,5571.48,1
6142,2024-05-21 00:00:00,organic,26-35,T1,aggressive,1567.02,1
6143,2024-11-09 00:00:00,referral,26-35,T2,balanced,2851.67,1
6144,2024-05-06 00:00:00,paid_search,36-45,T3+,cautious,13067.36,1
6145,2024-01-30 00:00:00,bank_partner,36-45,T2,cautious,5360.81,0
6146,2024-10-03 00:00:00,bank_partner,36-45,T2,balanced,28507.26,1
6147,2024-11-15 00:00:00,paid_search,36-45,T2,balanced,19165.51,1
6148,2024-02-09 00:00:00,bank_partner,26-35,T3+,balanced,5045.29,1
6149,2024-11-16 00:00:00,bank_partner,26-35,T2,balanced,25667.15,1
6150,2024-06-21 00:00:00,paid_search,26-35,T2,balanced,42821.96,1
6151,2024-10-23 00:00:00,organic,26-35,T2,balanced,5815.56,1
6152,2024-07-02 00:00:00,bank_partner,36-45,T1,balanced,1309.94,1
6153,2024-07-08 00:00:00,social,36-45,T2,balanced,8369.77,0
6154,2024-03-25 00:00:00,organic,26-35,T1,balanced,9790.91,1
6155,2024-03-09 00:00:00,social,36-45,T3+,balanced,6205.6,1
6156,2024-08-26 00:00:00,referral,46-55,T2,balanced,8266.29,1
6157,2024-12-21 00:00:00,social,36-45,T1,balanced,7996.13,1
6158,2024-10-01 00:00:00,organic,46-55,T2,cautious,20353.92,0
6159,2024-10-16 00:00:00,paid_search,46-55,T3+,cautious,18629.29,0
6160,2024-10-13 00:00:00,referral,46-55,T3+,cautious,4819.45,1
6161,2024-05-09 00:00:00,social,26-35,T1,aggressive,7633.66,1
6162,2024-09-19 00:00:00,organic,36-45,T2,balanced,50811.66,1
6163,2024-10-30 00:00:00,referral,26-35,T2,balanced,25256.53,1
6164,2024-11-17 00:00:00,bank_partner,36-45,T3+,balanced,8751.09,1
6165,2024-09-21 00:00:00,social,26-35,T3+,aggressive,12609.77,1
6166,2024-02-04 00:00:00,organic,26-35,T2,cautious,1982.71,1
6167,2024-02-13 00:00:00,bank_partner,26-35,T3+,cautious,4151.35,1
6168,2024-01-27 00:00:00,social,26-35,T1,aggressive,40620.01,0
6169,2024-07-11 00:00:00,bank_partner,26-35,T2,cautious,1153.92,0
6170,2024-01-01 00:00:00,paid_search,26-35,T3+,aggressive,16830.2,1
6171,2024-04-18 00:00:00,bank_partner,36-45,T1,balanced,28996.73,1
6172,2024-02-04 00:00:00,organic,26-35,T1,balanced,20578.09,1
6173,2024-06-28 00:00:00,paid_search,26-35,T1,aggressive,55750.3,1
6174,2024-12-27 00:00:00,paid_search,18-25,T3+,aggressive,15285.91,1
6175,2024-04-16 00:00:00,paid_search,36-45,T2,balanced,6797.2,0
6176,2024-09-13 00:00:00,social,36-45,T2,balanced,35608.87,0
6177,2024-11-21 00:00:00,social,26-35,T1,balanced,4167.55,1
6178,2024-06-03 00:00:00,referral,36-45,T2,cautious,24675.29,0
6179,2024-01-03 00:00:00,social,18-25,T1,aggressive,19336.26,1
6180,2024-01-08 00:00:00,organic,46-55,T2,aggressive,25194.94,1
6181,2024-08-22 00:00:00,bank_partner,26-35,T1,cautious,3747.47,1
6182,2024-08-04 00:00:00,organic,26-35,T2,cautious,12594.45,0
6183,2024-11-29 00:00:00,referral,18-25,T1,aggressive,10495.68,0
6184,2024-01-30 00:00:00,referral,26-35,T2,balanced,4103.17,1
6185,2024-06-30 00:00:00,social,56+,T3+,cautious,21583.44,1
6186,2024-05-07 00:00:00,organic,36-45,T3+,cautious,5391.72,1
6187,2024-10-25 00:00:00,referral,46-55,T2,aggressive,22180.35,0
6188,2024-05-12 00:00:00,organic,46-55,T3+,cautious,5454.09,1
6189,2024-10-04 00:00:00,organic,36-45,T1,balanced,5175.15,0
6190,2024-07-15 00:00:00,social,36-45,T2,balanced,2053.84,1
6191,2024-12-11 00:00:00,organic,26-35,T3+,balanced,3369.28,1
6192,2024-07-20 00:00:00,paid_search,46-55,T1,balanced,51229.72,1
6193,2024-05-29 00:00:00,organic,36-45,T3+,balanced,4810.79,0
6194,2024-11-06 00:00:00,organic,26-35,T3+,aggressive,24262.25,1
6195,2024-10-18 00:00:00,paid_search,46-55,T3+,cautious,21397.16,1
6196,2024-11-06 00:00:00,referral,26-35,T1,cautious,3599.34,1
6197,2024-02-13 00:00:00,paid_search,26-35,T2,cautious,15011.24,1
6198,2024-01-13 00:00:00,organic,26-35,T1,cautious,731.9,0
6199,2024-08-16 00:00:00,organic,36-45,T3+,balanced,951.68,1
6200,2024-03-03 00:00:00,referral,18-25,T3+,balanced,15685.67,1
6201,2024-11-03 00:00:00,paid_search,36-45,T3+,cautious,2182.56,1
6202,2024-04-25 00:00:00,referral,26-35,T3+,balanced,21319.47,1
6203,2024-03-29 00:00:00,social,26-35,T1,balanced,2136.95,0
6204,2024-12-21 00:00:00,paid_search,46-55,T1,aggressive,16725.95,0
6205,2024-04-13 00:00:00,organic,26-35,T2,cautious,5881.39,1
6206,2024-06-04 00:00:00,bank_partner,26-35,T3+,balanced,52830.25,1
6207,2024-11-28 00:00:00,social,36-45,T3+,balanced,866.15,1
6208,2024-03-02 00:00:00,paid_search,26-35,T2,balanced,10853.76,1
6209,2024-05-23 00:00:00,organic,18-25,T2,aggressive,10822.94,1
6210,2024-06-27 00:00:00,referral,26-35,T2,balanced,5609.21,1
6211,2024-10-01 00:00:00,organic,26-35,T1,cautious,9608.41,1
6212,2024-07-22 00:00:00,social,18-25,T2,balanced,4019.05,1
6213,2024-05-14 00:00:00,organic,26-35,T2,cautious,24350.85,0
6214,2024-11-15 00:00:00,organic,46-55,T1,balanced,4890.55,1
6215,2024-03-06 00:00:00,organic,36-45,T1,balanced,15621.53,1
6216,2024-11-16 00:00:00,organic,26-35,T2,balanced,1419.31,1
6217,2024-12-27 00:00:00,paid_search,26-35,T1,aggressive,1432.24,1
6218,2024-08-10 00:00:00,bank_partner,26-35,T3+,cautious,13799.35,1
6219,2024-02-27 00:00:00,organic,36-45,T1,aggressive,17741.08,1
6220,2024-03-23 00:00:00,social,26-35,T2,cautious,1047.82,1
6221,2024-10-16 00:00:00,social,46-55,T2,cautious,21573.82,0
6222,2024-04-02 00:00:00,paid_search,36-45,T2,cautious,2258.94,0
6223,2024-10-14 00:00:00,paid_search,26-35,T2,balanced,3874.66,0
6224,2024-02-12 00:00:00,social,26-35,T2,balanced,23809.28,1
6225,2024-12-31 00:00:00,organic,26-35,T2,balanced,13570.46,1
6226,2024-12-13 00:00:00,referral,36-45,T2,balanced,13481.18,1
6227,2024-04-12 00:00:00,paid_search,36-45,T2,balanced,12624.13,0
6228,2024-01-16 00:00:00,social,46-55,T3+,cautious,1156.32,1
6229,2024-03-13 00:00:00,social,26-35,T2,aggressive,11012.34,0
6230,2024-06-06 00:00:00,social,26-35,T3+,balanced,9114.28,0
6231,2024-11-01 00:00:00,social,26-35,T2,aggressive,4768.51,1
6232,2024-03-20 00:00:00,social,26-35,T3+,balanced,500.0,1
6233,2024-03-10 00:00:00,organic,36-45,T3+,cautious,18388.61,1
6234,2024-05-13 00:00:00,paid_search,46-55,T2,cautious,4483.79,1
6235,2024-02-16 00:00:00,organic,36-45,T1,aggressive,1873.9,1
6236,2024-09-18 00:00:00,paid_search,36-45,T1,cautious,4410.58,1
6237,2024-10-17 00:00:00,organic,26-35,T3+,balanced,1769.86,1
6238,2024-03-26 00:00:00,referral,26-35,T2,aggressive,38521.79,0
6239,2024-05-03 00:00:00,bank_partner,18-25,T3+,balanced,13507.2,0
6240,2024-12-25 00:00:00,referral,26-35,T2,balanced,2406.7,1
6241,2024-08-02 00:00:00,organic,46-55,T3+,balanced,15476.99,0
6242,2024-07-21 00:00:00,paid_search,36-45,T2,balanced,22988.38,0
6243,2024-03-09 00:00:00,social,46-55,T1,balanced,74010.73,1
6244,2024-04-11 00:00:00,paid_search,26-35,T3+,balanced,3230.41,1
6245,2024-07-30 00:00:00,organic,36-45,T2,balanced,36845.93,0
6246,2024-08-25 00:00:00,social,56+,T1,aggressive,64140.85,0
6247,2024-09-19 00:00:00,paid_search,36-45,T3+,aggressive,2949.57,1
6248,2024-12-03 00:00:00,organic,36-45,T3+,balanced,5989.44,0
6249,2024-05-18 00:00:00,organic,26-35,T2,aggressive,2945.19,1
6250,2024-04-27 00:00:00,referral,36-45,T2,balanced,13552.83,1
6251,2024-02-11 00:00:00,organic,18-25,T1,cautious,1159.58,1
6252,2024-09-28 00:00:00,referral,26-35,T3+,cautious,1370.64,1
6253,2024-06-13 00:00:00,organic,26-35,T3+,aggressive,8148.01,1
6254,2024-12-08 00:00:00,organic,36-45,T1,balanced,13543.47,1
6255,2024-11-03 00:00:00,bank_partner,26-35,T3+,cautious,16307.45,1
6256,2024-03-10 00:00:00,paid_search,46-55,T1,cautious,10328.22,1
6257,2024-10-06 00:00:00,referral,18-25,T2,cautious,9970.67,1
6258,2024-01-12 00:00:00,social,36-45,T2,cautious,4624.68,1
6259,2024-10-29 00:00:00,social,46-55,T1,cautious,14684.31,0
6260,2024-06-07 00:00:00,organic,36-45,T2,balanced,5486.1,1
6261,2024-12-16 00:00:00,referral,36-45,T2,balanced,8179.79,1
6262,2024-06-15 00:00:00,social,46-55,T1,balanced,17345.93,0
6263,2024-07-06 00:00:00,social,18-25,T3+,cautious,4164.92,0
6264,2024-01-28 00:00:00,paid_search,46-55,T2,aggressive,14430.73,1
6265,2024-08-11 00:00:00,social,26-35,T1,aggressive,18464.51,1
6266,2024-02-01 00:00:00,paid_search,46-55,T1,aggressive,26159.66,1
6267,2024-09-28 00:00:00,organic,56+,T1,aggressive,29104.42,0
6268,2024-02-01 00:00:00,paid_search,36-45,T2,balanced,6456.86,1
6269,2024-05-15 00:00:00,organic,36-45,T1,aggressive,27662.37,1
6270,2024-01-27 00:00:00,paid_search,36-45,T2,cautious,6979.69,1
6271,2024-11-14 00:00:00,organic,26-35,T1,aggressive,66746.46,1
6272,2024-01-11 00:00:00,organic,26-35,T1,balanced,2899.06,1
6273,2024-06-09 00:00:00,paid_search,46-55,T3+,balanced,12412.13,1
6274,2024-04-19 00:00:00,referral,18-25,T1,balanced,4642.55,1
6275,2024-08-27 00:00:00,organic,36-45,T1,cautious,8498.29,1
6276,2024-02-10 00:00:00,paid_search,36-45,T1,balanced,15174.86,0
6277,2024-03-30 00:00:00,bank_partner,36-45,T1,cautious,3819.88,1
6278,2024-06-28 00:00:00,organic,26-35,T3+,balanced,6218.2,1
6279,2024-03-19 00:00:00,organic,36-45,T2,balanced,2543.12,1
6280,2024-07-29 00:00:00,organic,26-35,T3+,balanced,2958.77,1
6281,2024-11-24 00:00:00,paid_search,18-25,T2,balanced,1875.23,1
6282,2024-06-21 00:00:00,paid_search,36-45,T2,cautious,9221.14,1
6283,2024-12-26 00:00:00,bank_partner,36-45,T1,aggressive,3311.87,0
6284,2024-07-09 00:00:00,social,26-35,T1,cautious,6764.42,0
6285,2024-04-03 00:00:00,organic,36-45,T1,aggressive,9764.08,0
6286,2024-07-23 00:00:00,social,26-35,T2,aggressive,108848.68,1
6287,2024-04-12 00:00:00,organic,36-45,T2,aggressive,18093.2,0
6288,2024-04-10 00:00:00,social,26-35,T2,cautious,12392.53,1
6289,2024-08-22 00:00:00,paid_search,18-25,T1,balanced,897.19,1
6290,2024-03-18 00:00:00,organic,18-25,T3+,balanced,1085.27,1
6291,2024-04-06 00:00:00,referral,46-55,T2,aggressive,1660.87,1
6292,2024-01-10 00:00:00,referral,18-25,T2,cautious,27151.63,1
6293,2024-05-06 00:00:00,organic,26-35,T2,balanced,10151.25,1
6294,2024-10-30 00:00:00,organic,46-55,T2,balanced,15009.64,1
6295,2024-01-29 00:00:00,referral,36-45,T3+,cautious,14740.54,1
6296,2024-10-05 00:00:00,organic,18-25,T3+,balanced,25066.61,1
6297,2024-04-11 00:00:00,bank_partner,36-45,T3+,balanced,10064.59,1
6298,2024-05-04 00:00:00,organic,46-55,T2,cautious,83647.69,0
6299,2024-11-24 00:00:00,referral,18-25,T3+,balanced,24345.76,1
6300,2024-10-31 00:00:00,organic,36-45,T1,aggressive,10877.52,1
6301,2024-04-30 00:00:00,organic,26-35,T2,balanced,1124.28,1
6302,2024-09-20 00:00:00,paid_search,46-55,T2,cautious,3362.48,1
6303,2024-08-17 00:00:00,social,26-35,T1,balanced,9319.08,0
6304,2024-10-15 00:00:00,social,36-45,T1,cautious,5341.8,1
6305,2024-08-30 00:00:00,organic,26-35,T2,aggressive,19648.28,0
6306,2024-08-31 00:00:00,social,26-35,T1,cautious,2740.12,1
6307,2024-09-03 00:00:00,referral,26-35,T2,cautious,29937.25,1
6308,2024-06-08 00:00:00,paid_search,26-35,T3+,cautious,21115.36,1
6309,2024-01-27 00:00:00,organic,46-55,T2,balanced,7816.57,1
6310,2024-12-01 00:00:00,organic,26-35,T1,cautious,10840.22,0
6311,2024-07-05 00:00:00,paid_search,36-45,T1,cautious,6598.15,0
6312,2024-04-08 00:00:00,social,18-25,T2,aggressive,1342.1,1
6313,2024-12-21 00:00:00,referral,18-25,T1,balanced,500.0,1
6314,2024-03-19 00:00:00,social,36-45,T3+,balanced,13045.79,0
6315,2024-08-02 00:00:00,paid_search,36-45,T1,balanced,1878.59,1
6316,2024-06-07 00:00:00,referral,18-25,T2,cautious,4965.71,0
6317,2024-11-06 00:00:00,referral,36-45,T1,cautious,4225.62,1
6318,2024-08-14 00:00:00,organic,18-25,T1,balanced,500.0,1
6319,2024-03-09 00:00:00,paid_search,26-35,T1,balanced,12367.3,1
6320,2024-04-20 00:00:00,organic,26-35,T3+,aggressive,1275.33,0
6321,2024-07-26 00:00:00,social,18-25,T2,cautious,4378.78,1
6322,2024-10-09 00:00:00,social,36-45,T3+,balanced,5810.18,1
6323,2024-10-30 00:00:00,organic,46-55,T2,cautious,16969.45,0
6324,2024-06-05 00:00:00,bank_partner,56+,T1,balanced,5976.37,1
6325,2024-03-23 00:00:00,bank_partner,26-35,T3+,cautious,18435.17,1
6326,2024-11-02 00:00:00,paid_search,46-55,T1,balanced,19063.89,0
6327,2024-11-30 00:00:00,social,46-55,T3+,cautious,10736.58,1
6328,2024-02-13 00:00:00,organic,56+,T1,balanced,11441.07,1
6329,2024-06-02 00:00:00,social,36-45,T2,balanced,19702.59,1
6330,2024-06-11 00:00:00,social,18-25,T1,balanced,500.0,0
6331,2024-07-09 00:00:00,bank_partner,46-55,T1,aggressive,72777.37,1
6332,2024-04-20 00:00:00,social,56+,T3+,balanced,17515.91,1
6333,2024-12-08 00:00:00,organic,26-35,T3+,cautious,14271.22,1
6334,2024-12-25 00:00:00,social,26-35,T2,cautious,24330.39,1
6335,2024-05-28 00:00:00,paid_search,26-35,T3+,cautious,26028.01,1
6336,2024-03-02 00:00:00,referral,26-35,T3+,balanced,2562.79,1
6337,2024-02-06 00:00:00,referral,18-25,T2,cautious,8006.29,1
6338,2024-10-02 00:00:00,organic,26-35,T3+,balanced,20488.1,1
6339,2024-12-09 00:00:00,organic,46-55,T2,balanced,4272.55,1
6340,2024-03-24 00:00:00,organic,18-25,T3+,cautious,5309.42,1
6341,2024-08-28 00:00:00,social,26-35,T2,cautious,48866.38,1
6342,2024-01-27 00:00:00,organic,26-35,T3+,balanced,2704.35,0
6343,2024-11-11 00:00:00,paid_search,18-25,T1,balanced,3392.31,1
6344,2024-12-04 00:00:00,paid_search,26-35,T3+,cautious,37535.64,1
6345,2024-11-13 00:00:00,social,26-35,T1,cautious,2625.73,1
6346,2024-11-21 00:00:00,paid_search,36-45,T1,balanced,1036.33,1
6347,2024-11-24 00:00:00,organic,26-35,T1,aggressive,12686.02,1
6348,2024-02-09 00:00:00,organic,18-25,T3+,balanced,2377.86,1
6349,2024-09-08 00:00:00,referral,26-35,T2,cautious,18073.01,1
6350,2024-10-11 00:00:00,social,36-45,T2,balanced,16934.98,1
6351,2024-05-04 00:00:00,bank_partner,46-55,T2,aggressive,38968.54,1
6352,2024-02-10 00:00:00,social,26-35,T2,cautious,60269.09,1
6353,2024-08-19 00:00:00,referral,56+,T3+,aggressive,4688.59,1
6354,2024-10-30 00:00:00,paid_search,36-45,T2,balanced,3666.88,1
6355,2024-07-12 00:00:00,organic,18-25,T2,balanced,5417.18,0
6356,2024-12-30 00:00:00,referral,26-35,T1,balanced,2986.74,1
6357,2024-01-15 00:00:00,paid_search,46-55,T3+,cautious,3920.32,0
6358,2024-06-24 00:00:00,organic,26-35,T1,balanced,12398.94,0
6359,2024-06-22 00:00:00,referral,18-25,T3+,balanced,3736.56,1
6360,2024-08-07 00:00:00,organic,26-35,T1,cautious,7798.17,1
6361,2024-08-30 00:00:00,paid_search,56+,T1,aggressive,35758.36,1
6362,2024-04-04 00:00:00,paid_search,26-35,T2,balanced,3532.62,1
6363,2024-08-29 00:00:00,social,26-35,T3+,balanced,8280.61,1
6364,2024-02-19 00:00:00,bank_partner,46-55,T1,cautious,52370.21,1
6365,2024-10-31 00:00:00,bank_partner,36-45,T1,balanced,18871.45,1
6366,2024-05-20 00:00:00,social,36-45,T2,balanced,1250.37,1
6367,2024-12-31 00:00:00,organic,36-45,T3+,balanced,23396.06,0
6368,2024-08-26 00:00:00,social,26-35,T2,cautious,16705.65,1
6369,2024-07-31 00:00:00,social,26-35,T1,cautious,25197.34,1
6370,2024-11-22 00:00:00,organic,18-25,T2,cautious,9006.49,0
6371,2024-01-13 00:00:00,paid_search,46-55,T2,cautious,37252.59,1
6372,2024-06-19 00:00:00,referral,26-35,T2,aggressive,5186.61,1
6373,2024-01-06 00:00:00,referral,36-45,T3+,balanced,7410.9,1
6374,2024-03-17 00:00:00,organic,26-35,T3+,balanced,7337.24,1
6375,2024-07-17 00:00:00,social,56+,T2,cautious,5264.46,1
6376,2024-11-19 00:00:00,organic,18-25,T3+,aggressive,2328.64,0
6377,2024-12-04 00:00:00,referral,46-55,T3+,balanced,24125.44,0
6378,2024-07-24 00:00:00,bank_partner,56+,T2,aggressive,10884.28,1
6379,2024-12-14 00:00:00,paid_search,36-45,T3+,cautious,17524.34,0
6380,2024-08-27 00:00:00,organic,26-35,T3+,aggressive,9601.45,1
6381,2024-01-09 00:00:00,organic,26-35,T3+,balanced,20632.94,1
6382,2024-10-28 00:00:00,organic,26-35,T1,cautious,4010.9,1
6383,2024-07-15 00:00:00,social,26-35,T2,cautious,11443.82,1
6384,2024-04-15 00:00:00,paid_search,26-35,T1,balanced,3842.42,1
6385,2024-04-04 00:00:00,bank_partner,46-55,T3+,cautious,8755.94,1
6386,2024-04-19 00:00:00,paid_search,36-45,T2,balanced,5948.63,1
6387,2024-12-24 00:00:00,bank_partner,56+,T3+,aggressive,4912.14,1
6388,2024-07-17 00:00:00,paid_search,26-35,T1,cautious,21531.08,1
6389,2024-07-22 00:00:00,bank_partner,36-45,T1,balanced,2761.47,1
6390,2024-06-19 00:00:00,organic,26-35,T1,cautious,4970.98,0
6391,2024-01-04 00:00:00,referral,26-35,T2,balanced,11039.11,0
6392,2024-11-03 00:00:00,organic,46-55,T1,balanced,35018.69,1
6393,2024-06-22 00:00:00,organic,46-55,T2,cautious,6579.61,1
6394,2024-07-20 00:00:00,organic,26-35,T3+,balanced,3993.49,1
6395,2024-09-26 00:00:00,organic,46-55,T2,balanced,3465.5,1
6396,2024-10-21 00:00:00,paid_search,46-55,T1,cautious,19567.88,1
6397,2024-01-18 00:00:00,referral,26-35,T3+,balanced,4455.9,1
6398,2024-01-13 00:00:00,referral,26-35,T2,balanced,9018.89,0
6399,2024-09-05 00:00:00,bank_partner,36-45,T3+,balanced,2804.86,1
6400,2024-05-11 00:00:00,social,26-35,T1,balanced,8910.69,1
6401,2024-11-25 00:00:00,paid_search,36-45,T1,cautious,21533.38,1
6402,2024-12-16 00:00:00,organic,18-25,T3+,balanced,2544.53,0
6403,2024-02-14 00:00:00,referral,36-45,T1,aggressive,21716.99,1
6404,2024-06-12 00:00:00,paid_search,56+,T2,balanced,30071.0,1
6405,2024-02-21 00:00:00,referral,26-35,T1,aggressive,17828.48,1
6406,2024-07-20 00:00:00,referral,36-45,T1,aggressive,45049.08,1
6407,2024-07-07 00:00:00,organic,26-35,T3+,balanced,10644.19,1
6408,2024-03-17 00:00:00,organic,26-35,T3+,balanced,30410.33,1
6409,2024-04-11 00:00:00,organic,26-35,T2,balanced,60666.48,1
6410,2024-07-30 00:00:00,social,36-45,T2,cautious,20825.49,1
6411,2024-01-18 00:00:00,bank_partner,18-25,T3+,balanced,10995.28,1
6412,2024-06-22 00:00:00,organic,46-55,T1,cautious,217794.95,0
6413,2024-03-05 00:00:00,organic,26-35,T1,cautious,2369.62,1
6414,2024-06-30 00:00:00,organic,36-45,T3+,balanced,3368.74,1
6415,2024-02-13 00:00:00,organic,56+,T3+,cautious,18833.68,1
6416,2024-09-19 00:00:00,paid_search,26-35,T1,balanced,7633.44,0
6417,2024-10-07 00:00:00,referral,46-55,T2,balanced,2251.66,1
6418,2024-09-26 00:00:00,paid_search,46-55,T2,cautious,28530.95,1
6419,2024-10-04 00:00:00,social,18-25,T3+,balanced,1462.28,1
6420,2024-08-14 00:00:00,referral,18-25,T2,cautious,1265.54,0
6421,2024-01-16 00:00:00,organic,18-25,T1,aggressive,33498.62,1
6422,2024-04-09 00:00:00,organic,18-25,T2,aggressive,1044.37,1
6423,2024-10-25 00:00:00,referral,36-45,T3+,aggressive,2667.16,1
6424,2024-11-24 00:00:00,social,56+,T3+,balanced,36309.43,1
6425,2024-08-28 00:00:00,organic,46-55,T1,aggressive,1414.16,1
6426,2024-05-11 00:00:00,organic,18-25,T1,cautious,4842.47,1
6427,2024-04-05 00:00:00,organic,36-45,T2,aggressive,32235.03,0
6428,2024-07-08 00:00:00,organic,18-25,T1,balanced,12327.18,1
6429,2024-02-03 00:00:00,paid_search,26-35,T3+,aggressive,1364.4,0
6430,2024-08-22 00:00:00,paid_search,26-35,T2,cautious,6294.72,0
6431,2024-02-02 00:00:00,paid_search,18-25,T2,balanced,3568.94,1
6432,2024-11-27 00:00:00,organic,46-55,T2,balanced,10331.66,0
6433,2024-04-02 00:00:00,organic,18-25,T2,cautious,2617.31,0
6434,2024-02-25 00:00:00,paid_search,18-25,T3+,cautious,6091.73,1
6435,2024-06-22 00:00:00,organic,26-35,T2,aggressive,5633.34,0
6436,2024-07-02 00:00:00,paid_search,46-55,T3+,aggressive,5742.57,1
6437,2024-09-01 00:00:00,organic,36-45,T2,cautious,1084.58,1
6438,2024-10-12 00:00:00,organic,36-45,T3+,balanced,7011.67,0
6439,2024-12-07 00:00:00,organic,36-45,T3+,cautious,56570.32,0
6440,2024-11-21 00:00:00,paid_search,36-45,T2,cautious,9101.98,0
6441,2024-06-26 00:00:00,organic,26-35,T3+,cautious,26240.06,1
6442,2024-10-03 00:00:00,organic,46-55,T2,balanced,29835.08,1
6443,2024-02-26 00:00:00,organic,26-35,T1,aggressive,15420.71,1
6444,2024-08-25 00:00:00,bank_partner,56+,T1,balanced,51694.06,0
6445,2024-12-25 00:00:00,organic,36-45,T1,balanced,30218.07,1
6446,2024-12-13 00:00:00,organic,56+,T2,cautious,27113.91,1
6447,2024-12-21 00:00:00,social,56+,T3+,balanced,4079.66,1
6448,2024-02-29 00:00:00,bank_partner,46-55,T2,aggressive,27539.36,1
6449,2024-12-08 00:00:00,social,36-45,T1,cautious,16025.28,1
6450,2024-08-11 00:00:00,bank_partner,36-45,T3+,aggressive,8686.66,1
6451,2024-10-18 00:00:00,organic,36-45,T2,balanced,7657.21,1
6452,2024-12-27 00:00:00,social,26-35,T3+,cautious,5219.54,1
6453,2024-07-03 00:00:00,paid_search,18-25,T2,cautious,4024.45,1
6454,2024-06-24 00:00:00,paid_search,26-35,T3+,cautious,9982.26,1
6455,2024-02-16 00:00:00,paid_search,26-35,T3+,cautious,18057.45,1
6456,2024-01-11 00:00:00,organic,36-45,T1,cautious,13794.86,1
6457,2024-01-04 00:00:00,referral,26-35,T3+,cautious,5241.9,1
6458,2024-08-22 00:00:00,referral,46-55,T2,cautious,28524.4,1
6459,2024-02-25 00:00:00,organic,26-35,T3+,aggressive,6506.27,0
6460,2024-07-02 00:00:00,referral,26-35,T1,aggressive,4080.67,1
6461,2024-04-24 00:00:00,paid_search,26-35,T1,aggressive,9754.56,1
6462,2024-06-29 00:00:00,referral,18-25,T3+,cautious,1474.55,1
6463,2024-04-28 00:00:00,social,36-45,T1,cautious,8633.47,0
6464,2024-02-12 00:00:00,paid_search,46-55,T2,balanced,2837.01,1
6465,2024-07-10 00:00:00,social,46-55,T2,aggressive,4170.23,0
6466,2024-11-29 00:00:00,paid_search,56+,T1,cautious,3494.21,1
6467,2024-08-29 00:00:00,bank_partner,46-55,T3+,balanced,5183.3,1
6468,2024-08-29 00:00:00,social,26-35,T3+,balanced,5981.73,1
6469,2024-07-21 00:00:00,paid_search,26-35,T2,balanced,1520.17,0
6470,2024-03-08 00:00:00,referral,36-45,T1,balanced,4893.41,1
6471,2024-12-17 00:00:00,social,18-25,T1,cautious,1371.23,1
6472,2024-11-17 00:00:00,bank_partner,36-45,T3+,aggressive,2365.13,0
6473,2024-01-10 00:00:00,referral,26-35,T2,cautious,3028.97,1
6474,2024-12-26 00:00:00,bank_partner,26-35,T3+,balanced,2954.55,1
6475,2024-07-04 00:00:00,referral,18-25,T2,balanced,1988.27,1
6476,2024-05-22 00:00:00,referral,26-35,T2,balanced,10388.26,0
6477,2024-06-26 00:00:00,paid_search,36-45,T1,balanced,3896.05,1
6478,2024-05-30 00:00:00,paid_search,18-25,T2,cautious,2983.04,1
6479,2024-12-04 00:00:00,social,36-45,T2,balanced,3142.77,1
6480,2024-10-17 00:00:00,paid_search,26-35,T1,balanced,68164.82,0
6481,2024-02-21 00:00:00,social,18-25,T2,balanced,89699.14,1
6482,2024-01-30 00:00:00,bank_partner,26-35,T1,cautious,11879.35,1
6483,2024-07-02 00:00:00,social,18-25,T2,balanced,5552.93,0
6484,2024-06-17 00:00:00,referral,26-35,T2,cautious,19146.83,1
6485,2024-11-15 00:00:00,social,36-45,T2,balanced,13252.03,1
6486,2024-05-02 00:00:00,paid_search,26-35,T3+,balanced,5617.83,1
6487,2024-02-01 00:00:00,referral,26-35,T2,aggressive,14301.13,0
6488,2024-05-24 00:00:00,social,46-55,T1,balanced,7837.98,1
6489,2024-01-18 00:00:00,social,18-25,T2,balanced,4965.51,0
6490,2024-11-11 00:00:00,organic,18-25,T1,balanced,19794.37,1
6491,2024-09-10 00:00:00,organic,36-45,T2,cautious,16502.27,1
6492,2024-02-16 00:00:00,referral,46-55,T2,aggressive,22121.73,1
6493,2024-10-27 00:00:00,organic,56+,T2,balanced,124754.33,1
6494,2024-11-06 00:00:00,social,36-45,T1,cautious,13739.2,0
6495,2024-08-19 00:00:00,referral,36-45,T2,balanced,1616.52,1
6496,2024-08-03 00:00:00,social,46-55,T2,cautious,4641.32,1
6497,2024-04-14 00:00:00,social,36-45,T3+,cautious,9568.19,0
6498,2024-10-28 00:00:00,referral,36-45,T2,aggressive,2850.87,0
6499,2024-05-08 00:00:00,social,18-25,T3+,cautious,7632.08,1
6500,2024-05-26 00:00:00,referral,36-45,T1,balanced,6399.79,1
6501,2024-08-13 00:00:00,organic,18-25,T2,balanced,5443.29,0
6502,2024-11-10 00:00:00,bank_partner,46-55,T2,cautious,10716.09,1
6503,2024-03-25 00:00:00,organic,18-25,T2,cautious,3444.36,0
6504,2024-06-07 00:00:00,organic,26-35,T3+,balanced,4782.96,1
6505,2024-12-05 00:00:00,paid_search,36-45,T1,cautious,5111.29,1
6506,2024-03-10 00:00:00,organic,46-55,T1,balanced,142408.99,1
6507,2024-10-16 00:00:00,bank_partner,18-25,T1,balanced,1202.78,1
6508,2024-12-17 00:00:00,paid_search,26-35,T2,balanced,11030.05,1
6509,2024-12-04 00:00:00,organic,18-25,T3+,cautious,7491.11,1
6510,2024-05-16 00:00:00,social,36-45,T1,cautious,10551.89,0
6511,2024-04-22 00:00:00,social,26-35,T2,balanced,157137.61,1
6512,2024-08-03 00:00:00,referral,46-55,T3+,balanced,5786.25,1
6513,2024-10-05 00:00:00,referral,36-45,T3+,cautious,9307.98,1
6514,2024-01-05 00:00:00,referral,18-25,T1,balanced,3291.61,1
6515,2024-06-13 00:00:00,organic,36-45,T3+,balanced,19328.73,1
6516,2024-11-01 00:00:00,organic,36-45,T1,aggressive,9321.29,1
6517,2024-10-05 00:00:00,organic,46-55,T3+,aggressive,20312.73,1
6518,2024-12-27 00:00:00,organic,46-55,T3+,cautious,11272.4,1
6519,2024-03-04 00:00:00,paid_search,46-55,T1,cautious,8564.73,1
6520,2024-08-07 00:00:00,organic,36-45,T3+,balanced,15802.94,1
6521,2024-01-07 00:00:00,organic,46-55,T1,balanced,5319.17,1
6522,2024-04-13 00:00:00,organic,36-45,T3+,balanced,224868.31,0
6523,2024-06-11 00:00:00,social,36-45,T2,balanced,3083.35,1
6524,2024-09-02 00:00:00,bank_partner,36-45,T1,balanced,12184.08,1
6525,2024-10-16 00:00:00,social,26-35,T2,cautious,9719.18,1
6526,2024-09-14 00:00:00,bank_partner,36-45,T2,cautious,1839.5,0
6527,2024-06-30 00:00:00,referral,26-35,T1,balanced,31118.52,1
6528,2024-06-27 00:00:00,social,36-45,T1,balanced,22033.09,1
6529,2024-12-16 00:00:00,organic,56+,T3+,balanced,2840.62,1
6530,2024-05-19 00:00:00,referral,26-35,T1,balanced,22628.84,1
6531,2024-12-31 00:00:00,organic,36-45,T1,cautious,4105.85,1
6532,2024-09-07 00:00:00,social,36-45,T1,cautious,4285.74,1
6533,2024-08-14 00:00:00,organic,56+,T3+,aggressive,40123.74,0
6534,2024-02-20 00:00:00,organic,18-25,T3+,balanced,10146.87,0
6535,2024-09-16 00:00:00,referral,36-45,T1,aggressive,14479.49,1
6536,2024-11-08 00:00:00,organic,18-25,T2,balanced,18096.04,0
6537,2024-12-07 00:00:00,social,46-55,T3+,aggressive,65416.62,1
6538,2024-01-31 00:00:00,referral,36-45,T2,aggressive,13567.66,1
6539,2024-04-14 00:00:00,organic,26-35,T2,aggressive,18837.72,1
6540,2024-02-12 00:00:00,paid_search,26-35,T3+,aggressive,2266.8,0
6541,2024-07-11 00:00:00,organic,26-35,T2,cautious,14118.28,1
6542,2024-08-21 00:00:00,organic,56+,T1,balanced,6502.6,0
6543,2024-05-12 00:00:00,referral,36-45,T2,balanced,3408.97,0
6544,2024-06-20 00:00:00,social,36-45,T2,aggressive,49900.64,1
6545,2024-03-09 00:00:00,bank_partner,18-25,T1,balanced,830.16,1
6546,2024-07-09 00:00:00,organic,36-45,T1,aggressive,7753.85,1
6547,2024-03-05 00:00:00,social,26-35,T1,balanced,14596.39,1
6548,2024-11-15 00:00:00,social,56+,T2,balanced,8072.4,0
6549,2024-01-03 00:00:00,paid_search,26-35,T3+,aggressive,2426.57,0
6550,2024-05-08 00:00:00,social,46-55,T2,cautious,71185.12,1
6551,2024-01-07 00:00:00,organic,36-45,T2,cautious,20417.35,1
6552,2024-01-31 00:00:00,social,36-45,T1,balanced,10440.44,1
6553,2024-07-08 00:00:00,bank_partner,26-35,T1,cautious,9057.28,1
6554,2024-03-17 00:00:00,social,36-45,T2,cautious,54867.81,1
6555,2024-07-26 00:00:00,paid_search,36-45,T3+,balanced,9461.1,1
6556,2024-06-07 00:00:00,paid_search,26-35,T1,cautious,7650.68,1
6557,2024-08-29 00:00:00,bank_partner,36-45,T2,cautious,9469.23,1
6558,2024-10-29 00:00:00,referral,26-35,T2,aggressive,5553.35,1
6559,2024-05-27 00:00:00,bank_partner,56+,T1,balanced,23524.11,1
6560,2024-02-19 00:00:00,social,36-45,T2,aggressive,20239.49,1
6561,2024-10-28 00:00:00,social,36-45,T1,cautious,39210.54,1
6562,2024-05-14 00:00:00,organic,36-45,T1,balanced,7911.23,1
6563,2024-03-11 00:00:00,bank_partner,36-45,T3+,balanced,13098.35,1
6564,2024-07-11 00:00:00,social,36-45,T2,cautious,16961.48,1
6565,2024-02-05 00:00:00,bank_partner,36-45,T2,balanced,10697.81,1
6566,2024-11-01 00:00:00,organic,36-45,T2,cautious,25768.01,1
6567,2024-05-17 00:00:00,organic,56+,T3+,balanced,10411.17,1
6568,2024-09-12 00:00:00,bank_partner,46-55,T2,balanced,1480.44,1
6569,2024-09-23 00:00:00,referral,56+,T2,cautious,6642.91,1
6570,2024-07-08 00:00:00,bank_partner,46-55,T2,cautious,82930.93,1
6571,2024-01-29 00:00:00,referral,36-45,T3+,balanced,5346.5,1
6572,2024-06-23 00:00:00,social,46-55,T2,balanced,1606.56,1
6573,2024-02-07 00:00:00,referral,46-55,T1,aggressive,16062.11,1
6574,2024-07-20 00:00:00,paid_search,46-55,T2,cautious,10503.21,1
6575,2024-01-12 00:00:00,social,26-35,T3+,cautious,1664.66,0
6576,2024-11-02 00:00:00,referral,26-35,T2,cautious,7269.28,1
6577,2024-05-30 00:00:00,referral,36-45,T1,cautious,47866.21,1
6578,2024-12-26 00:00:00,paid_search,36-45,T3+,balanced,12554.94,1
6579,2024-03-06 00:00:00,organic,18-25,T1,aggressive,10069.46,1
6580,2024-05-14 00:00:00,organic,26-35,T3+,aggressive,7630.55,1
6581,2024-07-20 00:00:00,bank_partner,26-35,T1,balanced,87342.9,1
6582,2024-03-30 00:00:00,social,18-25,T3+,balanced,3372.76,0
6583,2024-01-13 00:00:00,paid_search,56+,T1,balanced,18353.23,1
6584,2024-05-01 00:00:00,social,46-55,T2,aggressive,5912.91,1
6585,2024-05-17 00:00:00,bank_partner,26-35,T2,balanced,34344.84,1
6586,2024-01-02 00:00:00,referral,18-25,T3+,aggressive,10364.45,1
6587,2024-10-29 00:00:00,paid_search,18-25,T2,aggressive,649.81,0
6588,2024-09-18 00:00:00,bank_partner,46-55,T1,balanced,5669.69,1
6589,2024-11-11 00:00:00,bank_partner,56+,T2,balanced,14558.91,1
6590,2024-08-04 00:00:00,social,26-35,T1,balanced,9283.38,1
6591,2024-07-31 00:00:00,social,26-35,T3+,balanced,4031.96,1
6592,2024-02-14 00:00:00,social,26-35,T2,balanced,4162.66,0
6593,2024-12-24 00:00:00,organic,36-45,T3+,balanced,3096.85,1
6594,2024-11-03 00:00:00,paid_search,36-45,T2,balanced,2683.27,1
6595,2024-01-21 00:00:00,paid_search,26-35,T3+,cautious,7623.29,1
6596,2024-10-25 00:00:00,referral,26-35,T3+,cautious,35763.8,0
6597,2024-06-10 00:00:00,bank_partner,36-45,T1,balanced,22757.43,0
6598,2024-02-10 00:00:00,social,18-25,T3+,balanced,1413.43,1
6599,2024-12-07 00:00:00,organic,36-45,T3+,aggressive,21487.34,1
6600,2024-11-12 00:00:00,paid_search,46-55,T2,balanced,3726.34,1
6601,2024-03-19 00:00:00,paid_search,26-35,T2,cautious,1091.15,1
6602,2024-06-11 00:00:00,referral,18-25,T2,cautious,4495.71,0
6603,2024-02-01 00:00:00,referral,26-35,T2,balanced,6692.37,1
6604,2024-10-28 00:00:00,bank_partner,36-45,T3+,cautious,3527.43,0
6605,2024-12-08 00:00:00,referral,26-35,T3+,cautious,9181.95,1
6606,2024-08-27 00:00:00,social,46-55,T3+,aggressive,5205.0,0
6607,2024-12-02 00:00:00,bank_partner,26-35,T1,balanced,21998.45,1
6608,2024-05-27 00:00:00,social,36-45,T3+,aggressive,3080.79,1
6609,2024-09-27 00:00:00,organic,36-45,T1,balanced,7076.08,1
6610,2024-12-22 00:00:00,organic,26-35,T2,balanced,1524.67,1
6611,2024-01-27 00:00:00,bank_partner,36-45,T1,cautious,26262.05,1
6612,2024-02-16 00:00:00,paid_search,26-35,T3+,aggressive,9330.36,1
6613,2024-01-22 00:00:00,paid_search,26-35,T2,cautious,5639.22,0
6614,2024-06-09 00:00:00,paid_search,46-55,T1,cautious,16291.73,0
6615,2024-12-22 00:00:00,social,26-35,T3+,cautious,668.16,1
6616,2024-04-23 00:00:00,referral,18-25,T3+,cautious,21401.87,1
6617,2024-05-29 00:00:00,organic,46-55,T1,balanced,2649.75,1
6618,2024-07-03 00:00:00,referral,36-45,T2,aggressive,10678.81,1
6619,2024-04-23 00:00:00,social,36-45,T2,aggressive,72635.88,1
6620,2024-08-08 00:00:00,organic,26-35,T3+,cautious,20187.32,1
6621,2024-01-13 00:00:00,social,18-25,T1,aggressive,8862.91,0
6622,2024-09-29 00:00:00,bank_partner,26-35,T3+,cautious,16898.86,1
6623,2024-06-07 00:00:00,organic,26-35,T1,cautious,44604.05,0
6624,2024-07-16 00:00:00,paid_search,26-35,T3+,cautious,5231.53,0
6625,2024-12-02 00:00:00,organic,56+,T2,balanced,7715.08,1
6626,2024-09-26 00:00:00,paid_search,36-45,T2,cautious,10260.2,1
6627,2024-10-21 00:00:00,referral,26-35,T3+,balanced,7415.37,1
6628,2024-11-02 00:00:00,paid_search,36-45,T2,aggressive,6377.45,1
6629,2024-12-15 00:00:00,paid_search,56+,T1,balanced,28907.24,1
6630,2024-01-07 00:00:00,organic,36-45,T1,cautious,5373.26,1
6631,2024-10-09 00:00:00,organic,56+,T2,aggressive,40592.66,1
6632,2024-09-03 00:00:00,organic,46-55,T3+,balanced,5200.61,1
6633,2024-01-14 00:00:00,organic,36-45,T1,aggressive,4224.22,1
6634,2024-03-13 00:00:00,organic,46-55,T2,aggressive,11360.53,0
6635,2024-09-01 00:00:00,paid_search,26-35,T1,balanced,33260.82,1
6636,2024-08-26 00:00:00,bank_partner,36-45,T3+,balanced,1960.58,1
6637,2024-04-18 00:00:00,organic,26-35,T1,aggressive,3797.75,1
6638,2024-09-16 00:00:00,social,26-35,T2,balanced,4597.18,0
6639,2024-08-24 00:00:00,social,46-55,T3+,balanced,8497.96,0
6640,2024-09-18 00:00:00,bank_partner,46-55,T1,cautious,34395.98,1
6641,2024-09-27 00:00:00,paid_search,26-35,T1,balanced,42075.01,0
6642,2024-10-05 00:00:00,social,56+,T2,cautious,57520.77,1
6643,2024-04-14 00:00:00,paid_search,36-45,T3+,cautious,3969.88,1
6644,2024-09-10 00:00:00,social,18-25,T3+,cautious,4900.06,1
6645,2024-10-22 00:00:00,bank_partner,46-55,T1,aggressive,4649.33,1
6646,2024-09-17 00:00:00,organic,56+,T3+,balanced,122593.66,0
6647,2024-08-25 00:00:00,paid_search,46-55,T2,balanced,19170.09,1
6648,2024-02-03 00:00:00,social,46-55,T2,balanced,4812.11,1
6649,2024-07-08 00:00:00,paid_search,26-35,T2,aggressive,9629.51,1
6650,2024-01-06 00:00:00,social,26-35,T3+,aggressive,15600.44,1
6651,2024-08-08 00:00:00,social,26-35,T2,cautious,10848.89,0
6652,2024-01-06 00:00:00,paid_search,46-55,T2,balanced,15342.94,1
6653,2024-09-16 00:00:00,referral,36-45,T3+,balanced,56307.81,1
6654,2024-12-12 00:00:00,organic,18-25,T3+,balanced,7867.73,1
6655,2024-04-15 00:00:00,organic,36-45,T1,balanced,9200.94,0
6656,2024-02-23 00:00:00,paid_search,46-55,T3+,balanced,6941.06,0
6657,2024-12-09 00:00:00,organic,26-35,T3+,cautious,49166.16,1
6658,2024-02-09 00:00:00,social,46-55,T2,cautious,6590.56,1
6659,2024-04-10 00:00:00,social,46-55,T1,balanced,6567.1,1
6660,2024-04-22 00:00:00,paid_search,36-45,T3+,cautious,9930.65,1
6661,2024-07-15 00:00:00,organic,36-45,T2,balanced,33973.56,1
6662,2024-04-03 00:00:00,bank_partner,56+,T2,aggressive,19434.46,1
6663,2024-12-22 00:00:00,bank_partner,36-45,T3+,cautious,3199.03,1
6664,2024-03-29 00:00:00,bank_partner,18-25,T3+,cautious,2039.9,1
6665,2024-03-14 00:00:00,organic,26-35,T2,balanced,22958.61,1
6666,2024-01-13 00:00:00,referral,18-25,T2,balanced,8235.99,1
6667,2024-03-30 00:00:00,bank_partner,26-35,T1,balanced,2328.28,0
6668,2024-10-09 00:00:00,bank_partner,56+,T1,balanced,86371.5,1
6669,2024-02-16 00:00:00,paid_search,26-35,T2,balanced,6024.17,0
6670,2024-11-17 00:00:00,bank_partner,26-35,T2,balanced,1700.03,0
6671,2024-02-29 00:00:00,bank_partner,26-35,T1,cautious,5595.67,1
6672,2024-11-12 00:00:00,bank_partner,56+,T3+,balanced,5542.89,1
6673,2024-09-01 00:00:00,organic,36-45,T1,cautious,8526.94,1
6674,2024-01-01 00:00:00,bank_partner,26-35,T1,balanced,3776.04,1
6675,2024-03-28 00:00:00,organic,46-55,T1,aggressive,6337.31,0
6676,2024-06-12 00:00:00,bank_partner,26-35,T2,balanced,12790.98,1
6677,2024-10-15 00:00:00,referral,26-35,T2,balanced,25358.63,0
6678,2024-07-16 00:00:00,organic,26-35,T3+,balanced,13964.64,1
6679,2024-10-15 00:00:00,social,26-35,T2,balanced,4656.42,0
6680,2024-10-06 00:00:00,organic,26-35,T3+,cautious,7512.36,1
6681,2024-12-16 00:00:00,referral,46-55,T3+,aggressive,25837.5,1
6682,2024-08-09 00:00:00,paid_search,26-35,T1,cautious,4991.21,1
6683,2024-06-30 00:00:00,organic,26-35,T3+,balanced,5499.8,1
6684,2024-02-17 00:00:00,organic,26-35,T1,aggressive,7500.26,1
6685,2024-11-14 00:00:00,social,26-35,T1,balanced,10743.6,1
6686,2024-03-05 00:00:00,organic,26-35,T1,balanced,3941.15,1
6687,2024-09-01 00:00:00,paid_search,26-35,T2,cautious,5154.68,1
6688,2024-10-11 00:00:00,referral,26-35,T1,balanced,5307.19,1
6689,2024-04-20 00:00:00,organic,46-55,T2,aggressive,4962.3,1
6690,2024-09-05 00:00:00,organic,26-35,T2,balanced,12172.52,0
6691,2024-06-25 00:00:00,referral,18-25,T2,cautious,4029.73,1
6692,2024-10-02 00:00:00,paid_search,18-25,T1,balanced,2746.73,1
6693,2024-01-20 00:00:00,referral,26-35,T2,balanced,28385.03,1
6694,2024-11-26 00:00:00,paid_search,36-45,T2,balanced,18186.56,0
6695,2024-04-04 00:00:00,organic,36-45,T3+,balanced,35092.18,1
6696,2024-05-21 00:00:00,paid_search,18-25,T1,balanced,1932.58,1
6697,2024-01-07 00:00:00,referral,36-45,T2,cautious,1812.74,1
6698,2024-11-11 00:00:00,organic,46-55,T2,balanced,3223.19,1
6699,2024-12-09 00:00:00,organic,18-25,T3+,balanced,6030.95,0
6700,2024-10-12 00:00:00,social,56+,T3+,balanced,5491.23,0
6701,2024-12-29 00:00:00,organic,36-45,T1,balanced,53862.57,1
6702,2024-09-28 00:00:00,paid_search,26-35,T1,cautious,1504.34,1
6703,2024-10-13 00:00:00,paid_search,36-45,T1,cautious,14216.64,1
6704,2024-09-09 00:00:00,referral,26-35,T3+,balanced,20298.14,1
6705,2024-04-14 00:00:00,paid_search,36-45,T2,balanced,8617.48,1
6706,2024-02-22 00:00:00,social,26-35,T1,cautious,27229.74,1
6707,2024-10-03 00:00:00,paid_search,36-45,T1,aggressive,10771.83,1
6708,2024-12-24 00:00:00,organic,46-55,T3+,aggressive,62650.73,1
6709,2024-03-27 00:00:00,organic,26-35,T2,cautious,6719.56,1
6710,2024-12-26 00:00:00,organic,36-45,T2,cautious,89104.37,1
6711,2024-07-19 00:00:00,organic,36-45,T3+,balanced,1723.05,1
6712,2024-11-01 00:00:00,social,56+,T2,cautious,3704.92,0
6713,2024-05-21 00:00:00,social,26-35,T2,cautious,3969.6,1
6714,2024-12-25 00:00:00,bank_partner,26-35,T3+,balanced,5170.51,1
6715,2024-11-29 00:00:00,paid_search,26-35,T2,balanced,1745.42,0
6716,2024-07-11 00:00:00,organic,46-55,T2,cautious,3909.46,0
6717,2024-11-05 00:00:00,organic,56+,T2,balanced,17789.87,1
6718,2024-09-10 00:00:00,social,26-35,T2,balanced,5041.42,0
6719,2024-01-17 00:00:00,organic,18-25,T2,balanced,5697.8,1
6720,2024-12-30 00:00:00,organic,26-35,T2,aggressive,6334.07,1
6721,2024-03-28 00:00:00,referral,36-45,T1,balanced,3726.47,1
6722,2024-05-05 00:00:00,referral,36-45,T1,balanced,23096.09,0
6723,2024-10-06 00:00:00,organic,18-25,T3+,aggressive,4191.28,0
6724,2024-12-16 00:00:00,referral,46-55,T2,balanced,39013.69,0
6725,2024-06-15 00:00:00,referral,56+,T1,balanced,8169.87,1
6726,2024-07-30 00:00:00,organic,26-35,T1,balanced,28246.97,1
6727,2024-02-03 00:00:00,organic,26-35,T1,cautious,4373.26,1
6728,2024-07-10 00:00:00,paid_search,46-55,T1,balanced,5107.92,1
6729,2024-03-23 00:00:00,organic,18-25,T3+,cautious,5124.01,0
6730,2024-01-21 00:00:00,paid_search,26-35,T2,cautious,5970.12,1
6731,2024-04-22 00:00:00,organic,36-45,T3+,balanced,11536.43,1
6732,2024-06-25 00:00:00,social,36-45,T3+,cautious,4492.55,0
6733,2024-06-10 00:00:00,organic,26-35,T3+,balanced,35625.05,0
6734,2024-11-23 00:00:00,bank_partner,18-25,T3+,aggressive,1307.66,1
6735,2024-05-29 00:00:00,referral,36-45,T2,balanced,40488.36,1
6736,2024-12-14 00:00:00,organic,46-55,T2,balanced,3484.03,1
6737,2024-01-04 00:00:00,paid_search,26-35,T2,balanced,3666.37,1
6738,2024-09-14 00:00:00,paid_search,18-25,T2,cautious,2870.23,1
6739,2024-05-04 00:00:00,organic,56+,T3+,cautious,15289.27,1
6740,2024-09-04 00:00:00,bank_partner,26-35,T3+,balanced,20897.99,0
6741,2024-11-05 00:00:00,organic,36-45,T3+,balanced,1146.53,0
6742,2024-05-06 00:00:00,bank_partner,18-25,T3+,cautious,2568.41,0
6743,2024-12-20 00:00:00,organic,18-25,T2,aggressive,1363.48,1
6744,2024-04-03 00:00:00,social,26-35,T2,cautious,4207.58,1
6745,2024-04-05 00:00:00,paid_search,26-35,T3+,balanced,6360.77,1
6746,2024-07-22 00:00:00,organic,26-35,T1,balanced,990.98,1
6747,2024-08-24 00:00:00,organic,56+,T1,balanced,10623.22,1
6748,2024-01-20 00:00:00,organic,36-45,T3+,cautious,2786.54,0
6749,2024-08-04 00:00:00,social,46-55,T2,cautious,4349.38,1
6750,2024-09-16 00:00:00,paid_search,18-25,T2,aggressive,4952.6,1
6751,2024-11-14 00:00:00,paid_search,36-45,T2,aggressive,2359.35,1
6752,2024-07-14 00:00:00,social,18-25,T3+,cautious,16559.66,1
6753,2024-08-12 00:00:00,bank_partner,36-45,T3+,balanced,11514.12,1
6754,2024-11-14 00:00:00,bank_partner,26-35,T3+,balanced,11228.95,1
6755,2024-10-24 00:00:00,bank_partner,26-35,T1,cautious,14333.55,1
6756,2024-07-24 00:00:00,bank_partner,36-45,T1,balanced,4401.45,0
6757,2024-09-24 00:00:00,organic,26-35,T3+,cautious,31199.32,0
6758,2024-01-30 00:00:00,organic,26-35,T3+,balanced,50549.32,0
6759,2024-11-04 00:00:00,organic,26-35,T2,balanced,2031.06,1
6760,2024-02-14 00:00:00,social,36-45,T2,cautious,44732.21,1
6761,2024-03-27 00:00:00,organic,18-25,T3+,aggressive,1097.09,1
6762,2024-12-17 00:00:00,referral,26-35,T3+,aggressive,5677.88,1
6763,2024-12-17 00:00:00,organic,26-35,T2,cautious,1947.12,1
6764,2024-08-20 00:00:00,paid_search,18-25,T2,cautious,9550.52,1
6765,2024-12-22 00:00:00,organic,18-25,T3+,cautious,891.98,1
6766,2024-07-16 00:00:00,organic,26-35,T2,balanced,10520.99,1
6767,2024-01-26 00:00:00,organic,18-25,T1,balanced,855.44,1
6768,2024-04-04 00:00:00,organic,18-25,T3+,aggressive,11534.99,0
6769,2024-04-10 00:00:00,social,18-25,T2,cautious,1664.99,1
6770,2024-04-04 00:00:00,referral,56+,T3+,cautious,47394.9,1
6771,2024-05-02 00:00:00,organic,36-45,T2,balanced,1925.1,1
6772,2024-02-26 00:00:00,organic,26-35,T2,balanced,40787.95,1
6773,2024-01-08 00:00:00,social,36-45,T2,aggressive,2100.65,0
6774,2024-12-08 00:00:00,organic,26-35,T3+,balanced,20775.53,1
6775,2024-02-13 00:00:00,paid_search,36-45,T2,aggressive,5045.67,1
6776,2024-06-10 00:00:00,referral,26-35,T2,aggressive,1600.11,1
6777,2024-04-24 00:00:00,referral,26-35,T3+,balanced,4614.7,1
6778,2024-03-26 00:00:00,paid_search,36-45,T1,balanced,6828.51,0
6779,2024-01-22 00:00:00,referral,26-35,T1,aggressive,3888.81,1
6780,2024-08-18 00:00:00,referral,46-55,T1,aggressive,28822.12,1
6781,2024-11-21 00:00:00,referral,18-25,T3+,cautious,6379.55,1
6782,2024-02-08 00:00:00,social,56+,T2,balanced,8215.24,0
6783,2024-07-22 00:00:00,social,36-45,T1,cautious,23374.19,1
6784,2024-07-03 00:00:00,referral,36-45,T2,balanced,10367.33,1
6785,2024-02-28 00:00:00,paid_search,18-25,T3+,balanced,3916.93,1
6786,2024-08-01 00:00:00,paid_search,36-45,T1,cautious,4348.94,1
6787,2024-11-30 00:00:00,organic,18-25,T1,balanced,27100.8,1
6788,2024-01-29 00:00:00,organic,56+,T2,balanced,3027.8,1
6789,2024-09-06 00:00:00,referral,36-45,T2,balanced,19638.64,1
6790,2024-09-14 00:00:00,organic,46-55,T2,balanced,18273.17,1
6791,2024-02-13 00:00:00,organic,46-55,T3+,aggressive,52546.24,0
6792,2024-12-03 00:00:00,organic,36-45,T2,balanced,4176.78,1
6793,2024-04-29 00:00:00,paid_search,26-35,T1,balanced,5823.68,1
6794,2024-05-02 00:00:00,referral,18-25,T2,cautious,5019.96,1
6795,2024-10-08 00:00:00,social,26-35,T3+,balanced,69490.02,1
6796,2024-08-11 00:00:00,organic,36-45,T3+,cautious,19983.74,0
6797,2024-10-16 00:00:00,referral,46-55,T1,cautious,5494.15,0
6798,2024-12-13 00:00:00,bank_partner,36-45,T2,balanced,3242.93,1
6799,2024-09-10 00:00:00,bank_partner,26-35,T3+,cautious,3647.88,1
6800,2024-07-04 00:00:00,paid_search,56+,T1,balanced,16438.71,1
6801,2024-01-11 00:00:00,referral,46-55,T3+,balanced,1170.95,1
6802,2024-03-28 00:00:00,organic,18-25,T3+,balanced,4104.11,0
6803,2024-11-27 00:00:00,bank_partner,36-45,T1,balanced,8345.74,1
6804,2024-04-04 00:00:00,paid_search,46-55,T2,cautious,24047.83,1
6805,2024-02-28 00:00:00,organic,26-35,T1,balanced,15461.74,1
6806,2024-10-07 00:00:00,paid_search,18-25,T2,balanced,61103.84,1
6807,2024-03-05 00:00:00,organic,26-35,T2,balanced,42998.84,0
6808,2024-08-26 00:00:00,organic,26-35,T1,cautious,20276.59,1
6809,2024-07-09 00:00:00,organic,56+,T1,balanced,15059.93,1
6810,2024-05-26 00:00:00,organic,56+,T1,aggressive,57429.77,1
6811,2024-09-08 00:00:00,bank_partner,26-35,T2,cautious,15979.1,1
6812,2024-09-16 00:00:00,organic,56+,T3+,cautious,13583.24,1
6813,2024-07-15 00:00:00,social,36-45,T1,cautious,17054.44,0
6814,2024-02-03 00:00:00,organic,56+,T3+,cautious,1565.01,1
6815,2024-05-10 00:00:00,referral,26-35,T3+,aggressive,14560.0,1
6816,2024-07-15 00:00:00,referral,36-45,T3+,balanced,14650.32,1
6817,2024-06-25 00:00:00,social,56+,T2,balanced,24956.76,1
6818,2024-03-29 00:00:00,bank_partner,18-25,T1,cautious,2082.38,1
6819,2024-03-24 00:00:00,organic,46-55,T2,cautious,8111.3,1
6820,2024-09-05 00:00:00,organic,18-25,T3+,balanced,500.0,1
6821,2024-07-11 00:00:00,paid_search,26-35,T1,aggressive,4759.27,1
6822,2024-05-10 00:00:00,social,36-45,T2,balanced,30336.02,1
6823,2024-12-21 00:00:00,organic,56+,T1,cautious,67231.96,1
6824,2024-09-16 00:00:00,bank_partner,56+,T2,cautious,10741.51,1
6825,2024-12-18 00:00:00,organic,36-45,T1,balanced,3092.23,1
6826,2024-08-12 00:00:00,bank_partner,26-35,T1,aggressive,7612.49,1
6827,2024-07-09 00:00:00,organic,26-35,T2,cautious,6459.01,1
6828,2024-01-17 00:00:00,referral,18-25,T3+,balanced,2695.57,1
6829,2024-09-03 00:00:00,organic,18-25,T1,cautious,1432.46,1
6830,2024-06-05 00:00:00,paid_search,36-45,T1,balanced,3685.33,0
6831,2024-05-10 00:00:00,paid_search,36-45,T1,balanced,7655.97,1
6832,2024-09-11 00:00:00,bank_partner,36-45,T3+,cautious,2817.6,1
6833,2024-08-19 00:00:00,social,36-45,T3+,balanced,709.3,1
6834,2024-06-06 00:00:00,social,46-55,T3+,cautious,10625.59,0
6835,2024-07-31 00:00:00,organic,36-45,T3+,aggressive,1890.07,1
6836,2024-04-30 00:00:00,organic,26-35,T2,balanced,8373.51,0
6837,2024-09-16 00:00:00,referral,18-25,T1,balanced,679.15,1
6838,2024-05-09 00:00:00,referral,18-25,T2,cautious,5321.72,1
6839,2024-02-29 00:00:00,paid_search,26-35,T1,balanced,9715.84,0
6840,2024-04-23 00:00:00,paid_search,26-35,T2,cautious,2295.43,1
6841,2024-02-14 00:00:00,paid_search,36-45,T2,balanced,31296.35,1
6842,2024-09-25 00:00:00,organic,26-35,T3+,balanced,6697.27,1
6843,2024-09-04 00:00:00,paid_search,46-55,T1,balanced,9883.08,0
6844,2024-03-28 00:00:00,paid_search,26-35,T2,balanced,75533.21,1
6845,2024-10-15 00:00:00,social,36-45,T2,balanced,8072.78,1
6846,2024-12-22 00:00:00,paid_search,26-35,T2,cautious,2260.18,1
6847,2024-11-20 00:00:00,paid_search,36-45,T1,balanced,6860.05,1
6848,2024-08-31 00:00:00,referral,26-35,T3+,balanced,11570.31,1
6849,2024-08-09 00:00:00,organic,26-35,T2,balanced,4271.23,1
6850,2024-03-15 00:00:00,organic,26-35,T3+,balanced,2930.15,1
6851,2024-07-24 00:00:00,bank_partner,46-55,T1,aggressive,97228.97,0
6852,2024-09-25 00:00:00,paid_search,26-35,T2,aggressive,3674.62,0
6853,2024-10-01 00:00:00,paid_search,26-35,T3+,cautious,6864.75,1
6854,2024-03-19 00:00:00,bank_partner,36-45,T2,cautious,1674.48,1
6855,2024-06-12 00:00:00,bank_partner,26-35,T3+,balanced,22798.8,1
6856,2024-09-03 00:00:00,referral,18-25,T3+,balanced,4980.76,1
6857,2024-05-12 00:00:00,organic,36-45,T3+,balanced,36710.05,1
6858,2024-12-07 00:00:00,social,46-55,T3+,aggressive,10021.45,1
6859,2024-03-22 00:00:00,organic,36-45,T1,balanced,38970.41,1
6860,2024-12-09 00:00:00,social,56+,T3+,cautious,26004.55,1
6861,2024-01-18 00:00:00,social,46-55,T1,cautious,20142.33,0
6862,2024-07-28 00:00:00,organic,56+,T2,cautious,2325.51,1
6863,2024-03-01 00:00:00,organic,36-45,T1,balanced,9658.36,1
6864,2024-05-18 00:00:00,organic,36-45,T3+,cautious,31483.8,1
6865,2024-10-14 00:00:00,referral,26-35,T2,balanced,166296.09,1
6866,2024-03-16 00:00:00,referral,56+,T3+,balanced,27351.79,1
6867,2024-11-25 00:00:00,bank_partner,18-25,T1,balanced,4405.81,1
6868,2024-12-03 00:00:00,bank_partner,36-45,T1,balanced,8926.38,1
6869,2024-09-12 00:00:00,organic,26-35,T3+,balanced,8038.99,0
6870,2024-01-25 00:00:00,paid_search,26-35,T2,cautious,48817.06,1
6871,2024-01-16 00:00:00,organic,46-55,T3+,cautious,2778.03,1
6872,2024-02-22 00:00:00,organic,18-25,T2,cautious,4433.47,1
6873,2024-06-27 00:00:00,social,36-45,T2,balanced,14011.88,1
6874,2024-03-14 00:00:00,organic,26-35,T1,aggressive,6561.68,1
6875,2024-01-29 00:00:00,organic,36-45,T3+,balanced,86423.75,1
6876,2024-10-20 00:00:00,paid_search,18-25,T2,cautious,2293.91,0
6877,2024-02-22 00:00:00,paid_search,46-55,T2,balanced,7722.5,1
6878,2024-06-03 00:00:00,paid_search,26-35,T3+,balanced,6639.51,1
6879,2024-03-06 00:00:00,organic,46-55,T3+,cautious,9755.22,0
6880,2024-07-28 00:00:00,organic,46-55,T3+,aggressive,2625.66,1
6881,2024-05-25 00:00:00,paid_search,46-55,T2,balanced,10128.86,1
6882,2024-04-20 00:00:00,organic,46-55,T3+,balanced,17949.39,1
6883,2024-10-05 00:00:00,bank_partner,26-35,T1,cautious,5713.03,1
6884,2024-05-11 00:00:00,paid_search,36-45,T2,balanced,45146.92,1
6885,2024-12-21 00:00:00,organic,36-45,T3+,balanced,15452.4,0
6886,2024-09-27 00:00:00,paid_search,46-55,T1,balanced,15128.94,1
6887,2024-11-19 00:00:00,social,26-35,T3+,cautious,1979.94,1
6888,2024-06-12 00:00:00,organic,36-45,T2,cautious,6224.32,1
6889,2024-08-30 00:00:00,social,56+,T3+,balanced,3453.52,1
6890,2024-02-02 00:00:00,social,36-45,T3+,balanced,21513.56,0
6891,2024-06-07 00:00:00,referral,18-25,T3+,balanced,30659.64,1
6892,2024-03-11 00:00:00,paid_search,46-55,T2,aggressive,47436.71,0
6893,2024-01-17 00:00:00,social,26-35,T2,aggressive,83694.21,1
6894,2024-04-21 00:00:00,organic,36-45,T2,cautious,31608.82,0
6895,2024-05-22 00:00:00,organic,36-45,T2,aggressive,6659.42,1
6896,2024-11-08 00:00:00,social,36-45,T1,balanced,13310.43,1
6897,2024-05-26 00:00:00,bank_partner,56+,T3+,balanced,10195.71,0
6898,2024-03-08 00:00:00,social,18-25,T2,cautious,2633.02,1
6899,2024-09-08 00:00:00,social,26-35,T1,aggressive,25500.08,0
6900,2024-05-08 00:00:00,organic,56+,T3+,aggressive,22167.46,1
6901,2024-09-09 00:00:00,organic,46-55,T1,balanced,15157.57,0
6902,2024-12-02 00:00:00,bank_partner,36-45,T1,balanced,15351.32,0
6903,2024-03-13 00:00:00,paid_search,36-45,T2,balanced,6129.81,1
6904,2024-03-13 00:00:00,paid_search,26-35,T3+,aggressive,4628.23,1
6905,2024-12-28 00:00:00,organic,26-35,T2,balanced,26307.33,1
6906,2024-09-17 00:00:00,bank_partner,26-35,T3+,cautious,14508.41,1
6907,2024-11-26 00:00:00,organic,26-35,T3+,balanced,27477.12,1
6908,2024-07-21 00:00:00,social,18-25,T2,cautious,1475.87,0
6909,2024-02-19 00:00:00,organic,46-55,T2,balanced,13920.96,1
6910,2024-09-28 00:00:00,organic,36-45,T1,cautious,11853.63,1
6911,2024-12-10 00:00:00,paid_search,18-25,T3+,cautious,7392.31,1
6912,2024-01-20 00:00:00,social,36-45,T3+,cautious,2409.37,1
6913,2024-07-21 00:00:00,organic,46-55,T3+,balanced,9061.05,0
6914,2024-03-15 00:00:00,paid_search,46-55,T3+,balanced,21515.05,0
6915,2024-11-07 00:00:00,organic,46-55,T1,balanced,44372.99,1
6916,2024-02-06 00:00:00,organic,36-45,T3+,aggressive,2045.06,1
6917,2024-10-18 00:00:00,social,46-55,T1,balanced,6329.8,1
6918,2024-04-16 00:00:00,referral,26-35,T2,cautious,54797.52,1
6919,2024-09-12 00:00:00,organic,26-35,T2,cautious,10509.55,1
6920,2024-07-23 00:00:00,referral,36-45,T3+,aggressive,5557.26,1
6921,2024-11-17 00:00:00,paid_search,56+,T3+,balanced,17578.25,1
6922,2024-12-13 00:00:00,organic,26-35,T1,cautious,16759.93,1
6923,2024-08-13 00:00:00,bank_partner,18-25,T3+,balanced,4978.42,1
6924,2024-11-30 00:00:00,organic,46-55,T1,balanced,16305.57,1
6925,2024-05-05 00:00:00,organic,26-35,T1,cautious,2267.13,1
6926,2024-11-03 00:00:00,organic,26-35,T2,cautious,29817.51,0
6927,2024-02-26 00:00:00,bank_partner,46-55,T2,balanced,8315.12,1
6928,2024-09-12 00:00:00,organic,36-45,T2,cautious,962.09,1
6929,2024-01-24 00:00:00,referral,18-25,T1,balanced,2831.65,1
6930,2024-01-03 00:00:00,organic,18-25,T3+,cautious,30931.73,0
6931,2024-05-14 00:00:00,paid_search,36-45,T3+,balanced,5988.67,1
6932,2024-06-02 00:00:00,organic,26-35,T2,aggressive,26043.08,0
6933,2024-07-22 00:00:00,referral,18-25,T1,balanced,2152.42,1
6934,2024-04-06 00:00:00,paid_search,26-35,T1,cautious,1888.97,1
6935,2024-07-09 00:00:00,organic,26-35,T3+,balanced,29172.08,0
6936,2024-02-14 00:00:00,paid_search,46-55,T2,cautious,75442.78,1
6937,2024-10-22 00:00:00,referral,18-25,T1,cautious,4349.16,1
6938,2024-09-24 00:00:00,organic,26-35,T2,cautious,21560.97,1
6939,2024-01-24 00:00:00,paid_search,18-25,T2,cautious,8911.02,1
6940,2024-07-08 00:00:00,organic,56+,T3+,balanced,17463.19,1
6941,2024-03-05 00:00:00,organic,56+,T2,balanced,8017.83,0
6942,2024-02-06 00:00:00,bank_partner,26-35,T2,balanced,3287.64,1
6943,2024-12-06 00:00:00,social,46-55,T2,aggressive,14806.55,1
6944,2024-07-19 00:00:00,referral,36-45,T3+,balanced,3067.28,1
6945,2024-09-26 00:00:00,social,26-35,T1,aggressive,16586.09,0
6946,2024-09-05 00:00:00,paid_search,56+,T3+,aggressive,45924.94,1
6947,2024-11-09 00:00:00,paid_search,46-55,T1,aggressive,4483.85,0
6948,2024-03-19 00:00:00,bank_partner,26-35,T1,balanced,25596.75,0
6949,2024-02-15 00:00:00,social,36-45,T1,aggressive,1655.94,1
6950,2024-12-03 00:00:00,social,26-35,T3+,balanced,8069.46,1
6951,2024-11-26 00:00:00,social,36-45,T3+,balanced,22281.85,0
6952,2024-10-19 00:00:00,organic,46-55,T2,cautious,1454.75,1
6953,2024-11-27 00:00:00,organic,18-25,T3+,cautious,20546.13,1
6954,2024-10-24 00:00:00,organic,36-45,T1,balanced,8813.96,0
6955,2024-05-27 00:00:00,paid_search,56+,T2,cautious,12851.31,0
6956,2024-03-15 00:00:00,organic,26-35,T3+,balanced,7755.26,0
6957,2024-12-26 00:00:00,social,36-45,T2,cautious,25489.27,0
6958,2024-12-07 00:00:00,organic,18-25,T2,balanced,8756.79,0
6959,2024-08-12 00:00:00,bank_partner,26-35,T2,aggressive,5555.76,1
6960,2024-06-01 00:00:00,bank_partner,26-35,T3+,balanced,2015.28,1
6961,2024-08-30 00:00:00,organic,26-35,T2,aggressive,3984.28,1
6962,2024-06-04 00:00:00,social,46-55,T3+,aggressive,13265.37,1
6963,2024-09-27 00:00:00,social,46-55,T2,cautious,2474.63,0
6964,2024-07-16 00:00:00,paid_search,36-45,T1,balanced,4352.05,0
6965,2024-05-27 00:00:00,organic,18-25,T1,balanced,2491.61,1
6966,2024-06-20 00:00:00,organic,26-35,T3+,aggressive,41887.62,0
6967,2024-10-11 00:00:00,referral,36-45,T3+,cautious,26058.78,1
6968,2024-05-27 00:00:00,referral,26-35,T2,balanced,3927.08,1
6969,2024-09-06 00:00:00,organic,46-55,T2,cautious,18409.76,1
6970,2024-09-22 00:00:00,social,36-45,T2,aggressive,11834.0,1
6971,2024-09-01 00:00:00,organic,18-25,T2,cautious,9353.59,1
6972,2024-09-19 00:00:00,organic,36-45,T2,balanced,24253.57,0
6973,2024-06-27 00:00:00,social,36-45,T3+,balanced,714.96,0
6974,2024-02-08 00:00:00,bank_partner,46-55,T1,aggressive,15917.46,1
6975,2024-01-15 00:00:00,paid_search,46-55,T2,cautious,11319.93,0
6976,2024-05-08 00:00:00,social,18-25,T2,cautious,7191.83,0
6977,2024-03-08 00:00:00,paid_search,18-25,T3+,balanced,8339.17,1
6978,2024-05-30 00:00:00,paid_search,36-45,T3+,aggressive,6392.48,0
6979,2024-09-13 00:00:00,bank_partner,36-45,T1,aggressive,10975.06,1
6980,2024-01-18 00:00:00,paid_search,56+,T3+,cautious,1837.33,1
6981,2024-08-30 00:00:00,organic,46-55,T1,cautious,20183.34,0
6982,2024-07-25 00:00:00,paid_search,56+,T2,balanced,9277.21,1
6983,2024-01-04 00:00:00,organic,26-35,T2,aggressive,10152.62,1
6984,2024-11-19 00:00:00,organic,26-35,T1,cautious,9992.31,0
6985,2024-10-09 00:00:00,social,26-35,T2,balanced,2298.45,1
6986,2024-01-12 00:00:00,social,18-25,T3+,aggressive,500.0,1
6987,2024-12-02 00:00:00,bank_partner,26-35,T3+,balanced,3766.87,1
6988,2024-09-20 00:00:00,organic,18-25,T3+,balanced,3261.67,1
6989,2024-05-04 00:00:00,social,18-25,T1,cautious,11361.89,0
6990,2024-06-10 00:00:00,social,36-45,T2,cautious,7685.7,1
6991,2024-09-09 00:00:00,social,36-45,T1,aggressive,4540.6,0
6992,2024-01-20 00:00:00,social,56+,T2,balanced,123916.15,1
6993,2024-10-22 00:00:00,organic,18-25,T1,balanced,1570.47,0
6994,2024-07-14 00:00:00,organic,26-35,T3+,balanced,5504.14,1
6995,2024-05-16 00:00:00,bank_partner,36-45,T3+,aggressive,3428.83,1
6996,2024-10-16 00:00:00,organic,26-35,T3+,cautious,11099.97,1
6997,2024-07-19 00:00:00,referral,26-35,T1,balanced,4619.24,1
6998,2024-03-14 00:00:00,social,26-35,T2,balanced,9140.35,1
6999,2024-05-14 00:00:00,social,26-35,T2,balanced,49603.63,0
7000,2024-04-09 00:00:00,paid_search,36-45,T3+,balanced,4482.4,1
7001,2024-11-29 00:00:00,paid_search,18-25,T3+,balanced,5384.4,1
7002,2024-10-26 00:00:00,social,26-35,T3+,balanced,1677.9,1
7003,2024-02-23 00:00:00,bank_partner,46-55,T2,aggressive,8628.75,1
7004,2024-08-31 00:00:00,referral,36-45,T1,aggressive,5405.58,1
7005,2024-10-01 00:00:00,organic,46-55,T2,balanced,55511.22,1
7006,2024-02-21 00:00:00,paid_search,36-45,T2,balanced,9816.58,1
7007,2024-10-27 00:00:00,referral,36-45,T3+,balanced,122044.35,1
7008,2024-04-18 00:00:00,organic,26-35,T2,balanced,13233.88,1
7009,2024-05-25 00:00:00,referral,56+,T1,balanced,27384.67,1
7010,2024-08-13 00:00:00,organic,46-55,T1,cautious,248943.98,1
7011,2024-07-24 00:00:00,paid_search,36-45,T3+,cautious,3465.59,0
7012,2024-06-04 00:00:00,referral,18-25,T3+,cautious,1785.02,1
7013,2024-10-30 00:00:00,organic,46-55,T2,balanced,18433.05,0
7014,2024-02-11 00:00:00,paid_search,18-25,T3+,cautious,3202.21,1
7015,2024-12-22 00:00:00,social,18-25,T2,balanced,7963.48,1
7016,2024-12-01 00:00:00,organic,56+,T1,balanced,13695.03,1
7017,2024-07-26 00:00:00,social,56+,T2,balanced,10249.65,1
7018,2024-07-21 00:00:00,social,56+,T1,balanced,813.49,1
7019,2024-03-20 00:00:00,referral,46-55,T2,cautious,26398.9,1
7020,2024-07-11 00:00:00,paid_search,56+,T3+,balanced,42373.14,1
7021,2024-08-02 00:00:00,referral,56+,T3+,balanced,20966.97,1
7022,2024-07-21 00:00:00,bank_partner,18-25,T1,cautious,12145.76,1
7023,2024-06-11 00:00:00,paid_search,26-35,T3+,cautious,21534.65,0
7024,2024-12-26 00:00:00,referral,56+,T2,balanced,6764.44,1
7025,2024-09-25 00:00:00,organic,56+,T2,balanced,20076.98,1
7026,2024-01-19 00:00:00,bank_partner,36-45,T1,balanced,2158.53,1
7027,2024-08-23 00:00:00,organic,36-45,T1,cautious,4518.61,1
7028,2024-02-14 00:00:00,paid_search,18-25,T2,cautious,3087.45,1
7029,2024-07-26 00:00:00,social,18-25,T3+,cautious,2149.46,1
7030,2024-02-13 00:00:00,organic,18-25,T1,cautious,9663.33,1
7031,2024-02-12 00:00:00,organic,26-35,T3+,cautious,12685.06,1
7032,2024-10-11 00:00:00,bank_partner,26-35,T2,balanced,2795.81,1
7033,2024-03-28 00:00:00,referral,46-55,T2,cautious,23872.69,1
7034,2024-10-14 00:00:00,paid_search,26-35,T3+,balanced,1059.05,0
7035,2024-11-01 00:00:00,paid_search,36-45,T1,balanced,6434.18,1
7036,2024-08-30 00:00:00,social,26-35,T3+,aggressive,1432.07,1
7037,2024-11-14 00:00:00,paid_search,26-35,T3+,balanced,13001.97,1
7038,2024-06-15 00:00:00,social,26-35,T1,cautious,20674.37,1
7039,2024-10-25 00:00:00,social,18-25,T1,balanced,5931.73,1
7040,2024-03-01 00:00:00,organic,18-25,T3+,cautious,15252.23,1
7041,2024-07-04 00:00:00,organic,26-35,T1,balanced,63844.52,0
7042,2024-05-17 00:00:00,social,36-45,T3+,cautious,5160.05,0
7043,2024-11-18 00:00:00,social,26-35,T2,cautious,4030.99,1
7044,2024-02-06 00:00:00,paid_search,36-45,T2,cautious,3606.93,1
7045,2024-11-15 00:00:00,paid_search,18-25,T2,aggressive,7329.4,1
7046,2024-08-18 00:00:00,referral,56+,T2,balanced,17976.63,1
7047,2024-11-29 00:00:00,organic,36-45,T3+,balanced,2407.74,1
7048,2024-02-24 00:00:00,social,36-45,T2,cautious,2642.31,1
7049,2024-04-07 00:00:00,organic,46-55,T2,cautious,5408.44,1
7050,2024-07-23 00:00:00,paid_search,46-55,T2,balanced,26118.77,1
7051,2024-12-31 00:00:00,organic,26-35,T2,cautious,6762.47,1
7052,2024-07-09 00:00:00,organic,26-35,T3+,cautious,13650.22,1
7053,2024-02-28 00:00:00,organic,26-35,T3+,balanced,10333.18,0
7054,2024-04-08 00:00:00,paid_search,18-25,T3+,cautious,3060.92,0
7055,2024-04-23 00:00:00,bank_partner,36-45,T3+,cautious,9282.21,0
7056,2024-11-23 00:00:00,organic,26-35,T2,aggressive,5921.3,1
7057,2024-12-14 00:00:00,paid_search,56+,T3+,balanced,3804.23,1
7058,2024-03-08 00:00:00,bank_partner,26-35,T3+,balanced,8954.76,1
7059,2024-03-29 00:00:00,paid_search,18-25,T2,balanced,5868.49,0
7060,2024-08-01 00:00:00,social,46-55,T2,cautious,5931.23,0
7061,2024-12-09 00:00:00,organic,26-35,T3+,balanced,7532.19,1
7062,2024-09-20 00:00:00,paid_search,46-55,T1,aggressive,20698.83,0
7063,2024-12-02 00:00:00,paid_search,56+,T2,aggressive,7656.9,1
7064,2024-11-01 00:00:00,social,36-45,T1,aggressive,3443.58,1
7065,2024-02-14 00:00:00,organic,18-25,T3+,balanced,9240.55,0
7066,2024-08-29 00:00:00,social,26-35,T3+,balanced,5167.12,0
7067,2024-09-18 00:00:00,social,36-45,T3+,cautious,14552.53,0
7068,2024-07-17 00:00:00,referral,36-45,T2,balanced,4586.53,1
7069,2024-06-21 00:00:00,referral,26-35,T1,cautious,6184.58,1
7070,2024-05-19 00:00:00,organic,26-35,T1,balanced,18436.71,1
7071,2024-02-11 00:00:00,referral,36-45,T2,cautious,2067.73,1
7072,2024-03-30 00:00:00,organic,36-45,T2,aggressive,18498.99,1
7073,2024-07-25 00:00:00,paid_search,26-35,T3+,aggressive,9847.26,0
7074,2024-11-28 00:00:00,social,36-45,T2,aggressive,10471.76,0
7075,2024-07-14 00:00:00,organic,36-45,T3+,balanced,7619.57,1
7076,2024-11-10 00:00:00,referral,26-35,T3+,cautious,21345.09,1
7077,2024-09-02 00:00:00,paid_search,46-55,T1,balanced,24674.01,1
7078,2024-05-26 00:00:00,organic,26-35,T3+,balanced,2791.18,1
7079,2024-12-10 00:00:00,referral,26-35,T3+,balanced,1751.85,1
7080,2024-05-11 00:00:00,bank_partner,46-55,T2,balanced,1317.76,1
7081,2024-08-05 00:00:00,organic,46-55,T3+,balanced,13226.87,1
7082,2024-01-11 00:00:00,referral,18-25,T2,cautious,3024.19,1
7083,2024-10-19 00:00:00,social,18-25,T1,balanced,6878.34,1
7084,2024-10-04 00:00:00,organic,26-35,T3+,cautious,4818.29,1
7085,2024-08-03 00:00:00,organic,36-45,T1,aggressive,15530.48,1
7086,2024-09-12 00:00:00,paid_search,46-55,T1,cautious,7698.91,1
7087,2024-07-16 00:00:00,social,46-55,T2,aggressive,27093.54,1
7088,2024-05-24 00:00:00,organic,18-25,T1,aggressive,6633.11,1
7089,2024-05-23 00:00:00,organic,26-35,T2,cautious,1572.11,0
7090,2024-01-14 00:00:00,organic,36-45,T3+,aggressive,97932.4,1
7091,2024-08-15 00:00:00,paid_search,26-35,T1,aggressive,79666.97,0
7092,2024-02-03 00:00:00,organic,26-35,T3+,aggressive,2160.18,1
7093,2024-10-18 00:00:00,bank_partner,56+,T2,balanced,22581.81,1
7094,2024-03-12 00:00:00,paid_search,26-35,T1,balanced,8498.14,0
7095,2024-12-22 00:00:00,referral,26-35,T3+,aggressive,1601.93,0
7096,2024-01-16 00:00:00,organic,46-55,T3+,cautious,13981.18,0
7097,2024-05-09 00:00:00,organic,46-55,T1,balanced,6123.96,0
7098,2024-01-24 00:00:00,social,18-25,T1,aggressive,29892.76,0
7099,2024-08-13 00:00:00,organic,26-35,T2,cautious,2678.08,0
7100,2024-04-26 00:00:00,organic,18-25,T1,cautious,2241.14,1
7101,2024-01-13 00:00:00,referral,36-45,T1,cautious,5625.92,1
7102,2024-12-14 00:00:00,organic,18-25,T2,cautious,707.4,0
7103,2024-11-13 00:00:00,organic,36-45,T3+,balanced,1448.85,0
7104,2024-02-12 00:00:00,social,18-25,T2,balanced,8842.95,0
7105,2024-02-10 00:00:00,organic,18-25,T3+,cautious,11378.9,0
7106,2024-02-10 00:00:00,bank_partner,18-25,T1,cautious,8593.85,0
7107,2024-04-16 00:00:00,social,26-35,T3+,balanced,1087.32,1
7108,2024-07-21 00:00:00,organic,36-45,T3+,balanced,8747.79,1
7109,2024-02-02 00:00:00,organic,18-25,T1,balanced,9109.3,1
7110,2024-07-02 00:00:00,organic,26-35,T2,cautious,6861.82,0
7111,2024-09-21 00:00:00,social,26-35,T3+,balanced,25461.58,1
7112,2024-01-23 00:00:00,social,18-25,T2,cautious,7389.12,0
7113,2024-12-06 00:00:00,social,26-35,T3+,balanced,12281.79,0
7114,2024-01-10 00:00:00,bank_partner,18-25,T2,balanced,1210.2,1
7115,2024-11-13 00:00:00,bank_partner,36-45,T3+,balanced,10011.86,1
7116,2024-12-28 00:00:00,referral,18-25,T3+,aggressive,1752.77,1
7117,2024-11-06 00:00:00,referral,26-35,T1,cautious,25114.0,1
7118,2024-02-22 00:00:00,organic,26-35,T2,balanced,8882.12,1
7119,2024-07-30 00:00:00,organic,26-35,T1,balanced,26372.41,1
7120,2024-08-17 00:00:00,referral,46-55,T1,balanced,12553.7,1
7121,2024-12-15 00:00:00,organic,36-45,T1,cautious,10796.44,1
7122,2024-06-21 00:00:00,bank_partner,46-55,T1,cautious,3847.92,1
7123,2024-10-07 00:00:00,paid_search,36-45,T2,balanced,11009.65,0
7124,2024-01-26 00:00:00,paid_search,46-55,T2,balanced,40615.14,1
7125,2024-01-16 00:00:00,organic,26-35,T2,balanced,14524.04,1
7126,2024-09-30 00:00:00,paid_search,18-25,T3+,cautious,1394.22,1
7127,2024-05-11 00:00:00,paid_search,26-35,T2,cautious,10321.42,1
7128,2024-07-06 00:00:00,referral,26-35,T1,balanced,12332.43,1
7129,2024-10-15 00:00:00,paid_search,18-25,T3+,balanced,8360.18,1
7130,2024-04-12 00:00:00,referral,46-55,T1,aggressive,8993.14,1
7131,2024-03-21 00:00:00,referral,36-45,T2,cautious,16846.71,1
7132,2024-05-28 00:00:00,organic,26-35,T2,balanced,35310.04,0
7133,2024-12-14 00:00:00,bank_partner,46-55,T2,balanced,3588.93,1
7134,2024-03-04 00:00:00,bank_partner,36-45,T3+,balanced,20774.9,1
7135,2024-01-09 00:00:00,organic,46-55,T3+,balanced,24323.86,0
7136,2024-05-16 00:00:00,referral,56+,T2,balanced,2372.86,1
7137,2024-03-20 00:00:00,social,46-55,T1,balanced,175018.06,0
7138,2024-03-24 00:00:00,organic,26-35,T2,cautious,2360.22,1
7139,2024-06-07 00:00:00,organic,26-35,T3+,aggressive,5752.18,1
7140,2024-03-17 00:00:00,bank_partner,36-45,T2,balanced,6853.36,1
7141,2024-08-10 00:00:00,organic,36-45,T3+,balanced,8875.59,0
7142,2024-08-25 00:00:00,social,18-25,T2,cautious,10693.25,1
7143,2024-10-10 00:00:00,paid_search,36-45,T1,cautious,5604.96,1
7144,2024-11-08 00:00:00,referral,18-25,T1,cautious,1371.4,1
7145,2024-09-14 00:00:00,bank_partner,46-55,T1,cautious,8040.89,1
7146,2024-08-16 00:00:00,social,26-35,T1,balanced,1719.87,1
7147,2024-01-13 00:00:00,social,18-25,T1,balanced,7045.06,0
7148,2024-09-08 00:00:00,referral,26-35,T2,balanced,5191.72,1
7149,2024-09-04 00:00:00,organic,36-45,T3+,balanced,43198.12,0
7150,2024-09-11 00:00:00,referral,18-25,T3+,cautious,3289.83,1
7151,2024-10-12 00:00:00,social,18-25,T3+,cautious,1196.05,0
7152,2024-11-09 00:00:00,paid_search,36-45,T1,balanced,9866.72,0
7153,2024-08-10 00:00:00,social,26-35,T3+,cautious,11723.1,1
7154,2024-09-13 00:00:00,paid_search,36-45,T2,balanced,2536.51,0
7155,2024-06-28 00:00:00,social,36-45,T2,aggressive,87036.82,1
7156,2024-08-07 00:00:00,paid_search,36-45,T2,aggressive,1129.29,1
7157,2024-09-27 00:00:00,organic,36-45,T3+,cautious,11958.73,1
7158,2024-02-14 00:00:00,bank_partner,36-45,T2,balanced,1809.66,1
7159,2024-09-13 00:00:00,social,26-35,T2,cautious,7363.54,1
7160,2024-06-26 00:00:00,social,46-55,T2,aggressive,1772.13,0
7161,2024-03-06 00:00:00,organic,56+,T3+,cautious,3447.17,1
7162,2024-01-23 00:00:00,bank_partner,26-35,T1,balanced,5001.27,1
7163,2024-10-23 00:00:00,referral,36-45,T3+,balanced,30155.5,1
7164,2024-12-07 00:00:00,social,18-25,T2,balanced,17976.05,0
7165,2024-11-19 00:00:00,paid_search,46-55,T2,balanced,55230.15,1
7166,2024-10-09 00:00:00,organic,56+,T2,aggressive,7011.8,1
7167,2024-02-26 00:00:00,referral,26-35,T3+,balanced,6987.66,1
7168,2024-12-25 00:00:00,organic,26-35,T2,cautious,8269.99,1
7169,2024-03-23 00:00:00,bank_partner,56+,T1,balanced,20991.04,1
7170,2024-11-28 00:00:00,organic,26-35,T1,cautious,2564.49,0
7171,2024-01-02 00:00:00,paid_search,56+,T2,aggressive,23091.17,1
7172,2024-12-26 00:00:00,social,46-55,T3+,balanced,8670.36,1
7173,2024-06-11 00:00:00,bank_partner,26-35,T3+,balanced,3004.48,1
7174,2024-06-09 00:00:00,organic,18-25,T1,cautious,6031.06,0
7175,2024-02-11 00:00:00,social,26-35,T2,aggressive,22156.99,0
7176,2024-12-14 00:00:00,bank_partner,46-55,T1,cautious,13993.9,0
7177,2024-07-07 00:00:00,organic,36-45,T1,aggressive,17798.01,1
7178,2024-05-26 00:00:00,referral,18-25,T3+,balanced,3064.2,1
7179,2024-02-20 00:00:00,paid_search,36-45,T2,balanced,16251.03,1
7180,2024-02-14 00:00:00,paid_search,26-35,T3+,balanced,26394.21,1
7181,2024-06-18 00:00:00,bank_partner,26-35,T2,balanced,7942.63,0
7182,2024-04-27 00:00:00,bank_partner,18-25,T2,cautious,17967.73,1
7183,2024-08-10 00:00:00,social,36-45,T3+,balanced,2849.54,0
7184,2024-10-29 00:00:00,social,36-45,T2,balanced,4801.92,1
7185,2024-07-18 00:00:00,social,36-45,T1,aggressive,7363.54,0
7186,2024-08-18 00:00:00,social,36-45,T2,cautious,82086.07,1
7187,2024-05-23 00:00:00,referral,36-45,T1,cautious,4782.45,0
7188,2024-02-07 00:00:00,paid_search,46-55,T2,balanced,61476.73,1
7189,2024-08-29 00:00:00,organic,56+,T2,balanced,9097.74,1
7190,2024-06-16 00:00:00,paid_search,46-55,T2,aggressive,1355.5,0
7191,2024-09-30 00:00:00,referral,46-55,T3+,cautious,1637.29,1
7192,2024-02-29 00:00:00,bank_partner,18-25,T2,balanced,21446.88,1
7193,2024-03-09 00:00:00,paid_search,46-55,T1,cautious,32380.63,1
7194,2024-06-19 00:00:00,bank_partner,36-45,T3+,balanced,21173.61,1
7195,2024-12-19 00:00:00,paid_search,36-45,T3+,balanced,32526.49,1
7196,2024-02-23 00:00:00,paid_search,18-25,T1,balanced,41443.08,0
7197,2024-11-09 00:00:00,paid_search,36-45,T2,balanced,38355.86,0
7198,2024-10-30 00:00:00,organic,26-35,T1,aggressive,5254.99,0
7199,2024-10-05 00:00:00,organic,46-55,T1,aggressive,20695.84,1
7200,2024-01-09 00:00:00,referral,36-45,T1,balanced,10877.2,1
7201,2024-09-10 00:00:00,bank_partner,36-45,T3+,balanced,8866.58,1
7202,2024-02-07 00:00:00,social,56+,T3+,aggressive,25445.9,1
7203,2024-07-05 00:00:00,organic,56+,T3+,cautious,25354.73,1
7204,2024-05-25 00:00:00,paid_search,18-25,T1,aggressive,7644.38,1
7205,2024-09-23 00:00:00,bank_partner,36-45,T3+,aggressive,993.48,1
7206,2024-10-07 00:00:00,organic,26-35,T2,balanced,530.99,1
7207,2024-09-19 00:00:00,referral,26-35,T2,cautious,5641.17,1
7208,2024-11-30 00:00:00,organic,26-35,T2,balanced,13262.14,1
7209,2024-08-31 00:00:00,organic,18-25,T1,cautious,5017.79,1
7210,2024-01-28 00:00:00,paid_search,26-35,T3+,balanced,12823.04,1
7211,2024-03-31 00:00:00,paid_search,26-35,T2,cautious,1129.95,1
7212,2024-09-05 00:00:00,paid_search,36-45,T1,balanced,9460.22,1
7213,2024-05-11 00:00:00,paid_search,18-25,T3+,cautious,23506.35,1
7214,2024-11-15 00:00:00,bank_partner,18-25,T1,balanced,34839.03,0
7215,2024-07-31 00:00:00,paid_search,36-45,T2,balanced,7834.91,1
7216,2024-02-09 00:00:00,organic,36-45,T3+,cautious,13502.7,0
7217,2024-04-04 00:00:00,paid_search,46-55,T3+,balanced,5193.49,1
7218,2024-12-23 00:00:00,bank_partner,18-25,T2,balanced,5809.86,1
7219,2024-10-22 00:00:00,paid_search,26-35,T2,cautious,10172.34,1
7220,2024-09-03 00:00:00,organic,36-45,T2,aggressive,5085.58,1
7221,2024-10-21 00:00:00,referral,36-45,T3+,balanced,5880.12,1
7222,2024-09-24 00:00:00,social,46-55,T3+,balanced,2772.29,1
7223,2024-10-19 00:00:00,organic,18-25,T2,aggressive,928.45,0
7224,2024-01-28 00:00:00,organic,18-25,T2,cautious,13876.15,1
7225,2024-04-20 00:00:00,organic,36-45,T2,balanced,8824.42,1
7226,2024-09-24 00:00:00,organic,36-45,T3+,balanced,2211.91,1
7227,2024-08-05 00:00:00,social,56+,T2,balanced,6886.64,1
7228,2024-02-03 00:00:00,organic,36-45,T2,aggressive,5742.61,1
7229,2024-12-31 00:00:00,referral,46-55,T2,balanced,108025.04,1
7230,2024-07-28 00:00:00,organic,26-35,T2,balanced,2548.96,1
7231,2024-10-15 00:00:00,referral,36-45,T3+,balanced,12331.96,1
7232,2024-07-18 00:00:00,organic,46-55,T2,aggressive,57660.72,1
7233,2024-11-21 00:00:00,paid_search,36-45,T3+,cautious,988.39,1
7234,2024-04-26 00:00:00,referral,26-35,T3+,balanced,5233.97,1
7235,2024-05-10 00:00:00,referral,36-45,T1,cautious,2250.72,1
7236,2024-04-04 00:00:00,paid_search,26-35,T1,aggressive,1807.53,1
7237,2024-09-11 00:00:00,referral,36-45,T2,balanced,31911.42,1
7238,2024-05-05 00:00:00,bank_partner,46-55,T3+,aggressive,14651.31,0
7239,2024-09-07 00:00:00,bank_partner,26-35,T2,cautious,9842.17,1
7240,2024-09-19 00:00:00,referral,26-35,T3+,balanced,23219.29,1
7241,2024-09-04 00:00:00,bank_partner,26-35,T3+,cautious,4186.77,1
7242,2024-01-03 00:00:00,bank_partner,18-25,T1,aggressive,3232.8,1
7243,2024-05-23 00:00:00,organic,26-35,T1,aggressive,13238.65,0
7244,2024-07-30 00:00:00,organic,36-45,T3+,aggressive,7632.32,1
7245,2024-09-23 00:00:00,social,46-55,T3+,balanced,10240.02,0
7246,2024-07-30 00:00:00,paid_search,18-25,T2,balanced,1922.63,0
7247,2024-06-09 00:00:00,organic,26-35,T1,balanced,17909.59,0
7248,2024-11-17 00:00:00,paid_search,18-25,T1,aggressive,6736.56,0
7249,2024-05-22 00:00:00,paid_search,26-35,T3+,balanced,3626.84,0
7250,2024-04-03 00:00:00,social,36-45,T3+,cautious,2385.28,1
7251,2024-12-28 00:00:00,referral,18-25,T2,cautious,15198.44,1
7252,2024-10-28 00:00:00,social,26-35,T2,cautious,16231.96,1
7253,2024-12-13 00:00:00,social,26-35,T3+,balanced,7565.79,1
7254,2024-02-01 00:00:00,organic,18-25,T2,balanced,6284.9,1
7255,2024-03-18 00:00:00,bank_partner,26-35,T3+,cautious,1856.89,1
7256,2024-06-14 00:00:00,bank_partner,26-35,T2,balanced,74026.79,1
7257,2024-01-09 00:00:00,organic,36-45,T2,balanced,7777.8,1
7258,2024-09-01 00:00:00,social,56+,T2,balanced,73855.87,1
7259,2024-05-10 00:00:00,organic,26-35,T3+,balanced,15068.46,0
7260,2024-05-13 00:00:00,bank_partner,26-35,T2,balanced,1379.64,1
7261,2024-08-05 00:00:00,referral,18-25,T1,cautious,21354.31,1
7262,2024-06-25 00:00:00,organic,36-45,T1,cautious,33534.76,0
7263,2024-04-22 00:00:00,social,26-35,T3+,cautious,1879.1,1
7264,2024-07-31 00:00:00,referral,26-35,T3+,cautious,2824.09,1
7265,2024-01-20 00:00:00,paid_search,26-35,T2,cautious,14245.7,1
7266,2024-05-26 00:00:00,referral,56+,T1,cautious,4308.79,1
7267,2024-04-15 00:00:00,organic,36-45,T3+,balanced,1971.66,0
7268,2024-08-29 00:00:00,referral,26-35,T2,cautious,40664.27,1
7269,2024-03-09 00:00:00,organic,36-45,T2,balanced,28412.69,1
7270,2024-06-08 00:00:00,bank_partner,26-35,T3+,cautious,4913.54,1
7271,2024-01-02 00:00:00,social,26-35,T1,cautious,3849.57,1
7272,2024-05-16 00:00:00,paid_search,36-45,T1,cautious,17446.37,1
7273,2024-10-08 00:00:00,social,18-25,T1,aggressive,7779.08,1
7274,2024-10-21 00:00:00,social,36-45,T3+,balanced,7603.17,0
7275,2024-02-21 00:00:00,bank_partner,46-55,T3+,balanced,11910.44,1
7276,2024-08-18 00:00:00,paid_search,26-35,T1,aggressive,3699.07,1
7277,2024-10-25 00:00:00,organic,18-25,T2,cautious,1302.6,1
7278,2024-08-02 00:00:00,paid_search,26-35,T2,balanced,13575.59,1
7279,2024-08-21 00:00:00,referral,18-25,T2,balanced,1165.71,1
7280,2024-06-13 00:00:00,paid_search,26-35,T1,balanced,10960.22,0
7281,2024-11-10 00:00:00,social,26-35,T1,cautious,1340.31,1
7282,2024-05-30 00:00:00,organic,26-35,T3+,cautious,3245.72,1
7283,2024-10-29 00:00:00,bank_partner,56+,T3+,cautious,11053.29,1
7284,2024-05-29 00:00:00,organic,56+,T2,cautious,5203.94,1
7285,2024-10-15 00:00:00,organic,56+,T2,balanced,216235.93,1
7286,2024-11-29 00:00:00,referral,36-45,T2,aggressive,3346.31,1
7287,2024-11-26 00:00:00,organic,46-55,T2,aggressive,88488.21,1
7288,2024-10-04 00:00:00,bank_partner,36-45,T2,balanced,5793.38,1
7289,2024-08-23 00:00:00,social,18-25,T2,balanced,1323.53,0
7290,2024-11-07 00:00:00,social,26-35,T3+,balanced,3454.95,0
7291,2024-08-08 00:00:00,referral,26-35,T2,cautious,10631.15,1
7292,2024-08-24 00:00:00,social,26-35,T3+,balanced,27239.47,1
7293,2024-12-12 00:00:00,organic,46-55,T1,aggressive,6912.12,1
7294,2024-02-04 00:00:00,referral,36-45,T1,aggressive,54297.49,1
7295,2024-08-11 00:00:00,paid_search,26-35,T1,aggressive,50567.18,1
7296,2024-02-14 00:00:00,paid_search,46-55,T2,cautious,23403.04,1
7297,2024-01-15 00:00:00,referral,36-45,T2,balanced,3001.23,0
7298,2024-08-29 00:00:00,social,36-45,T1,balanced,5271.77,1
7299,2024-09-21 00:00:00,referral,18-25,T3+,cautious,12263.91,1
7300,2024-12-21 00:00:00,social,46-55,T2,balanced,14627.02,1
7301,2024-02-27 00:00:00,organic,46-55,T3+,balanced,1222.71,1
7302,2024-11-22 00:00:00,referral,26-35,T1,balanced,15710.9,1
7303,2024-09-15 00:00:00,paid_search,18-25,T2,balanced,9301.03,0
7304,2024-05-06 00:00:00,organic,36-45,T1,aggressive,17944.33,1
7305,2024-10-16 00:00:00,social,26-35,T3+,cautious,77805.31,1
7306,2024-12-22 00:00:00,social,26-35,T2,aggressive,5299.73,0
7307,2024-08-25 00:00:00,social,46-55,T1,balanced,14629.21,1
7308,2024-01-28 00:00:00,referral,26-35,T3+,balanced,8068.86,1
7309,2024-08-06 00:00:00,paid_search,36-45,T2,balanced,19602.8,0
7310,2024-01-11 00:00:00,social,26-35,T3+,balanced,4058.39,1
7311,2024-12-24 00:00:00,bank_partner,36-45,T3+,cautious,11693.69,0
7312,2024-05-24 00:00:00,paid_search,36-45,T2,balanced,8483.8,0
7313,2024-01-21 00:00:00,organic,18-25,T1,balanced,4672.12,1
7314,2024-02-26 00:00:00,bank_partner,36-45,T3+,aggressive,4000.98,0
7315,2024-10-08 00:00:00,bank_partner,36-45,T3+,aggressive,2777.92,1
7316,2024-02-14 00:00:00,paid_search,26-35,T1,balanced,1223.61,1
7317,2024-07-17 00:00:00,referral,36-45,T1,aggressive,126429.2,1
7318,2024-06-14 00:00:00,paid_search,26-35,T2,cautious,6016.06,1
7319,2024-08-10 00:00:00,paid_search,26-35,T2,aggressive,3416.31,1
7320,2024-12-23 00:00:00,organic,26-35,T2,cautious,4796.33,1
7321,2024-02-21 00:00:00,paid_search,36-45,T1,cautious,4630.12,1
7322,2024-12-15 00:00:00,referral,36-45,T2,aggressive,1744.62,1
7323,2024-06-14 00:00:00,social,36-45,T3+,balanced,2857.06,1
7324,2024-06-15 00:00:00,social,36-45,T1,cautious,4964.59,0
7325,2024-05-29 00:00:00,paid_search,36-45,T2,balanced,18056.82,1
7326,2024-04-18 00:00:00,organic,26-35,T1,balanced,12719.13,1
7327,2024-06-16 00:00:00,paid_search,46-55,T2,balanced,48403.99,0
7328,2024-12-24 00:00:00,organic,36-45,T2,aggressive,5086.31,0
7329,2024-09-01 00:00:00,organic,18-25,T1,balanced,1778.36,0
7330,2024-12-09 00:00:00,social,18-25,T3+,cautious,3514.58,1
7331,2024-05-14 00:00:00,referral,26-35,T3+,aggressive,30996.93,0
7332,2024-03-03 00:00:00,referral,36-45,T2,cautious,2409.86,1
7333,2024-09-11 00:00:00,organic,36-45,T1,cautious,12520.32,1
7334,2024-10-16 00:00:00,referral,36-45,T2,cautious,4795.06,1
7335,2024-01-11 00:00:00,organic,26-35,T2,aggressive,5102.81,1
7336,2024-10-19 00:00:00,organic,26-35,T3+,balanced,5697.45,1
7337,2024-11-01 00:00:00,bank_partner,26-35,T3+,aggressive,6323.77,0
7338,2024-11-15 00:00:00,referral,36-45,T1,balanced,6580.75,1
7339,2024-01-13 00:00:00,bank_partner,26-35,T2,cautious,3135.3,1
7340,2024-05-23 00:00:00,paid_search,26-35,T1,cautious,14871.16,1
7341,2024-12-18 00:00:00,social,26-35,T3+,cautious,9060.87,1
7342,2024-07-01 00:00:00,social,46-55,T3+,balanced,22197.21,1
7343,2024-07-25 00:00:00,referral,26-35,T3+,cautious,4111.39,1
7344,2024-02-04 00:00:00,paid_search,36-45,T2,aggressive,5961.63,0
7345,2024-11-26 00:00:00,paid_search,26-35,T1,cautious,8455.07,1
7346,2024-10-02 00:00:00,organic,26-35,T1,balanced,13188.59,1
7347,2024-07-11 00:00:00,organic,26-35,T3+,balanced,1584.9,0
7348,2024-03-05 00:00:00,referral,26-35,T3+,balanced,1141.62,0
7349,2024-01-16 00:00:00,social,18-25,T2,cautious,5842.07,1
7350,2024-05-24 00:00:00,organic,26-35,T2,aggressive,19856.33,1
7351,2024-03-25 00:00:00,organic,26-35,T3+,aggressive,94639.89,1
7352,2024-03-04 00:00:00,referral,36-45,T1,balanced,2282.59,1
7353,2024-04-21 00:00:00,referral,26-35,T2,balanced,134456.4,1
7354,2024-03-29 00:00:00,social,36-45,T2,cautious,1764.49,0
7355,2024-03-25 00:00:00,social,56+,T3+,cautious,17179.52,1
7356,2024-09-14 00:00:00,organic,46-55,T1,cautious,11775.43,0
7357,2024-04-02 00:00:00,organic,18-25,T2,balanced,4726.61,0
7358,2024-04-17 00:00:00,paid_search,56+,T3+,balanced,12499.5,0
7359,2024-01-19 00:00:00,organic,18-25,T1,cautious,5423.07,1
7360,2024-03-12 00:00:00,referral,36-45,T1,aggressive,9474.43,1
7361,2024-11-20 00:00:00,organic,26-35,T3+,aggressive,8009.79,1
7362,2024-12-19 00:00:00,paid_search,26-35,T3+,cautious,3813.08,1
7363,2024-02-04 00:00:00,referral,18-25,T2,aggressive,1150.74,0
7364,2024-09-08 00:00:00,organic,36-45,T1,aggressive,9815.27,1
7365,2024-05-25 00:00:00,paid_search,26-35,T2,balanced,96159.74,0
7366,2024-11-16 00:00:00,bank_partner,46-55,T2,cautious,11188.59,1
7367,2024-07-01 00:00:00,organic,18-25,T2,aggressive,835.79,1
7368,2024-09-24 00:00:00,paid_search,46-55,T3+,balanced,15257.45,1
7369,2024-06-17 00:00:00,paid_search,46-55,T2,balanced,3423.51,1
7370,2024-01-11 00:00:00,paid_search,46-55,T3+,cautious,5047.47,1
7371,2024-05-14 00:00:00,referral,26-35,T1,balanced,3297.92,1
7372,2024-12-29 00:00:00,referral,26-35,T1,cautious,42996.89,0
7373,2024-02-23 00:00:00,organic,26-35,T3+,aggressive,4923.46,1
7374,2024-07-15 00:00:00,organic,26-35,T1,balanced,6581.48,1
7375,2024-05-12 00:00:00,social,18-25,T3+,balanced,1905.86,1
7376,2024-09-13 00:00:00,organic,26-35,T3+,cautious,22000.37,1
7377,2024-07-25 00:00:00,bank_partner,46-55,T1,aggressive,4200.96,1
7378,2024-02-06 00:00:00,paid_search,46-55,T1,aggressive,13747.0,1
7379,2024-10-21 00:00:00,organic,46-55,T2,cautious,1864.68,0
7380,2024-08-16 00:00:00,bank_partner,36-45,T1,balanced,5116.1,1
7381,2024-12-18 00:00:00,organic,26-35,T3+,balanced,13748.96,1
7382,2024-04-30 00:00:00,social,36-45,T3+,balanced,22890.52,0
7383,2024-11-12 00:00:00,organic,46-55,T2,cautious,31918.95,1
7384,2024-03-29 00:00:00,paid_search,36-45,T2,cautious,5361.64,1
7385,2024-07-10 00:00:00,bank_partner,46-55,T2,aggressive,3809.71,1
7386,2024-06-23 00:00:00,organic,26-35,T2,cautious,15237.4,1
7387,2024-01-04 00:00:00,organic,26-35,T3+,balanced,10782.8,0
7388,2024-07-23 00:00:00,referral,26-35,T2,balanced,70903.23,0
7389,2024-12-10 00:00:00,organic,36-45,T2,cautious,3111.97,1
7390,2024-05-29 00:00:00,organic,26-35,T3+,balanced,8423.41,1
7391,2024-07-12 00:00:00,social,18-25,T1,cautious,1622.34,0
7392,2024-01-10 00:00:00,paid_search,36-45,T2,balanced,18843.58,1
7393,2024-07-29 00:00:00,paid_search,26-35,T2,balanced,6460.16,1
7394,2024-02-19 00:00:00,organic,36-45,T1,balanced,12148.71,1
7395,2024-08-28 00:00:00,organic,36-45,T1,aggressive,76029.59,1
7396,2024-04-25 00:00:00,paid_search,36-45,T3+,balanced,91759.89,0
7397,2024-03-25 00:00:00,paid_search,36-45,T1,balanced,11185.15,0
7398,2024-06-08 00:00:00,organic,26-35,T3+,balanced,45703.88,0
7399,2024-08-01 00:00:00,social,18-25,T2,balanced,2244.4,0
7400,2024-09-27 00:00:00,social,36-45,T2,balanced,10493.07,1
7401,2024-04-02 00:00:00,referral,36-45,T2,balanced,4180.93,0
7402,2024-12-06 00:00:00,social,26-35,T2,aggressive,7338.65,1
7403,2024-08-06 00:00:00,paid_search,46-55,T1,cautious,9949.85,1
7404,2024-11-20 00:00:00,bank_partner,18-25,T1,aggressive,4539.78,1
7405,2024-09-14 00:00:00,organic,56+,T2,cautious,4900.72,0
7406,2024-12-13 00:00:00,referral,26-35,T2,cautious,11646.22,0
7407,2024-09-12 00:00:00,referral,36-45,T1,balanced,10505.78,1
7408,2024-05-15 00:00:00,organic,36-45,T1,balanced,11109.13,1
7409,2024-04-28 00:00:00,social,56+,T1,balanced,14236.64,1
7410,2024-06-12 00:00:00,paid_search,46-55,T2,cautious,23574.32,1
7411,2024-02-05 00:00:00,organic,26-35,T3+,aggressive,4725.28,1
7412,2024-10-09 00:00:00,bank_partner,56+,T3+,balanced,20058.19,0
7413,2024-08-31 00:00:00,organic,26-35,T3+,balanced,6640.16,1
7414,2024-06-09 00:00:00,referral,26-35,T1,balanced,3417.52,1
7415,2024-05-11 00:00:00,paid_search,36-45,T1,aggressive,12849.13,0
7416,2024-06-04 00:00:00,social,36-45,T1,balanced,12759.55,1
7417,2024-10-24 00:00:00,organic,46-55,T2,balanced,11098.41,1
7418,2024-07-01 00:00:00,bank_partner,46-55,T1,balanced,19704.65,1
7419,2024-09-10 00:00:00,organic,36-45,T3+,cautious,9770.01,0
7420,2024-09-28 00:00:00,referral,36-45,T3+,cautious,4422.0,1
7421,2024-11-16 00:00:00,organic,26-35,T2,cautious,6726.54,0
7422,2024-05-31 00:00:00,paid_search,46-55,T3+,cautious,3793.84,0
7423,2024-09-26 00:00:00,social,26-35,T2,balanced,34645.32,1
7424,2024-04-27 00:00:00,organic,46-55,T2,balanced,12985.97,0
7425,2024-03-09 00:00:00,referral,46-55,T1,cautious,11062.97,0
7426,2024-02-09 00:00:00,organic,46-55,T2,cautious,35781.69,1
7427,2024-06-08 00:00:00,referral,36-45,T3+,balanced,7283.12,1
7428,2024-05-19 00:00:00,paid_search,26-35,T2,balanced,2056.16,1
7429,2024-01-11 00:00:00,organic,18-25,T2,aggressive,10734.32,0
7430,2024-12-30 00:00:00,bank_partner,18-25,T1,aggressive,892.7,1
7431,2024-01-14 00:00:00,social,26-35,T1,balanced,6367.75,1
7432,2024-01-24 00:00:00,organic,56+,T3+,balanced,54711.38,1
7433,2024-03-10 00:00:00,referral,46-55,T2,aggressive,8972.45,1
7434,2024-01-03 00:00:00,bank_partner,46-55,T3+,balanced,1639.91,1
7435,2024-01-22 00:00:00,organic,36-45,T2,cautious,1761.32,1
7436,2024-11-05 00:00:00,paid_search,46-55,T2,aggressive,29213.44,0
7437,2024-08-18 00:00:00,referral,26-35,T2,aggressive,8303.84,1
7438,2024-06-16 00:00:00,paid_search,26-35,T1,balanced,15069.9,1
7439,2024-08-19 00:00:00,paid_search,26-35,T3+,balanced,43068.27,1
7440,2024-11-19 00:00:00,bank_partner,26-35,T2,balanced,5823.9,1
7441,2024-10-17 00:00:00,bank_partner,36-45,T3+,balanced,10838.03,0
7442,2024-04-07 00:00:00,paid_search,46-55,T1,cautious,11372.86,1
7443,2024-08-13 00:00:00,organic,36-45,T1,cautious,15644.44,0
7444,2024-10-15 00:00:00,social,36-45,T2,cautious,4960.19,1
7445,2024-11-03 00:00:00,paid_search,26-35,T3+,cautious,2576.61,1
7446,2024-09-11 00:00:00,organic,36-45,T1,aggressive,4023.99,1
7447,2024-01-10 00:00:00,bank_partner,36-45,T3+,balanced,31454.82,0
7448,2024-10-19 00:00:00,social,26-35,T2,aggressive,11835.56,1
7449,2024-11-29 00:00:00,paid_search,26-35,T1,cautious,83417.32,1
7450,2024-02-23 00:00:00,organic,36-45,T3+,aggressive,2944.79,1
7451,2024-09-18 00:00:00,paid_search,26-35,T1,balanced,16749.23,1
7452,2024-09-29 00:00:00,referral,26-35,T2,balanced,10213.14,1
7453,2024-09-26 00:00:00,organic,18-25,T3+,cautious,6148.32,1
7454,2024-02-09 00:00:00,social,36-45,T3+,cautious,4532.44,1
7455,2024-01-30 00:00:00,bank_partner,26-35,T2,cautious,110062.26,0
7456,2024-10-30 00:00:00,paid_search,18-25,T2,balanced,8693.4,1
7457,2024-05-22 00:00:00,paid_search,26-35,T1,balanced,3902.91,0
7458,2024-05-27 00:00:00,social,56+,T3+,balanced,7631.33,0
7459,2024-06-01 00:00:00,paid_search,26-35,T3+,balanced,20837.94,1
7460,2024-12-29 00:00:00,referral,18-25,T2,aggressive,11797.9,1
7461,2024-10-15 00:00:00,paid_search,26-35,T2,cautious,6594.92,1
7462,2024-09-02 00:00:00,paid_search,18-25,T3+,balanced,947.74,1
7463,2024-04-18 00:00:00,organic,26-35,T1,aggressive,2916.58,0
7464,2024-02-27 00:00:00,referral,18-25,T2,aggressive,2377.17,0
7465,2024-09-26 00:00:00,organic,36-45,T3+,cautious,11021.44,0
7466,2024-05-20 00:00:00,paid_search,26-35,T3+,aggressive,24035.47,0
7467,2024-09-20 00:00:00,organic,26-35,T1,cautious,10735.04,0
7468,2024-01-24 00:00:00,social,26-35,T1,cautious,8724.34,1
7469,2024-11-28 00:00:00,bank_partner,46-55,T3+,aggressive,14976.2,1
7470,2024-06-16 00:00:00,referral,46-55,T2,cautious,4194.62,1
7471,2024-02-01 00:00:00,paid_search,26-35,T2,cautious,15616.4,1
7472,2024-12-31 00:00:00,referral,18-25,T1,balanced,3868.08,1
7473,2024-01-22 00:00:00,referral,26-35,T3+,balanced,54612.35,0
7474,2024-02-09 00:00:00,referral,36-45,T2,aggressive,18035.3,0
7475,2024-11-12 00:00:00,organic,26-35,T2,balanced,4595.38,1
7476,2024-01-10 00:00:00,social,26-35,T1,balanced,10287.93,0
7477,2024-04-07 00:00:00,referral,26-35,T1,aggressive,10477.18,1
7478,2024-12-05 00:00:00,organic,46-55,T1,balanced,3492.6,1
7479,2024-05-12 00:00:00,referral,36-45,T2,cautious,3500.2,1
7480,2024-12-27 00:00:00,social,36-45,T1,cautious,3745.21,1
7481,2024-04-21 00:00:00,paid_search,26-35,T2,aggressive,13530.17,1
7482,2024-01-23 00:00:00,organic,26-35,T3+,balanced,5961.65,1
7483,2024-11-29 00:00:00,organic,26-35,T3+,balanced,8293.68,1
7484,2024-06-11 00:00:00,social,26-35,T2,cautious,1844.49,1
7485,2024-06-29 00:00:00,paid_search,26-35,T1,cautious,4308.0,0
7486,2024-01-30 00:00:00,organic,46-55,T2,cautious,20058.53,1
7487,2024-04-06 00:00:00,paid_search,26-35,T3+,aggressive,25718.83,1
7488,2024-03-11 00:00:00,organic,26-35,T3+,aggressive,1980.43,1
7489,2024-04-08 00:00:00,organic,36-45,T2,cautious,13362.19,1
7490,2024-07-26 00:00:00,organic,26-35,T2,aggressive,4931.54,1
7491,2024-02-09 00:00:00,bank_partner,26-35,T1,cautious,4824.84,0
7492,2024-03-10 00:00:00,bank_partner,26-35,T3+,aggressive,3320.31,0
7493,2024-05-24 00:00:00,organic,26-35,T2,balanced,6806.56,1
7494,2024-01-18 00:00:00,organic,36-45,T1,cautious,4958.37,1
7495,2024-03-05 00:00:00,referral,46-55,T1,balanced,16739.13,0
7496,2024-08-28 00:00:00,bank_partner,18-25,T3+,cautious,8046.27,1
7497,2024-09-25 00:00:00,social,46-55,T3+,cautious,4536.33,1
7498,2024-08-22 00:00:00,organic,18-25,T1,balanced,5427.51,1
7499,2024-09-29 00:00:00,organic,18-25,T2,balanced,3191.2,1
7500,2024-12-28 00:00:00,bank_partner,56+,T2,cautious,67984.98,1
7501,2024-07-20 00:00:00,organic,56+,T1,cautious,2724.11,0
7502,2024-12-10 00:00:00,referral,18-25,T1,balanced,690.96,1
7503,2024-09-29 00:00:00,social,26-35,T2,cautious,33932.27,1
7504,2024-10-16 00:00:00,social,26-35,T3+,cautious,26530.91,1
7505,2024-03-04 00:00:00,social,36-45,T1,aggressive,70308.64,0
7506,2024-06-22 00:00:00,organic,18-25,T1,aggressive,1789.15,1
7507,2024-01-29 00:00:00,paid_search,36-45,T1,balanced,9183.25,1
7508,2024-07-17 00:00:00,social,36-45,T3+,aggressive,833.8,0
7509,2024-08-14 00:00:00,organic,36-45,T3+,aggressive,10307.34,1
7510,2024-03-22 00:00:00,organic,26-35,T1,cautious,10091.55,0
7511,2024-11-26 00:00:00,paid_search,46-55,T3+,aggressive,10879.78,1
7512,2024-02-26 00:00:00,organic,36-45,T2,cautious,11830.78,1
7513,2024-10-26 00:00:00,referral,26-35,T2,balanced,20050.89,1
7514,2024-05-30 00:00:00,referral,36-45,T3+,aggressive,12847.49,0
7515,2024-03-16 00:00:00,social,18-25,T3+,balanced,1864.28,0
7516,2024-02-09 00:00:00,paid_search,36-45,T1,balanced,13140.26,1
7517,2024-01-15 00:00:00,paid_search,18-25,T3+,balanced,35308.26,1
7518,2024-08-24 00:00:00,paid_search,46-55,T3+,balanced,5656.3,1
7519,2024-09-24 00:00:00,referral,26-35,T2,cautious,2091.79,0
7520,2024-02-09 00:00:00,paid_search,18-25,T2,balanced,9496.49,1
7521,2024-01-08 00:00:00,paid_search,36-45,T2,aggressive,5262.19,1
7522,2024-12-06 00:00:00,organic,36-45,T2,aggressive,16121.77,0
7523,2024-10-19 00:00:00,referral,36-45,T3+,balanced,9348.84,1
7524,2024-05-23 00:00:00,organic,18-25,T3+,balanced,4353.86,1
7525,2024-03-02 00:00:00,paid_search,18-25,T2,balanced,1266.38,1
7526,2024-05-06 00:00:00,paid_search,46-55,T3+,balanced,17282.79,1
7527,2024-03-13 00:00:00,paid_search,56+,T3+,balanced,91576.84,1
7528,2024-09-29 00:00:00,organic,26-35,T3+,cautious,2919.97,1
7529,2024-05-18 00:00:00,paid_search,26-35,T1,cautious,9338.5,0
7530,2024-03-04 00:00:00,social,26-35,T3+,aggressive,13715.45,0
7531,2024-08-17 00:00:00,paid_search,26-35,T3+,cautious,575.83,0
7532,2024-10-08 00:00:00,paid_search,36-45,T1,balanced,2620.0,1
7533,2024-01-23 00:00:00,social,26-35,T3+,cautious,6338.8,1
7534,2024-03-01 00:00:00,bank_partner,36-45,T3+,balanced,14328.08,1
7535,2024-10-26 00:00:00,referral,26-35,T1,cautious,3760.16,0
7536,2024-06-20 00:00:00,bank_partner,36-45,T1,balanced,27600.8,0
7537,2024-07-22 00:00:00,organic,26-35,T2,balanced,8598.34,0
7538,2024-08-14 00:00:00,social,46-55,T3+,aggressive,34624.44,1
7539,2024-01-11 00:00:00,bank_partner,18-25,T2,balanced,2124.38,0
7540,2024-07-10 00:00:00,social,36-45,T1,aggressive,10628.76,1
7541,2024-11-16 00:00:00,referral,26-35,T1,cautious,3199.49,1
7542,2024-11-20 00:00:00,organic,26-35,T1,cautious,2571.01,1
7543,2024-12-26 00:00:00,organic,46-55,T2,cautious,6588.6,1
7544,2024-10-14 00:00:00,bank_partner,26-35,T2,balanced,2126.57,0
7545,2024-06-03 00:00:00,organic,26-35,T1,balanced,16404.34,1
7546,2024-04-12 00:00:00,organic,46-55,T1,balanced,30917.72,1
7547,2024-06-25 00:00:00,organic,36-45,T3+,balanced,500.0,1
7548,2024-11-21 00:00:00,organic,26-35,T2,balanced,7306.11,1
7549,2024-11-26 00:00:00,referral,26-35,T2,balanced,5110.46,1
7550,2024-07-02 00:00:00,bank_partner,26-35,T2,cautious,16664.03,1
7551,2024-04-05 00:00:00,paid_search,36-45,T1,balanced,10961.94,0
7552,2024-10-14 00:00:00,organic,26-35,T2,cautious,8316.38,1
7553,2024-04-28 00:00:00,paid_search,46-55,T1,aggressive,17624.21,1
7554,2024-03-04 00:00:00,bank_partner,26-35,T3+,balanced,35895.2,0
7555,2024-07-10 00:00:00,organic,26-35,T1,cautious,500.0,1
7556,2024-01-17 00:00:00,organic,36-45,T2,balanced,1208.57,1
7557,2024-10-15 00:00:00,social,36-45,T2,balanced,1287.48,1
7558,2024-01-09 00:00:00,organic,18-25,T3+,cautious,6665.04,1
7559,2024-07-25 00:00:00,social,56+,T1,balanced,28637.24,0
7560,2024-09-03 00:00:00,paid_search,36-45,T1,aggressive,37699.7,1
7561,2024-08-09 00:00:00,referral,18-25,T2,balanced,9300.84,0
7562,2024-04-06 00:00:00,paid_search,36-45,T3+,cautious,1745.73,1
7563,2024-07-11 00:00:00,paid_search,36-45,T1,balanced,20620.91,1
7564,2024-11-30 00:00:00,organic,36-45,T1,cautious,5906.5,1
7565,2024-11-13 00:00:00,organic,36-45,T1,cautious,3750.56,1
7566,2024-07-27 00:00:00,bank_partner,36-45,T3+,balanced,8354.1,1
7567,2024-05-01 00:00:00,bank_partner,46-55,T1,balanced,5979.16,0
7568,2024-05-07 00:00:00,paid_search,18-25,T2,balanced,1361.69,1
7569,2024-10-30 00:00:00,organic,36-45,T2,balanced,13749.93,1
7570,2024-08-23 00:00:00,organic,18-25,T3+,aggressive,8620.3,1
7571,2024-05-22 00:00:00,paid_search,26-35,T2,balanced,4721.4,1
7572,2024-11-04 00:00:00,bank_partner,46-55,T1,cautious,4241.68,1
7573,2024-07-26 00:00:00,social,46-55,T3+,cautious,88392.05,0
7574,2024-02-08 00:00:00,paid_search,18-25,T3+,balanced,2807.92,0
7575,2024-06-29 00:00:00,social,26-35,T1,balanced,5701.69,1
7576,2024-04-09 00:00:00,referral,26-35,T2,aggressive,3487.28,1
7577,2024-08-09 00:00:00,social,18-25,T2,cautious,11610.18,1
7578,2024-10-23 00:00:00,organic,56+,T2,balanced,4424.97,1
7579,2024-01-24 00:00:00,paid_search,18-25,T2,balanced,3778.29,0
7580,2024-02-25 00:00:00,social,18-25,T2,balanced,34938.28,1
7581,2024-04-20 00:00:00,paid_search,26-35,T1,aggressive,9136.3,0
7582,2024-11-18 00:00:00,paid_search,26-35,T3+,balanced,1611.64,0
7583,2024-09-18 00:00:00,organic,26-35,T3+,cautious,10295.62,1
7584,2024-10-24 00:00:00,referral,18-25,T3+,cautious,2886.62,1
7585,2024-02-04 00:00:00,social,26-35,T1,balanced,11595.83,1
7586,2024-02-07 00:00:00,bank_partner,36-45,T2,aggressive,12871.66,0
7587,2024-03-20 00:00:00,referral,36-45,T2,balanced,2123.59,1
7588,2024-09-20 00:00:00,paid_search,36-45,T2,cautious,2979.55,0
7589,2024-09-08 00:00:00,organic,26-35,T1,cautious,23306.99,0
7590,2024-11-12 00:00:00,organic,26-35,T3+,aggressive,19639.68,1
7591,2024-02-05 00:00:00,paid_search,26-35,T1,cautious,11683.88,1
7592,2024-09-15 00:00:00,referral,26-35,T2,balanced,1489.0,1
7593,2024-10-22 00:00:00,bank_partner,36-45,T3+,balanced,10189.45,1
7594,2024-07-10 00:00:00,organic,36-45,T3+,cautious,11369.48,1
7595,2024-11-29 00:00:00,organic,26-35,T2,cautious,39151.21,0
7596,2024-12-25 00:00:00,social,26-35,T3+,aggressive,22476.95,0
7597,2024-02-11 00:00:00,paid_search,18-25,T2,balanced,4208.92,1
7598,2024-11-25 00:00:00,social,36-45,T2,cautious,7620.17,1
7599,2024-05-19 00:00:00,referral,26-35,T3+,cautious,4777.37,1
7600,2024-08-01 00:00:00,organic,36-45,T1,cautious,10851.33,1
7601,2024-12-24 00:00:00,organic,56+,T3+,aggressive,127588.22,1
7602,2024-12-10 00:00:00,referral,26-35,T1,cautious,4843.96,0
7603,2024-08-28 00:00:00,organic,26-35,T2,balanced,5105.08,0
7604,2024-04-28 00:00:00,social,46-55,T3+,balanced,6719.8,0
7605,2024-01-03 00:00:00,social,26-35,T2,cautious,4930.15,1
7606,2024-02-15 00:00:00,organic,18-25,T1,cautious,2893.27,1
7607,2024-06-13 00:00:00,bank_partner,46-55,T2,balanced,5863.23,1
7608,2024-04-03 00:00:00,social,26-35,T3+,aggressive,7389.59,1
7609,2024-12-10 00:00:00,social,26-35,T3+,balanced,6886.31,1
7610,2024-02-17 00:00:00,paid_search,36-45,T2,balanced,40523.25,1
7611,2024-06-14 00:00:00,social,36-45,T1,aggressive,6341.84,1
7612,2024-11-09 00:00:00,social,26-35,T3+,cautious,5590.6,1
7613,2024-03-13 00:00:00,social,46-55,T3+,cautious,13640.22,0
7614,2024-08-20 00:00:00,organic,26-35,T1,cautious,11020.92,1
7615,2024-05-05 00:00:00,paid_search,46-55,T1,balanced,6778.28,0
7616,2024-12-07 00:00:00,social,46-55,T2,aggressive,19222.91,1
7617,2024-11-03 00:00:00,organic,46-55,T1,aggressive,43263.66,0
7618,2024-01-29 00:00:00,organic,26-35,T3+,balanced,16386.87,1
7619,2024-09-25 00:00:00,bank_partner,26-35,T2,cautious,14871.68,1
7620,2024-08-24 00:00:00,bank_partner,26-35,T2,balanced,3284.18,1
7621,2024-07-14 00:00:00,organic,26-35,T2,cautious,8925.49,1
7622,2024-11-07 00:00:00,organic,18-25,T1,balanced,1301.02,1
7623,2024-09-17 00:00:00,organic,56+,T3+,balanced,3631.61,0
7624,2024-02-14 00:00:00,organic,26-35,T1,cautious,12201.76,1
7625,2024-08-17 00:00:00,organic,26-35,T1,balanced,10392.41,0
7626,2024-06-02 00:00:00,organic,18-25,T2,aggressive,3830.07,0
7627,2024-09-24 00:00:00,bank_partner,46-55,T1,balanced,7876.82,1
7628,2024-12-11 00:00:00,organic,36-45,T2,cautious,750.42,1
7629,2024-03-05 00:00:00,referral,36-45,T1,balanced,47735.74,1
7630,2024-05-27 00:00:00,bank_partner,36-45,T1,balanced,7687.52,0
7631,2024-05-07 00:00:00,organic,26-35,T1,balanced,4096.92,1
7632,2024-07-07 00:00:00,referral,26-35,T3+,aggressive,7432.44,1
7633,2024-09-21 00:00:00,referral,36-45,T3+,balanced,31349.23,0
7634,2024-02-15 00:00:00,social,36-45,T2,aggressive,4171.83,1
7635,2024-10-03 00:00:00,referral,36-45,T1,aggressive,17792.22,1
7636,2024-12-22 00:00:00,referral,36-45,T2,cautious,67427.38,0
7637,2024-07-25 00:00:00,organic,26-35,T3+,aggressive,23759.17,0
7638,2024-09-22 00:00:00,referral,18-25,T2,balanced,1522.77,0
7639,2024-07-06 00:00:00,social,36-45,T1,aggressive,7059.35,1
7640,2024-06-15 00:00:00,referral,46-55,T1,aggressive,9864.28,0
7641,2024-05-06 00:00:00,referral,26-35,T1,cautious,29274.5,1
7642,2024-08-26 00:00:00,organic,26-35,T2,cautious,10948.37,1
7643,2024-07-26 00:00:00,social,26-35,T1,cautious,38179.37,1
7644,2024-11-24 00:00:00,paid_search,26-35,T1,cautious,20211.71,1
7645,2024-03-09 00:00:00,organic,18-25,T3+,cautious,12343.69,1
7646,2024-07-28 00:00:00,paid_search,46-55,T3+,cautious,5712.56,1
7647,2024-09-27 00:00:00,organic,26-35,T1,cautious,10930.99,1
7648,2024-08-23 00:00:00,organic,46-55,T1,cautious,31467.38,0
7649,2024-09-14 00:00:00,organic,26-35,T2,aggressive,3316.44,0
7650,2024-09-20 00:00:00,organic,46-55,T2,balanced,5987.35,1
7651,2024-09-25 00:00:00,paid_search,26-35,T2,cautious,5425.14,1
7652,2024-11-07 00:00:00,organic,26-35,T3+,cautious,7704.94,0
7653,2024-08-22 00:00:00,organic,36-45,T2,balanced,4357.32,1
7654,2024-06-12 00:00:00,bank_partner,36-45,T2,balanced,10741.1,1
7655,2024-06-05 00:00:00,referral,26-35,T1,cautious,5243.35,1
7656,2024-02-10 00:00:00,organic,46-55,T2,cautious,19866.25,1
7657,2024-05-27 00:00:00,paid_search,18-25,T3+,balanced,4376.46,1
7658,2024-07-12 00:00:00,paid_search,26-35,T1,cautious,9718.99,1
7659,2024-03-29 00:00:00,organic,26-35,T2,balanced,7781.55,1
7660,2024-04-27 00:00:00,referral,36-45,T2,aggressive,6787.96,1
7661,2024-08-13 00:00:00,bank_partner,26-35,T3+,aggressive,90836.75,1
7662,2024-05-12 00:00:00,organic,26-35,T2,balanced,8891.6,1
7663,2024-07-17 00:00:00,organic,26-35,T2,cautious,7939.42,1
7664,2024-05-24 00:00:00,paid_search,56+,T3+,cautious,10278.15,0
7665,2024-05-20 00:00:00,paid_search,36-45,T2,balanced,7242.44,1
7666,2024-06-25 00:00:00,organic,18-25,T2,aggressive,2372.91,1
7667,2024-03-23 00:00:00,bank_partner,36-45,T3+,cautious,13370.88,1
7668,2024-12-28 00:00:00,organic,26-35,T1,balanced,4182.7,0
7669,2024-07-03 00:00:00,bank_partner,18-25,T2,cautious,2765.84,0
7670,2024-11-16 00:00:00,organic,56+,T1,balanced,9996.21,0
7671,2024-07-24 00:00:00,bank_partner,18-25,T1,aggressive,2106.62,1
7672,2024-01-26 00:00:00,bank_partner,26-35,T1,cautious,31939.61,1
7673,2024-12-17 00:00:00,organic,56+,T3+,aggressive,26937.33,1
7674,2024-10-14 00:00:00,social,26-35,T2,cautious,12308.66,1
7675,2024-12-09 00:00:00,organic,18-25,T3+,balanced,57209.52,1
7676,2024-03-25 00:00:00,paid_search,26-35,T2,balanced,13706.78,1
7677,2024-07-11 00:00:00,organic,26-35,T1,balanced,2400.81,0
7678,2024-04-29 00:00:00,organic,26-35,T2,balanced,8104.7,0
7679,2024-08-05 00:00:00,organic,46-55,T2,aggressive,7158.78,0
7680,2024-06-15 00:00:00,paid_search,56+,T2,balanced,109143.23,0
7681,2024-10-25 00:00:00,paid_search,36-45,T2,balanced,1216.47,1
7682,2024-08-31 00:00:00,organic,56+,T1,cautious,62407.81,1
7683,2024-07-21 00:00:00,bank_partner,46-55,T1,cautious,8042.12,1
7684,2024-06-10 00:00:00,paid_search,26-35,T3+,aggressive,1469.67,0
7685,2024-06-26 00:00:00,referral,36-45,T1,balanced,7353.82,1
7686,2024-03-07 00:00:00,referral,36-45,T3+,aggressive,4752.22,1
7687,2024-03-02 00:00:00,bank_partner,18-25,T3+,balanced,901.97,1
7688,2024-05-29 00:00:00,referral,26-35,T2,cautious,9335.67,1
7689,2024-12-07 00:00:00,social,26-35,T3+,cautious,4840.15,1
7690,2024-05-04 00:00:00,social,36-45,T1,balanced,5499.96,1
7691,2024-02-24 00:00:00,organic,46-55,T3+,balanced,23036.29,1
7692,2024-06-07 00:00:00,paid_search,46-55,T1,cautious,6065.48,1
7693,2024-03-15 00:00:00,paid_search,18-25,T3+,balanced,54993.2,1
7694,2024-03-25 00:00:00,organic,46-55,T2,cautious,55132.83,1
7695,2024-10-08 00:00:00,bank_partner,18-25,T3+,balanced,3732.8,1
7696,2024-01-08 00:00:00,organic,18-25,T1,balanced,18492.19,1
7697,2024-08-20 00:00:00,bank_partner,56+,T3+,cautious,4802.63,1
7698,2024-03-29 00:00:00,organic,18-25,T3+,balanced,1651.89,1
7699,2024-03-14 00:00:00,organic,56+,T1,cautious,5767.2,1
7700,2024-04-06 00:00:00,paid_search,26-35,T3+,cautious,7198.11,1
7701,2024-04-25 00:00:00,organic,18-25,T2,balanced,500.0,1
7702,2024-06-10 00:00:00,paid_search,26-35,T1,balanced,14196.7,1
7703,2024-12-26 00:00:00,bank_partner,46-55,T1,aggressive,55718.89,1
7704,2024-03-02 00:00:00,organic,46-55,T2,aggressive,9730.25,0
7705,2024-05-10 00:00:00,referral,46-55,T2,cautious,17090.08,1
7706,2024-04-24 00:00:00,social,26-35,T2,cautious,11023.2,1
7707,2024-01-22 00:00:00,organic,26-35,T1,aggressive,3443.9,1
7708,2024-05-21 00:00:00,organic,18-25,T1,balanced,3394.53,1
7709,2024-07-30 00:00:00,social,26-35,T2,balanced,4877.42,1
7710,2024-06-03 00:00:00,paid_search,26-35,T3+,balanced,5969.17,1
7711,2024-10-19 00:00:00,bank_partner,18-25,T2,balanced,24597.14,1
7712,2024-03-08 00:00:00,referral,56+,T3+,balanced,11486.5,1
7713,2024-06-11 00:00:00,social,46-55,T3+,cautious,10553.41,1
7714,2024-11-23 00:00:00,social,56+,T3+,cautious,8933.39,0
7715,2024-01-07 00:00:00,organic,18-25,T3+,cautious,10122.14,1
7716,2024-01-11 00:00:00,social,18-25,T3+,cautious,5841.17,0
7717,2024-08-29 00:00:00,organic,46-55,T2,balanced,29716.6,1
7718,2024-08-01 00:00:00,social,46-55,T1,cautious,45904.29,1
7719,2024-04-14 00:00:00,paid_search,36-45,T2,cautious,14658.43,1
7720,2024-08-16 00:00:00,organic,26-35,T1,balanced,33003.87,1
7721,2024-10-22 00:00:00,paid_search,26-35,T1,cautious,41386.06,1
7722,2024-05-18 00:00:00,social,36-45,T3+,cautious,8696.68,1
7723,2024-05-04 00:00:00,bank_partner,26-35,T1,aggressive,6210.86,1
7724,2024-02-15 00:00:00,referral,26-35,T2,balanced,7048.74,1
7725,2024-07-27 00:00:00,organic,46-55,T1,aggressive,5437.71,1
7726,2024-07-11 00:00:00,organic,26-35,T2,aggressive,3331.72,1
7727,2024-01-20 00:00:00,paid_search,26-35,T3+,cautious,28851.68,1
7728,2024-11-08 00:00:00,paid_search,18-25,T1,balanced,31427.59,1
7729,2024-12-28 00:00:00,bank_partner,46-55,T3+,aggressive,46849.28,1
7730,2024-10-30 00:00:00,referral,46-55,T1,balanced,33866.85,1
7731,2024-12-03 00:00:00,social,26-35,T2,cautious,7511.18,1
7732,2024-05-17 00:00:00,social,18-25,T1,balanced,11846.63,1
7733,2024-11-28 00:00:00,referral,26-35,T3+,balanced,8700.92,0
7734,2024-02-07 00:00:00,social,18-25,T1,balanced,6147.53,0
7735,2024-09-15 00:00:00,organic,36-45,T3+,cautious,1903.1,1
7736,2024-11-28 00:00:00,organic,18-25,T2,cautious,11333.36,0
7737,2024-11-14 00:00:00,social,26-35,T1,balanced,8754.68,1
7738,2024-08-03 00:00:00,bank_partner,36-45,T3+,aggressive,21733.56,0
7739,2024-02-08 00:00:00,organic,36-45,T3+,aggressive,2835.89,1
7740,2024-02-01 00:00:00,referral,36-45,T2,cautious,2421.33,1
7741,2024-11-19 00:00:00,referral,26-35,T3+,balanced,5770.29,0
7742,2024-08-28 00:00:00,social,46-55,T2,aggressive,34358.56,0
7743,2024-01-03 00:00:00,social,56+,T1,aggressive,13907.93,0
7744,2024-02-07 00:00:00,paid_search,36-45,T2,aggressive,24468.56,0
7745,2024-12-22 00:00:00,organic,26-35,T3+,cautious,7324.48,1
7746,2024-01-01 00:00:00,social,46-55,T3+,cautious,52745.14,1
7747,2024-09-17 00:00:00,paid_search,56+,T1,balanced,15240.37,1
7748,2024-06-01 00:00:00,referral,26-35,T3+,cautious,24545.33,1
7749,2024-11-01 00:00:00,organic,36-45,T3+,balanced,101988.67,1
7750,2024-09-04 00:00:00,referral,46-55,T2,balanced,5029.17,1
7751,2024-04-20 00:00:00,organic,26-35,T3+,cautious,11121.49,1
7752,2024-11-09 00:00:00,organic,18-25,T2,cautious,4132.74,1
7753,2024-01-28 00:00:00,paid_search,46-55,T2,cautious,32923.34,0
7754,2024-04-10 00:00:00,organic,26-35,T2,balanced,6088.34,1
7755,2024-07-31 00:00:00,paid_search,26-35,T2,balanced,12248.28,1
7756,2024-06-19 00:00:00,organic,46-55,T2,aggressive,11146.58,1
7757,2024-01-03 00:00:00,social,56+,T3+,balanced,49160.53,1
7758,2024-01-30 00:00:00,organic,36-45,T3+,balanced,3364.25,1
7759,2024-07-06 00:00:00,organic,46-55,T3+,balanced,24673.52,1
7760,2024-03-17 00:00:00,referral,26-35,T2,balanced,10758.92,1
7761,2024-07-29 00:00:00,referral,26-35,T1,cautious,10166.86,1
7762,2024-06-02 00:00:00,organic,18-25,T2,balanced,2392.85,1
7763,2024-08-26 00:00:00,organic,46-55,T2,balanced,15750.51,1
7764,2024-03-08 00:00:00,paid_search,36-45,T2,balanced,6054.02,0
7765,2024-09-02 00:00:00,organic,18-25,T1,cautious,4029.85,1
7766,2024-06-15 00:00:00,organic,26-35,T2,cautious,8568.49,0
7767,2024-03-20 00:00:00,referral,26-35,T2,aggressive,4751.73,1
7768,2024-01-24 00:00:00,organic,36-45,T3+,cautious,3464.59,1
7769,2024-10-02 00:00:00,social,26-35,T2,aggressive,1918.78,1
7770,2024-04-28 00:00:00,organic,56+,T3+,cautious,28973.62,0
7771,2024-06-20 00:00:00,bank_partner,26-35,T1,balanced,3580.45,1
7772,2024-05-09 00:00:00,social,26-35,T1,aggressive,5128.77,1
7773,2024-01-31 00:00:00,paid_search,56+,T1,balanced,3940.73,1
7774,2024-06-04 00:00:00,paid_search,26-35,T2,cautious,29410.12,1
7775,2024-09-03 00:00:00,paid_search,36-45,T3+,cautious,30375.13,1
7776,2024-12-16 00:00:00,organic,36-45,T3+,balanced,39883.96,1
7777,2024-05-08 00:00:00,referral,18-25,T2,cautious,21844.08,1
7778,2024-03-15 00:00:00,paid_search,36-45,T3+,cautious,7959.07,1
7779,2024-01-02 00:00:00,paid_search,46-55,T1,cautious,10353.77,1
7780,2024-12-06 00:00:00,organic,36-45,T1,aggressive,1404.3,1
7781,2024-02-27 00:00:00,paid_search,46-55,T2,aggressive,5626.12,1
7782,2024-12-01 00:00:00,referral,36-45,T1,balanced,5497.08,1
7783,2024-11-25 00:00:00,referral,56+,T2,balanced,25983.57,1
7784,2024-12-10 00:00:00,referral,36-45,T1,balanced,3658.78,1
7785,2024-06-21 00:00:00,organic,26-35,T3+,cautious,4837.36,0
7786,2024-08-17 00:00:00,social,26-35,T3+,cautious,36322.62,1
7787,2024-01-15 00:00:00,paid_search,26-35,T2,aggressive,1505.11,0
7788,2024-05-21 00:00:00,social,46-55,T1,cautious,4165.35,1
7789,2024-10-01 00:00:00,referral,18-25,T2,cautious,63309.61,1
7790,2024-10-08 00:00:00,paid_search,36-45,T2,cautious,5668.16,1
7791,2024-04-02 00:00:00,social,36-45,T3+,cautious,62943.92,1
7792,2024-09-27 00:00:00,social,56+,T1,cautious,3939.21,1
7793,2024-06-06 00:00:00,paid_search,46-55,T2,aggressive,67805.07,1
7794,2024-04-24 00:00:00,referral,36-45,T2,balanced,8991.28,1
7795,2024-06-21 00:00:00,organic,18-25,T1,balanced,5546.29,1
7796,2024-08-03 00:00:00,organic,26-35,T2,balanced,9589.55,0
7797,2024-11-03 00:00:00,social,46-55,T2,balanced,42412.98,1
7798,2024-02-11 00:00:00,referral,26-35,T3+,aggressive,2449.9,1
7799,2024-07-07 00:00:00,organic,26-35,T1,balanced,47620.68,1
7800,2024-10-06 00:00:00,referral,36-45,T1,balanced,11977.48,1
7801,2024-07-04 00:00:00,bank_partner,26-35,T3+,balanced,18999.18,1
7802,2024-02-11 00:00:00,bank_partner,46-55,T2,aggressive,3279.2,1
7803,2024-05-04 00:00:00,organic,26-35,T1,cautious,47562.74,1
7804,2024-12-31 00:00:00,paid_search,26-35,T3+,balanced,41475.87,1
7805,2024-12-08 00:00:00,organic,18-25,T2,cautious,2915.46,1
7806,2024-10-12 00:00:00,bank_partner,26-35,T2,cautious,5718.89,0
7807,2024-09-23 00:00:00,organic,56+,T1,cautious,2974.91,1
7808,2024-09-19 00:00:00,referral,26-35,T3+,cautious,6949.07,0
7809,2024-02-18 00:00:00,paid_search,46-55,T1,aggressive,26656.19,0
7810,2024-12-31 00:00:00,bank_partner,36-45,T2,aggressive,14345.31,1
7811,2024-11-08 00:00:00,bank_partner,18-25,T1,cautious,5779.68,1
7812,2024-01-19 00:00:00,referral,26-35,T2,cautious,20132.99,1
7813,2024-11-16 00:00:00,organic,18-25,T2,balanced,3131.34,1
7814,2024-03-21 00:00:00,bank_partner,26-35,T1,balanced,11089.38,1
7815,2024-02-01 00:00:00,social,26-35,T2,balanced,13710.68,1
7816,2024-06-07 00:00:00,referral,36-45,T2,aggressive,17191.01,1
7817,2024-05-22 00:00:00,organic,46-55,T1,cautious,27184.86,1
7818,2024-10-07 00:00:00,organic,26-35,T2,balanced,4743.54,1
7819,2024-03-22 00:00:00,bank_partner,18-25,T2,cautious,1583.77,1
7820,2024-12-13 00:00:00,organic,26-35,T1,balanced,3827.06,0
7821,2024-05-29 00:00:00,organic,26-35,T1,aggressive,50313.96,1
7822,2024-08-08 00:00:00,paid_search,36-45,T2,cautious,18597.0,0
7823,2024-02-09 00:00:00,bank_partner,36-45,T3+,cautious,16715.01,1
7824,2024-10-01 00:00:00,social,56+,T3+,balanced,10514.76,0
7825,2024-05-16 00:00:00,referral,36-45,T1,balanced,5944.87,1
7826,2024-04-03 00:00:00,organic,46-55,T3+,balanced,5183.66,0
7827,2024-06-07 00:00:00,bank_partner,18-25,T2,aggressive,19152.06,1
7828,2024-06-14 00:00:00,organic,46-55,T2,balanced,6805.6,1
7829,2024-05-03 00:00:00,bank_partner,26-35,T2,balanced,29620.31,1
7830,2024-07-05 00:00:00,bank_partner,26-35,T2,aggressive,11308.1,1
7831,2024-05-07 00:00:00,paid_search,36-45,T3+,cautious,539.69,0
7832,2024-07-02 00:00:00,organic,26-35,T3+,cautious,29749.52,1
7833,2024-03-06 00:00:00,paid_search,26-35,T1,cautious,1250.55,0
7834,2024-01-15 00:00:00,paid_search,46-55,T3+,cautious,3419.64,1
7835,2024-04-23 00:00:00,referral,36-45,T3+,cautious,3345.96,0
7836,2024-05-03 00:00:00,paid_search,18-25,T1,balanced,4716.03,0
7837,2024-03-24 00:00:00,paid_search,26-35,T2,balanced,5026.15,1
7838,2024-12-02 00:00:00,referral,26-35,T3+,balanced,51805.54,1
7839,2024-05-13 00:00:00,paid_search,26-35,T2,balanced,1248.62,1
7840,2024-01-05 00:00:00,social,36-45,T2,cautious,12425.64,0
7841,2024-04-09 00:00:00,social,36-45,T3+,balanced,10447.27,1
7842,2024-11-08 00:00:00,bank_partner,36-45,T1,balanced,78104.65,0
7843,2024-07-09 00:00:00,organic,18-25,T1,cautious,28680.0,1
7844,2024-11-21 00:00:00,referral,56+,T2,aggressive,14196.61,1
7845,2024-05-15 00:00:00,social,36-45,T2,aggressive,2966.09,1
7846,2024-05-23 00:00:00,organic,26-35,T3+,balanced,3747.98,1
7847,2024-10-14 00:00:00,organic,56+,T1,aggressive,25048.78,0
7848,2024-10-19 00:00:00,social,36-45,T1,cautious,20519.33,1
7849,2024-02-01 00:00:00,bank_partner,46-55,T2,cautious,23885.06,1
7850,2024-03-06 00:00:00,organic,26-35,T1,balanced,13867.74,0
7851,2024-02-10 00:00:00,referral,46-55,T2,balanced,14759.81,1
7852,2024-09-10 00:00:00,referral,36-45,T1,balanced,39026.9,1
7853,2024-09-02 00:00:00,paid_search,56+,T2,aggressive,19278.08,0
7854,2024-12-19 00:00:00,bank_partner,36-45,T3+,balanced,6118.78,1
7855,2024-08-28 00:00:00,paid_search,26-35,T3+,cautious,2325.56,1
7856,2024-03-13 00:00:00,paid_search,36-45,T3+,balanced,54578.09,1
7857,2024-05-17 00:00:00,social,26-35,T3+,balanced,3404.8,1
7858,2024-03-27 00:00:00,social,36-45,T3+,cautious,9007.66,0
7859,2024-10-13 00:00:00,paid_search,46-55,T3+,aggressive,88269.66,1
7860,2024-05-28 00:00:00,organic,46-55,T2,balanced,2642.45,0
7861,2024-09-07 00:00:00,organic,36-45,T2,cautious,3166.86,1
7862,2024-02-12 00:00:00,bank_partner,18-25,T2,cautious,5824.72,0
7863,2024-11-30 00:00:00,organic,26-35,T2,aggressive,3601.66,1
7864,2024-04-04 00:00:00,organic,46-55,T2,balanced,30543.98,1
7865,2024-05-16 00:00:00,paid_search,26-35,T3+,balanced,1371.62,1
7866,2024-09-25 00:00:00,referral,36-45,T3+,cautious,39099.82,1
7867,2024-04-15 00:00:00,organic,36-45,T2,cautious,2952.23,0
7868,2024-09-05 00:00:00,referral,26-35,T1,aggressive,27237.19,1
7869,2024-03-05 00:00:00,organic,46-55,T1,balanced,16501.22,1
7870,2024-03-15 00:00:00,organic,36-45,T3+,aggressive,4838.52,0
7871,2024-02-01 00:00:00,referral,56+,T2,cautious,5455.65,0
7872,2024-07-09 00:00:00,paid_search,18-25,T1,cautious,620.25,0
7873,2024-04-23 00:00:00,organic,18-25,T3+,balanced,2374.5,1
7874,2024-08-21 00:00:00,organic,26-35,T1,balanced,9851.93,0
7875,2024-04-10 00:00:00,organic,36-45,T3+,balanced,8153.01,0
7876,2024-11-14 00:00:00,paid_search,18-25,T2,cautious,5170.99,1
7877,2024-03-04 00:00:00,paid_search,56+,T2,cautious,42341.22,1
7878,2024-01-22 00:00:00,paid_search,46-55,T2,cautious,6121.08,0
7879,2024-01-05 00:00:00,referral,36-45,T3+,cautious,14253.54,1
7880,2024-04-22 00:00:00,organic,26-35,T2,balanced,11308.23,1
7881,2024-12-25 00:00:00,referral,36-45,T1,cautious,3788.88,0
7882,2024-01-27 00:00:00,organic,36-45,T1,balanced,2530.93,1
7883,2024-07-01 00:00:00,social,26-35,T1,cautious,13212.57,1
7884,2024-09-19 00:00:00,bank_partner,26-35,T1,aggressive,47922.64,0
7885,2024-09-14 00:00:00,bank_partner,36-45,T2,cautious,9858.66,1
7886,2024-05-02 00:00:00,social,26-35,T2,balanced,8414.37,1
7887,2024-06-29 00:00:00,organic,36-45,T2,aggressive,19378.41,1
7888,2024-11-27 00:00:00,paid_search,18-25,T2,balanced,4380.92,0
7889,2024-04-06 00:00:00,referral,46-55,T1,cautious,48235.85,0
7890,2024-07-06 00:00:00,referral,46-55,T3+,aggressive,8626.75,1
7891,2024-08-18 00:00:00,bank_partner,26-35,T1,cautious,1281.56,1
7892,2024-01-07 00:00:00,paid_search,56+,T2,balanced,7683.92,1
7893,2024-10-12 00:00:00,social,46-55,T2,balanced,4399.36,1
7894,2024-07-09 00:00:00,organic,56+,T1,balanced,8640.84,0
7895,2024-04-28 00:00:00,organic,26-35,T3+,cautious,5513.53,0
7896,2024-09-10 00:00:00,social,26-35,T3+,cautious,3990.03,1
7897,2024-11-22 00:00:00,social,46-55,T1,aggressive,19365.02,1
7898,2024-09-03 00:00:00,social,56+,T1,aggressive,14118.39,1
7899,2024-05-07 00:00:00,organic,36-45,T2,cautious,9802.61,1
7900,2024-01-19 00:00:00,bank_partner,36-45,T3+,balanced,20835.76,1
7901,2024-04-04 00:00:00,paid_search,26-35,T3+,cautious,4090.22,1
7902,2024-02-15 00:00:00,paid_search,36-45,T2,balanced,4707.02,1
7903,2024-09-29 00:00:00,social,26-35,T1,cautious,5655.93,0
7904,2024-07-14 00:00:00,referral,36-45,T3+,balanced,70275.89,1
7905,2024-03-03 00:00:00,paid_search,26-35,T1,cautious,14222.45,0
7906,2024-08-29 00:00:00,paid_search,26-35,T3+,balanced,4039.28,0
7907,2024-06-24 00:00:00,paid_search,36-45,T3+,balanced,4320.8,1
7908,2024-04-18 00:00:00,paid_search,26-35,T1,cautious,5867.72,1
7909,2024-03-20 00:00:00,referral,46-55,T1,balanced,25019.61,1
7910,2024-09-11 00:00:00,organic,46-55,T3+,balanced,13728.79,1
7911,2024-10-24 00:00:00,organic,26-35,T2,balanced,5813.66,1
7912,2024-01-16 00:00:00,paid_search,26-35,T3+,balanced,78189.31,1
7913,2024-10-10 00:00:00,paid_search,36-45,T3+,aggressive,20619.01,1
7914,2024-10-19 00:00:00,paid_search,46-55,T3+,balanced,3398.09,1
7915,2024-08-13 00:00:00,bank_partner,26-35,T3+,balanced,12098.86,0
7916,2024-11-20 00:00:00,organic,26-35,T1,cautious,29442.53,1
7917,2024-07-16 00:00:00,organic,46-55,T3+,cautious,40754.72,1
7918,2024-07-03 00:00:00,organic,46-55,T3+,cautious,1059.07,1
7919,2024-04-19 00:00:00,organic,18-25,T3+,balanced,4177.09,1
7920,2024-03-22 00:00:00,paid_search,26-35,T2,cautious,21293.79,1
7921,2024-09-10 00:00:00,organic,46-55,T1,cautious,70528.81,0
7922,2024-08-25 00:00:00,organic,26-35,T2,balanced,2159.57,0
7923,2024-01-05 00:00:00,paid_search,36-45,T1,cautious,8856.25,0
7924,2024-04-16 00:00:00,social,18-25,T1,balanced,3443.12,0
7925,2024-08-25 00:00:00,paid_search,36-45,T1,cautious,4850.8,1
7926,2024-04-05 00:00:00,paid_search,56+,T1,balanced,4604.04,1
7927,2024-08-24 00:00:00,paid_search,26-35,T1,cautious,9514.1,1
7928,2024-01-08 00:00:00,social,26-35,T2,cautious,5801.35,0
7929,2024-11-24 00:00:00,paid_search,26-35,T2,aggressive,10998.13,1
7930,2024-04-06 00:00:00,referral,26-35,T3+,cautious,2045.66,1
7931,2024-07-02 00:00:00,organic,46-55,T1,aggressive,3221.91,1
7932,2024-02-02 00:00:00,referral,18-25,T3+,balanced,1320.73,0
7933,2024-11-10 00:00:00,social,26-35,T1,balanced,1795.48,1
7934,2024-02-29 00:00:00,bank_partner,26-35,T1,aggressive,1594.96,1
7935,2024-02-06 00:00:00,organic,36-45,T3+,cautious,9024.28,1
7936,2024-05-03 00:00:00,paid_search,26-35,T3+,aggressive,4938.04,0
7937,2024-04-01 00:00:00,organic,46-55,T3+,aggressive,23413.99,0
7938,2024-08-14 00:00:00,social,26-35,T3+,aggressive,7950.31,1
7939,2024-04-08 00:00:00,organic,18-25,T3+,balanced,5728.15,1
7940,2024-01-20 00:00:00,organic,18-25,T3+,balanced,5086.9,1
7941,2024-04-16 00:00:00,organic,56+,T1,aggressive,15335.73,0
7942,2024-10-20 00:00:00,referral,56+,T1,balanced,7606.62,1
7943,2024-01-10 00:00:00,paid_search,26-35,T2,balanced,2168.64,0
7944,2024-01-11 00:00:00,bank_partner,26-35,T3+,aggressive,1479.48,1
7945,2024-12-08 00:00:00,social,46-55,T3+,balanced,10437.4,0
7946,2024-05-25 00:00:00,bank_partner,18-25,T2,balanced,1870.87,1
7947,2024-03-28 00:00:00,paid_search,36-45,T2,balanced,15415.53,1
7948,2024-11-26 00:00:00,organic,46-55,T2,cautious,2777.18,1
7949,2024-05-13 00:00:00,social,26-35,T3+,balanced,5305.32,1
7950,2024-09-18 00:00:00,referral,46-55,T1,balanced,11682.38,1
7951,2024-07-10 00:00:00,paid_search,56+,T2,balanced,10844.26,1
7952,2024-10-20 00:00:00,social,36-45,T1,cautious,8778.74,0
7953,2024-08-29 00:00:00,social,46-55,T1,aggressive,20804.11,0
7954,2024-06-14 00:00:00,paid_search,26-35,T3+,balanced,4774.25,1
7955,2024-12-26 00:00:00,organic,26-35,T2,cautious,2531.16,1
7956,2024-08-21 00:00:00,bank_partner,36-45,T3+,aggressive,4335.49,0
7957,2024-08-12 00:00:00,paid_search,36-45,T1,balanced,162719.77,1
7958,2024-06-08 00:00:00,bank_partner,26-35,T2,aggressive,12832.67,0
7959,2024-09-04 00:00:00,paid_search,26-35,T3+,cautious,7239.68,1
7960,2024-11-16 00:00:00,organic,36-45,T2,balanced,21193.94,1
7961,2024-06-07 00:00:00,organic,26-35,T3+,balanced,35556.28,0
7962,2024-06-20 00:00:00,social,36-45,T2,cautious,3691.25,1
7963,2024-06-15 00:00:00,social,46-55,T2,cautious,25108.02,1
7964,2024-12-22 00:00:00,social,26-35,T1,balanced,18177.63,1
7965,2024-12-17 00:00:00,organic,46-55,T1,cautious,3030.95,1
7966,2024-02-24 00:00:00,social,26-35,T3+,cautious,7902.88,1
7967,2024-12-10 00:00:00,organic,26-35,T2,cautious,10071.35,0
7968,2024-08-02 00:00:00,paid_search,26-35,T2,aggressive,10128.85,0
7969,2024-07-18 00:00:00,referral,36-45,T1,cautious,13018.43,1
7970,2024-03-11 00:00:00,referral,26-35,T2,balanced,4849.72,0
7971,2024-12-17 00:00:00,organic,46-55,T2,cautious,6165.61,1
7972,2024-06-14 00:00:00,social,26-35,T1,cautious,7375.37,1
7973,2024-02-25 00:00:00,bank_partner,56+,T1,balanced,39710.63,1
7974,2024-04-10 00:00:00,bank_partner,26-35,T3+,balanced,4937.8,1
7975,2024-11-09 00:00:00,organic,36-45,T3+,balanced,8939.29,1
7976,2024-05-26 00:00:00,bank_partner,46-55,T3+,aggressive,16584.67,0
7977,2024-08-15 00:00:00,bank_partner,36-45,T1,aggressive,4472.66,1
7978,2024-02-06 00:00:00,organic,18-25,T1,balanced,1710.54,0
7979,2024-09-16 00:00:00,bank_partner,26-35,T2,aggressive,5628.79,1
7980,2024-12-18 00:00:00,paid_search,46-55,T1,balanced,11947.17,0
7981,2024-12-02 00:00:00,organic,18-25,T2,balanced,3755.62,1
7982,2024-11-20 00:00:00,social,18-25,T1,aggressive,2516.58,1
7983,2024-06-28 00:00:00,social,46-55,T1,cautious,1426.66,1
7984,2024-01-26 00:00:00,social,26-35,T1,aggressive,4367.89,1
7985,2024-10-08 00:00:00,paid_search,26-35,T3+,balanced,16890.02,1
7986,2024-04-16 00:00:00,social,46-55,T3+,balanced,3833.59,1
7987,2024-01-29 00:00:00,referral,26-35,T3+,cautious,9433.94,0
7988,2024-04-09 00:00:00,social,26-35,T1,aggressive,9834.67,1
7989,2024-05-24 00:00:00,social,18-25,T1,aggressive,1356.57,1
7990,2024-06-08 00:00:00,bank_partner,26-35,T2,cautious,42878.18,0
7991,2024-05-17 00:00:00,bank_partner,36-45,T1,cautious,4874.3,1
7992,2024-06-09 00:00:00,bank_partner,18-25,T3+,cautious,1458.59,1
7993,2024-03-12 00:00:00,social,36-45,T1,balanced,4860.99,1
7994,2024-06-26 00:00:00,referral,36-45,T1,balanced,15095.34,0
7995,2024-01-20 00:00:00,social,46-55,T2,balanced,92589.68,0
7996,2024-08-26 00:00:00,paid_search,26-35,T3+,balanced,3253.61,0
7997,2024-02-07 00:00:00,paid_search,36-45,T2,cautious,26524.08,1
7998,2024-04-21 00:00:00,paid_search,36-45,T1,cautious,7722.1,1
7999,2024-03-03 00:00:00,organic,26-35,T1,balanced,43388.59,0
8000,2024-10-03 00:00:00,organic,46-55,T2,balanced,3331.57,0
8001,2024-02-01 00:00:00,bank_partner,18-25,T3+,balanced,13116.98,0
8002,2024-09-09 00:00:00,bank_partner,46-55,T2,cautious,20670.82,1
8003,2024-05-06 00:00:00,paid_search,18-25,T1,balanced,27496.2,1
8004,2024-09-26 00:00:00,organic,36-45,T3+,cautious,13377.84,0
8005,2024-01-27 00:00:00,referral,18-25,T2,aggressive,8596.87,1
8006,2024-04-15 00:00:00,bank_partner,26-35,T2,cautious,33529.5,1
8007,2024-09-27 00:00:00,paid_search,36-45,T3+,balanced,3010.81,1
8008,2024-04-02 00:00:00,referral,18-25,T2,cautious,1375.83,1
8009,2024-07-02 00:00:00,bank_partner,46-55,T3+,cautious,4292.96,1
8010,2024-09-12 00:00:00,referral,26-35,T2,aggressive,6781.69,1
8011,2024-09-05 00:00:00,paid_search,18-25,T2,aggressive,3196.64,1
8012,2024-03-04 00:00:00,organic,56+,T2,aggressive,942.22,1
8013,2024-03-29 00:00:00,social,26-35,T2,cautious,29652.7,1
8014,2024-09-12 00:00:00,paid_search,46-55,T3+,balanced,68437.85,0
8015,2024-08-10 00:00:00,referral,36-45,T3+,aggressive,18623.87,0
8016,2024-02-23 00:00:00,referral,26-35,T2,aggressive,1355.96,1
8017,2024-08-09 00:00:00,social,46-55,T3+,balanced,14917.02,1
8018,2024-10-05 00:00:00,organic,36-45,T1,balanced,11457.05,1
8019,2024-03-03 00:00:00,organic,26-35,T1,balanced,67522.69,1
8020,2024-09-16 00:00:00,bank_partner,46-55,T1,balanced,11096.29,0
8021,2024-01-31 00:00:00,referral,36-45,T2,cautious,7357.73,1
8022,2024-08-20 00:00:00,social,26-35,T3+,aggressive,64954.71,1
8023,2024-03-16 00:00:00,organic,56+,T1,cautious,5941.14,0
8024,2024-12-30 00:00:00,bank_partner,18-25,T3+,balanced,13171.09,0
8025,2024-03-06 00:00:00,organic,36-45,T2,aggressive,18287.25,1
8026,2024-07-19 00:00:00,bank_partner,36-45,T2,balanced,4685.89,1
8027,2024-06-21 00:00:00,referral,18-25,T1,balanced,10448.25,1
8028,2024-12-16 00:00:00,paid_search,18-25,T2,balanced,5939.71,0
8029,2024-02-27 00:00:00,social,46-55,T3+,cautious,57664.37,1
8030,2024-10-29 00:00:00,organic,36-45,T3+,cautious,59655.04,1
8031,2024-05-28 00:00:00,social,18-25,T3+,cautious,638.67,1
8032,2024-07-30 00:00:00,referral,26-35,T3+,cautious,2134.68,1
8033,2024-10-28 00:00:00,referral,36-45,T1,cautious,25870.3,0
8034,2024-07-18 00:00:00,social,26-35,T1,balanced,10337.42,1
8035,2024-11-26 00:00:00,referral,26-35,T1,cautious,55989.14,1
8036,2024-09-04 00:00:00,referral,26-35,T3+,balanced,1552.1,1
8037,2024-10-26 00:00:00,organic,26-35,T2,cautious,16609.16,1
8038,2024-04-29 00:00:00,referral,18-25,T3+,balanced,2715.62,0
8039,2024-04-14 00:00:00,paid_search,36-45,T3+,aggressive,19062.65,1
8040,2024-09-10 00:00:00,social,26-35,T2,cautious,39129.75,1
8041,2024-03-13 00:00:00,organic,36-45,T2,balanced,3640.58,0
8042,2024-03-06 00:00:00,social,36-45,T3+,aggressive,4964.42,1
8043,2024-08-20 00:00:00,organic,36-45,T2,aggressive,7548.42,1
8044,2024-06-04 00:00:00,paid_search,46-55,T2,cautious,56440.93,1
8045,2024-09-03 00:00:00,social,56+,T2,cautious,11061.61,1
8046,2024-01-26 00:00:00,organic,36-45,T2,aggressive,7250.0,1
8047,2024-11-22 00:00:00,organic,18-25,T3+,balanced,2261.82,1
8048,2024-07-23 00:00:00,bank_partner,56+,T3+,aggressive,12838.53,1
8049,2024-04-06 00:00:00,bank_partner,26-35,T1,balanced,12804.48,1
8050,2024-01-11 00:00:00,organic,46-55,T2,aggressive,17054.42,0
8051,2024-06-24 00:00:00,paid_search,26-35,T3+,cautious,5860.79,1
8052,2024-08-12 00:00:00,bank_partner,36-45,T2,cautious,18632.72,1
8053,2024-07-12 00:00:00,paid_search,56+,T3+,cautious,31596.44,1
8054,2024-12-20 00:00:00,social,36-45,T2,aggressive,11052.28,1
8055,2024-07-20 00:00:00,social,36-45,T1,cautious,6831.83,1
8056,2024-08-29 00:00:00,organic,18-25,T1,balanced,2698.88,0
8057,2024-05-23 00:00:00,referral,56+,T2,balanced,38124.93,1
8058,2024-09-22 00:00:00,organic,18-25,T1,balanced,13086.39,0
8059,2024-02-10 00:00:00,social,36-45,T2,cautious,24299.67,1
8060,2024-07-13 00:00:00,referral,46-55,T3+,cautious,37880.74,1
8061,2024-06-22 00:00:00,paid_search,26-35,T1,cautious,32115.2,0
8062,2024-07-04 00:00:00,bank_partner,18-25,T1,cautious,6415.56,1
8063,2024-12-22 00:00:00,organic,26-35,T3+,balanced,5166.67,1
8064,2024-11-27 00:00:00,paid_search,26-35,T1,cautious,5506.84,1
8065,2024-10-05 00:00:00,social,36-45,T3+,aggressive,3221.01,0
8066,2024-03-25 00:00:00,organic,26-35,T3+,balanced,6189.2,0
8067,2024-12-23 00:00:00,referral,36-45,T3+,cautious,13091.9,1
8068,2024-06-20 00:00:00,paid_search,26-35,T2,aggressive,3644.48,1
8069,2024-01-10 00:00:00,referral,26-35,T2,cautious,13108.5,1
8070,2024-06-22 00:00:00,social,46-55,T3+,cautious,14040.74,1
8071,2024-04-06 00:00:00,organic,26-35,T3+,cautious,17862.3,1
8072,2024-01-28 00:00:00,social,46-55,T1,cautious,4109.01,1
8073,2024-07-14 00:00:00,organic,36-45,T3+,cautious,16977.24,1
8074,2024-12-23 00:00:00,social,26-35,T2,cautious,1849.94,1
8075,2024-02-05 00:00:00,bank_partner,26-35,T2,cautious,29181.62,1
8076,2024-08-25 00:00:00,referral,46-55,T3+,cautious,2293.42,1
8077,2024-12-02 00:00:00,social,36-45,T1,balanced,7591.58,1
8078,2024-04-27 00:00:00,paid_search,26-35,T3+,balanced,13096.89,1
8079,2024-05-14 00:00:00,social,18-25,T2,balanced,20396.84,0
8080,2024-04-04 00:00:00,referral,18-25,T1,cautious,50888.93,1
8081,2024-12-04 00:00:00,organic,18-25,T3+,balanced,10468.73,1
8082,2024-12-22 00:00:00,social,46-55,T3+,balanced,38273.71,1
8083,2024-07-08 00:00:00,bank_partner,36-45,T2,aggressive,54571.47,1
8084,2024-02-05 00:00:00,referral,36-45,T1,cautious,10019.85,1
8085,2024-12-17 00:00:00,organic,26-35,T2,aggressive,1217.15,1
8086,2024-01-12 00:00:00,paid_search,36-45,T2,aggressive,41418.18,1
8087,2024-02-18 00:00:00,organic,18-25,T3+,cautious,2939.07,1
8088,2024-09-24 00:00:00,social,26-35,T2,balanced,21763.25,1
8089,2024-09-12 00:00:00,referral,36-45,T3+,aggressive,13056.11,0
8090,2024-03-24 00:00:00,organic,18-25,T2,cautious,1620.32,0
8091,2024-07-03 00:00:00,referral,46-55,T3+,cautious,11628.88,0
8092,2024-10-28 00:00:00,paid_search,36-45,T3+,aggressive,11708.91,1
8093,2024-06-11 00:00:00,organic,18-25,T1,balanced,8266.33,1
8094,2024-05-19 00:00:00,social,26-35,T3+,balanced,1151.51,1
8095,2024-12-19 00:00:00,social,36-45,T1,balanced,42305.16,1
8096,2024-07-04 00:00:00,paid_search,26-35,T1,balanced,2470.29,1
8097,2024-07-02 00:00:00,referral,46-55,T2,balanced,55455.23,1
8098,2024-07-01 00:00:00,social,36-45,T3+,cautious,16100.68,0
8099,2024-08-11 00:00:00,organic,36-45,T3+,aggressive,100917.41,0
8100,2024-08-13 00:00:00,organic,36-45,T2,balanced,13160.9,0
8101,2024-12-02 00:00:00,organic,36-45,T1,balanced,10555.75,1
8102,2024-03-18 00:00:00,organic,36-45,T3+,balanced,10519.66,1
8103,2024-09-13 00:00:00,paid_search,36-45,T3+,balanced,2290.12,0
8104,2024-12-13 00:00:00,paid_search,56+,T1,aggressive,4557.66,0
8105,2024-01-04 00:00:00,bank_partner,26-35,T1,balanced,12644.26,1
8106,2024-06-19 00:00:00,bank_partner,46-55,T1,balanced,3729.02,1
8107,2024-01-22 00:00:00,referral,18-25,T2,cautious,7040.66,1
8108,2024-08-30 00:00:00,social,26-35,T2,balanced,6163.51,1
8109,2024-11-14 00:00:00,social,26-35,T3+,cautious,12608.77,1
8110,2024-02-24 00:00:00,organic,26-35,T1,balanced,2237.66,1
8111,2024-06-07 00:00:00,referral,26-35,T3+,balanced,202114.91,1
8112,2024-02-25 00:00:00,social,46-55,T1,cautious,37911.61,1
8113,2024-11-24 00:00:00,referral,18-25,T2,aggressive,5177.0,1
8114,2024-11-17 00:00:00,social,18-25,T3+,cautious,23786.01,1
8115,2024-07-30 00:00:00,referral,46-55,T1,cautious,2517.62,1
8116,2024-09-12 00:00:00,organic,36-45,T2,balanced,38732.79,1
8117,2024-02-18 00:00:00,paid_search,26-35,T3+,aggressive,17703.41,1
8118,2024-01-18 00:00:00,organic,26-35,T3+,cautious,16677.56,1
8119,2024-03-26 00:00:00,organic,46-55,T3+,cautious,2945.37,1
8120,2024-04-22 00:00:00,social,26-35,T2,cautious,18670.97,1
8121,2024-09-17 00:00:00,paid_search,46-55,T3+,balanced,43081.5,0
8122,2024-04-11 00:00:00,organic,36-45,T2,balanced,5773.95,1
8123,2024-01-14 00:00:00,referral,36-45,T2,aggressive,12651.06,0
8124,2024-09-11 00:00:00,social,46-55,T3+,cautious,2469.45,1
8125,2024-10-15 00:00:00,organic,26-35,T2,balanced,6252.71,0
8126,2024-02-25 00:00:00,paid_search,36-45,T2,balanced,22411.1,0
8127,2024-12-08 00:00:00,paid_search,36-45,T2,cautious,4741.04,1
8128,2024-06-20 00:00:00,paid_search,36-45,T1,balanced,20193.59,0
8129,2024-12-06 00:00:00,bank_partner,18-25,T2,cautious,10308.19,0
8130,2024-03-11 00:00:00,organic,36-45,T2,cautious,3708.76,1
8131,2024-08-13 00:00:00,bank_partner,26-35,T1,balanced,2903.79,1
8132,2024-04-09 00:00:00,organic,26-35,T2,cautious,8517.87,1
8133,2024-02-22 00:00:00,bank_partner,26-35,T2,cautious,16975.17,0
8134,2024-12-06 00:00:00,social,36-45,T2,aggressive,8093.79,0
8135,2024-05-01 00:00:00,referral,26-35,T2,cautious,9710.75,0
8136,2024-12-06 00:00:00,organic,26-35,T2,balanced,23874.52,1
8137,2024-05-16 00:00:00,paid_search,18-25,T3+,balanced,4785.21,1
8138,2024-07-01 00:00:00,referral,26-35,T2,balanced,5515.45,1
8139,2024-10-15 00:00:00,organic,18-25,T1,cautious,6015.43,1
8140,2024-11-21 00:00:00,referral,26-35,T1,cautious,34557.53,1
8141,2024-03-30 00:00:00,bank_partner,26-35,T3+,balanced,9289.57,1
8142,2024-10-15 00:00:00,social,56+,T3+,cautious,8607.96,0
8143,2024-10-02 00:00:00,organic,46-55,T3+,cautious,9650.96,1
8144,2024-02-14 00:00:00,social,46-55,T2,aggressive,83180.77,0
8145,2024-12-19 00:00:00,organic,36-45,T2,cautious,29010.84,0
8146,2024-05-20 00:00:00,social,36-45,T1,balanced,8583.32,1
8147,2024-09-19 00:00:00,bank_partner,26-35,T3+,aggressive,14580.28,1
8148,2024-10-02 00:00:00,paid_search,26-35,T2,aggressive,10597.03,1
8149,2024-05-25 00:00:00,paid_search,26-35,T1,balanced,15148.7,1
8150,2024-04-03 00:00:00,bank_partner,26-35,T2,balanced,9061.61,1
8151,2024-11-21 00:00:00,organic,26-35,T1,aggressive,48802.71,1
8152,2024-06-29 00:00:00,paid_search,26-35,T2,cautious,21711.11,1
8153,2024-05-23 00:00:00,social,36-45,T3+,balanced,8466.4,1
8154,2024-12-22 00:00:00,organic,36-45,T2,balanced,9028.62,1
8155,2024-05-09 00:00:00,social,36-45,T2,balanced,7043.75,0
8156,2024-01-18 00:00:00,paid_search,46-55,T2,balanced,7845.75,1
8157,2024-05-27 00:00:00,paid_search,56+,T1,cautious,18340.18,1
8158,2024-01-19 00:00:00,referral,46-55,T3+,balanced,11935.96,1
8159,2024-05-10 00:00:00,referral,36-45,T2,balanced,49225.01,1
8160,2024-06-23 00:00:00,referral,56+,T3+,balanced,9097.84,0
8161,2024-03-23 00:00:00,organic,18-25,T1,aggressive,14830.39,0
8162,2024-01-15 00:00:00,organic,56+,T3+,cautious,16091.34,1
8163,2024-04-17 00:00:00,social,26-35,T2,cautious,7618.89,1
8164,2024-09-01 00:00:00,paid_search,18-25,T2,balanced,579.64,1
8165,2024-07-06 00:00:00,paid_search,46-55,T3+,balanced,6216.12,1
8166,2024-04-14 00:00:00,organic,36-45,T2,aggressive,20516.54,1
8167,2024-12-23 00:00:00,organic,26-35,T2,aggressive,9043.79,1
8168,2024-04-23 00:00:00,referral,36-45,T3+,balanced,2834.02,1
8169,2024-12-08 00:00:00,organic,36-45,T1,aggressive,37381.05,1
8170,2024-05-04 00:00:00,social,26-35,T2,balanced,5443.72,1
8171,2024-11-03 00:00:00,referral,36-45,T3+,balanced,41846.49,1
8172,2024-02-15 00:00:00,referral,18-25,T3+,cautious,1578.45,1
8173,2024-05-11 00:00:00,social,26-35,T2,cautious,12361.48,0
8174,2024-10-01 00:00:00,organic,36-45,T3+,balanced,30392.87,1
8175,2024-12-13 00:00:00,referral,26-35,T2,aggressive,4936.86,1
8176,2024-09-10 00:00:00,referral,56+,T1,cautious,46058.96,1
8177,2024-05-19 00:00:00,organic,46-55,T3+,cautious,1749.67,1
8178,2024-08-21 00:00:00,organic,26-35,T3+,cautious,8388.41,1
8179,2024-03-15 00:00:00,social,46-55,T1,balanced,8430.24,1
8180,2024-02-16 00:00:00,referral,18-25,T3+,balanced,1428.22,1
8181,2024-04-10 00:00:00,bank_partner,26-35,T2,balanced,52559.95,0
8182,2024-11-13 00:00:00,organic,26-35,T3+,balanced,15926.65,1
8183,2024-11-30 00:00:00,paid_search,36-45,T2,aggressive,6098.99,0
8184,2024-07-27 00:00:00,paid_search,46-55,T3+,balanced,4686.37,1
8185,2024-02-08 00:00:00,organic,36-45,T2,balanced,59369.84,1
8186,2024-07-14 00:00:00,referral,26-35,T2,aggressive,3288.62,1
8187,2024-02-16 00:00:00,social,26-35,T3+,aggressive,42996.95,1
8188,2024-01-09 00:00:00,organic,36-45,T2,balanced,187582.35,1
8189,2024-11-18 00:00:00,bank_partner,18-25,T1,cautious,676.53,1
8190,2024-03-16 00:00:00,bank_partner,46-55,T1,cautious,8441.43,1
8191,2024-10-31 00:00:00,organic,36-45,T3+,balanced,7032.03,1
8192,2024-09-30 00:00:00,social,26-35,T1,aggressive,1370.6,1
8193,2024-08-01 00:00:00,referral,46-55,T1,aggressive,36058.58,1
8194,2024-12-14 00:00:00,bank_partner,46-55,T2,cautious,33005.38,0
8195,2024-10-28 00:00:00,social,26-35,T2,aggressive,34231.36,0
8196,2024-10-27 00:00:00,social,36-45,T2,cautious,8078.44,1
8197,2024-04-10 00:00:00,organic,46-55,T1,cautious,39654.46,1
8198,2024-03-02 00:00:00,social,26-35,T2,balanced,6782.3,1
8199,2024-08-12 00:00:00,referral,46-55,T1,balanced,4417.01,0
8200,2024-01-08 00:00:00,organic,36-45,T1,cautious,22185.91,0
8201,2024-04-04 00:00:00,organic,36-45,T3+,cautious,5023.73,1
8202,2024-06-19 00:00:00,social,26-35,T2,balanced,3445.89,1
8203,2024-05-24 00:00:00,bank_partner,46-55,T2,balanced,3523.24,0
8204,2024-12-26 00:00:00,social,26-35,T1,cautious,9686.3,0
8205,2024-02-19 00:00:00,organic,56+,T1,cautious,9874.83,0
8206,2024-01-16 00:00:00,organic,46-55,T3+,aggressive,7195.81,1
8207,2024-06-29 00:00:00,organic,46-55,T3+,balanced,36807.65,0
8208,2024-01-31 00:00:00,organic,18-25,T1,balanced,1060.54,0
8209,2024-08-22 00:00:00,organic,36-45,T2,balanced,4725.63,1
8210,2024-09-28 00:00:00,social,36-45,T2,cautious,16975.32,0
8211,2024-01-07 00:00:00,social,56+,T1,balanced,38615.65,1
8212,2024-07-14 00:00:00,bank_partner,26-35,T3+,balanced,6845.39,1
8213,2024-07-08 00:00:00,organic,26-35,T1,balanced,1831.85,0
8214,2024-05-16 00:00:00,paid_search,36-45,T3+,cautious,7375.19,1
8215,2024-08-03 00:00:00,social,36-45,T1,aggressive,14110.55,1
8216,2024-06-14 00:00:00,bank_partner,18-25,T3+,balanced,744.45,1
8217,2024-02-28 00:00:00,organic,56+,T3+,cautious,7976.44,1
8218,2024-10-06 00:00:00,social,18-25,T1,aggressive,971.18,1
8219,2024-08-23 00:00:00,paid_search,18-25,T1,balanced,1005.09,1
8220,2024-11-20 00:00:00,social,26-35,T1,balanced,1121.33,1
8221,2024-05-05 00:00:00,social,36-45,T1,aggressive,7876.69,1
8222,2024-07-14 00:00:00,paid_search,56+,T2,cautious,6129.61,1
8223,2024-03-05 00:00:00,organic,36-45,T2,aggressive,9204.15,0
8224,2024-12-23 00:00:00,organic,36-45,T3+,balanced,9298.91,1
8225,2024-02-24 00:00:00,organic,36-45,T3+,cautious,4349.47,0
8226,2024-01-30 00:00:00,referral,36-45,T2,cautious,4988.19,1
8227,2024-09-02 00:00:00,social,26-35,T3+,cautious,8052.76,0
8228,2024-08-01 00:00:00,social,36-45,T1,balanced,29716.91,1
8229,2024-09-26 00:00:00,organic,36-45,T3+,cautious,19060.19,1
8230,2024-12-13 00:00:00,organic,36-45,T2,balanced,9815.43,1
8231,2024-01-14 00:00:00,referral,36-45,T1,cautious,10904.29,0
8232,2024-07-25 00:00:00,bank_partner,26-35,T2,aggressive,16149.41,0
8233,2024-08-14 00:00:00,paid_search,36-45,T2,balanced,42576.0,1
8234,2024-04-06 00:00:00,social,46-55,T2,balanced,14253.57,0
8235,2024-04-08 00:00:00,social,26-35,T1,aggressive,13108.27,1
8236,2024-01-17 00:00:00,bank_partner,36-45,T3+,balanced,3003.14,1
8237,2024-03-07 00:00:00,referral,46-55,T1,balanced,3703.49,1
8238,2024-10-13 00:00:00,organic,26-35,T1,aggressive,31245.14,1
8239,2024-10-08 00:00:00,paid_search,46-55,T2,cautious,4242.17,0
8240,2024-02-20 00:00:00,social,56+,T2,aggressive,33644.19,1
8241,2024-04-19 00:00:00,organic,46-55,T1,cautious,3072.81,0
8242,2024-06-29 00:00:00,referral,26-35,T3+,balanced,31613.94,1
8243,2024-06-23 00:00:00,social,36-45,T2,aggressive,44581.46,0
8244,2024-01-25 00:00:00,social,26-35,T3+,cautious,44483.47,1
8245,2024-01-16 00:00:00,social,46-55,T2,cautious,4301.52,0
8246,2024-09-06 00:00:00,paid_search,46-55,T3+,aggressive,9708.78,1
8247,2024-10-15 00:00:00,paid_search,46-55,T1,balanced,7279.71,1
8248,2024-02-28 00:00:00,paid_search,18-25,T2,cautious,2440.0,0
8249,2024-05-02 00:00:00,referral,56+,T1,cautious,12857.61,1
8250,2024-03-17 00:00:00,social,26-35,T1,balanced,7637.03,0
8251,2024-07-27 00:00:00,social,26-35,T1,balanced,10976.26,0
8252,2024-10-20 00:00:00,bank_partner,26-35,T1,cautious,7783.19,1
8253,2024-02-14 00:00:00,social,26-35,T1,balanced,39067.79,1
8254,2024-07-04 00:00:00,social,36-45,T3+,balanced,44057.77,1
8255,2024-02-15 00:00:00,referral,26-35,T1,balanced,6005.2,1
8256,2024-03-19 00:00:00,paid_search,26-35,T1,balanced,6652.48,1
8257,2024-05-24 00:00:00,organic,56+,T3+,cautious,9546.39,0
8258,2024-05-31 00:00:00,paid_search,18-25,T1,balanced,7379.29,1
8259,2024-07-17 00:00:00,bank_partner,56+,T3+,cautious,50329.98,1
8260,2024-08-16 00:00:00,social,26-35,T3+,aggressive,40517.44,1
8261,2024-06-26 00:00:00,organic,36-45,T1,balanced,3540.88,1
8262,2024-10-05 00:00:00,referral,26-35,T2,balanced,16984.21,1
8263,2024-06-28 00:00:00,organic,46-55,T1,balanced,4653.63,1
8264,2024-09-09 00:00:00,social,26-35,T3+,cautious,54032.59,1
8265,2024-07-30 00:00:00,paid_search,18-25,T3+,balanced,14901.23,1
8266,2024-10-04 00:00:00,paid_search,26-35,T3+,balanced,3608.09,1
8267,2024-07-14 00:00:00,organic,36-45,T3+,balanced,7768.54,1
8268,2024-02-10 00:00:00,paid_search,36-45,T3+,cautious,6064.47,1
8269,2024-04-04 00:00:00,referral,36-45,T3+,aggressive,1632.98,1
8270,2024-08-27 00:00:00,social,18-25,T3+,cautious,4302.83,1
8271,2024-12-10 00:00:00,social,18-25,T2,cautious,772.37,1
8272,2024-10-05 00:00:00,paid_search,26-35,T2,aggressive,10679.26,1
8273,2024-08-11 00:00:00,bank_partner,46-55,T3+,aggressive,48226.18,1
8274,2024-10-27 00:00:00,organic,56+,T3+,aggressive,115630.38,0
8275,2024-12-22 00:00:00,organic,56+,T2,balanced,32187.83,0
8276,2024-01-27 00:00:00,social,26-35,T2,balanced,2360.31,1
8277,2024-11-20 00:00:00,referral,26-35,T3+,cautious,7918.06,1
8278,2024-09-10 00:00:00,referral,56+,T3+,balanced,2681.87,1
8279,2024-09-24 00:00:00,organic,56+,T3+,balanced,74459.71,1
8280,2024-12-22 00:00:00,social,56+,T2,balanced,11907.33,0
8281,2024-09-20 00:00:00,social,26-35,T2,aggressive,8521.1,0
8282,2024-02-20 00:00:00,paid_search,18-25,T3+,cautious,4252.16,1
8283,2024-01-31 00:00:00,social,26-35,T3+,aggressive,9269.49,1
8284,2024-03-11 00:00:00,bank_partner,36-45,T1,aggressive,18318.33,1
8285,2024-03-07 00:00:00,social,26-35,T1,cautious,2401.77,1
8286,2024-02-28 00:00:00,referral,26-35,T3+,balanced,3108.35,1
8287,2024-04-02 00:00:00,bank_partner,56+,T3+,cautious,8817.97,0
8288,2024-07-22 00:00:00,organic,46-55,T2,cautious,30244.74,0
8289,2024-08-23 00:00:00,organic,26-35,T2,balanced,4183.21,1
8290,2024-03-17 00:00:00,organic,26-35,T1,cautious,40896.9,0
8291,2024-04-02 00:00:00,organic,26-35,T1,balanced,2272.67,0
8292,2024-11-19 00:00:00,paid_search,36-45,T2,balanced,32985.12,1
8293,2024-05-30 00:00:00,paid_search,26-35,T1,balanced,2586.48,1
8294,2024-04-13 00:00:00,bank_partner,26-35,T3+,aggressive,8695.18,1
8295,2024-01-13 00:00:00,organic,36-45,T2,balanced,5473.47,1
8296,2024-12-03 00:00:00,bank_partner,26-35,T2,aggressive,3808.15,0
8297,2024-12-01 00:00:00,referral,18-25,T1,aggressive,106578.04,0
8298,2024-11-24 00:00:00,referral,56+,T1,aggressive,3091.0,1
8299,2024-02-23 00:00:00,organic,36-45,T1,balanced,5551.09,0
8300,2024-07-14 00:00:00,social,56+,T1,aggressive,4690.71,1
8301,2024-12-31 00:00:00,bank_partner,46-55,T1,balanced,8571.25,0
8302,2024-05-20 00:00:00,social,18-25,T2,balanced,1032.36,1
8303,2024-02-18 00:00:00,social,26-35,T3+,cautious,46161.22,1
8304,2024-08-03 00:00:00,social,26-35,T3+,cautious,20471.6,1
8305,2024-05-21 00:00:00,bank_partner,26-35,T1,balanced,9765.53,1
8306,2024-09-20 00:00:00,organic,36-45,T2,cautious,34078.92,1
8307,2024-12-01 00:00:00,bank_partner,26-35,T3+,balanced,20677.66,1
8308,2024-05-31 00:00:00,organic,36-45,T1,balanced,2159.19,1
8309,2024-12-28 00:00:00,organic,26-35,T1,aggressive,6746.99,0
8310,2024-02-11 00:00:00,referral,18-25,T3+,cautious,2724.1,0
8311,2024-12-20 00:00:00,social,26-35,T1,balanced,1144.48,1
8312,2024-12-23 00:00:00,referral,46-55,T3+,balanced,32713.85,1
8313,2024-04-11 00:00:00,bank_partner,36-45,T2,cautious,27242.14,0
8314,2024-01-05 00:00:00,social,26-35,T1,balanced,14247.8,0
8315,2024-10-29 00:00:00,organic,26-35,T3+,balanced,4527.31,1
8316,2024-04-22 00:00:00,organic,26-35,T2,balanced,3951.35,1
8317,2024-06-06 00:00:00,paid_search,46-55,T1,cautious,9225.05,0
8318,2024-01-15 00:00:00,organic,56+,T2,aggressive,1378.28,1
8319,2024-01-29 00:00:00,organic,26-35,T1,balanced,11812.39,0
8320,2024-06-15 00:00:00,social,36-45,T3+,balanced,2782.28,1
8321,2024-11-01 00:00:00,social,36-45,T3+,cautious,2749.31,1
8322,2024-09-05 00:00:00,organic,26-35,T2,aggressive,13991.67,1
8323,2024-01-29 00:00:00,bank_partner,26-35,T2,aggressive,6519.34,0
8324,2024-07-15 00:00:00,organic,36-45,T1,balanced,2503.87,1
8325,2024-08-17 00:00:00,referral,26-35,T3+,balanced,7830.45,1
8326,2024-10-20 00:00:00,organic,46-55,T1,cautious,19044.11,1
8327,2024-03-14 00:00:00,organic,36-45,T1,cautious,21454.5,1
8328,2024-07-24 00:00:00,paid_search,36-45,T1,cautious,14676.67,1
8329,2024-09-04 00:00:00,organic,56+,T2,cautious,16506.62,1
8330,2024-08-16 00:00:00,social,36-45,T3+,cautious,4410.05,1
8331,2024-02-08 00:00:00,social,26-35,T1,balanced,26433.49,1
8332,2024-09-14 00:00:00,social,26-35,T2,balanced,7470.97,1
8333,2024-04-13 00:00:00,paid_search,18-25,T2,balanced,11382.4,1
8334,2024-02-05 00:00:00,social,18-25,T3+,aggressive,1964.08,0
8335,2024-10-14 00:00:00,bank_partner,36-45,T3+,cautious,11860.32,1
8336,2024-05-22 00:00:00,organic,36-45,T1,aggressive,5414.92,1
8337,2024-04-22 00:00:00,social,36-45,T1,cautious,6858.86,1
8338,2024-03-30 00:00:00,paid_search,26-35,T2,balanced,30211.33,1
8339,2024-11-04 00:00:00,referral,36-45,T2,balanced,16681.12,1
8340,2024-03-22 00:00:00,social,46-55,T1,balanced,9745.69,1
8341,2024-11-11 00:00:00,social,36-45,T3+,cautious,1508.8,1
8342,2024-08-15 00:00:00,paid_search,36-45,T3+,balanced,8661.46,1
8343,2024-09-22 00:00:00,referral,18-25,T3+,cautious,2872.05,1
8344,2024-01-07 00:00:00,organic,46-55,T1,balanced,4757.79,1
8345,2024-08-08 00:00:00,referral,36-45,T2,cautious,6082.15,1
8346,2024-03-22 00:00:00,referral,46-55,T1,cautious,6159.7,1
8347,2024-11-13 00:00:00,bank_partner,18-25,T1,balanced,3664.68,0
8348,2024-10-05 00:00:00,paid_search,36-45,T2,balanced,14059.42,1
8349,2024-03-10 00:00:00,organic,36-45,T3+,cautious,4215.74,1
8350,2024-08-04 00:00:00,social,36-45,T1,cautious,7549.24,1
8351,2024-02-06 00:00:00,organic,26-35,T3+,cautious,17458.12,1
8352,2024-11-24 00:00:00,social,46-55,T2,balanced,19362.26,1
8353,2024-05-14 00:00:00,referral,26-35,T1,balanced,5210.34,1
8354,2024-01-25 00:00:00,social,26-35,T3+,cautious,5343.36,1
8355,2024-07-19 00:00:00,social,46-55,T1,balanced,28355.3,1
8356,2024-03-04 00:00:00,referral,18-25,T1,cautious,5868.82,1
8357,2024-10-26 00:00:00,paid_search,56+,T3+,cautious,2401.23,1
8358,2024-01-05 00:00:00,referral,36-45,T1,cautious,3466.38,1
8359,2024-06-30 00:00:00,bank_partner,26-35,T2,cautious,13099.79,1
8360,2024-06-24 00:00:00,organic,26-35,T1,balanced,5542.37,1
8361,2024-05-24 00:00:00,bank_partner,26-35,T1,cautious,5067.03,1
8362,2024-01-04 00:00:00,organic,26-35,T1,cautious,14170.92,0
8363,2024-07-23 00:00:00,paid_search,36-45,T3+,balanced,1385.74,1
8364,2024-03-11 00:00:00,paid_search,26-35,T1,cautious,58582.64,1
8365,2024-01-14 00:00:00,organic,26-35,T1,balanced,2670.44,1
8366,2024-01-06 00:00:00,organic,18-25,T3+,balanced,3272.73,1
8367,2024-10-11 00:00:00,bank_partner,26-35,T3+,cautious,13982.81,0
8368,2024-06-26 00:00:00,referral,26-35,T2,aggressive,3877.11,1
8369,2024-12-10 00:00:00,paid_search,18-25,T2,cautious,2420.12,1
8370,2024-12-07 00:00:00,referral,18-25,T1,cautious,11039.41,1
8371,2024-06-20 00:00:00,organic,36-45,T1,balanced,2681.01,1
8372,2024-04-06 00:00:00,social,26-35,T3+,balanced,6878.12,0
8373,2024-12-25 00:00:00,bank_partner,56+,T1,aggressive,45369.77,0
8374,2024-05-27 00:00:00,paid_search,46-55,T1,aggressive,24450.32,1
8375,2024-12-16 00:00:00,bank_partner,26-35,T3+,aggressive,21882.43,0
8376,2024-07-02 00:00:00,social,18-25,T2,balanced,1584.26,0
8377,2024-03-14 00:00:00,paid_search,46-55,T1,balanced,8793.3,1
8378,2024-01-06 00:00:00,referral,36-45,T2,balanced,2507.09,1
8379,2024-05-31 00:00:00,referral,36-45,T1,aggressive,4054.98,1
8380,2024-12-26 00:00:00,paid_search,18-25,T1,cautious,14884.38,1
8381,2024-08-16 00:00:00,referral,46-55,T2,aggressive,26057.21,1
8382,2024-01-16 00:00:00,organic,26-35,T1,cautious,14134.39,1
8383,2024-10-03 00:00:00,organic,18-25,T2,balanced,6737.02,1
8384,2024-10-15 00:00:00,paid_search,56+,T2,cautious,30257.32,1
8385,2024-09-12 00:00:00,bank_partner,26-35,T3+,cautious,3682.01,0
8386,2024-02-12 00:00:00,organic,36-45,T1,cautious,4524.92,1
8387,2024-03-16 00:00:00,paid_search,26-35,T2,balanced,2699.52,1
8388,2024-04-09 00:00:00,bank_partner,26-35,T3+,balanced,4074.57,1
8389,2024-03-27 00:00:00,organic,36-45,T2,balanced,1734.0,1
8390,2024-09-15 00:00:00,organic,26-35,T3+,cautious,16971.34,0
8391,2024-02-16 00:00:00,paid_search,26-35,T2,balanced,1182.06,1
8392,2024-03-22 00:00:00,paid_search,46-55,T1,balanced,15411.86,0
8393,2024-08-19 00:00:00,bank_partner,36-45,T3+,cautious,1472.47,1
8394,2024-06-13 00:00:00,organic,26-35,T2,balanced,78274.3,1
8395,2024-06-06 00:00:00,bank_partner,36-45,T2,balanced,7812.67,1
8396,2024-06-24 00:00:00,paid_search,46-55,T1,cautious,46507.74,1
8397,2024-10-26 00:00:00,organic,56+,T3+,cautious,28193.21,1
8398,2024-12-27 00:00:00,paid_search,56+,T1,balanced,2200.21,1
8399,2024-06-10 00:00:00,organic,56+,T2,balanced,5721.01,0
8400,2024-05-18 00:00:00,paid_search,56+,T3+,balanced,17393.18,1
8401,2024-06-28 00:00:00,organic,18-25,T3+,balanced,16568.63,1
8402,2024-12-12 00:00:00,referral,36-45,T2,cautious,22282.73,1
8403,2024-03-18 00:00:00,organic,46-55,T3+,cautious,6644.19,1
8404,2024-10-05 00:00:00,referral,18-25,T1,balanced,1144.08,1
8405,2024-05-03 00:00:00,organic,46-55,T3+,cautious,4268.64,1
8406,2024-04-27 00:00:00,paid_search,26-35,T3+,cautious,1764.11,1
8407,2024-12-10 00:00:00,organic,18-25,T3+,cautious,21521.18,1
8408,2024-07-14 00:00:00,social,56+,T3+,balanced,9766.22,0
8409,2024-04-10 00:00:00,organic,26-35,T2,aggressive,7120.64,1
8410,2024-09-14 00:00:00,organic,46-55,T3+,cautious,6078.86,1
8411,2024-09-07 00:00:00,paid_search,36-45,T1,cautious,2971.9,1
8412,2024-07-15 00:00:00,paid_search,46-55,T2,aggressive,6788.26,1
8413,2024-03-01 00:00:00,organic,26-35,T2,cautious,23473.95,1
8414,2024-12-09 00:00:00,bank_partner,26-35,T3+,balanced,4169.6,1
8415,2024-03-19 00:00:00,organic,46-55,T3+,cautious,33643.92,1
8416,2024-10-22 00:00:00,paid_search,18-25,T1,aggressive,24990.44,1
8417,2024-07-10 00:00:00,paid_search,36-45,T2,balanced,1786.73,1
8418,2024-03-03 00:00:00,paid_search,46-55,T2,cautious,12630.61,1
8419,2024-08-30 00:00:00,social,46-55,T1,balanced,24533.26,1
8420,2024-03-08 00:00:00,organic,36-45,T2,balanced,5785.47,1
8421,2024-09-03 00:00:00,social,26-35,T1,cautious,7614.56,1
8422,2024-12-08 00:00:00,social,56+,T2,cautious,992.47,0
8423,2024-08-05 00:00:00,organic,26-35,T2,cautious,8754.54,0
8424,2024-01-27 00:00:00,bank_partner,26-35,T1,balanced,2098.07,1
8425,2024-06-06 00:00:00,social,46-55,T1,aggressive,64736.85,0
8426,2024-05-24 00:00:00,bank_partner,46-55,T2,balanced,46103.87,0
8427,2024-06-04 00:00:00,bank_partner,56+,T1,cautious,21755.14,1
8428,2024-06-20 00:00:00,paid_search,46-55,T2,aggressive,9936.45,1
8429,2024-06-11 00:00:00,referral,36-45,T3+,balanced,1372.02,1
8430,2024-11-21 00:00:00,social,26-35,T2,aggressive,593.78,1
8431,2024-10-20 00:00:00,paid_search,46-55,T3+,aggressive,21593.31,0
8432,2024-04-21 00:00:00,referral,26-35,T2,cautious,9046.18,1
8433,2024-08-25 00:00:00,referral,46-55,T1,aggressive,9893.02,0
8434,2024-09-06 00:00:00,social,26-35,T2,cautious,13888.7,0
8435,2024-02-06 00:00:00,social,36-45,T2,aggressive,2671.06,1
8436,2024-11-11 00:00:00,organic,36-45,T2,cautious,1521.94,1
8437,2024-07-15 00:00:00,social,26-35,T3+,aggressive,33549.73,1
8438,2024-08-24 00:00:00,referral,26-35,T1,balanced,12229.65,1
8439,2024-10-09 00:00:00,paid_search,26-35,T2,balanced,21052.66,1
8440,2024-09-02 00:00:00,paid_search,46-55,T2,aggressive,21131.61,1
8441,2024-05-13 00:00:00,organic,26-35,T3+,cautious,25727.13,1
8442,2024-06-26 00:00:00,social,26-35,T2,balanced,85783.22,1
8443,2024-04-23 00:00:00,organic,36-45,T3+,cautious,1331.74,1
8444,2024-12-25 00:00:00,referral,36-45,T1,balanced,1948.29,1
8445,2024-09-16 00:00:00,social,36-45,T1,balanced,10732.56,0
8446,2024-08-31 00:00:00,paid_search,36-45,T3+,cautious,6340.99,1
8447,2024-07-25 00:00:00,social,26-35,T2,balanced,7860.94,0
8448,2024-05-25 00:00:00,referral,56+,T2,balanced,2890.73,1
8449,2024-02-11 00:00:00,organic,18-25,T1,aggressive,7838.21,1
8450,2024-12-31 00:00:00,bank_partner,56+,T1,balanced,113657.37,0
8451,2024-12-04 00:00:00,paid_search,26-35,T3+,cautious,45797.78,1
8452,2024-03-02 00:00:00,referral,26-35,T3+,cautious,67017.47,1
8453,2024-04-02 00:00:00,organic,56+,T2,cautious,62364.27,1
8454,2024-12-09 00:00:00,social,36-45,T2,aggressive,5032.04,0
8455,2024-09-14 00:00:00,referral,26-35,T1,balanced,30481.2,0
8456,2024-01-19 00:00:00,organic,36-45,T1,cautious,8518.65,1
8457,2024-06-07 00:00:00,paid_search,46-55,T3+,cautious,13419.01,0
8458,2024-03-23 00:00:00,bank_partner,26-35,T2,balanced,7453.5,1
8459,2024-08-12 00:00:00,bank_partner,26-35,T1,cautious,7631.62,1
8460,2024-01-05 00:00:00,social,18-25,T2,balanced,2674.43,0
8461,2024-04-28 00:00:00,bank_partner,26-35,T2,balanced,10878.44,1
8462,2024-07-26 00:00:00,bank_partner,46-55,T3+,balanced,3916.0,1
8463,2024-08-21 00:00:00,paid_search,36-45,T3+,balanced,6610.28,1
8464,2024-06-17 00:00:00,organic,18-25,T3+,balanced,601.36,1
8465,2024-07-08 00:00:00,organic,26-35,T2,cautious,9545.96,1
8466,2024-12-24 00:00:00,organic,18-25,T3+,balanced,1551.72,1
8467,2024-06-21 00:00:00,paid_search,26-35,T2,cautious,9273.17,0
8468,2024-12-19 00:00:00,social,36-45,T1,cautious,1221.79,0
8469,2024-02-16 00:00:00,referral,36-45,T2,cautious,2462.55,0
8470,2024-07-20 00:00:00,paid_search,36-45,T3+,cautious,740.91,1
8471,2024-07-03 00:00:00,organic,56+,T1,balanced,28941.75,0
8472,2024-06-26 00:00:00,social,56+,T2,cautious,2890.64,0
8473,2024-03-09 00:00:00,organic,36-45,T2,aggressive,17340.13,0
8474,2024-06-22 00:00:00,organic,46-55,T3+,balanced,18684.76,0
8475,2024-04-14 00:00:00,paid_search,18-25,T2,cautious,28384.45,0
8476,2024-07-19 00:00:00,organic,46-55,T3+,cautious,29040.04,1
8477,2024-09-28 00:00:00,referral,36-45,T3+,balanced,2170.33,1
8478,2024-01-09 00:00:00,bank_partner,26-35,T3+,cautious,1851.2,0
8479,2024-05-11 00:00:00,organic,36-45,T1,balanced,2561.89,1
8480,2024-09-05 00:00:00,social,46-55,T2,balanced,4429.21,1
8481,2024-02-23 00:00:00,bank_partner,56+,T2,cautious,95094.75,1
8482,2024-03-11 00:00:00,social,36-45,T1,cautious,8555.1,1
8483,2024-04-10 00:00:00,organic,36-45,T2,cautious,39238.34,1
8484,2024-07-13 00:00:00,organic,36-45,T1,balanced,2710.04,0
8485,2024-04-21 00:00:00,referral,36-45,T2,cautious,1800.65,1
8486,2024-08-18 00:00:00,referral,36-45,T2,balanced,23042.26,0
8487,2024-04-05 00:00:00,referral,46-55,T1,cautious,12751.38,1
8488,2024-10-06 00:00:00,social,18-25,T3+,balanced,500.0,1
8489,2024-07-13 00:00:00,bank_partner,18-25,T1,aggressive,1400.61,1
8490,2024-07-19 00:00:00,referral,36-45,T1,balanced,14910.7,1
8491,2024-09-12 00:00:00,paid_search,56+,T3+,cautious,52255.51,0
8492,2024-03-11 00:00:00,bank_partner,18-25,T1,cautious,9154.22,0
8493,2024-04-24 00:00:00,organic,36-45,T2,cautious,7139.85,1
8494,2024-06-03 00:00:00,social,36-45,T3+,cautious,35947.74,1
8495,2024-08-05 00:00:00,organic,36-45,T3+,balanced,5646.51,0
8496,2024-09-28 00:00:00,organic,26-35,T2,aggressive,6607.37,1
8497,2024-07-24 00:00:00,organic,26-35,T1,balanced,5944.32,1
8498,2024-06-11 00:00:00,social,26-35,T1,balanced,3446.76,0
8499,2024-12-27 00:00:00,social,46-55,T1,balanced,7646.96,1
8500,2024-04-28 00:00:00,bank_partner,46-55,T3+,balanced,47793.68,1
8501,2024-04-17 00:00:00,referral,26-35,T2,cautious,10099.83,1
8502,2024-11-05 00:00:00,bank_partner,26-35,T2,cautious,3449.78,0
8503,2024-08-18 00:00:00,paid_search,36-45,T3+,balanced,7005.11,1
8504,2024-06-03 00:00:00,organic,46-55,T1,aggressive,17567.56,1
8505,2024-08-22 00:00:00,paid_search,18-25,T1,cautious,32013.08,0
8506,2024-11-04 00:00:00,organic,18-25,T3+,cautious,1578.26,0
8507,2024-07-03 00:00:00,paid_search,26-35,T1,balanced,969.22,1
8508,2024-09-21 00:00:00,bank_partner,26-35,T1,balanced,8330.79,1
8509,2024-04-02 00:00:00,referral,56+,T1,aggressive,25258.56,1
8510,2024-01-23 00:00:00,social,26-35,T1,balanced,45507.31,1
8511,2024-04-15 00:00:00,bank_partner,36-45,T2,cautious,9991.4,0
8512,2024-09-22 00:00:00,organic,56+,T2,balanced,4000.1,0
8513,2024-01-20 00:00:00,referral,46-55,T2,cautious,18436.56,1
8514,2024-01-25 00:00:00,organic,46-55,T3+,balanced,1633.09,1
8515,2024-04-07 00:00:00,paid_search,36-45,T1,cautious,21211.48,1
8516,2024-06-26 00:00:00,bank_partner,46-55,T2,balanced,4772.24,1
8517,2024-01-18 00:00:00,social,36-45,T3+,cautious,6099.03,1
8518,2024-04-13 00:00:00,paid_search,26-35,T1,balanced,4902.04,1
8519,2024-05-23 00:00:00,organic,26-35,T2,aggressive,12760.05,0
8520,2024-11-07 00:00:00,organic,26-35,T2,balanced,10452.27,1
8521,2024-12-31 00:00:00,referral,26-35,T1,cautious,3754.53,1
8522,2024-12-11 00:00:00,social,18-25,T2,balanced,1203.21,1
8523,2024-01-18 00:00:00,organic,36-45,T2,balanced,7398.84,1
8524,2024-02-11 00:00:00,organic,26-35,T1,balanced,10660.8,1
8525,2024-10-15 00:00:00,social,36-45,T2,aggressive,86847.16,1
8526,2024-07-22 00:00:00,organic,56+,T2,cautious,17413.17,1
8527,2024-08-01 00:00:00,bank_partner,46-55,T2,cautious,9452.8,1
8528,2024-09-14 00:00:00,organic,26-35,T1,aggressive,1742.68,1
8529,2024-10-28 00:00:00,organic,26-35,T1,cautious,10507.34,0
8530,2024-09-23 00:00:00,paid_search,36-45,T2,balanced,21830.52,1
8531,2024-05-14 00:00:00,paid_search,26-35,T3+,balanced,8721.84,1
8532,2024-06-06 00:00:00,referral,36-45,T3+,balanced,2894.45,1
8533,2024-08-01 00:00:00,paid_search,56+,T2,balanced,11021.19,1
8534,2024-10-10 00:00:00,paid_search,26-35,T1,balanced,12191.76,1
8535,2024-11-06 00:00:00,social,46-55,T3+,aggressive,8071.21,1
8536,2024-10-19 00:00:00,bank_partner,56+,T1,cautious,2648.78,1
8537,2024-09-15 00:00:00,social,26-35,T3+,aggressive,4021.28,1
8538,2024-04-07 00:00:00,paid_search,26-35,T3+,aggressive,4294.5,1
8539,2024-04-25 00:00:00,organic,36-45,T2,balanced,5264.15,1
8540,2024-08-15 00:00:00,paid_search,26-35,T3+,cautious,4386.44,0
8541,2024-01-23 00:00:00,referral,26-35,T3+,cautious,10845.3,1
8542,2024-02-27 00:00:00,bank_partner,26-35,T3+,aggressive,4472.2,0
8543,2024-07-07 00:00:00,bank_partner,36-45,T2,cautious,21628.38,0
8544,2024-10-27 00:00:00,paid_search,26-35,T3+,cautious,2740.31,1
8545,2024-01-08 00:00:00,bank_partner,26-35,T1,balanced,27213.53,1
8546,2024-07-18 00:00:00,referral,36-45,T2,aggressive,7264.39,0
8547,2024-11-06 00:00:00,referral,46-55,T3+,balanced,55932.96,0
8548,2024-10-10 00:00:00,organic,26-35,T1,cautious,5644.54,1
8549,2024-03-07 00:00:00,social,46-55,T3+,cautious,30350.89,0
8550,2024-03-28 00:00:00,referral,36-45,T3+,aggressive,1487.92,1
8551,2024-01-09 00:00:00,paid_search,18-25,T3+,balanced,10026.69,0
8552,2024-06-11 00:00:00,social,26-35,T3+,cautious,5354.98,1
8553,2024-05-19 00:00:00,paid_search,56+,T1,cautious,7167.75,1
8554,2024-01-05 00:00:00,referral,46-55,T1,cautious,19992.7,1
8555,2024-06-24 00:00:00,referral,36-45,T1,balanced,11604.91,1
8556,2024-12-22 00:00:00,organic,18-25,T2,cautious,16818.73,0
8557,2024-04-09 00:00:00,social,36-45,T1,aggressive,32863.71,1
8558,2024-05-16 00:00:00,paid_search,36-45,T3+,balanced,16798.94,1
8559,2024-01-12 00:00:00,organic,26-35,T3+,balanced,1026.3,1
8560,2024-01-20 00:00:00,organic,36-45,T3+,cautious,6088.6,1
8561,2024-12-27 00:00:00,social,36-45,T2,balanced,2091.84,1
8562,2024-08-11 00:00:00,organic,18-25,T1,cautious,1455.74,1
8563,2024-01-02 00:00:00,paid_search,26-35,T2,cautious,2834.38,1
8564,2024-06-06 00:00:00,organic,56+,T2,cautious,3567.86,0
8565,2024-10-07 00:00:00,bank_partner,18-25,T1,balanced,4832.74,1
8566,2024-09-20 00:00:00,bank_partner,18-25,T3+,aggressive,9815.64,0
8567,2024-04-10 00:00:00,referral,18-25,T3+,balanced,1817.79,1
8568,2024-02-21 00:00:00,organic,56+,T3+,cautious,38644.22,1
8569,2024-12-16 00:00:00,paid_search,26-35,T2,cautious,10098.48,1
8570,2024-06-11 00:00:00,paid_search,36-45,T1,balanced,13395.58,1
8571,2024-12-13 00:00:00,paid_search,26-35,T2,balanced,2041.72,1
8572,2024-01-30 00:00:00,organic,26-35,T1,balanced,3862.15,0
8573,2024-10-12 00:00:00,referral,36-45,T3+,balanced,13599.76,1
8574,2024-03-11 00:00:00,social,56+,T3+,balanced,3892.4,0
8575,2024-10-21 00:00:00,bank_partner,46-55,T1,aggressive,2958.74,1
8576,2024-05-10 00:00:00,referral,26-35,T2,balanced,5516.39,1
8577,2024-10-18 00:00:00,referral,18-25,T3+,cautious,3116.9,0
8578,2024-05-13 00:00:00,organic,36-45,T1,aggressive,4386.93,1
8579,2024-10-10 00:00:00,paid_search,36-45,T1,balanced,12044.71,1
8580,2024-08-16 00:00:00,bank_partner,46-55,T1,aggressive,1347.31,1
8581,2024-11-25 00:00:00,paid_search,26-35,T1,cautious,16024.53,1
8582,2024-08-01 00:00:00,paid_search,26-35,T2,balanced,15567.83,1
8583,2024-04-19 00:00:00,social,26-35,T3+,balanced,2620.45,0
8584,2024-04-13 00:00:00,paid_search,36-45,T3+,aggressive,26960.99,1
8585,2024-07-15 00:00:00,bank_partner,36-45,T1,balanced,13244.61,1
8586,2024-07-31 00:00:00,organic,26-35,T1,cautious,4477.35,1
8587,2024-09-27 00:00:00,bank_partner,26-35,T1,cautious,11761.21,1
8588,2024-06-09 00:00:00,referral,26-35,T1,cautious,29665.98,1
8589,2024-06-17 00:00:00,paid_search,18-25,T2,balanced,20986.77,1
8590,2024-01-08 00:00:00,social,56+,T2,aggressive,210372.91,1
8591,2024-08-19 00:00:00,social,26-35,T3+,aggressive,9707.92,0
8592,2024-10-24 00:00:00,organic,46-55,T2,cautious,29912.1,1
8593,2024-03-08 00:00:00,organic,26-35,T3+,balanced,18158.01,1
8594,2024-01-27 00:00:00,social,26-35,T3+,cautious,3094.3,1
8595,2024-08-11 00:00:00,referral,26-35,T2,aggressive,3708.56,1
8596,2024-12-18 00:00:00,organic,36-45,T2,aggressive,2299.29,1
8597,2024-04-11 00:00:00,organic,56+,T3+,balanced,9666.3,0
8598,2024-09-16 00:00:00,paid_search,18-25,T3+,balanced,2687.41,0
8599,2024-02-25 00:00:00,social,26-35,T2,balanced,9321.34,0
8600,2024-03-19 00:00:00,referral,36-45,T2,balanced,32353.85,1
8601,2024-03-06 00:00:00,paid_search,26-35,T1,balanced,14761.05,1
8602,2024-11-13 00:00:00,paid_search,36-45,T3+,balanced,8853.75,1
8603,2024-12-24 00:00:00,organic,26-35,T3+,cautious,5142.79,1
8604,2024-07-26 00:00:00,organic,46-55,T2,cautious,12047.08,1
8605,2024-08-27 00:00:00,paid_search,18-25,T2,aggressive,4408.25,1
8606,2024-05-23 00:00:00,organic,46-55,T2,cautious,22585.04,1
8607,2024-02-04 00:00:00,social,26-35,T3+,cautious,55170.84,0
8608,2024-05-19 00:00:00,organic,56+,T1,balanced,32504.92,0
8609,2024-06-14 00:00:00,paid_search,18-25,T2,balanced,1480.81,1
8610,2024-11-10 00:00:00,referral,18-25,T1,cautious,5979.82,0
8611,2024-05-11 00:00:00,bank_partner,26-35,T3+,cautious,13871.56,1
8612,2024-11-30 00:00:00,paid_search,18-25,T2,balanced,8097.19,1
8613,2024-01-01 00:00:00,paid_search,26-35,T1,balanced,9803.02,1
8614,2024-09-07 00:00:00,paid_search,46-55,T1,cautious,10694.31,0
8615,2024-11-01 00:00:00,social,46-55,T3+,balanced,33093.22,1
8616,2024-04-28 00:00:00,organic,36-45,T3+,cautious,5316.24,1
8617,2024-11-19 00:00:00,bank_partner,36-45,T1,cautious,2667.64,1
8618,2024-04-23 00:00:00,organic,36-45,T2,cautious,13572.62,0
8619,2024-01-13 00:00:00,referral,26-35,T3+,balanced,25216.22,1
8620,2024-03-05 00:00:00,referral,56+,T2,balanced,36241.07,1
8621,2024-08-07 00:00:00,referral,56+,T2,cautious,293016.37,1
8622,2024-01-23 00:00:00,organic,26-35,T2,balanced,19161.78,1
8623,2024-10-10 00:00:00,referral,26-35,T1,cautious,3742.11,1
8624,2024-06-28 00:00:00,bank_partner,36-45,T1,balanced,5235.18,1
8625,2024-07-10 00:00:00,paid_search,18-25,T1,aggressive,4323.93,1
8626,2024-01-23 00:00:00,referral,36-45,T3+,aggressive,1580.01,1
8627,2024-09-24 00:00:00,organic,26-35,T1,cautious,26182.98,1
8628,2024-09-15 00:00:00,referral,36-45,T2,balanced,91384.92,1
8629,2024-06-17 00:00:00,bank_partner,18-25,T3+,balanced,10124.26,1
8630,2024-04-30 00:00:00,paid_search,26-35,T1,aggressive,8994.17,1
8631,2024-05-08 00:00:00,organic,26-35,T2,cautious,31873.74,1
8632,2024-03-31 00:00:00,social,46-55,T3+,balanced,11713.83,1
8633,2024-01-07 00:00:00,referral,26-35,T3+,cautious,7853.79,1
8634,2024-03-03 00:00:00,social,46-55,T2,balanced,22774.43,0
8635,2024-04-11 00:00:00,social,46-55,T2,cautious,13241.93,1
8636,2024-11-06 00:00:00,organic,26-35,T2,cautious,11869.5,1
8637,2024-02-10 00:00:00,paid_search,18-25,T1,cautious,2237.74,1
8638,2024-06-21 00:00:00,referral,26-35,T2,balanced,25379.03,1
8639,2024-09-16 00:00:00,organic,26-35,T2,cautious,2312.72,0
8640,2024-04-23 00:00:00,paid_search,36-45,T1,cautious,21969.58,0
8641,2024-10-24 00:00:00,paid_search,46-55,T2,cautious,62184.3,1
8642,2024-06-01 00:00:00,paid_search,26-35,T1,balanced,8290.73,1
8643,2024-10-02 00:00:00,organic,36-45,T2,balanced,35323.7,0
8644,2024-11-02 00:00:00,social,56+,T3+,balanced,1158.38,1
8645,2024-01-27 00:00:00,organic,36-45,T1,balanced,20564.03,1
8646,2024-01-12 00:00:00,paid_search,36-45,T1,balanced,3663.8,1
8647,2024-12-10 00:00:00,referral,26-35,T1,balanced,1333.35,1
8648,2024-01-26 00:00:00,organic,46-55,T1,balanced,37544.82,1
8649,2024-11-24 00:00:00,bank_partner,26-35,T2,balanced,30293.42,1
8650,2024-08-13 00:00:00,referral,26-35,T1,balanced,22617.08,1
8651,2024-09-04 00:00:00,social,36-45,T3+,balanced,8866.82,1
8652,2024-09-13 00:00:00,organic,46-55,T1,cautious,38467.01,0
8653,2024-05-24 00:00:00,referral,26-35,T2,balanced,6493.25,0
8654,2024-04-21 00:00:00,paid_search,46-55,T3+,cautious,34002.77,1
8655,2024-11-27 00:00:00,social,46-55,T1,balanced,66042.45,0
8656,2024-05-28 00:00:00,paid_search,36-45,T1,cautious,4752.68,1
8657,2024-06-30 00:00:00,bank_partner,18-25,T3+,balanced,5810.99,1
8658,2024-01-08 00:00:00,paid_search,18-25,T2,cautious,5054.68,1
8659,2024-09-22 00:00:00,organic,26-35,T3+,balanced,7450.23,1
8660,2024-06-13 00:00:00,referral,36-45,T3+,balanced,556.38,1
8661,2024-01-29 00:00:00,bank_partner,36-45,T2,cautious,119992.47,1
8662,2024-02-02 00:00:00,paid_search,26-35,T2,cautious,5683.9,0
8663,2024-11-28 00:00:00,referral,36-45,T1,aggressive,1335.08,0
8664,2024-07-27 00:00:00,referral,26-35,T1,balanced,19669.89,1
8665,2024-05-13 00:00:00,referral,46-55,T2,aggressive,24244.9,1
8666,2024-05-31 00:00:00,organic,36-45,T3+,balanced,22535.45,0
8667,2024-09-05 00:00:00,social,26-35,T2,cautious,24444.58,1
8668,2024-11-10 00:00:00,bank_partner,56+,T3+,balanced,5837.05,0
8669,2024-06-08 00:00:00,social,36-45,T3+,aggressive,3703.35,1
8670,2024-01-13 00:00:00,social,18-25,T2,aggressive,15375.1,1
8671,2024-07-24 00:00:00,bank_partner,56+,T1,balanced,8885.31,1
8672,2024-03-13 00:00:00,social,36-45,T1,aggressive,4413.06,0
8673,2024-11-04 00:00:00,social,26-35,T2,cautious,13610.99,1
8674,2024-09-29 00:00:00,social,18-25,T1,cautious,2319.53,1
8675,2024-12-25 00:00:00,referral,46-55,T1,cautious,69358.36,1
8676,2024-12-15 00:00:00,organic,36-45,T1,cautious,85202.94,1
8677,2024-04-12 00:00:00,referral,18-25,T2,balanced,6046.95,1
8678,2024-04-28 00:00:00,referral,36-45,T3+,cautious,18960.62,0
8679,2024-11-15 00:00:00,paid_search,26-35,T2,cautious,38269.83,0
8680,2024-08-01 00:00:00,referral,36-45,T3+,cautious,5653.68,1
8681,2024-07-26 00:00:00,organic,36-45,T3+,balanced,63127.26,1
8682,2024-10-30 00:00:00,organic,46-55,T3+,cautious,8816.08,0
8683,2024-11-16 00:00:00,organic,26-35,T1,cautious,20538.31,0
8684,2024-02-15 00:00:00,organic,36-45,T3+,cautious,4093.75,1
8685,2024-05-09 00:00:00,bank_partner,36-45,T2,balanced,7025.92,1
8686,2024-12-29 00:00:00,bank_partner,18-25,T3+,aggressive,12510.39,1
8687,2024-05-04 00:00:00,organic,36-45,T2,cautious,47222.14,1
8688,2024-04-04 00:00:00,organic,56+,T2,cautious,13528.36,1
8689,2024-09-13 00:00:00,referral,26-35,T2,aggressive,18672.56,0
8690,2024-01-08 00:00:00,social,26-35,T3+,cautious,5438.88,0
8691,2024-05-14 00:00:00,paid_search,26-35,T2,balanced,15379.25,1
8692,2024-11-26 00:00:00,social,46-55,T2,cautious,5409.5,0
8693,2024-07-12 00:00:00,organic,36-45,T2,aggressive,28957.1,1
8694,2024-09-24 00:00:00,referral,26-35,T1,cautious,3143.7,1
8695,2024-10-10 00:00:00,bank_partner,46-55,T2,aggressive,16984.71,1
8696,2024-06-30 00:00:00,bank_partner,46-55,T1,balanced,11204.94,1
8697,2024-03-26 00:00:00,organic,26-35,T3+,cautious,1964.47,1
8698,2024-03-01 00:00:00,referral,36-45,T2,balanced,9053.88,1
8699,2024-02-09 00:00:00,paid_search,46-55,T2,cautious,21901.52,1
8700,2024-08-11 00:00:00,organic,56+,T3+,balanced,5642.06,1
8701,2024-08-22 00:00:00,organic,36-45,T2,balanced,14806.1,1
8702,2024-01-15 00:00:00,paid_search,36-45,T1,cautious,18389.46,1
8703,2024-07-11 00:00:00,organic,18-25,T1,balanced,4435.99,0
8704,2024-03-29 00:00:00,organic,46-55,T2,cautious,5851.42,1
8705,2024-09-13 00:00:00,referral,56+,T3+,cautious,6999.07,1
8706,2024-02-11 00:00:00,referral,46-55,T2,aggressive,26400.25,1
8707,2024-10-08 00:00:00,organic,56+,T3+,cautious,500.0,1
8708,2024-09-17 00:00:00,social,36-45,T2,balanced,9012.32,1
8709,2024-06-25 00:00:00,paid_search,18-25,T2,balanced,6056.28,1
8710,2024-08-08 00:00:00,organic,46-55,T3+,balanced,12655.25,1
8711,2024-09-04 00:00:00,paid_search,46-55,T2,balanced,18980.79,1
8712,2024-10-30 00:00:00,paid_search,36-45,T2,aggressive,10926.66,0
8713,2024-12-11 00:00:00,organic,46-55,T2,balanced,52834.66,0
8714,2024-12-15 00:00:00,organic,56+,T1,aggressive,20328.73,1
8715,2024-03-29 00:00:00,paid_search,56+,T2,balanced,5978.09,1
8716,2024-09-30 00:00:00,paid_search,36-45,T2,aggressive,22594.34,1
8717,2024-03-11 00:00:00,paid_search,36-45,T1,cautious,21495.09,0
8718,2024-01-10 00:00:00,social,36-45,T3+,cautious,15547.82,1
8719,2024-02-15 00:00:00,paid_search,46-55,T2,cautious,28624.67,1
8720,2024-10-14 00:00:00,social,46-55,T1,balanced,80828.99,1
8721,2024-09-03 00:00:00,social,46-55,T3+,aggressive,5972.39,1
8722,2024-06-26 00:00:00,referral,36-45,T2,balanced,9324.07,1
8723,2024-04-19 00:00:00,bank_partner,56+,T2,cautious,13521.15,1
8724,2024-06-28 00:00:00,referral,46-55,T2,balanced,33728.02,1
8725,2024-05-19 00:00:00,social,26-35,T1,balanced,119119.95,1
8726,2024-02-25 00:00:00,social,26-35,T1,cautious,10091.97,1
8727,2024-11-02 00:00:00,referral,36-45,T2,cautious,21838.44,1
8728,2024-07-15 00:00:00,organic,46-55,T1,cautious,24341.76,1
8729,2024-12-20 00:00:00,referral,36-45,T3+,cautious,12528.01,1
8730,2024-04-30 00:00:00,organic,36-45,T2,balanced,3720.22,1
8731,2024-01-04 00:00:00,referral,36-45,T2,balanced,13873.82,1
8732,2024-12-25 00:00:00,social,36-45,T2,balanced,20652.72,1
8733,2024-05-08 00:00:00,social,56+,T2,cautious,45887.71,1
8734,2024-04-23 00:00:00,bank_partner,46-55,T2,balanced,18116.72,1
8735,2024-08-30 00:00:00,referral,18-25,T3+,balanced,2560.55,1
8736,2024-06-23 00:00:00,referral,46-55,T3+,aggressive,14441.57,1
8737,2024-08-11 00:00:00,paid_search,36-45,T1,cautious,10320.23,1
8738,2024-07-01 00:00:00,organic,26-35,T1,balanced,23194.99,1
8739,2024-07-13 00:00:00,bank_partner,26-35,T2,cautious,34830.58,1
8740,2024-06-25 00:00:00,paid_search,36-45,T1,cautious,2462.8,0
8741,2024-07-19 00:00:00,social,26-35,T2,balanced,19313.87,1
8742,2024-10-29 00:00:00,paid_search,26-35,T3+,balanced,32945.05,0
8743,2024-03-02 00:00:00,social,18-25,T2,balanced,8885.12,1
8744,2024-12-24 00:00:00,paid_search,18-25,T3+,balanced,3329.65,1
8745,2024-06-04 00:00:00,paid_search,26-35,T2,cautious,11894.38,1
8746,2024-05-21 00:00:00,referral,46-55,T1,cautious,16547.36,1
8747,2024-11-25 00:00:00,referral,26-35,T1,balanced,11240.42,1
8748,2024-10-17 00:00:00,organic,26-35,T1,cautious,6928.19,0
8749,2024-01-28 00:00:00,organic,18-25,T2,cautious,4957.2,1
8750,2024-11-12 00:00:00,bank_partner,36-45,T1,balanced,13227.44,1
8751,2024-04-26 00:00:00,referral,46-55,T2,aggressive,43462.53,1
8752,2024-11-14 00:00:00,social,46-55,T1,cautious,76564.13,1
8753,2024-11-04 00:00:00,organic,36-45,T2,cautious,4269.43,0
8754,2024-03-06 00:00:00,bank_partner,18-25,T1,cautious,16650.77,1
8755,2024-03-23 00:00:00,referral,18-25,T2,cautious,4083.51,1
8756,2024-06-20 00:00:00,bank_partner,46-55,T3+,aggressive,41912.66,1
8757,2024-11-25 00:00:00,paid_search,36-45,T2,cautious,10552.62,0
8758,2024-08-13 00:00:00,paid_search,26-35,T3+,cautious,5570.76,1
8759,2024-01-28 00:00:00,social,36-45,T1,cautious,7008.13,1
8760,2024-03-31 00:00:00,social,26-35,T3+,aggressive,3369.34,1
8761,2024-11-16 00:00:00,social,18-25,T1,cautious,6288.44,0
8762,2024-01-19 00:00:00,social,18-25,T1,cautious,1258.7,1
8763,2024-10-19 00:00:00,paid_search,26-35,T3+,balanced,1594.99,0
8764,2024-01-31 00:00:00,bank_partner,26-35,T3+,cautious,24771.88,1
8765,2024-01-23 00:00:00,organic,26-35,T2,cautious,67144.02,0
8766,2024-05-16 00:00:00,social,26-35,T1,cautious,36759.33,0
8767,2024-01-24 00:00:00,bank_partner,26-35,T2,balanced,21443.1,1
8768,2024-05-21 00:00:00,organic,46-55,T2,cautious,14865.59,0
8769,2024-11-05 00:00:00,referral,26-35,T3+,balanced,21036.07,1
8770,2024-04-28 00:00:00,organic,18-25,T1,balanced,23260.38,1
8771,2024-12-16 00:00:00,social,26-35,T3+,cautious,4588.85,0
8772,2024-11-06 00:00:00,paid_search,18-25,T1,balanced,500.0,1
8773,2024-11-26 00:00:00,bank_partner,36-45,T1,cautious,2528.22,1
8774,2024-10-14 00:00:00,paid_search,56+,T2,cautious,38225.58,1
8775,2024-08-10 00:00:00,social,18-25,T1,aggressive,6313.76,1
8776,2024-04-04 00:00:00,organic,36-45,T3+,cautious,16233.62,1
8777,2024-05-20 00:00:00,referral,26-35,T3+,aggressive,27987.6,1
8778,2024-11-15 00:00:00,referral,36-45,T3+,cautious,3281.72,1
8779,2024-08-29 00:00:00,referral,36-45,T3+,cautious,1401.13,0
8780,2024-04-01 00:00:00,paid_search,18-25,T1,aggressive,2674.78,1
8781,2024-11-26 00:00:00,referral,18-25,T1,cautious,5684.06,1
8782,2024-05-08 00:00:00,paid_search,36-45,T1,balanced,7013.89,0
8783,2024-04-23 00:00:00,bank_partner,36-45,T3+,balanced,13633.97,1
8784,2024-11-22 00:00:00,organic,18-25,T1,balanced,15689.86,1
8785,2024-07-29 00:00:00,social,56+,T3+,aggressive,32054.19,1
8786,2024-04-17 00:00:00,organic,36-45,T2,balanced,10913.87,1
8787,2024-06-28 00:00:00,paid_search,26-35,T1,balanced,26877.22,0
8788,2024-04-08 00:00:00,paid_search,26-35,T1,balanced,21742.21,1
8789,2024-06-23 00:00:00,referral,56+,T3+,aggressive,24684.98,1
8790,2024-02-08 00:00:00,bank_partner,36-45,T2,cautious,50696.03,1
8791,2024-03-16 00:00:00,referral,26-35,T3+,aggressive,8764.56,1
8792,2024-03-07 00:00:00,organic,36-45,T2,cautious,4191.4,0
8793,2024-06-02 00:00:00,social,36-45,T1,aggressive,3418.17,1
8794,2024-09-19 00:00:00,paid_search,46-55,T3+,balanced,5372.68,1
8795,2024-11-18 00:00:00,paid_search,18-25,T2,aggressive,1299.18,1
8796,2024-08-29 00:00:00,paid_search,56+,T1,cautious,4016.52,1
8797,2024-09-20 00:00:00,referral,18-25,T1,balanced,6404.09,1
8798,2024-10-07 00:00:00,paid_search,46-55,T1,cautious,26077.79,0
8799,2024-02-24 00:00:00,referral,36-45,T2,cautious,12085.24,1
8800,2024-07-27 00:00:00,organic,36-45,T2,balanced,2437.69,1
8801,2024-10-09 00:00:00,referral,56+,T2,cautious,15858.07,1
8802,2024-06-11 00:00:00,social,18-25,T1,balanced,2887.53,1
8803,2024-04-01 00:00:00,social,26-35,T3+,cautious,31180.82,1
8804,2024-02-17 00:00:00,social,36-45,T2,cautious,18345.11,0
8805,2024-08-22 00:00:00,referral,36-45,T3+,aggressive,11240.2,1
8806,2024-05-15 00:00:00,paid_search,36-45,T2,balanced,4625.67,1
8807,2024-05-04 00:00:00,bank_partner,26-35,T1,cautious,33330.78,1
8808,2024-09-16 00:00:00,organic,26-35,T1,balanced,25415.97,1
8809,2024-08-26 00:00:00,organic,36-45,T2,cautious,2872.74,0
8810,2024-03-20 00:00:00,referral,18-25,T2,cautious,7780.35,1
8811,2024-02-23 00:00:00,organic,56+,T3+,balanced,31462.37,1
8812,2024-04-27 00:00:00,paid_search,36-45,T1,cautious,12438.06,0
8813,2024-01-13 00:00:00,paid_search,56+,T2,balanced,5827.21,1
8814,2024-09-19 00:00:00,social,46-55,T2,balanced,4877.86,1
8815,2024-08-20 00:00:00,organic,36-45,T1,balanced,4045.94,1
8816,2024-06-27 00:00:00,paid_search,46-55,T1,cautious,7470.51,1
8817,2024-07-04 00:00:00,social,26-35,T2,balanced,4585.6,1
8818,2024-06-10 00:00:00,paid_search,26-35,T3+,cautious,26840.83,0
8819,2024-11-26 00:00:00,bank_partner,26-35,T2,aggressive,3409.09,0
8820,2024-02-11 00:00:00,organic,36-45,T2,balanced,107864.94,1
8821,2024-07-25 00:00:00,organic,26-35,T1,cautious,33741.5,0
8822,2024-02-05 00:00:00,paid_search,18-25,T3+,cautious,899.4,1
8823,2024-02-20 00:00:00,organic,26-35,T3+,aggressive,5106.14,1
8824,2024-08-22 00:00:00,paid_search,36-45,T3+,aggressive,20181.89,1
8825,2024-05-15 00:00:00,referral,46-55,T1,aggressive,2047.15,0
8826,2024-11-17 00:00:00,organic,26-35,T1,balanced,1792.97,0
8827,2024-12-27 00:00:00,organic,46-55,T2,balanced,9468.79,1
8828,2024-02-19 00:00:00,bank_partner,46-55,T3+,balanced,12018.07,0
8829,2024-05-14 00:00:00,paid_search,36-45,T2,cautious,2414.28,1
8830,2024-03-11 00:00:00,bank_partner,56+,T1,cautious,9381.67,1
8831,2024-10-05 00:00:00,paid_search,26-35,T1,aggressive,2522.15,0
8832,2024-04-07 00:00:00,bank_partner,26-35,T1,balanced,6585.99,1
8833,2024-08-05 00:00:00,referral,26-35,T3+,cautious,36796.66,1
8834,2024-12-19 00:00:00,organic,26-35,T3+,cautious,3445.48,0
8835,2024-09-20 00:00:00,organic,26-35,T3+,balanced,11820.11,1
8836,2024-02-28 00:00:00,organic,18-25,T2,aggressive,2026.11,1
8837,2024-05-03 00:00:00,bank_partner,56+,T2,cautious,2450.66,1
8838,2024-12-27 00:00:00,organic,56+,T1,cautious,34666.47,1
8839,2024-10-27 00:00:00,bank_partner,26-35,T2,balanced,4092.11,1
8840,2024-06-06 00:00:00,referral,26-35,T1,aggressive,4003.86,1
8841,2024-04-09 00:00:00,referral,36-45,T2,cautious,3079.75,1
8842,2024-12-24 00:00:00,paid_search,36-45,T3+,aggressive,1507.84,1
8843,2024-09-26 00:00:00,referral,56+,T3+,cautious,84756.48,1
8844,2024-08-30 00:00:00,organic,36-45,T3+,balanced,17965.13,1
8845,2024-09-20 00:00:00,social,26-35,T1,balanced,5025.62,0
8846,2024-02-29 00:00:00,social,36-45,T2,balanced,2817.38,0
8847,2024-01-06 00:00:00,organic,36-45,T3+,cautious,2209.91,1
8848,2024-06-16 00:00:00,paid_search,36-45,T2,balanced,4529.11,1
8849,2024-08-24 00:00:00,referral,26-35,T1,cautious,5340.31,1
8850,2024-02-24 00:00:00,social,56+,T3+,cautious,55462.43,1
8851,2024-10-29 00:00:00,organic,36-45,T1,balanced,1362.6,1
8852,2024-07-08 00:00:00,bank_partner,36-45,T3+,balanced,6608.53,0
8853,2024-11-21 00:00:00,referral,56+,T3+,aggressive,9895.78,1
8854,2024-10-17 00:00:00,social,26-35,T3+,aggressive,1320.69,1
8855,2024-08-03 00:00:00,paid_search,26-35,T1,balanced,1473.93,0
8856,2024-01-01 00:00:00,bank_partner,26-35,T2,cautious,23738.09,1
8857,2024-06-07 00:00:00,organic,18-25,T3+,cautious,14476.38,1
8858,2024-05-23 00:00:00,referral,18-25,T1,balanced,1188.51,0
8859,2024-10-02 00:00:00,social,26-35,T3+,cautious,35013.86,1
8860,2024-07-13 00:00:00,paid_search,36-45,T3+,cautious,7629.8,1
8861,2024-08-23 00:00:00,social,36-45,T3+,cautious,71272.13,1
8862,2024-01-30 00:00:00,social,26-35,T3+,cautious,15984.14,0
8863,2024-06-17 00:00:00,referral,56+,T2,cautious,33033.22,0
8864,2024-03-25 00:00:00,referral,26-35,T1,cautious,11812.52,1
8865,2024-03-18 00:00:00,organic,26-35,T2,aggressive,23024.07,1
8866,2024-06-07 00:00:00,social,36-45,T2,balanced,2910.57,1
8867,2024-09-02 00:00:00,paid_search,26-35,T3+,cautious,9758.28,1
8868,2024-07-02 00:00:00,referral,26-35,T3+,balanced,8086.1,1
8869,2024-05-31 00:00:00,referral,56+,T3+,balanced,20377.79,1
8870,2024-12-14 00:00:00,referral,36-45,T3+,cautious,7123.24,1
8871,2024-11-15 00:00:00,paid_search,26-35,T1,cautious,15287.88,1
8872,2024-11-04 00:00:00,bank_partner,26-35,T2,cautious,19984.01,1
8873,2024-07-04 00:00:00,organic,26-35,T2,cautious,2770.55,1
8874,2024-11-10 00:00:00,social,26-35,T2,aggressive,2682.43,1
8875,2024-12-08 00:00:00,paid_search,18-25,T3+,balanced,4878.9,1
8876,2024-03-09 00:00:00,organic,26-35,T1,cautious,11019.85,0
8877,2024-08-15 00:00:00,organic,46-55,T2,aggressive,22229.61,1
8878,2024-09-10 00:00:00,paid_search,26-35,T2,balanced,1476.45,0
8879,2024-10-05 00:00:00,paid_search,26-35,T2,balanced,21213.68,1
8880,2024-04-14 00:00:00,paid_search,36-45,T3+,balanced,4898.87,1
8881,2024-08-09 00:00:00,paid_search,26-35,T2,balanced,6253.99,0
8882,2024-09-29 00:00:00,referral,36-45,T1,balanced,11447.48,1
8883,2024-01-03 00:00:00,paid_search,56+,T3+,aggressive,10785.18,1
8884,2024-02-07 00:00:00,organic,26-35,T3+,aggressive,15367.78,1
8885,2024-09-06 00:00:00,organic,46-55,T2,balanced,31913.07,1
8886,2024-04-22 00:00:00,paid_search,56+,T1,balanced,17730.62,1
8887,2024-09-27 00:00:00,referral,56+,T3+,cautious,10443.44,1
8888,2024-01-27 00:00:00,organic,18-25,T2,cautious,5100.16,0
8889,2024-04-16 00:00:00,organic,18-25,T3+,cautious,819.34,1
8890,2024-08-16 00:00:00,bank_partner,26-35,T2,cautious,19501.9,1
8891,2024-03-23 00:00:00,paid_search,18-25,T2,cautious,6613.62,1
8892,2024-01-29 00:00:00,social,46-55,T1,cautious,6648.68,1
8893,2024-09-19 00:00:00,social,36-45,T3+,aggressive,28829.65,1
8894,2024-06-22 00:00:00,referral,36-45,T2,cautious,30384.8,0
8895,2024-11-07 00:00:00,organic,26-35,T2,cautious,14952.64,1
8896,2024-10-14 00:00:00,organic,26-35,T3+,cautious,1158.89,1
8897,2024-04-02 00:00:00,referral,36-45,T2,balanced,43587.46,1
8898,2024-11-23 00:00:00,paid_search,56+,T2,balanced,12403.59,0
8899,2024-12-29 00:00:00,paid_search,36-45,T1,aggressive,1760.03,0
8900,2024-06-30 00:00:00,organic,46-55,T2,aggressive,10689.74,0
8901,2024-03-22 00:00:00,organic,26-35,T1,balanced,19180.4,1
8902,2024-02-03 00:00:00,organic,18-25,T3+,balanced,25041.11,1
8903,2024-11-12 00:00:00,social,26-35,T1,balanced,2500.28,1
8904,2024-02-23 00:00:00,social,36-45,T3+,balanced,15606.41,1
8905,2024-09-12 00:00:00,organic,26-35,T1,balanced,28799.68,1
8906,2024-02-17 00:00:00,paid_search,36-45,T3+,balanced,20122.26,0
8907,2024-07-28 00:00:00,bank_partner,46-55,T1,cautious,3513.0,1
8908,2024-10-27 00:00:00,referral,56+,T1,cautious,10879.51,1
8909,2024-12-21 00:00:00,bank_partner,36-45,T2,cautious,9657.76,1
8910,2024-10-07 00:00:00,referral,26-35,T3+,cautious,8316.8,1
8911,2024-06-29 00:00:00,paid_search,26-35,T2,aggressive,7800.11,0
8912,2024-09-30 00:00:00,social,26-35,T1,balanced,12902.32,0
8913,2024-07-23 00:00:00,referral,26-35,T2,balanced,12325.38,1
8914,2024-09-02 00:00:00,organic,26-35,T2,cautious,2007.38,0
8915,2024-02-04 00:00:00,social,46-55,T2,cautious,32214.38,1
8916,2024-07-01 00:00:00,paid_search,26-35,T2,balanced,34379.33,1
8917,2024-11-27 00:00:00,bank_partner,36-45,T1,aggressive,23621.9,0
8918,2024-04-20 00:00:00,paid_search,46-55,T2,balanced,10102.47,0
8919,2024-05-12 00:00:00,social,26-35,T3+,cautious,6647.59,1
8920,2024-01-29 00:00:00,bank_partner,36-45,T3+,cautious,10306.14,1
8921,2024-04-08 00:00:00,paid_search,56+,T2,aggressive,27585.36,1
8922,2024-06-02 00:00:00,bank_partner,46-55,T2,cautious,21077.85,1
8923,2024-07-31 00:00:00,bank_partner,26-35,T1,cautious,2839.82,1
8924,2024-08-13 00:00:00,referral,26-35,T3+,balanced,15162.4,1
8925,2024-11-16 00:00:00,social,26-35,T2,cautious,17149.31,1
8926,2024-07-20 00:00:00,organic,36-45,T1,cautious,4395.14,0
8927,2024-04-16 00:00:00,social,36-45,T3+,cautious,20305.17,0
8928,2024-07-20 00:00:00,referral,36-45,T3+,balanced,28042.26,0
8929,2024-10-14 00:00:00,bank_partner,18-25,T1,aggressive,9524.37,1
8930,2024-03-26 00:00:00,paid_search,36-45,T2,balanced,20131.91,1
8931,2024-03-11 00:00:00,referral,26-35,T3+,aggressive,7370.75,1
8932,2024-05-08 00:00:00,bank_partner,36-45,T3+,balanced,5649.02,1
8933,2024-02-25 00:00:00,referral,36-45,T3+,balanced,3003.86,1
8934,2024-04-08 00:00:00,organic,26-35,T2,balanced,9631.84,0
8935,2024-10-08 00:00:00,organic,36-45,T1,balanced,591.7,1
8936,2024-10-11 00:00:00,social,26-35,T2,cautious,14206.71,0
8937,2024-08-13 00:00:00,organic,46-55,T1,cautious,11727.33,0
8938,2024-02-17 00:00:00,paid_search,26-35,T2,aggressive,29010.29,0
8939,2024-10-08 00:00:00,social,36-45,T2,balanced,2155.63,0
8940,2024-07-27 00:00:00,organic,46-55,T2,balanced,5258.29,0
8941,2024-11-19 00:00:00,organic,46-55,T3+,aggressive,12106.22,1
8942,2024-11-14 00:00:00,organic,46-55,T1,balanced,25127.38,1
8943,2024-06-07 00:00:00,organic,36-45,T1,balanced,500.0,0
8944,2024-03-10 00:00:00,organic,36-45,T1,cautious,9527.25,1
8945,2024-04-20 00:00:00,referral,26-35,T2,cautious,21006.36,1
8946,2024-10-18 00:00:00,organic,26-35,T3+,aggressive,10229.77,1
8947,2024-12-06 00:00:00,social,36-45,T2,cautious,5094.79,1
8948,2024-05-03 00:00:00,social,56+,T3+,balanced,31206.57,0
8949,2024-10-20 00:00:00,organic,56+,T1,balanced,3681.28,1
8950,2024-09-20 00:00:00,organic,26-35,T3+,cautious,29220.6,0
8951,2024-11-25 00:00:00,organic,26-35,T1,cautious,13748.64,1
8952,2024-10-01 00:00:00,paid_search,26-35,T3+,cautious,2826.59,0
8953,2024-09-25 00:00:00,paid_search,36-45,T3+,balanced,17413.58,0
8954,2024-01-03 00:00:00,social,26-35,T2,aggressive,3366.93,1
8955,2024-07-30 00:00:00,social,36-45,T1,balanced,7621.89,1
8956,2024-03-10 00:00:00,paid_search,46-55,T2,balanced,64579.4,1
8957,2024-05-03 00:00:00,bank_partner,46-55,T3+,balanced,5165.09,1
8958,2024-04-01 00:00:00,organic,26-35,T1,cautious,8729.03,1
8959,2024-12-27 00:00:00,social,46-55,T2,cautious,8561.35,1
8960,2024-11-02 00:00:00,referral,46-55,T1,balanced,20700.48,1
8961,2024-11-23 00:00:00,bank_partner,26-35,T3+,cautious,8083.39,1
8962,2024-08-19 00:00:00,referral,26-35,T1,balanced,7274.34,1
8963,2024-07-02 00:00:00,organic,26-35,T2,balanced,11092.47,1
8964,2024-10-20 00:00:00,social,18-25,T3+,balanced,4561.45,1
8965,2024-02-27 00:00:00,social,36-45,T2,balanced,4824.33,0
8966,2024-06-21 00:00:00,bank_partner,56+,T3+,balanced,11431.7,1
8967,2024-08-23 00:00:00,organic,36-45,T3+,balanced,7637.85,0
8968,2024-06-08 00:00:00,organic,36-45,T2,aggressive,3449.41,1
8969,2024-03-16 00:00:00,organic,26-35,T2,aggressive,40044.8,1
8970,2024-11-05 00:00:00,referral,56+,T1,cautious,1620.07,1
8971,2024-11-13 00:00:00,organic,36-45,T1,balanced,39115.32,1
8972,2024-01-20 00:00:00,organic,26-35,T2,balanced,243547.02,0
8973,2024-03-25 00:00:00,paid_search,36-45,T3+,cautious,12538.18,0
8974,2024-08-08 00:00:00,social,26-35,T2,balanced,7408.49,1
8975,2024-04-21 00:00:00,social,26-35,T1,aggressive,6773.7,1
8976,2024-06-21 00:00:00,paid_search,18-25,T2,balanced,500.0,1
8977,2024-07-05 00:00:00,bank_partner,36-45,T3+,cautious,53248.86,1
8978,2024-11-09 00:00:00,referral,18-25,T2,balanced,1328.57,0
8979,2024-05-28 00:00:00,referral,46-55,T3+,balanced,6854.19,1
8980,2024-04-27 00:00:00,organic,26-35,T2,cautious,28473.65,1
8981,2024-02-16 00:00:00,social,18-25,T3+,cautious,8236.15,0
8982,2024-08-21 00:00:00,organic,26-35,T2,balanced,2714.36,1
8983,2024-02-25 00:00:00,social,36-45,T3+,cautious,24290.01,1
8984,2024-08-10 00:00:00,organic,26-35,T3+,balanced,11516.5,1
8985,2024-06-02 00:00:00,referral,26-35,T2,cautious,177386.46,1
8986,2024-03-02 00:00:00,paid_search,36-45,T3+,balanced,23760.67,1
8987,2024-06-12 00:00:00,bank_partner,36-45,T3+,balanced,15186.51,0
8988,2024-06-27 00:00:00,paid_search,56+,T3+,cautious,875.11,0
8989,2024-08-16 00:00:00,referral,36-45,T2,balanced,18774.34,1
8990,2024-11-26 00:00:00,referral,36-45,T1,aggressive,12927.55,0
8991,2024-08-02 00:00:00,referral,26-35,T3+,aggressive,788.91,1
8992,2024-02-23 00:00:00,organic,26-35,T2,aggressive,35774.62,0
8993,2024-11-04 00:00:00,organic,26-35,T3+,aggressive,1189.37,1
8994,2024-05-20 00:00:00,bank_partner,18-25,T1,cautious,13710.88,0
8995,2024-03-22 00:00:00,referral,46-55,T2,aggressive,5395.13,1
8996,2024-05-18 00:00:00,organic,26-35,T3+,balanced,1560.15,1
8997,2024-01-07 00:00:00,social,18-25,T3+,balanced,9470.88,0
8998,2024-10-01 00:00:00,referral,36-45,T1,aggressive,45640.29,1
8999,2024-11-20 00:00:00,paid_search,56+,T3+,balanced,96691.76,1
9000,2024-09-10 00:00:00,organic,18-25,T2,cautious,5002.28,1
9001,2024-02-10 00:00:00,social,26-35,T2,balanced,13588.0,1
9002,2024-01-12 00:00:00,organic,46-55,T2,balanced,80680.65,1
9003,2024-08-24 00:00:00,bank_partner,46-55,T2,cautious,15574.6,1
9004,2024-03-29 00:00:00,paid_search,26-35,T1,balanced,7308.45,1
9005,2024-02-18 00:00:00,organic,26-35,T2,balanced,8604.05,1
9006,2024-06-30 00:00:00,referral,26-35,T3+,balanced,883.41,1
9007,2024-06-30 00:00:00,organic,18-25,T3+,aggressive,1019.44,1
9008,2024-07-25 00:00:00,paid_search,26-35,T3+,cautious,8763.59,1
9009,2024-04-03 00:00:00,organic,36-45,T3+,cautious,7797.21,1
9010,2024-03-26 00:00:00,social,18-25,T1,balanced,10602.88,0
9011,2024-06-20 00:00:00,referral,18-25,T3+,cautious,7848.56,1
9012,2024-04-06 00:00:00,social,36-45,T1,aggressive,12778.19,0
9013,2024-03-10 00:00:00,organic,26-35,T3+,cautious,5472.09,0
9014,2024-10-24 00:00:00,organic,26-35,T1,balanced,2646.23,1
9015,2024-11-14 00:00:00,organic,36-45,T3+,balanced,76542.02,1
9016,2024-08-18 00:00:00,social,26-35,T3+,cautious,20567.12,0
9017,2024-02-19 00:00:00,social,18-25,T3+,cautious,6310.47,1
9018,2024-09-30 00:00:00,organic,18-25,T3+,balanced,3411.75,1
9019,2024-12-04 00:00:00,paid_search,36-45,T1,aggressive,14976.2,1
9020,2024-10-04 00:00:00,organic,18-25,T1,balanced,28953.6,0
9021,2024-12-14 00:00:00,organic,36-45,T3+,aggressive,7900.89,0
9022,2024-09-08 00:00:00,referral,46-55,T2,aggressive,7785.87,1
9023,2024-03-03 00:00:00,organic,26-35,T1,aggressive,12199.51,1
9024,2024-12-23 00:00:00,social,36-45,T3+,balanced,2610.06,0
9025,2024-03-28 00:00:00,paid_search,26-35,T1,cautious,2844.12,1
9026,2024-01-02 00:00:00,paid_search,46-55,T2,balanced,1129.97,1
9027,2024-12-25 00:00:00,paid_search,26-35,T1,cautious,2945.89,1
9028,2024-12-21 00:00:00,paid_search,26-35,T2,cautious,3150.03,1
9029,2024-05-10 00:00:00,organic,26-35,T3+,balanced,8622.62,0
9030,2024-01-22 00:00:00,paid_search,46-55,T3+,cautious,3891.63,0
9031,2024-08-15 00:00:00,organic,46-55,T2,balanced,27495.3,1
9032,2024-09-06 00:00:00,social,56+,T2,balanced,28389.12,1
9033,2024-02-10 00:00:00,bank_partner,26-35,T2,balanced,39625.82,1
9034,2024-12-08 00:00:00,paid_search,46-55,T2,cautious,11457.37,0
9035,2024-12-14 00:00:00,organic,56+,T3+,cautious,15861.05,1
9036,2024-06-04 00:00:00,organic,46-55,T3+,cautious,5528.67,1
9037,2024-04-30 00:00:00,social,46-55,T2,balanced,8455.63,0
9038,2024-07-05 00:00:00,organic,36-45,T1,balanced,2675.22,1
9039,2024-09-20 00:00:00,paid_search,36-45,T2,balanced,6324.21,0
9040,2024-05-13 00:00:00,social,26-35,T2,cautious,9678.47,0
9041,2024-05-30 00:00:00,organic,36-45,T2,cautious,9334.57,1
9042,2024-07-05 00:00:00,social,46-55,T3+,aggressive,45209.6,1
9043,2024-04-05 00:00:00,bank_partner,36-45,T3+,balanced,3026.4,1
9044,2024-06-23 00:00:00,bank_partner,18-25,T1,aggressive,3950.6,1
9045,2024-08-09 00:00:00,referral,46-55,T2,cautious,21432.79,1
9046,2024-12-06 00:00:00,organic,18-25,T2,balanced,8771.52,0
9047,2024-12-19 00:00:00,organic,18-25,T3+,cautious,12050.66,0
9048,2024-06-21 00:00:00,bank_partner,56+,T1,balanced,14893.69,1
9049,2024-11-16 00:00:00,paid_search,56+,T3+,cautious,25894.52,1
9050,2024-03-02 00:00:00,referral,26-35,T2,cautious,7790.43,0
9051,2024-03-17 00:00:00,social,46-55,T3+,balanced,21939.96,1
9052,2024-10-20 00:00:00,paid_search,18-25,T2,balanced,6994.08,1
9053,2024-08-13 00:00:00,organic,18-25,T2,aggressive,1039.64,1
9054,2024-07-15 00:00:00,organic,26-35,T2,balanced,3058.05,1
9055,2024-02-19 00:00:00,social,36-45,T1,cautious,20842.33,0
9056,2024-08-13 00:00:00,paid_search,18-25,T2,balanced,5114.84,1
9057,2024-09-21 00:00:00,referral,36-45,T2,balanced,5231.45,1
9058,2024-07-02 00:00:00,paid_search,26-35,T3+,balanced,1319.07,1
9059,2024-12-03 00:00:00,bank_partner,26-35,T2,balanced,5073.53,0
9060,2024-10-12 00:00:00,bank_partner,46-55,T2,aggressive,3473.98,0
9061,2024-04-21 00:00:00,referral,26-35,T1,cautious,25650.16,0
9062,2024-05-08 00:00:00,paid_search,26-35,T2,balanced,4214.66,1
9063,2024-11-09 00:00:00,organic,26-35,T2,balanced,2906.95,1
9064,2024-09-19 00:00:00,bank_partner,36-45,T3+,balanced,3904.59,1
9065,2024-09-09 00:00:00,referral,36-45,T1,aggressive,8411.12,0
9066,2024-08-18 00:00:00,referral,36-45,T3+,cautious,4239.03,0
9067,2024-01-17 00:00:00,bank_partner,26-35,T3+,balanced,24535.19,1
9068,2024-05-18 00:00:00,paid_search,36-45,T1,balanced,11697.6,1
9069,2024-05-09 00:00:00,bank_partner,46-55,T1,balanced,81182.16,0
9070,2024-01-15 00:00:00,referral,36-45,T1,cautious,3023.35,1
9071,2024-04-26 00:00:00,paid_search,26-35,T2,balanced,4563.09,1
9072,2024-12-20 00:00:00,paid_search,26-35,T3+,aggressive,29130.35,1
9073,2024-03-27 00:00:00,organic,36-45,T1,cautious,1174.78,1
9074,2024-05-13 00:00:00,organic,46-55,T1,cautious,2020.41,0
9075,2024-03-05 00:00:00,bank_partner,18-25,T3+,cautious,4200.42,1
9076,2024-07-30 00:00:00,paid_search,26-35,T1,balanced,2430.63,0
9077,2024-01-15 00:00:00,organic,36-45,T1,balanced,12131.83,0
9078,2024-05-21 00:00:00,paid_search,18-25,T3+,aggressive,5371.83,0
9079,2024-04-30 00:00:00,bank_partner,36-45,T3+,balanced,7905.66,0
9080,2024-07-05 00:00:00,social,36-45,T3+,balanced,16630.69,1
9081,2024-02-06 00:00:00,organic,46-55,T2,cautious,34577.79,1
9082,2024-06-14 00:00:00,organic,36-45,T3+,balanced,3935.34,1
9083,2024-02-12 00:00:00,organic,18-25,T3+,cautious,8236.11,0
9084,2024-11-20 00:00:00,organic,26-35,T3+,balanced,14058.08,1
9085,2024-11-12 00:00:00,paid_search,18-25,T1,cautious,2678.26,1
9086,2024-07-09 00:00:00,paid_search,36-45,T3+,cautious,8461.28,0
9087,2024-12-16 00:00:00,paid_search,26-35,T1,cautious,4113.14,1
9088,2024-05-27 00:00:00,paid_search,46-55,T3+,cautious,11557.72,1
9089,2024-07-06 00:00:00,organic,18-25,T3+,balanced,698.58,1
9090,2024-12-29 00:00:00,social,56+,T2,aggressive,7426.38,1
9091,2024-10-08 00:00:00,referral,36-45,T2,aggressive,8445.22,1
9092,2024-02-21 00:00:00,social,56+,T2,cautious,16444.19,1
9093,2024-09-05 00:00:00,referral,26-35,T3+,cautious,6081.25,1
9094,2024-12-07 00:00:00,paid_search,36-45,T3+,cautious,5019.43,0
9095,2024-12-03 00:00:00,organic,26-35,T2,aggressive,3339.9,1
9096,2024-12-02 00:00:00,organic,36-45,T1,balanced,60535.01,1
9097,2024-07-28 00:00:00,organic,36-45,T2,aggressive,6533.07,1
9098,2024-02-29 00:00:00,bank_partner,36-45,T2,cautious,1365.27,1
9099,2024-12-11 00:00:00,paid_search,36-45,T3+,aggressive,13926.63,1
9100,2024-05-29 00:00:00,bank_partner,26-35,T1,cautious,4668.38,1
9101,2024-12-17 00:00:00,organic,26-35,T2,cautious,1585.51,1
9102,2024-09-17 00:00:00,organic,26-35,T1,balanced,24618.56,1
9103,2024-02-05 00:00:00,bank_partner,26-35,T2,aggressive,11441.94,1
9104,2024-05-02 00:00:00,organic,36-45,T2,cautious,9091.78,1
9105,2024-07-24 00:00:00,referral,36-45,T3+,aggressive,29776.19,1
9106,2024-06-01 00:00:00,social,18-25,T1,cautious,1701.57,1
9107,2024-08-30 00:00:00,social,56+,T3+,balanced,13212.42,1
9108,2024-04-26 00:00:00,paid_search,46-55,T2,balanced,7472.31,1
9109,2024-08-21 00:00:00,social,46-55,T2,cautious,12737.28,1
9110,2024-03-01 00:00:00,referral,36-45,T2,balanced,6989.88,0
9111,2024-12-08 00:00:00,social,26-35,T2,balanced,2890.8,1
9112,2024-03-05 00:00:00,social,36-45,T2,cautious,3868.17,0
9113,2024-08-09 00:00:00,paid_search,46-55,T2,balanced,4617.7,0
9114,2024-09-14 00:00:00,referral,26-35,T3+,cautious,15870.18,1
9115,2024-02-29 00:00:00,referral,26-35,T2,cautious,2518.7,1
9116,2024-02-11 00:00:00,paid_search,56+,T2,balanced,14193.37,1
9117,2024-04-17 00:00:00,paid_search,18-25,T2,cautious,7093.42,0
9118,2024-09-27 00:00:00,referral,46-55,T2,balanced,7526.77,1
9119,2024-08-11 00:00:00,organic,36-45,T1,balanced,6484.86,1
9120,2024-01-03 00:00:00,organic,26-35,T1,cautious,6925.51,1
9121,2024-07-10 00:00:00,social,26-35,T1,aggressive,9542.74,1
9122,2024-10-09 00:00:00,organic,26-35,T1,cautious,12967.61,0
9123,2024-09-08 00:00:00,social,26-35,T1,balanced,4186.57,1
9124,2024-06-08 00:00:00,organic,26-35,T2,balanced,4203.6,1
9125,2024-01-13 00:00:00,social,18-25,T1,aggressive,1783.79,1
9126,2024-09-18 00:00:00,organic,46-55,T3+,aggressive,16077.38,1
9127,2024-04-09 00:00:00,referral,36-45,T1,balanced,28946.81,1
9128,2024-06-13 00:00:00,social,46-55,T1,balanced,2567.95,1
9129,2024-07-22 00:00:00,paid_search,56+,T3+,aggressive,21733.05,1
9130,2024-04-08 00:00:00,paid_search,46-55,T2,cautious,3626.15,0
9131,2024-01-14 00:00:00,paid_search,26-35,T3+,cautious,15284.66,1
9132,2024-01-11 00:00:00,paid_search,36-45,T3+,balanced,5757.97,1
9133,2024-10-30 00:00:00,referral,18-25,T3+,balanced,919.8,1
9134,2024-06-29 00:00:00,referral,36-45,T1,aggressive,3168.41,1
9135,2024-03-09 00:00:00,paid_search,18-25,T1,balanced,26380.13,1
9136,2024-06-19 00:00:00,social,56+,T2,cautious,1107.47,0
9137,2024-10-15 00:00:00,social,26-35,T2,balanced,11963.31,0
9138,2024-01-15 00:00:00,referral,26-35,T3+,balanced,4311.63,1
9139,2024-04-01 00:00:00,organic,36-45,T3+,cautious,6827.77,0
9140,2024-07-21 00:00:00,social,36-45,T2,aggressive,26338.47,1
9141,2024-07-31 00:00:00,organic,46-55,T1,aggressive,4993.33,0
9142,2024-05-25 00:00:00,organic,36-45,T2,cautious,8662.62,1
9143,2024-05-15 00:00:00,social,26-35,T3+,aggressive,20236.89,1
9144,2024-10-11 00:00:00,bank_partner,56+,T2,cautious,11581.42,1
9145,2024-08-23 00:00:00,paid_search,36-45,T2,cautious,15498.95,1
9146,2024-02-01 00:00:00,organic,26-35,T3+,cautious,9008.92,0
9147,2024-08-22 00:00:00,organic,46-55,T3+,cautious,16289.05,1
9148,2024-09-20 00:00:00,bank_partner,18-25,T2,cautious,926.75,1
9149,2024-12-22 00:00:00,paid_search,26-35,T3+,balanced,9987.97,0
9150,2024-10-10 00:00:00,paid_search,26-35,T2,balanced,5416.29,1
9151,2024-04-10 00:00:00,organic,36-45,T2,balanced,14967.18,0
9152,2024-11-30 00:00:00,organic,36-45,T3+,balanced,159111.69,1
9153,2024-05-28 00:00:00,organic,18-25,T1,cautious,4620.59,1
9154,2024-10-17 00:00:00,organic,26-35,T1,balanced,10771.31,1
9155,2024-05-12 00:00:00,paid_search,36-45,T2,balanced,5503.55,0
9156,2024-03-31 00:00:00,paid_search,36-45,T2,balanced,16452.37,0
9157,2024-06-09 00:00:00,organic,26-35,T2,balanced,220262.17,1
9158,2024-12-30 00:00:00,referral,56+,T2,cautious,6938.39,1
9159,2024-07-21 00:00:00,social,36-45,T2,aggressive,1511.42,0
9160,2024-05-08 00:00:00,organic,36-45,T1,cautious,25168.77,1
9161,2024-01-22 00:00:00,referral,36-45,T1,balanced,10542.86,0
9162,2024-07-10 00:00:00,social,36-45,T3+,balanced,14355.12,0
9163,2024-10-28 00:00:00,paid_search,56+,T3+,balanced,17275.02,1
9164,2024-01-19 00:00:00,paid_search,36-45,T3+,aggressive,6598.82,1
9165,2024-06-24 00:00:00,social,18-25,T2,cautious,3278.43,0
9166,2024-02-06 00:00:00,referral,36-45,T3+,balanced,3937.67,1
9167,2024-02-23 00:00:00,paid_search,36-45,T1,cautious,6485.35,0
9168,2024-11-18 00:00:00,organic,36-45,T2,aggressive,12220.97,1
9169,2024-02-08 00:00:00,organic,18-25,T3+,cautious,3811.21,1
9170,2024-04-29 00:00:00,social,56+,T2,balanced,11366.65,1
9171,2024-04-26 00:00:00,bank_partner,46-55,T2,cautious,4115.17,1
9172,2024-01-27 00:00:00,organic,36-45,T3+,cautious,3428.37,1
9173,2024-07-26 00:00:00,social,26-35,T1,aggressive,5085.93,1
9174,2024-02-11 00:00:00,bank_partner,18-25,T1,cautious,33730.06,1
9175,2024-02-23 00:00:00,organic,26-35,T1,aggressive,7180.44,0
9176,2024-04-28 00:00:00,referral,18-25,T1,balanced,5772.18,0
9177,2024-03-06 00:00:00,paid_search,26-35,T1,cautious,13058.79,1
9178,2024-10-19 00:00:00,paid_search,26-35,T1,cautious,5136.77,1
9179,2024-01-17 00:00:00,bank_partner,26-35,T1,aggressive,7999.76,1
9180,2024-07-31 00:00:00,organic,26-35,T1,cautious,15026.15,1
9181,2024-06-09 00:00:00,paid_search,18-25,T1,aggressive,8369.29,1
9182,2024-04-27 00:00:00,social,46-55,T1,aggressive,16742.13,0
9183,2024-06-01 00:00:00,paid_search,56+,T1,aggressive,67982.02,1
9184,2024-02-19 00:00:00,referral,26-35,T1,balanced,59404.73,1
9185,2024-10-15 00:00:00,paid_search,36-45,T2,cautious,19639.51,0
9186,2024-08-09 00:00:00,referral,18-25,T1,cautious,7368.4,1
9187,2024-01-22 00:00:00,referral,46-55,T3+,cautious,126189.6,1
9188,2024-08-21 00:00:00,organic,46-55,T2,balanced,3110.5,1
9189,2024-03-04 00:00:00,social,26-35,T1,cautious,6412.53,1
9190,2024-01-17 00:00:00,organic,18-25,T2,aggressive,4421.1,1
9191,2024-02-07 00:00:00,paid_search,26-35,T3+,balanced,6777.08,1
9192,2024-07-04 00:00:00,organic,36-45,T2,cautious,5697.55,1
9193,2024-12-24 00:00:00,referral,18-25,T2,balanced,19033.05,1
9194,2024-08-18 00:00:00,organic,46-55,T1,cautious,9168.19,0
9195,2024-11-03 00:00:00,social,26-35,T3+,balanced,8245.32,1
9196,2024-10-05 00:00:00,paid_search,36-45,T1,cautious,10664.04,1
9197,2024-02-04 00:00:00,bank_partner,36-45,T3+,cautious,10115.15,0
9198,2024-07-27 00:00:00,organic,18-25,T3+,aggressive,7517.91,0
9199,2024-02-21 00:00:00,social,18-25,T1,aggressive,2685.81,0
9200,2024-05-27 00:00:00,paid_search,36-45,T3+,cautious,20088.56,1
9201,2024-02-09 00:00:00,organic,26-35,T1,cautious,6808.88,1
9202,2024-09-03 00:00:00,referral,18-25,T1,cautious,7976.93,1
9203,2024-10-26 00:00:00,bank_partner,18-25,T3+,cautious,23881.08,1
9204,2024-03-07 00:00:00,paid_search,26-35,T1,balanced,3816.56,0
9205,2024-03-29 00:00:00,social,56+,T3+,aggressive,25474.2,1
9206,2024-06-17 00:00:00,referral,36-45,T2,cautious,23143.46,1
9207,2024-09-24 00:00:00,organic,26-35,T3+,balanced,14572.47,1
9208,2024-07-13 00:00:00,paid_search,36-45,T1,balanced,35353.58,1
9209,2024-08-18 00:00:00,organic,18-25,T3+,balanced,10530.88,1
9210,2024-09-27 00:00:00,social,26-35,T1,cautious,9983.52,1
9211,2024-05-09 00:00:00,referral,56+,T1,cautious,16776.0,0
9212,2024-12-12 00:00:00,organic,26-35,T3+,balanced,23726.4,1
9213,2024-11-30 00:00:00,social,56+,T1,cautious,22972.98,0
9214,2024-06-12 00:00:00,organic,36-45,T1,aggressive,6420.76,1
9215,2024-10-29 00:00:00,social,56+,T2,balanced,9167.32,1
9216,2024-10-27 00:00:00,bank_partner,36-45,T2,cautious,4603.35,1
9217,2024-04-23 00:00:00,organic,26-35,T1,cautious,4178.41,1
9218,2024-02-05 00:00:00,organic,46-55,T2,aggressive,74270.79,1
9219,2024-11-09 00:00:00,organic,26-35,T1,cautious,3902.06,0
9220,2024-07-11 00:00:00,paid_search,36-45,T2,cautious,3124.78,1
9221,2024-08-03 00:00:00,organic,46-55,T2,aggressive,28125.94,0
9222,2024-01-02 00:00:00,social,46-55,T3+,balanced,17172.27,1
9223,2024-12-05 00:00:00,social,46-55,T1,cautious,34925.59,1
9224,2024-03-10 00:00:00,bank_partner,26-35,T1,balanced,10059.99,1
9225,2024-10-26 00:00:00,bank_partner,36-45,T2,balanced,15166.5,1
9226,2024-09-06 00:00:00,paid_search,46-55,T2,balanced,7152.27,0
9227,2024-06-16 00:00:00,paid_search,26-35,T1,balanced,4016.4,1
9228,2024-09-12 00:00:00,bank_partner,26-35,T3+,balanced,6951.98,1
9229,2024-12-13 00:00:00,organic,26-35,T3+,cautious,2838.62,1
9230,2024-06-10 00:00:00,organic,36-45,T1,cautious,2101.78,0
9231,2024-05-18 00:00:00,organic,18-25,T2,cautious,1696.08,1
9232,2024-11-02 00:00:00,paid_search,18-25,T3+,balanced,3273.72,1
9233,2024-11-21 00:00:00,paid_search,36-45,T1,balanced,6365.41,1
9234,2024-09-30 00:00:00,referral,46-55,T2,balanced,6097.72,1
9235,2024-04-24 00:00:00,social,26-35,T2,balanced,14892.49,0
9236,2024-11-22 00:00:00,organic,36-45,T1,cautious,1203.47,1
9237,2024-07-24 00:00:00,organic,26-35,T2,aggressive,2632.89,1
9238,2024-12-05 00:00:00,social,26-35,T2,balanced,23541.54,0
9239,2024-05-31 00:00:00,paid_search,36-45,T3+,cautious,7722.39,0
9240,2024-06-17 00:00:00,referral,26-35,T3+,cautious,2804.44,1
9241,2024-10-14 00:00:00,paid_search,26-35,T3+,balanced,7025.78,1
9242,2024-02-18 00:00:00,social,26-35,T3+,balanced,3089.59,1
9243,2024-04-11 00:00:00,paid_search,26-35,T1,balanced,42635.87,1
9244,2024-08-04 00:00:00,paid_search,36-45,T2,balanced,1833.8,1
9245,2024-05-04 00:00:00,organic,26-35,T3+,cautious,10500.66,1
9246,2024-02-10 00:00:00,referral,36-45,T1,aggressive,19553.86,1
9247,2024-07-20 00:00:00,bank_partner,36-45,T2,balanced,5989.6,1
9248,2024-06-06 00:00:00,organic,56+,T1,cautious,17019.62,0
9249,2024-03-31 00:00:00,social,26-35,T2,cautious,12910.03,1
9250,2024-07-07 00:00:00,organic,26-35,T2,balanced,18332.98,1
9251,2024-05-05 00:00:00,organic,46-55,T3+,aggressive,4091.94,1
9252,2024-09-21 00:00:00,paid_search,36-45,T3+,balanced,9668.44,0
9253,2024-12-17 00:00:00,social,18-25,T1,aggressive,1444.26,0
9254,2024-11-18 00:00:00,paid_search,18-25,T2,cautious,2677.98,1
9255,2024-05-18 00:00:00,paid_search,18-25,T1,cautious,17154.82,1
9256,2024-06-19 00:00:00,referral,46-55,T3+,balanced,6609.96,1
9257,2024-06-02 00:00:00,social,26-35,T2,aggressive,1554.36,1
9258,2024-07-13 00:00:00,paid_search,56+,T3+,cautious,8631.78,1
9259,2024-08-09 00:00:00,referral,18-25,T2,cautious,2809.17,1
9260,2024-07-03 00:00:00,bank_partner,36-45,T2,aggressive,14386.99,0
9261,2024-11-20 00:00:00,organic,18-25,T2,cautious,2541.89,1
9262,2024-02-06 00:00:00,organic,36-45,T2,balanced,18301.48,0
9263,2024-01-12 00:00:00,organic,26-35,T3+,cautious,8331.82,0
9264,2024-07-19 00:00:00,paid_search,26-35,T3+,balanced,54886.43,1
9265,2024-02-05 00:00:00,referral,36-45,T3+,aggressive,12582.39,1
9266,2024-06-12 00:00:00,paid_search,36-45,T2,cautious,5458.02,1
9267,2024-12-22 00:00:00,paid_search,18-25,T2,balanced,1301.33,1
9268,2024-08-21 00:00:00,paid_search,36-45,T3+,cautious,4414.9,1
9269,2024-06-14 00:00:00,organic,18-25,T1,cautious,9097.68,0
9270,2024-06-07 00:00:00,paid_search,18-25,T3+,aggressive,3555.93,0
9271,2024-08-21 00:00:00,organic,46-55,T1,balanced,87051.97,1
9272,2024-10-23 00:00:00,social,36-45,T3+,aggressive,8655.37,0
9273,2024-07-23 00:00:00,paid_search,26-35,T3+,cautious,19910.37,0
9274,2024-10-24 00:00:00,organic,36-45,T1,balanced,12284.4,1
9275,2024-02-13 00:00:00,paid_search,46-55,T3+,cautious,22462.23,1
9276,2024-05-28 00:00:00,referral,36-45,T2,balanced,3484.32,1
9277,2024-09-13 00:00:00,bank_partner,26-35,T2,balanced,9462.07,1
9278,2024-06-24 00:00:00,social,56+,T3+,balanced,25399.18,1
9279,2024-01-10 00:00:00,organic,26-35,T1,cautious,12178.78,1
9280,2024-02-23 00:00:00,organic,36-45,T1,cautious,1548.27,1
9281,2024-02-04 00:00:00,bank_partner,26-35,T2,cautious,4811.39,0
9282,2024-02-12 00:00:00,bank_partner,56+,T2,cautious,69632.56,1
9283,2024-01-15 00:00:00,referral,26-35,T1,balanced,11296.24,1
9284,2024-03-05 00:00:00,referral,26-35,T1,balanced,9627.35,1
9285,2024-11-06 00:00:00,organic,56+,T2,cautious,15848.75,1
9286,2024-08-05 00:00:00,social,18-25,T2,aggressive,1216.6,1
9287,2024-12-25 00:00:00,organic,18-25,T2,cautious,2014.47,1
9288,2024-05-18 00:00:00,organic,18-25,T1,cautious,3779.43,1
9289,2024-12-20 00:00:00,social,36-45,T3+,cautious,39000.6,1
9290,2024-07-24 00:00:00,organic,36-45,T2,cautious,9715.89,1
9291,2024-10-01 00:00:00,organic,56+,T3+,cautious,22357.38,1
9292,2024-05-23 00:00:00,social,18-25,T2,aggressive,3708.67,1
9293,2024-11-04 00:00:00,social,18-25,T2,cautious,1300.71,1
9294,2024-05-07 00:00:00,social,26-35,T3+,balanced,6601.95,0
9295,2024-11-17 00:00:00,bank_partner,36-45,T1,cautious,2922.43,1
9296,2024-10-20 00:00:00,paid_search,26-35,T2,balanced,24646.15,0
9297,2024-07-11 00:00:00,organic,36-45,T1,aggressive,24356.53,1
9298,2024-02-26 00:00:00,organic,26-35,T2,balanced,4047.69,1
9299,2024-01-13 00:00:00,paid_search,26-35,T1,aggressive,36578.42,1
9300,2024-07-17 00:00:00,organic,26-35,T1,balanced,3313.01,0
9301,2024-07-31 00:00:00,paid_search,36-45,T3+,balanced,8431.07,0
9302,2024-11-06 00:00:00,bank_partner,46-55,T1,balanced,18437.9,1
9303,2024-09-27 00:00:00,referral,26-35,T1,cautious,8640.46,1
9304,2024-10-09 00:00:00,referral,26-35,T1,balanced,17873.18,1
9305,2024-12-07 00:00:00,paid_search,18-25,T2,balanced,8504.2,1
9306,2024-01-15 00:00:00,paid_search,26-35,T3+,balanced,18122.29,0
9307,2024-08-12 00:00:00,organic,18-25,T3+,balanced,777.08,1
9308,2024-08-10 00:00:00,bank_partner,18-25,T3+,cautious,2752.64,1
9309,2024-05-17 00:00:00,paid_search,26-35,T1,cautious,2645.86,1
9310,2024-11-13 00:00:00,organic,46-55,T1,balanced,3759.26,1
9311,2024-10-09 00:00:00,referral,46-55,T3+,balanced,23910.58,1
9312,2024-03-19 00:00:00,paid_search,18-25,T1,aggressive,3326.51,1
9313,2024-11-05 00:00:00,organic,18-25,T1,aggressive,5653.23,0
9314,2024-10-14 00:00:00,organic,26-35,T1,cautious,25706.54,1
9315,2024-06-29 00:00:00,paid_search,26-35,T2,balanced,2525.92,0
9316,2024-09-01 00:00:00,referral,26-35,T3+,cautious,24938.21,1
9317,2024-02-08 00:00:00,bank_partner,46-55,T3+,cautious,31518.24,0
9318,2024-07-29 00:00:00,organic,36-45,T3+,cautious,2864.25,1
9319,2024-05-06 00:00:00,social,36-45,T2,cautious,2626.05,0
9320,2024-07-18 00:00:00,bank_partner,18-25,T1,balanced,12445.21,1
9321,2024-02-14 00:00:00,social,26-35,T3+,balanced,5214.67,1
9322,2024-12-27 00:00:00,organic,46-55,T2,balanced,28800.3,1
9323,2024-04-03 00:00:00,social,46-55,T1,cautious,10099.69,1
9324,2024-04-22 00:00:00,referral,56+,T2,aggressive,2782.75,1
9325,2024-04-22 00:00:00,paid_search,18-25,T1,cautious,28091.03,1
9326,2024-05-03 00:00:00,bank_partner,26-35,T1,cautious,10092.13,1
9327,2024-03-27 00:00:00,bank_partner,18-25,T2,aggressive,18412.45,1
9328,2024-01-21 00:00:00,bank_partner,36-45,T3+,cautious,12161.99,0
9329,2024-09-22 00:00:00,paid_search,46-55,T2,cautious,12713.63,1
9330,2024-02-11 00:00:00,paid_search,26-35,T2,cautious,3046.04,1
9331,2024-02-25 00:00:00,organic,36-45,T2,aggressive,2879.3,1
9332,2024-09-14 00:00:00,bank_partner,56+,T3+,balanced,1043.79,1
9333,2024-08-20 00:00:00,bank_partner,26-35,T1,aggressive,18672.18,1
9334,2024-04-23 00:00:00,referral,18-25,T3+,aggressive,24511.07,1
9335,2024-07-21 00:00:00,referral,36-45,T2,aggressive,15916.96,1
9336,2024-01-23 00:00:00,bank_partner,26-35,T2,aggressive,2170.87,1
9337,2024-08-06 00:00:00,organic,36-45,T1,cautious,8805.39,1
9338,2024-10-09 00:00:00,bank_partner,26-35,T3+,cautious,2501.02,0
9339,2024-03-18 00:00:00,bank_partner,36-45,T2,balanced,10669.35,1
9340,2024-09-27 00:00:00,referral,26-35,T2,cautious,11301.04,1
9341,2024-02-08 00:00:00,referral,46-55,T3+,balanced,17147.11,1
9342,2024-03-26 00:00:00,organic,26-35,T2,cautious,5271.93,1
9343,2024-10-15 00:00:00,social,46-55,T3+,balanced,17268.25,0
9344,2024-12-09 00:00:00,paid_search,36-45,T2,cautious,2543.77,1
9345,2024-07-20 00:00:00,organic,36-45,T3+,balanced,10075.9,1
9346,2024-06-21 00:00:00,organic,36-45,T3+,balanced,9079.4,0
9347,2024-08-30 00:00:00,organic,18-25,T3+,cautious,1265.34,1
9348,2024-09-05 00:00:00,social,26-35,T2,cautious,10685.51,1
9349,2024-03-11 00:00:00,organic,26-35,T2,balanced,11098.54,0
9350,2024-12-30 00:00:00,referral,36-45,T2,aggressive,1494.22,1
9351,2024-04-19 00:00:00,referral,26-35,T1,cautious,12075.89,1
9352,2024-11-05 00:00:00,referral,26-35,T3+,balanced,3902.35,1
9353,2024-07-23 00:00:00,bank_partner,26-35,T3+,balanced,10046.0,0
9354,2024-12-23 00:00:00,organic,36-45,T2,cautious,15483.31,0
9355,2024-12-06 00:00:00,paid_search,26-35,T3+,balanced,9661.16,1
9356,2024-05-15 00:00:00,organic,18-25,T2,balanced,6723.79,1
9357,2024-02-01 00:00:00,referral,36-45,T1,balanced,17951.34,1
9358,2024-04-05 00:00:00,paid_search,56+,T1,cautious,6343.03,1
9359,2024-09-30 00:00:00,organic,36-45,T2,aggressive,9468.34,1
9360,2024-10-20 00:00:00,social,56+,T3+,aggressive,41700.19,0
9361,2024-05-19 00:00:00,organic,36-45,T3+,cautious,11202.98,1
9362,2024-01-21 00:00:00,social,46-55,T2,balanced,6168.37,0
9363,2024-08-06 00:00:00,paid_search,36-45,T1,balanced,25988.78,0
9364,2024-12-06 00:00:00,paid_search,26-35,T1,aggressive,4403.5,0
9365,2024-02-23 00:00:00,organic,36-45,T3+,cautious,5398.19,1
9366,2024-04-15 00:00:00,referral,36-45,T3+,balanced,2136.46,1
9367,2024-12-09 00:00:00,paid_search,46-55,T3+,balanced,15702.12,1
9368,2024-12-04 00:00:00,social,26-35,T1,cautious,12195.5,1
9369,2024-01-18 00:00:00,paid_search,36-45,T2,cautious,5965.64,1
9370,2024-08-27 00:00:00,bank_partner,36-45,T3+,balanced,29982.5,0
9371,2024-01-25 00:00:00,social,36-45,T1,cautious,11042.21,1
9372,2024-05-19 00:00:00,organic,36-45,T1,cautious,11379.16,1
9373,2024-05-26 00:00:00,social,26-35,T1,balanced,19834.65,0
9374,2024-05-09 00:00:00,paid_search,26-35,T2,cautious,25177.6,1
9375,2024-01-20 00:00:00,organic,26-35,T1,cautious,5371.75,0
9376,2024-06-07 00:00:00,social,36-45,T1,cautious,5864.48,1
9377,2024-08-24 00:00:00,social,26-35,T2,cautious,4308.62,1
9378,2024-10-17 00:00:00,organic,46-55,T1,cautious,18367.21,1
9379,2024-08-18 00:00:00,referral,46-55,T3+,cautious,23106.45,1
9380,2024-02-16 00:00:00,organic,18-25,T2,aggressive,604.21,1
9381,2024-10-01 00:00:00,paid_search,26-35,T2,aggressive,21998.15,1
9382,2024-07-07 00:00:00,social,36-45,T1,balanced,12613.63,0
9383,2024-02-29 00:00:00,referral,26-35,T2,balanced,10323.37,0
9384,2024-01-19 00:00:00,referral,36-45,T2,cautious,27697.55,1
9385,2024-07-31 00:00:00,bank_partner,18-25,T3+,cautious,2243.86,1
9386,2024-02-24 00:00:00,social,56+,T2,cautious,2313.72,1
9387,2024-11-18 00:00:00,bank_partner,18-25,T1,aggressive,10458.42,0
9388,2024-02-22 00:00:00,organic,26-35,T3+,balanced,18746.5,1
9389,2024-11-29 00:00:00,paid_search,46-55,T3+,aggressive,19550.28,1
9390,2024-11-26 00:00:00,paid_search,56+,T2,aggressive,4535.13,0
9391,2024-08-01 00:00:00,social,26-35,T2,balanced,65769.66,0
9392,2024-08-07 00:00:00,referral,26-35,T1,cautious,12796.85,1
9393,2024-04-01 00:00:00,referral,18-25,T1,balanced,7384.8,1
9394,2024-04-06 00:00:00,social,46-55,T3+,balanced,4754.9,1
9395,2024-07-17 00:00:00,social,36-45,T3+,cautious,8551.73,1
9396,2024-07-14 00:00:00,organic,18-25,T3+,balanced,2451.93,1
9397,2024-08-18 00:00:00,referral,26-35,T1,cautious,28895.93,1
9398,2024-12-02 00:00:00,bank_partner,36-45,T3+,cautious,2646.39,1
9399,2024-10-14 00:00:00,referral,36-45,T2,cautious,94210.03,1
9400,2024-02-11 00:00:00,bank_partner,26-35,T1,cautious,13996.78,0
9401,2024-04-26 00:00:00,organic,36-45,T1,balanced,1694.0,0
9402,2024-06-04 00:00:00,organic,46-55,T2,cautious,4406.79,1
9403,2024-09-22 00:00:00,paid_search,26-35,T2,balanced,3159.15,1
9404,2024-01-02 00:00:00,paid_search,36-45,T1,aggressive,15855.03,1
9405,2024-11-22 00:00:00,organic,36-45,T2,balanced,19829.1,1
9406,2024-05-31 00:00:00,paid_search,26-35,T2,balanced,969.92,1
9407,2024-04-10 00:00:00,social,36-45,T1,cautious,22891.85,0
9408,2024-03-31 00:00:00,referral,46-55,T2,balanced,7824.3,0
9409,2024-08-20 00:00:00,social,36-45,T1,aggressive,911.93,1
9410,2024-07-14 00:00:00,referral,26-35,T3+,cautious,4461.46,1
9411,2024-11-16 00:00:00,referral,36-45,T3+,balanced,3425.28,1
9412,2024-01-18 00:00:00,social,36-45,T2,balanced,5609.15,1
9413,2024-02-29 00:00:00,paid_search,26-35,T2,cautious,3250.99,1
9414,2024-06-11 00:00:00,referral,46-55,T3+,balanced,15950.51,1
9415,2024-02-27 00:00:00,paid_search,26-35,T3+,balanced,2236.17,0
9416,2024-08-23 00:00:00,referral,36-45,T1,balanced,1644.81,1
9417,2024-12-06 00:00:00,paid_search,36-45,T3+,aggressive,16252.85,1
9418,2024-10-31 00:00:00,referral,46-55,T3+,cautious,17503.14,1
9419,2024-12-01 00:00:00,paid_search,56+,T2,balanced,49554.43,0
9420,2024-12-14 00:00:00,social,36-45,T2,cautious,4553.61,1
9421,2024-06-28 00:00:00,social,36-45,T2,balanced,3194.17,1
9422,2024-10-09 00:00:00,organic,26-35,T2,aggressive,7258.8,1
9423,2024-04-11 00:00:00,paid_search,18-25,T1,cautious,1094.87,1
9424,2024-05-13 00:00:00,bank_partner,36-45,T1,balanced,4815.02,1
9425,2024-04-12 00:00:00,paid_search,46-55,T3+,aggressive,9707.99,0
9426,2024-12-03 00:00:00,paid_search,36-45,T2,cautious,7686.14,1
9427,2024-12-25 00:00:00,social,46-55,T1,aggressive,18906.04,1
9428,2024-09-18 00:00:00,organic,36-45,T3+,cautious,34889.77,0
9429,2024-12-30 00:00:00,organic,26-35,T3+,balanced,2579.39,1
9430,2024-06-06 00:00:00,organic,18-25,T1,cautious,5122.16,1
9431,2024-03-03 00:00:00,paid_search,36-45,T3+,cautious,4035.7,1
9432,2024-12-01 00:00:00,referral,36-45,T1,balanced,10743.89,1
9433,2024-11-27 00:00:00,paid_search,26-35,T3+,balanced,14810.62,0
9434,2024-10-03 00:00:00,social,36-45,T2,balanced,60558.11,1
9435,2024-11-16 00:00:00,social,46-55,T3+,cautious,3323.53,1
9436,2024-06-08 00:00:00,organic,26-35,T2,aggressive,46754.59,0
9437,2024-07-15 00:00:00,referral,46-55,T2,cautious,36275.44,1
9438,2024-06-16 00:00:00,bank_partner,18-25,T2,aggressive,910.41,0
9439,2024-08-21 00:00:00,organic,56+,T3+,balanced,22955.01,1
9440,2024-03-28 00:00:00,social,46-55,T2,aggressive,2959.37,1
9441,2024-06-09 00:00:00,social,18-25,T1,cautious,2254.13,1
9442,2024-06-04 00:00:00,bank_partner,26-35,T2,cautious,10174.69,1
9443,2024-11-14 00:00:00,social,46-55,T2,aggressive,1982.67,1
9444,2024-07-05 00:00:00,referral,18-25,T2,cautious,15596.46,1
9445,2024-06-07 00:00:00,referral,36-45,T2,balanced,10156.73,1
9446,2024-05-01 00:00:00,paid_search,26-35,T2,balanced,3017.26,0
9447,2024-01-05 00:00:00,paid_search,36-45,T3+,balanced,34123.97,0
9448,2024-12-17 00:00:00,paid_search,26-35,T2,aggressive,15145.03,1
9449,2024-03-31 00:00:00,organic,46-55,T3+,balanced,719.4,1
9450,2024-03-24 00:00:00,social,56+,T1,balanced,21585.88,1
9451,2024-07-06 00:00:00,paid_search,18-25,T2,aggressive,1054.28,1
9452,2024-02-12 00:00:00,paid_search,56+,T3+,balanced,5104.73,1
9453,2024-01-03 00:00:00,bank_partner,26-35,T1,balanced,10373.71,1
9454,2024-08-28 00:00:00,paid_search,18-25,T3+,cautious,821.11,1
9455,2024-04-01 00:00:00,social,26-35,T2,balanced,31194.31,1
9456,2024-12-23 00:00:00,organic,46-55,T3+,balanced,10297.48,1
9457,2024-03-11 00:00:00,paid_search,36-45,T1,cautious,10518.28,1
9458,2024-10-02 00:00:00,referral,18-25,T1,cautious,2500.72,1
9459,2024-09-23 00:00:00,social,18-25,T2,balanced,5397.58,1
9460,2024-06-11 00:00:00,social,46-55,T2,balanced,38552.21,0
9461,2024-05-25 00:00:00,referral,36-45,T3+,balanced,16518.92,1
9462,2024-01-19 00:00:00,referral,36-45,T1,cautious,6629.7,0
9463,2024-08-16 00:00:00,organic,26-35,T1,balanced,54009.52,1
9464,2024-03-24 00:00:00,organic,26-35,T1,balanced,42781.61,1
9465,2024-01-21 00:00:00,organic,46-55,T3+,balanced,8920.1,1
9466,2024-12-10 00:00:00,referral,46-55,T3+,balanced,7994.38,1
9467,2024-08-27 00:00:00,referral,18-25,T1,cautious,6687.75,0
9468,2024-03-02 00:00:00,organic,36-45,T3+,cautious,15513.5,0
9469,2024-08-15 00:00:00,referral,18-25,T2,balanced,500.0,1
9470,2024-01-18 00:00:00,organic,26-35,T2,balanced,28129.56,1
9471,2024-12-22 00:00:00,referral,26-35,T1,balanced,12486.83,1
9472,2024-04-19 00:00:00,referral,26-35,T2,cautious,20282.33,1
9473,2024-08-23 00:00:00,organic,36-45,T1,balanced,12255.09,1
9474,2024-06-15 00:00:00,social,36-45,T3+,aggressive,11453.65,0
9475,2024-08-27 00:00:00,referral,36-45,T3+,balanced,4210.22,0
9476,2024-08-24 00:00:00,social,36-45,T1,aggressive,8398.84,1
9477,2024-10-28 00:00:00,social,26-35,T3+,balanced,5763.61,1
9478,2024-04-15 00:00:00,paid_search,26-35,T1,balanced,12117.95,1
9479,2024-05-02 00:00:00,organic,56+,T1,cautious,5571.44,1
9480,2024-12-30 00:00:00,social,26-35,T2,balanced,1720.27,1
9481,2024-04-26 00:00:00,referral,26-35,T3+,balanced,6813.29,1
9482,2024-03-28 00:00:00,paid_search,26-35,T1,balanced,875.11,1
9483,2024-07-30 00:00:00,paid_search,26-35,T3+,balanced,2555.79,0
9484,2024-05-22 00:00:00,organic,46-55,T1,balanced,3510.77,1
9485,2024-03-14 00:00:00,organic,18-25,T1,balanced,1153.66,1
9486,2024-09-22 00:00:00,organic,26-35,T3+,balanced,1981.2,0
9487,2024-01-06 00:00:00,organic,36-45,T3+,aggressive,13662.58,1
9488,2024-11-04 00:00:00,organic,26-35,T1,cautious,31063.11,0
9489,2024-08-17 00:00:00,social,36-45,T1,cautious,6973.3,0
9490,2024-02-03 00:00:00,paid_search,26-35,T2,aggressive,15710.83,1
9491,2024-06-26 00:00:00,organic,18-25,T3+,cautious,13214.42,0
9492,2024-01-02 00:00:00,paid_search,18-25,T3+,cautious,13045.32,0
9493,2024-02-16 00:00:00,referral,36-45,T3+,balanced,20598.37,1
9494,2024-08-21 00:00:00,social,26-35,T1,cautious,71013.46,1
9495,2024-12-18 00:00:00,referral,46-55,T2,aggressive,3651.08,0
9496,2024-02-22 00:00:00,organic,26-35,T2,balanced,2319.21,1
9497,2024-08-17 00:00:00,paid_search,26-35,T2,cautious,7998.2,1
9498,2024-11-22 00:00:00,organic,26-35,T3+,aggressive,8002.96,0
9499,2024-11-01 00:00:00,bank_partner,56+,T3+,balanced,4693.38,1
9500,2024-09-17 00:00:00,bank_partner,26-35,T2,cautious,13191.8,0
9501,2024-06-17 00:00:00,organic,26-35,T1,balanced,4412.34,0
9502,2024-10-11 00:00:00,referral,26-35,T3+,cautious,12777.93,1
9503,2024-02-10 00:00:00,social,36-45,T3+,cautious,2269.96,1
9504,2024-09-09 00:00:00,organic,26-35,T2,aggressive,37316.6,1
9505,2024-02-28 00:00:00,organic,36-45,T3+,balanced,26144.86,1
9506,2024-03-30 00:00:00,organic,36-45,T3+,cautious,1627.88,1
9507,2024-01-04 00:00:00,paid_search,26-35,T2,cautious,762.75,1
9508,2024-10-04 00:00:00,organic,26-35,T1,cautious,11784.79,1
9509,2024-12-04 00:00:00,organic,18-25,T1,balanced,32410.73,1
9510,2024-10-28 00:00:00,social,26-35,T2,cautious,39869.88,1
9511,2024-04-26 00:00:00,social,26-35,T2,balanced,2211.03,1
9512,2024-08-27 00:00:00,social,36-45,T1,balanced,9445.09,1
9513,2024-04-07 00:00:00,paid_search,36-45,T3+,cautious,28654.3,0
9514,2024-01-20 00:00:00,paid_search,26-35,T3+,balanced,11893.28,1
9515,2024-08-19 00:00:00,bank_partner,56+,T2,aggressive,8086.72,1
9516,2024-01-14 00:00:00,bank_partner,26-35,T1,balanced,5807.92,0
9517,2024-06-29 00:00:00,paid_search,26-35,T2,balanced,7223.93,1
9518,2024-09-02 00:00:00,organic,56+,T3+,balanced,40725.54,1
9519,2024-05-11 00:00:00,organic,26-35,T3+,cautious,4073.25,0
9520,2024-10-31 00:00:00,organic,26-35,T1,balanced,8854.62,1
9521,2024-05-10 00:00:00,organic,26-35,T3+,cautious,32187.8,0
9522,2024-04-25 00:00:00,bank_partner,46-55,T3+,cautious,16060.91,1
9523,2024-05-31 00:00:00,paid_search,36-45,T1,balanced,40808.91,0
9524,2024-12-17 00:00:00,referral,56+,T3+,cautious,1730.56,1
9525,2024-12-28 00:00:00,social,36-45,T3+,cautious,8176.37,0
9526,2024-01-05 00:00:00,paid_search,36-45,T1,cautious,2812.25,1
9527,2024-12-15 00:00:00,referral,18-25,T3+,cautious,15801.65,1
9528,2024-08-06 00:00:00,organic,46-55,T1,balanced,48181.15,1
9529,2024-01-31 00:00:00,bank_partner,46-55,T3+,cautious,24648.46,1
9530,2024-06-21 00:00:00,organic,18-25,T1,aggressive,2314.3,0
9531,2024-09-16 00:00:00,paid_search,46-55,T2,cautious,5978.54,1
9532,2024-11-05 00:00:00,referral,36-45,T2,cautious,39056.52,1
9533,2024-08-02 00:00:00,social,18-25,T3+,aggressive,7178.7,1
9534,2024-01-13 00:00:00,organic,36-45,T1,balanced,1537.21,1
9535,2024-01-15 00:00:00,organic,36-45,T3+,cautious,26910.46,1
9536,2024-06-02 00:00:00,social,18-25,T2,balanced,4870.57,1
9537,2024-08-03 00:00:00,social,26-35,T2,balanced,16930.87,1
9538,2024-07-04 00:00:00,bank_partner,18-25,T2,cautious,26700.99,1
9539,2024-04-18 00:00:00,referral,26-35,T1,cautious,39102.4,1
9540,2024-03-21 00:00:00,referral,18-25,T2,cautious,1127.86,1
9541,2024-12-15 00:00:00,organic,26-35,T3+,aggressive,4214.2,1
9542,2024-05-27 00:00:00,paid_search,26-35,T3+,balanced,12326.01,0
9543,2024-07-05 00:00:00,organic,36-45,T3+,cautious,11086.99,1
9544,2024-01-06 00:00:00,organic,26-35,T2,aggressive,25810.88,1
9545,2024-06-03 00:00:00,referral,36-45,T1,cautious,3620.53,0
9546,2024-11-06 00:00:00,organic,36-45,T3+,balanced,4937.74,1
9547,2024-10-17 00:00:00,paid_search,26-35,T3+,cautious,10963.86,1
9548,2024-01-29 00:00:00,referral,46-55,T2,cautious,21791.44,0
9549,2024-12-19 00:00:00,organic,26-35,T2,cautious,2009.52,1
9550,2024-11-17 00:00:00,organic,46-55,T1,balanced,9663.73,1
9551,2024-05-11 00:00:00,organic,36-45,T3+,aggressive,3172.25,1
9552,2024-06-04 00:00:00,referral,18-25,T2,balanced,2934.37,1
9553,2024-12-21 00:00:00,organic,26-35,T1,cautious,6216.45,1
9554,2024-01-24 00:00:00,paid_search,46-55,T2,cautious,55411.67,1
9555,2024-05-20 00:00:00,social,36-45,T1,cautious,14558.62,1
9556,2024-03-28 00:00:00,organic,36-45,T3+,aggressive,18436.21,0
9557,2024-08-30 00:00:00,organic,18-25,T1,cautious,4353.83,1
9558,2024-02-04 00:00:00,organic,56+,T1,cautious,10012.11,0
9559,2024-02-28 00:00:00,organic,18-25,T1,cautious,2018.48,1
9560,2024-05-30 00:00:00,organic,26-35,T3+,balanced,3340.73,0
9561,2024-03-13 00:00:00,referral,36-45,T2,balanced,8210.73,1
9562,2024-01-08 00:00:00,referral,26-35,T1,balanced,22149.25,1
9563,2024-11-08 00:00:00,organic,26-35,T2,balanced,8228.84,0
9564,2024-12-21 00:00:00,social,46-55,T2,cautious,1667.66,0
9565,2024-10-17 00:00:00,paid_search,36-45,T3+,cautious,12561.22,0
9566,2024-04-20 00:00:00,paid_search,36-45,T3+,cautious,25699.28,1
9567,2024-05-17 00:00:00,referral,26-35,T1,balanced,28987.91,1
9568,2024-06-08 00:00:00,organic,36-45,T2,balanced,1431.03,1
9569,2024-03-11 00:00:00,organic,46-55,T2,balanced,11050.09,1
9570,2024-01-24 00:00:00,referral,26-35,T2,balanced,23070.77,1
9571,2024-11-20 00:00:00,social,46-55,T2,balanced,6393.1,1
9572,2024-09-10 00:00:00,social,36-45,T1,balanced,11751.44,0
9573,2024-03-16 00:00:00,referral,36-45,T3+,cautious,10850.8,1
9574,2024-11-25 00:00:00,referral,36-45,T3+,cautious,14576.11,1
9575,2024-10-17 00:00:00,organic,56+,T1,cautious,13368.3,0
9576,2024-02-20 00:00:00,paid_search,18-25,T2,aggressive,8606.66,1
9577,2024-08-03 00:00:00,social,46-55,T2,cautious,20303.51,0
9578,2024-06-08 00:00:00,paid_search,46-55,T3+,cautious,11616.91,1
9579,2024-01-28 00:00:00,organic,46-55,T2,balanced,122925.61,1
9580,2024-07-01 00:00:00,bank_partner,36-45,T1,cautious,3624.58,1
9581,2024-01-03 00:00:00,organic,36-45,T1,cautious,30982.12,1
9582,2024-02-28 00:00:00,paid_search,18-25,T2,balanced,3176.52,1
9583,2024-08-02 00:00:00,organic,26-35,T2,cautious,21835.43,1
9584,2024-11-14 00:00:00,paid_search,26-35,T1,balanced,7563.83,0
9585,2024-10-10 00:00:00,paid_search,26-35,T1,balanced,5085.84,1
9586,2024-11-11 00:00:00,organic,36-45,T3+,cautious,23053.02,1
9587,2024-02-18 00:00:00,organic,36-45,T2,cautious,110718.16,0
9588,2024-07-27 00:00:00,referral,36-45,T1,balanced,9278.57,1
9589,2024-09-19 00:00:00,organic,26-35,T1,balanced,34210.31,1
9590,2024-01-16 00:00:00,referral,36-45,T2,cautious,9023.49,1
9591,2024-02-07 00:00:00,social,18-25,T2,cautious,16436.94,1
9592,2024-09-13 00:00:00,referral,18-25,T3+,balanced,1240.97,1
9593,2024-06-28 00:00:00,social,26-35,T3+,aggressive,8863.81,1
9594,2024-03-01 00:00:00,paid_search,46-55,T3+,cautious,2175.55,1
9595,2024-01-30 00:00:00,organic,26-35,T1,balanced,19198.76,1
9596,2024-04-07 00:00:00,referral,36-45,T2,cautious,17136.97,1
9597,2024-04-25 00:00:00,organic,46-55,T3+,balanced,4296.39,1
9598,2024-11-16 00:00:00,paid_search,26-35,T2,balanced,60619.2,1
9599,2024-03-03 00:00:00,organic,46-55,T1,balanced,25840.57,1
9600,2024-09-27 00:00:00,paid_search,26-35,T2,balanced,8451.93,0
9601,2024-07-18 00:00:00,paid_search,26-35,T2,cautious,4427.56,1
9602,2024-11-24 00:00:00,organic,46-55,T3+,cautious,29116.91,1
9603,2024-04-06 00:00:00,social,46-55,T2,balanced,70253.7,0
9604,2024-09-20 00:00:00,social,36-45,T1,balanced,22907.08,1
9605,2024-01-07 00:00:00,organic,26-35,T1,balanced,13080.6,0
9606,2024-05-06 00:00:00,paid_search,46-55,T3+,cautious,22859.18,1
9607,2024-02-27 00:00:00,organic,26-35,T2,balanced,7385.3,1
9608,2024-08-20 00:00:00,paid_search,18-25,T2,aggressive,633.49,1
9609,2024-03-08 00:00:00,social,46-55,T3+,balanced,8122.13,0
9610,2024-03-21 00:00:00,social,26-35,T1,balanced,2393.25,0
9611,2024-01-06 00:00:00,bank_partner,26-35,T3+,cautious,4472.0,0
9612,2024-10-12 00:00:00,social,36-45,T2,aggressive,10972.7,1
9613,2024-12-12 00:00:00,social,26-35,T3+,cautious,28990.24,1
9614,2024-11-07 00:00:00,referral,18-25,T2,balanced,3312.54,0
9615,2024-08-12 00:00:00,bank_partner,36-45,T2,balanced,7780.08,1
9616,2024-12-19 00:00:00,social,26-35,T1,cautious,1906.1,1
9617,2024-03-05 00:00:00,social,56+,T2,balanced,4535.22,1
9618,2024-01-01 00:00:00,organic,18-25,T3+,balanced,3199.28,1
9619,2024-07-02 00:00:00,bank_partner,26-35,T3+,balanced,14070.58,0
9620,2024-09-03 00:00:00,referral,36-45,T2,cautious,16031.35,1
9621,2024-03-29 00:00:00,organic,36-45,T2,cautious,4495.07,1
9622,2024-11-02 00:00:00,social,26-35,T2,aggressive,8582.31,0
9623,2024-10-24 00:00:00,paid_search,46-55,T2,aggressive,14244.81,1
9624,2024-07-06 00:00:00,social,26-35,T2,balanced,18106.6,0
9625,2024-09-26 00:00:00,organic,36-45,T3+,cautious,1165.37,1
9626,2024-03-20 00:00:00,paid_search,46-55,T1,balanced,15630.48,0
9627,2024-07-08 00:00:00,referral,18-25,T1,balanced,9101.96,1
9628,2024-12-15 00:00:00,social,36-45,T3+,aggressive,5882.72,1
9629,2024-11-18 00:00:00,social,36-45,T2,balanced,7602.45,1
9630,2024-02-15 00:00:00,paid_search,18-25,T2,cautious,11732.02,1
9631,2024-02-12 00:00:00,organic,36-45,T1,balanced,3452.69,1
9632,2024-06-01 00:00:00,referral,46-55,T3+,balanced,37875.27,1
9633,2024-04-22 00:00:00,paid_search,46-55,T3+,balanced,9765.56,1
9634,2024-12-26 00:00:00,organic,36-45,T2,cautious,4252.33,1
9635,2024-08-06 00:00:00,organic,26-35,T1,balanced,1538.03,1
9636,2024-01-22 00:00:00,paid_search,46-55,T3+,balanced,29846.77,1
9637,2024-06-03 00:00:00,paid_search,46-55,T3+,aggressive,74718.23,0
9638,2024-02-18 00:00:00,social,46-55,T3+,cautious,4967.97,0
9639,2024-10-22 00:00:00,social,46-55,T1,balanced,10993.56,1
9640,2024-10-13 00:00:00,paid_search,36-45,T2,balanced,29107.89,1
9641,2024-10-09 00:00:00,organic,46-55,T2,balanced,70722.2,1
9642,2024-01-20 00:00:00,bank_partner,18-25,T1,balanced,5438.86,1
9643,2024-12-25 00:00:00,organic,18-25,T2,cautious,1156.83,1
9644,2024-03-16 00:00:00,paid_search,18-25,T1,balanced,13851.36,1
9645,2024-08-04 00:00:00,organic,46-55,T1,cautious,4324.89,1
9646,2024-09-22 00:00:00,organic,46-55,T2,cautious,20602.71,1
9647,2024-01-08 00:00:00,organic,26-35,T1,balanced,7454.74,1
9648,2024-08-16 00:00:00,bank_partner,56+,T1,balanced,8026.12,1
9649,2024-02-12 00:00:00,organic,56+,T2,cautious,260986.56,1
9650,2024-11-14 00:00:00,organic,26-35,T2,cautious,15231.84,1
9651,2024-03-03 00:00:00,social,46-55,T1,balanced,40108.94,1
9652,2024-12-12 00:00:00,referral,18-25,T3+,balanced,10674.49,1
9653,2024-11-27 00:00:00,organic,46-55,T1,balanced,812.0,1
9654,2024-08-04 00:00:00,bank_partner,18-25,T2,cautious,1869.15,1
9655,2024-12-31 00:00:00,organic,36-45,T3+,balanced,5749.77,1
9656,2024-09-05 00:00:00,organic,46-55,T3+,balanced,7636.36,1
9657,2024-10-28 00:00:00,organic,36-45,T3+,cautious,3151.71,0
9658,2024-01-30 00:00:00,social,26-35,T2,cautious,1268.59,1
9659,2024-07-20 00:00:00,social,36-45,T3+,cautious,4314.3,0
9660,2024-12-10 00:00:00,paid_search,36-45,T3+,aggressive,1791.31,1
9661,2024-03-03 00:00:00,paid_search,36-45,T2,balanced,21306.09,0
9662,2024-12-02 00:00:00,organic,26-35,T2,aggressive,68949.06,0
9663,2024-05-23 00:00:00,bank_partner,26-35,T2,cautious,32895.76,0
9664,2024-04-03 00:00:00,social,18-25,T3+,cautious,17159.42,0
9665,2024-01-30 00:00:00,paid_search,36-45,T1,cautious,28870.89,0
9666,2024-08-29 00:00:00,bank_partner,36-45,T2,cautious,8494.17,1
9667,2024-08-25 00:00:00,paid_search,26-35,T3+,aggressive,8706.0,1
9668,2024-08-02 00:00:00,social,26-35,T1,balanced,13712.49,0
9669,2024-12-31 00:00:00,paid_search,46-55,T2,aggressive,35339.63,1
9670,2024-04-15 00:00:00,social,26-35,T2,balanced,27775.06,1
9671,2024-03-10 00:00:00,paid_search,36-45,T3+,aggressive,15552.0,1
9672,2024-06-17 00:00:00,bank_partner,56+,T1,balanced,9116.81,0
9673,2024-04-28 00:00:00,social,26-35,T1,balanced,6119.0,1
9674,2024-11-05 00:00:00,paid_search,18-25,T1,balanced,1741.75,1
9675,2024-03-25 00:00:00,paid_search,26-35,T2,balanced,18266.55,1
9676,2024-09-26 00:00:00,paid_search,36-45,T1,cautious,5449.09,1
9677,2024-06-07 00:00:00,social,36-45,T1,aggressive,10846.08,0
9678,2024-10-10 00:00:00,social,26-35,T2,aggressive,48279.24,0
9679,2024-02-29 00:00:00,organic,56+,T2,balanced,93539.4,1
9680,2024-11-29 00:00:00,referral,26-35,T3+,cautious,30060.96,1
9681,2024-03-18 00:00:00,referral,46-55,T2,cautious,5091.09,1
9682,2024-08-13 00:00:00,social,46-55,T3+,balanced,20527.25,1
9683,2024-06-21 00:00:00,referral,18-25,T1,aggressive,1275.34,1
9684,2024-05-01 00:00:00,organic,26-35,T1,cautious,5944.75,1
9685,2024-07-26 00:00:00,paid_search,26-35,T1,balanced,3004.54,1
9686,2024-10-06 00:00:00,organic,26-35,T2,balanced,5077.91,1
9687,2024-09-05 00:00:00,paid_search,36-45,T3+,aggressive,4015.91,1
9688,2024-03-13 00:00:00,social,36-45,T2,aggressive,3059.04,0
9689,2024-12-20 00:00:00,bank_partner,36-45,T3+,cautious,29930.85,1
9690,2024-01-31 00:00:00,organic,26-35,T1,balanced,33322.65,0
9691,2024-08-06 00:00:00,bank_partner,36-45,T3+,balanced,4811.5,1
9692,2024-03-05 00:00:00,paid_search,26-35,T1,cautious,19564.07,1
9693,2024-12-21 00:00:00,paid_search,46-55,T3+,cautious,10312.7,0
9694,2024-02-07 00:00:00,paid_search,46-55,T2,balanced,6765.29,1
9695,2024-04-27 00:00:00,social,36-45,T3+,balanced,12921.13,1
9696,2024-06-20 00:00:00,organic,36-45,T3+,cautious,25681.86,1
9697,2024-06-27 00:00:00,bank_partner,36-45,T2,balanced,10449.47,0
9698,2024-01-14 00:00:00,organic,18-25,T3+,cautious,3711.53,0
9699,2024-06-27 00:00:00,bank_partner,26-35,T1,aggressive,8073.33,0
9700,2024-03-23 00:00:00,social,56+,T2,aggressive,14736.8,1
9701,2024-10-03 00:00:00,bank_partner,36-45,T3+,cautious,16902.17,1
9702,2024-10-16 00:00:00,bank_partner,36-45,T2,cautious,5766.5,0
9703,2024-01-16 00:00:00,organic,36-45,T1,balanced,6011.21,1
9704,2024-08-23 00:00:00,organic,18-25,T3+,cautious,3401.64,1
9705,2024-08-12 00:00:00,organic,36-45,T2,balanced,48078.29,0
9706,2024-07-11 00:00:00,bank_partner,18-25,T1,aggressive,2146.26,1
9707,2024-10-09 00:00:00,paid_search,26-35,T3+,aggressive,21208.51,0
9708,2024-09-24 00:00:00,organic,46-55,T2,cautious,50192.02,1
9709,2024-02-17 00:00:00,organic,18-25,T2,cautious,6224.04,1
9710,2024-01-10 00:00:00,referral,56+,T2,balanced,19301.77,1
9711,2024-05-22 00:00:00,social,46-55,T2,cautious,55079.79,1
9712,2024-02-23 00:00:00,organic,56+,T3+,cautious,14520.16,1
9713,2024-07-10 00:00:00,paid_search,36-45,T2,balanced,1373.93,1
9714,2024-08-04 00:00:00,referral,26-35,T1,balanced,27900.32,1
9715,2024-01-20 00:00:00,social,56+,T1,cautious,6293.0,1
9716,2024-07-30 00:00:00,social,26-35,T1,cautious,5515.79,1
9717,2024-07-04 00:00:00,organic,46-55,T3+,cautious,19713.22,1
9718,2024-09-12 00:00:00,organic,36-45,T1,cautious,6989.74,1
9719,2024-04-10 00:00:00,organic,26-35,T2,balanced,4355.27,1
9720,2024-08-29 00:00:00,organic,18-25,T2,cautious,1060.36,0
9721,2024-03-10 00:00:00,paid_search,26-35,T3+,aggressive,2919.0,1
9722,2024-11-10 00:00:00,bank_partner,46-55,T2,cautious,5017.2,1
9723,2024-12-28 00:00:00,paid_search,26-35,T2,balanced,3612.84,0
9724,2024-03-22 00:00:00,social,18-25,T3+,balanced,7737.7,1
9725,2024-02-06 00:00:00,referral,18-25,T2,cautious,22211.8,1
9726,2024-06-02 00:00:00,paid_search,56+,T2,balanced,39367.85,1
9727,2024-10-11 00:00:00,social,36-45,T3+,aggressive,29635.99,1
9728,2024-10-04 00:00:00,social,18-25,T1,cautious,4031.0,1
9729,2024-12-15 00:00:00,bank_partner,26-35,T1,balanced,13737.0,1
9730,2024-06-02 00:00:00,paid_search,26-35,T1,cautious,33644.55,1
9731,2024-01-01 00:00:00,organic,46-55,T2,balanced,20741.79,1
9732,2024-06-04 00:00:00,referral,26-35,T1,balanced,4656.9,1
9733,2024-08-13 00:00:00,referral,46-55,T2,balanced,9301.46,1
9734,2024-11-11 00:00:00,paid_search,26-35,T2,cautious,12654.36,1
9735,2024-07-04 00:00:00,social,56+,T2,balanced,16334.63,0
9736,2024-09-12 00:00:00,referral,36-45,T2,balanced,6753.42,1
9737,2024-05-25 00:00:00,social,26-35,T1,cautious,11619.52,1
9738,2024-02-22 00:00:00,organic,36-45,T3+,aggressive,10096.87,1
9739,2024-07-29 00:00:00,organic,26-35,T3+,balanced,4319.6,1
9740,2024-03-21 00:00:00,organic,26-35,T3+,cautious,5690.75,1
9741,2024-03-03 00:00:00,referral,36-45,T3+,cautious,10649.42,1
9742,2024-07-31 00:00:00,referral,18-25,T3+,balanced,7074.81,1
9743,2024-04-25 00:00:00,paid_search,26-35,T1,cautious,17987.39,0
9744,2024-06-04 00:00:00,bank_partner,36-45,T3+,aggressive,17680.15,1
9745,2024-01-09 00:00:00,paid_search,26-35,T2,cautious,3006.93,0
9746,2024-11-01 00:00:00,referral,56+,T3+,balanced,9100.48,0
9747,2024-12-08 00:00:00,paid_search,46-55,T1,cautious,30463.59,1
9748,2024-11-20 00:00:00,social,18-25,T3+,cautious,3972.86,1
9749,2024-01-15 00:00:00,organic,26-35,T3+,balanced,7990.62,1
9750,2024-09-11 00:00:00,bank_partner,26-35,T2,balanced,6807.5,0
9751,2024-03-08 00:00:00,organic,36-45,T3+,cautious,42067.44,1
9752,2024-05-20 00:00:00,organic,18-25,T1,balanced,29521.43,1
9753,2024-05-26 00:00:00,paid_search,46-55,T3+,cautious,142560.12,1
9754,2024-11-17 00:00:00,bank_partner,26-35,T3+,cautious,57744.55,1
9755,2024-08-23 00:00:00,social,36-45,T1,cautious,7230.69,0
9756,2024-04-24 00:00:00,referral,36-45,T3+,cautious,15392.84,1
9757,2024-11-11 00:00:00,paid_search,36-45,T3+,cautious,42554.14,1
9758,2024-09-20 00:00:00,paid_search,36-45,T2,aggressive,2489.44,0
9759,2024-03-17 00:00:00,referral,26-35,T1,balanced,19152.08,1
9760,2024-08-25 00:00:00,organic,18-25,T3+,cautious,4238.35,1
9761,2024-11-10 00:00:00,paid_search,36-45,T1,aggressive,12326.19,1
9762,2024-09-21 00:00:00,organic,26-35,T2,balanced,17141.07,1
9763,2024-07-31 00:00:00,paid_search,26-35,T3+,balanced,11035.27,1
9764,2024-06-12 00:00:00,referral,36-45,T3+,balanced,973.3,1
9765,2024-01-31 00:00:00,organic,26-35,T3+,cautious,46044.52,1
9766,2024-06-24 00:00:00,bank_partner,46-55,T3+,cautious,5017.85,1
9767,2024-02-25 00:00:00,organic,36-45,T1,aggressive,500.0,1
9768,2024-01-29 00:00:00,paid_search,36-45,T2,balanced,3707.68,1
9769,2024-01-12 00:00:00,organic,26-35,T2,aggressive,3271.02,1
9770,2024-06-08 00:00:00,bank_partner,46-55,T2,balanced,18018.16,0
9771,2024-03-22 00:00:00,organic,46-55,T1,aggressive,1484.43,0
9772,2024-01-04 00:00:00,organic,26-35,T2,balanced,63581.08,1
9773,2024-02-19 00:00:00,bank_partner,26-35,T3+,aggressive,4983.26,1
9774,2024-11-20 00:00:00,paid_search,36-45,T2,balanced,20219.73,1
9775,2024-09-04 00:00:00,organic,18-25,T3+,cautious,10161.55,1
9776,2024-12-20 00:00:00,referral,18-25,T2,cautious,12607.76,1
9777,2024-07-27 00:00:00,organic,56+,T3+,balanced,32346.2,1
9778,2024-02-21 00:00:00,paid_search,36-45,T2,cautious,6449.83,0
9779,2024-04-06 00:00:00,organic,18-25,T1,cautious,2973.63,1
9780,2024-12-22 00:00:00,paid_search,36-45,T3+,balanced,2087.35,1
9781,2024-03-25 00:00:00,bank_partner,36-45,T2,balanced,20679.45,1
9782,2024-03-20 00:00:00,organic,46-55,T2,balanced,28917.85,1
9783,2024-01-10 00:00:00,paid_search,36-45,T1,cautious,42848.84,1
9784,2024-08-01 00:00:00,paid_search,18-25,T2,balanced,3762.59,1
9785,2024-10-01 00:00:00,paid_search,36-45,T1,cautious,52811.67,1
9786,2024-09-17 00:00:00,paid_search,36-45,T3+,balanced,24444.56,0
9787,2024-06-27 00:00:00,organic,26-35,T3+,balanced,23763.63,1
9788,2024-03-04 00:00:00,paid_search,36-45,T2,balanced,8197.16,1
9789,2024-07-08 00:00:00,organic,18-25,T3+,balanced,3934.13,1
9790,2024-07-10 00:00:00,organic,36-45,T2,cautious,22114.96,0
9791,2024-12-02 00:00:00,paid_search,36-45,T2,cautious,1230.09,0
9792,2024-07-05 00:00:00,organic,26-35,T1,balanced,2433.99,1
9793,2024-06-29 00:00:00,organic,46-55,T3+,balanced,3696.81,1
9794,2024-04-22 00:00:00,bank_partner,36-45,T2,aggressive,11792.67,0
9795,2024-08-16 00:00:00,paid_search,18-25,T2,aggressive,7542.32,0
9796,2024-02-13 00:00:00,paid_search,26-35,T1,balanced,8471.09,1
9797,2024-05-22 00:00:00,paid_search,18-25,T1,balanced,6170.22,0
9798,2024-06-06 00:00:00,paid_search,26-35,T1,balanced,12965.9,1
9799,2024-03-08 00:00:00,referral,26-35,T2,balanced,29908.82,1
9800,2024-11-15 00:00:00,referral,56+,T2,balanced,11448.93,1
9801,2024-08-06 00:00:00,paid_search,18-25,T3+,cautious,21784.15,1
9802,2024-07-27 00:00:00,organic,36-45,T3+,cautious,1767.16,1
9803,2024-04-29 00:00:00,paid_search,36-45,T1,cautious,2337.41,1
9804,2024-06-05 00:00:00,social,36-45,T2,balanced,10060.21,1
9805,2024-01-07 00:00:00,social,46-55,T2,balanced,8388.72,1
9806,2024-10-11 00:00:00,organic,26-35,T3+,balanced,5415.43,1
9807,2024-01-11 00:00:00,social,46-55,T2,balanced,9905.07,0
9808,2024-04-12 00:00:00,paid_search,56+,T2,cautious,23257.62,1
9809,2024-08-24 00:00:00,referral,26-35,T1,cautious,4180.32,1
9810,2024-10-05 00:00:00,organic,18-25,T1,balanced,4107.41,1
9811,2024-07-20 00:00:00,bank_partner,36-45,T3+,aggressive,3547.1,1
9812,2024-01-01 00:00:00,paid_search,26-35,T2,aggressive,4913.5,1
9813,2024-04-11 00:00:00,paid_search,26-35,T1,cautious,2785.91,1
9814,2024-10-27 00:00:00,bank_partner,56+,T1,cautious,15506.67,0
9815,2024-05-29 00:00:00,organic,36-45,T1,balanced,5903.61,1
9816,2024-05-13 00:00:00,paid_search,36-45,T2,cautious,34600.39,0
9817,2024-01-01 00:00:00,organic,36-45,T2,cautious,26834.89,1
9818,2024-07-04 00:00:00,social,26-35,T3+,cautious,16195.73,1
9819,2024-05-11 00:00:00,referral,26-35,T2,cautious,7671.71,1
9820,2024-05-04 00:00:00,social,36-45,T3+,aggressive,7355.9,1
9821,2024-10-06 00:00:00,paid_search,46-55,T3+,aggressive,2050.17,1
9822,2024-07-29 00:00:00,paid_search,36-45,T2,aggressive,11814.75,1
9823,2024-12-08 00:00:00,organic,26-35,T1,balanced,21849.43,1
9824,2024-11-20 00:00:00,organic,18-25,T1,cautious,5218.2,1
9825,2024-12-31 00:00:00,referral,18-25,T2,cautious,2551.73,1
9826,2024-11-10 00:00:00,social,18-25,T2,cautious,5928.72,1
9827,2024-02-14 00:00:00,social,36-45,T2,cautious,14737.59,0
9828,2024-12-09 00:00:00,social,26-35,T2,balanced,11105.94,1
9829,2024-05-23 00:00:00,paid_search,26-35,T3+,aggressive,12004.91,0
9830,2024-06-28 00:00:00,social,36-45,T1,balanced,6119.61,0
9831,2024-10-16 00:00:00,social,46-55,T3+,cautious,23468.63,0
9832,2024-11-10 00:00:00,bank_partner,26-35,T1,balanced,13572.5,0
9833,2024-10-22 00:00:00,bank_partner,18-25,T3+,cautious,2620.03,1
9834,2024-08-04 00:00:00,organic,18-25,T2,balanced,37492.17,1
9835,2024-12-10 00:00:00,organic,46-55,T3+,cautious,20615.7,1
9836,2024-08-11 00:00:00,organic,26-35,T3+,cautious,7369.37,1
9837,2024-12-17 00:00:00,referral,18-25,T2,balanced,54205.03,1
9838,2024-02-07 00:00:00,organic,26-35,T3+,aggressive,15349.06,1
9839,2024-01-02 00:00:00,referral,18-25,T1,balanced,1317.08,1
9840,2024-01-30 00:00:00,paid_search,56+,T2,cautious,8559.69,0
9841,2024-06-02 00:00:00,social,18-25,T1,cautious,6734.95,0
9842,2024-11-14 00:00:00,bank_partner,46-55,T1,cautious,30579.09,1
9843,2024-11-08 00:00:00,social,26-35,T3+,balanced,3111.0,1
9844,2024-09-16 00:00:00,paid_search,26-35,T2,aggressive,2058.24,0
9845,2024-03-31 00:00:00,organic,36-45,T3+,balanced,10504.19,1
9846,2024-09-26 00:00:00,organic,36-45,T1,balanced,22246.15,1
9847,2024-08-14 00:00:00,paid_search,46-55,T3+,cautious,18974.57,1
9848,2024-06-07 00:00:00,organic,18-25,T1,cautious,5534.91,1
9849,2024-01-25 00:00:00,social,56+,T1,balanced,4875.1,1
9850,2024-09-06 00:00:00,organic,26-35,T3+,balanced,27804.03,1
9851,2024-05-07 00:00:00,organic,26-35,T2,cautious,11328.51,1
9852,2024-07-15 00:00:00,organic,46-55,T2,aggressive,46127.56,1
9853,2024-08-28 00:00:00,referral,46-55,T2,balanced,15060.63,1
9854,2024-08-05 00:00:00,organic,36-45,T2,cautious,5262.44,1
9855,2024-05-20 00:00:00,social,26-35,T2,cautious,8014.71,1
9856,2024-01-31 00:00:00,paid_search,46-55,T3+,cautious,31053.94,0
9857,2024-10-14 00:00:00,organic,18-25,T2,cautious,3897.88,0
9858,2024-02-02 00:00:00,paid_search,26-35,T2,cautious,16553.22,1
9859,2024-05-20 00:00:00,organic,36-45,T2,cautious,14954.98,1
9860,2024-03-07 00:00:00,paid_search,26-35,T2,balanced,50760.07,1
9861,2024-01-23 00:00:00,organic,36-45,T3+,cautious,6601.33,0
9862,2024-11-24 00:00:00,bank_partner,46-55,T1,balanced,1571.41,1
9863,2024-04-23 00:00:00,social,56+,T3+,cautious,23816.16,1
9864,2024-02-29 00:00:00,organic,36-45,T1,aggressive,7718.11,1
9865,2024-09-17 00:00:00,organic,18-25,T3+,balanced,15095.25,0
9866,2024-09-30 00:00:00,paid_search,36-45,T1,cautious,38399.94,1
9867,2024-04-23 00:00:00,referral,46-55,T2,cautious,15984.25,1
9868,2024-03-08 00:00:00,bank_partner,46-55,T2,balanced,16927.8,1
9869,2024-08-27 00:00:00,referral,46-55,T1,cautious,6469.42,1
9870,2024-02-02 00:00:00,social,36-45,T1,balanced,1970.75,1
9871,2024-05-30 00:00:00,bank_partner,26-35,T2,aggressive,1042.3,1
9872,2024-10-19 00:00:00,bank_partner,46-55,T2,cautious,4955.86,1
9873,2024-05-16 00:00:00,referral,26-35,T3+,balanced,62773.89,1
9874,2024-04-25 00:00:00,bank_partner,26-35,T2,cautious,22159.91,1
9875,2024-02-02 00:00:00,social,46-55,T1,balanced,52386.91,0
9876,2024-05-22 00:00:00,organic,56+,T2,cautious,18395.93,1
9877,2024-09-12 00:00:00,organic,18-25,T2,cautious,5884.28,1
9878,2024-02-14 00:00:00,referral,46-55,T3+,aggressive,14326.43,1
9879,2024-04-06 00:00:00,organic,26-35,T3+,aggressive,5327.69,1
9880,2024-10-03 00:00:00,bank_partner,46-55,T3+,cautious,22591.14,1
9881,2024-09-25 00:00:00,paid_search,46-55,T2,cautious,7827.01,1
9882,2024-11-11 00:00:00,paid_search,46-55,T2,balanced,16003.22,0
9883,2024-02-04 00:00:00,organic,18-25,T2,aggressive,6733.62,0
9884,2024-12-31 00:00:00,referral,26-35,T3+,cautious,11811.31,1
9885,2024-10-09 00:00:00,organic,26-35,T2,balanced,24361.67,0
9886,2024-08-12 00:00:00,paid_search,46-55,T2,balanced,2449.87,0
9887,2024-04-23 00:00:00,referral,36-45,T1,cautious,3833.49,1
9888,2024-04-16 00:00:00,organic,26-35,T2,aggressive,4122.03,1
9889,2024-11-09 00:00:00,social,18-25,T1,balanced,5010.29,1
9890,2024-03-11 00:00:00,social,36-45,T1,cautious,2544.75,1
9891,2024-02-23 00:00:00,paid_search,26-35,T2,cautious,4443.96,1
9892,2024-03-04 00:00:00,organic,18-25,T1,balanced,10856.38,1
9893,2024-06-17 00:00:00,paid_search,46-55,T2,balanced,13358.14,1
9894,2024-02-27 00:00:00,social,26-35,T1,balanced,55375.62,1
9895,2024-02-26 00:00:00,paid_search,46-55,T1,aggressive,20724.56,1
9896,2024-10-23 00:00:00,organic,36-45,T3+,cautious,45574.84,1
9897,2024-06-19 00:00:00,organic,18-25,T2,balanced,11750.14,0
9898,2024-05-15 00:00:00,social,56+,T3+,aggressive,7673.44,1
9899,2024-06-19 00:00:00,bank_partner,46-55,T2,balanced,30739.56,0
9900,2024-10-05 00:00:00,organic,26-35,T2,cautious,15267.74,1
9901,2024-09-28 00:00:00,organic,56+,T1,cautious,3486.58,1
9902,2024-06-11 00:00:00,bank_partner,56+,T2,balanced,31333.81,1
9903,2024-12-02 00:00:00,bank_partner,36-45,T3+,aggressive,29094.37,1
9904,2024-12-10 00:00:00,organic,26-35,T1,aggressive,12680.02,0
9905,2024-10-14 00:00:00,referral,26-35,T2,balanced,9255.84,1
9906,2024-03-13 00:00:00,social,36-45,T1,aggressive,4509.79,1
9907,2024-06-14 00:00:00,organic,26-35,T1,cautious,500.0,1
9908,2024-02-17 00:00:00,referral,46-55,T1,cautious,22707.97,1
9909,2024-12-09 00:00:00,paid_search,18-25,T2,cautious,15218.12,0
9910,2024-01-08 00:00:00,social,46-55,T1,cautious,4220.78,0
9911,2024-09-07 00:00:00,organic,36-45,T1,aggressive,2040.53,1
9912,2024-06-12 00:00:00,paid_search,36-45,T2,balanced,14485.62,1
9913,2024-05-31 00:00:00,paid_search,26-35,T2,balanced,3112.68,0
9914,2024-05-10 00:00:00,paid_search,26-35,T2,balanced,8022.44,0
9915,2024-04-02 00:00:00,referral,26-35,T1,cautious,4382.77,0
9916,2024-02-19 00:00:00,referral,18-25,T3+,balanced,9887.16,1
9917,2024-06-21 00:00:00,paid_search,26-35,T1,cautious,5796.03,1
9918,2024-03-10 00:00:00,social,18-25,T3+,cautious,13636.66,1
9919,2024-11-05 00:00:00,bank_partner,18-25,T3+,balanced,14821.26,0
9920,2024-10-29 00:00:00,referral,46-55,T1,cautious,9385.29,1
9921,2024-09-05 00:00:00,bank_partner,26-35,T1,balanced,20338.61,1
9922,2024-07-25 00:00:00,paid_search,26-35,T1,aggressive,28611.29,1
9923,2024-05-27 00:00:00,bank_partner,36-45,T2,aggressive,6764.46,1
9924,2024-09-18 00:00:00,organic,26-35,T1,balanced,15690.1,0
9925,2024-04-22 00:00:00,paid_search,18-25,T2,cautious,8252.43,1
9926,2024-05-24 00:00:00,paid_search,18-25,T3+,balanced,11542.49,1
9927,2024-04-12 00:00:00,referral,56+,T2,cautious,69654.13,0
9928,2024-03-07 00:00:00,referral,56+,T2,balanced,8635.79,1
9929,2024-10-01 00:00:00,paid_search,26-35,T3+,cautious,15935.64,1
9930,2024-06-10 00:00:00,bank_partner,26-35,T3+,balanced,36410.93,1
9931,2024-09-09 00:00:00,paid_search,46-55,T3+,balanced,78816.87,1
9932,2024-07-10 00:00:00,bank_partner,26-35,T2,balanced,17531.49,0
9933,2024-09-01 00:00:00,referral,26-35,T1,cautious,22086.94,1
9934,2024-07-14 00:00:00,organic,46-55,T3+,balanced,26312.25,0
9935,2024-08-26 00:00:00,organic,36-45,T1,balanced,9678.95,1
9936,2024-07-13 00:00:00,paid_search,18-25,T3+,cautious,1922.3,0
9937,2024-12-05 00:00:00,social,18-25,T2,cautious,2861.81,1
9938,2024-10-27 00:00:00,organic,46-55,T3+,balanced,164998.45,1
9939,2024-04-25 00:00:00,organic,26-35,T1,cautious,22286.07,1
9940,2024-01-13 00:00:00,paid_search,36-45,T3+,cautious,13027.39,0
9941,2024-08-12 00:00:00,organic,36-45,T3+,balanced,10512.1,1
9942,2024-04-09 00:00:00,social,36-45,T2,cautious,20362.4,1
9943,2024-06-11 00:00:00,paid_search,26-35,T3+,aggressive,4289.98,1
9944,2024-04-19 00:00:00,social,36-45,T3+,cautious,12754.2,1
9945,2024-05-16 00:00:00,organic,36-45,T2,cautious,1319.48,1
9946,2024-11-22 00:00:00,organic,18-25,T1,balanced,2349.16,0
9947,2024-04-26 00:00:00,referral,26-35,T2,cautious,43806.6,1
9948,2024-02-02 00:00:00,referral,26-35,T3+,balanced,4559.68,1
9949,2024-10-08 00:00:00,organic,36-45,T1,balanced,8361.52,1
9950,2024-08-15 00:00:00,organic,36-45,T2,balanced,12554.98,1
9951,2024-07-05 00:00:00,paid_search,36-45,T1,balanced,178107.81,1
9952,2024-08-15 00:00:00,referral,46-55,T3+,balanced,9416.91,1
9953,2024-05-12 00:00:00,bank_partner,36-45,T2,aggressive,3788.63,0
9954,2024-06-21 00:00:00,referral,26-35,T2,cautious,9661.53,1
9955,2024-06-23 00:00:00,social,36-45,T2,aggressive,2462.2,1
9956,2024-08-18 00:00:00,paid_search,26-35,T3+,balanced,10005.41,1
9957,2024-05-03 00:00:00,paid_search,26-35,T3+,aggressive,2041.48,1
9958,2024-06-24 00:00:00,organic,18-25,T2,cautious,2429.38,1
9959,2024-06-25 00:00:00,organic,46-55,T2,balanced,177806.25,0
9960,2024-07-30 00:00:00,referral,56+,T1,balanced,7823.66,1
9961,2024-02-02 00:00:00,social,26-35,T1,cautious,8604.44,1
9962,2024-02-06 00:00:00,referral,26-35,T2,balanced,10606.83,0
9963,2024-09-15 00:00:00,referral,36-45,T2,balanced,4232.74,0
9964,2024-04-25 00:00:00,referral,26-35,T2,cautious,14893.21,1
9965,2024-03-14 00:00:00,social,18-25,T2,cautious,1984.62,1
9966,2024-04-28 00:00:00,organic,36-45,T1,balanced,9510.51,1
9967,2024-01-22 00:00:00,referral,46-55,T1,balanced,16232.24,1
9968,2024-12-21 00:00:00,social,26-35,T1,cautious,4736.39,1
9969,2024-09-13 00:00:00,referral,26-35,T2,aggressive,15898.49,1
9970,2024-12-27 00:00:00,social,46-55,T1,balanced,41321.17,1
9971,2024-08-01 00:00:00,bank_partner,18-25,T3+,balanced,3018.69,0
9972,2024-05-09 00:00:00,organic,36-45,T1,balanced,1418.59,0
9973,2024-04-09 00:00:00,bank_partner,36-45,T3+,balanced,3033.21,0
9974,2024-11-17 00:00:00,paid_search,26-35,T3+,cautious,5277.34,1
9975,2024-09-09 00:00:00,referral,18-25,T3+,aggressive,2725.19,1
9976,2024-10-11 00:00:00,organic,18-25,T2,aggressive,2336.35,1
9977,2024-02-15 00:00:00,referral,18-25,T1,cautious,8817.19,1
9978,2024-03-11 00:00:00,organic,26-35,T1,balanced,4467.22,0
9979,2024-09-26 00:00:00,bank_partner,36-45,T1,cautious,1805.08,0
9980,2024-03-26 00:00:00,organic,26-35,T2,cautious,1873.89,1
9981,2024-08-21 00:00:00,organic,26-35,T1,cautious,26115.02,1
9982,2024-09-11 00:00:00,bank_partner,18-25,T1,balanced,3218.82,1
9983,2024-06-04 00:00:00,social,26-35,T2,balanced,23811.01,1
9984,2024-03-22 00:00:00,organic,26-35,T1,balanced,7256.97,1
9985,2024-07-14 00:00:00,organic,18-25,T3+,balanced,6201.88,1
9986,2024-03-10 00:00:00,paid_search,46-55,T1,balanced,8841.96,1
9987,2024-12-21 00:00:00,organic,46-55,T1,balanced,16429.41,1
9988,2024-06-07 00:00:00,organic,56+,T1,balanced,14343.94,0
9989,2024-06-02 00:00:00,organic,46-55,T2,cautious,33559.77,1
9990,2024-07-17 00:00:00,social,46-55,T3+,cautious,14976.24,1
9991,2024-04-13 00:00:00,social,36-45,T1,cautious,10047.39,1
9992,2024-07-18 00:00:00,referral,18-25,T3+,balanced,2138.56,1
9993,2024-05-21 00:00:00,bank_partner,46-55,T2,aggressive,2464.98,1
9994,2024-10-15 00:00:00,referral,18-25,T1,balanced,1250.83,1
9995,2024-08-10 00:00:00,social,46-55,T2,aggressive,24128.67,1
9996,2024-06-22 00:00:00,referral,26-35,T1,aggressive,3452.11,1
9997,2024-10-16 00:00:00,referral,26-35,T1,cautious,4331.29,1
9998,2024-03-24 00:00:00,organic,26-35,T2,aggressive,32172.11,0
9999,2024-01-12 00:00:00,paid_search,56+,T2,aggressive,136633.76,1
10000,2024-07-28 00:00:00,paid_search,36-45,T1,balanced,22895.98,1
10001,2024-04-09 00:00:00,paid_search,36-45,T2,cautious,5081.74,0
10002,2024-01-12 00:00:00,organic,46-55,T3+,balanced,1202.56,0
10003,2024-04-01 00:00:00,referral,18-25,T1,balanced,2302.12,1
10004,2024-02-29 00:00:00,organic,56+,T1,aggressive,7472.83,1
10005,2024-02-07 00:00:00,bank_partner,46-55,T2,balanced,19583.48,0
10006,2024-05-11 00:00:00,organic,18-25,T2,aggressive,5190.62,0
10007,2024-10-26 00:00:00,social,46-55,T3+,cautious,3838.4,1
10008,2024-10-01 00:00:00,social,36-45,T3+,aggressive,71678.94,1
10009,2024-03-02 00:00:00,referral,26-35,T1,aggressive,16687.08,1
10010,2024-06-06 00:00:00,organic,36-45,T2,balanced,12856.64,1
10011,2024-12-22 00:00:00,referral,26-35,T2,cautious,6844.29,0
10012,2024-05-20 00:00:00,referral,26-35,T2,balanced,8583.74,0
10013,2024-07-18 00:00:00,paid_search,56+,T3+,aggressive,20307.25,1
10014,2024-02-15 00:00:00,bank_partner,26-35,T2,balanced,9080.21,1
10015,2024-06-01 00:00:00,social,18-25,T2,aggressive,5660.74,1
10016,2024-06-17 00:00:00,referral,18-25,T3+,balanced,6255.78,1
10017,2024-04-28 00:00:00,paid_search,26-35,T1,balanced,7130.22,0
10018,2024-08-18 00:00:00,organic,26-35,T2,balanced,1817.53,1
10019,2024-10-27 00:00:00,organic,36-45,T3+,cautious,4404.04,1
10020,2024-04-12 00:00:00,organic,36-45,T2,cautious,14485.94,1
10021,2024-01-03 00:00:00,organic,36-45,T3+,aggressive,1165.43,1
10022,2024-05-19 00:00:00,organic,36-45,T1,cautious,7945.19,1
10023,2024-07-20 00:00:00,organic,26-35,T3+,balanced,19394.6,1
10024,2024-02-05 00:00:00,organic,18-25,T3+,balanced,4463.61,0
10025,2024-05-28 00:00:00,paid_search,18-25,T2,balanced,19041.37,0
10026,2024-07-26 00:00:00,paid_search,46-55,T3+,balanced,28351.68,1
10027,2024-05-27 00:00:00,social,36-45,T2,aggressive,4133.62,1
10028,2024-03-24 00:00:00,organic,18-25,T2,aggressive,7154.37,1
10029,2024-10-11 00:00:00,organic,26-35,T1,cautious,2064.02,1
10030,2024-02-16 00:00:00,organic,56+,T3+,cautious,7811.87,0
10031,2024-12-13 00:00:00,paid_search,46-55,T3+,balanced,20236.69,1
10032,2024-03-13 00:00:00,paid_search,36-45,T1,balanced,39446.33,0
10033,2024-11-19 00:00:00,referral,26-35,T2,balanced,18795.8,1
10034,2024-05-26 00:00:00,social,18-25,T2,balanced,2641.77,0
10035,2024-11-06 00:00:00,paid_search,36-45,T2,cautious,4541.7,1
10036,2024-12-06 00:00:00,social,26-35,T2,aggressive,3536.6,0
10037,2024-08-03 00:00:00,organic,26-35,T2,cautious,6354.04,0
10038,2024-10-24 00:00:00,bank_partner,26-35,T3+,aggressive,31803.2,1
10039,2024-10-09 00:00:00,bank_partner,56+,T2,cautious,2186.83,1
10040,2024-01-22 00:00:00,referral,18-25,T2,cautious,10700.07,1
10041,2024-06-08 00:00:00,paid_search,36-45,T1,balanced,4186.01,1
10042,2024-01-07 00:00:00,referral,26-35,T2,cautious,4629.34,1
10043,2024-09-18 00:00:00,organic,36-45,T2,balanced,7209.78,1
10044,2024-10-08 00:00:00,bank_partner,26-35,T1,balanced,2601.76,1
10045,2024-06-17 00:00:00,referral,56+,T1,aggressive,13406.9,1
10046,2024-05-11 00:00:00,organic,56+,T3+,balanced,4578.38,1
10047,2024-02-11 00:00:00,social,36-45,T1,cautious,2040.98,1
10048,2024-10-26 00:00:00,social,36-45,T1,balanced,14757.78,1
10049,2024-02-27 00:00:00,paid_search,46-55,T1,balanced,3742.11,1
10050,2024-04-10 00:00:00,bank_partner,56+,T2,cautious,9615.77,1
10051,2024-11-16 00:00:00,referral,46-55,T2,balanced,14514.93,1
10052,2024-05-07 00:00:00,organic,26-35,T1,cautious,2442.95,1
10053,2024-09-24 00:00:00,organic,36-45,T2,aggressive,12006.9,0
10054,2024-07-25 00:00:00,social,26-35,T3+,cautious,2525.93,0
10055,2024-10-16 00:00:00,social,36-45,T2,aggressive,8977.01,0
10056,2024-05-31 00:00:00,social,46-55,T1,cautious,12716.24,0
10057,2024-03-01 00:00:00,social,18-25,T1,balanced,664.52,0
10058,2024-12-29 00:00:00,bank_partner,46-55,T2,cautious,26471.49,0
10059,2024-04-21 00:00:00,paid_search,26-35,T2,balanced,2347.38,0
10060,2024-09-22 00:00:00,social,26-35,T2,balanced,7296.04,1
10061,2024-06-28 00:00:00,social,36-45,T2,aggressive,7254.66,1
10062,2024-10-14 00:00:00,bank_partner,46-55,T2,aggressive,28886.72,1
10063,2024-10-05 00:00:00,paid_search,26-35,T2,cautious,4116.98,1
10064,2024-01-26 00:00:00,referral,26-35,T2,balanced,8885.42,0
10065,2024-10-31 00:00:00,social,46-55,T2,balanced,17709.43,1
10066,2024-09-14 00:00:00,paid_search,36-45,T3+,cautious,3659.73,0
10067,2024-04-16 00:00:00,referral,26-35,T3+,cautious,5239.08,0
10068,2024-09-22 00:00:00,referral,36-45,T2,cautious,5718.3,1
10069,2024-10-23 00:00:00,social,56+,T1,cautious,21020.56,1
10070,2024-08-09 00:00:00,organic,46-55,T1,cautious,2692.97,1
10071,2024-06-05 00:00:00,social,46-55,T1,cautious,5431.88,1
10072,2024-06-07 00:00:00,referral,26-35,T2,cautious,21550.55,0
10073,2024-11-04 00:00:00,social,56+,T2,balanced,40389.9,1
10074,2024-08-01 00:00:00,referral,18-25,T3+,cautious,500.0,1
10075,2024-11-21 00:00:00,paid_search,46-55,T3+,cautious,25974.62,0
10076,2024-12-04 00:00:00,paid_search,26-35,T1,cautious,14035.62,0
10077,2024-04-21 00:00:00,social,36-45,T2,balanced,126424.7,1
10078,2024-01-17 00:00:00,organic,56+,T1,balanced,63395.62,1
10079,2024-02-06 00:00:00,social,36-45,T2,balanced,26467.64,1
10080,2024-12-08 00:00:00,paid_search,18-25,T1,aggressive,3570.48,1
10081,2024-01-07 00:00:00,organic,26-35,T1,cautious,57548.34,1
10082,2024-09-29 00:00:00,bank_partner,26-35,T3+,aggressive,3514.05,1
10083,2024-01-19 00:00:00,bank_partner,18-25,T2,aggressive,28427.98,1
10084,2024-11-27 00:00:00,paid_search,26-35,T3+,aggressive,6954.02,0
10085,2024-06-15 00:00:00,organic,36-45,T3+,aggressive,3959.39,1
10086,2024-12-27 00:00:00,referral,36-45,T1,balanced,22568.7,1
10087,2024-06-21 00:00:00,social,56+,T3+,aggressive,12531.03,1
10088,2024-04-21 00:00:00,organic,36-45,T1,balanced,20122.37,1
10089,2024-02-15 00:00:00,social,36-45,T3+,cautious,15864.5,1
10090,2024-06-09 00:00:00,paid_search,26-35,T3+,aggressive,7878.38,0
10091,2024-03-27 00:00:00,paid_search,26-35,T1,balanced,8434.13,1
10092,2024-12-25 00:00:00,paid_search,26-35,T1,aggressive,41032.65,1
10093,2024-12-13 00:00:00,organic,56+,T2,cautious,4590.19,1
10094,2024-12-04 00:00:00,paid_search,46-55,T1,aggressive,36557.66,0
10095,2024-09-04 00:00:00,social,18-25,T3+,balanced,5917.27,0
10096,2024-02-23 00:00:00,referral,26-35,T1,cautious,55697.77,1
10097,2024-10-16 00:00:00,paid_search,36-45,T3+,balanced,7726.38,1
10098,2024-06-23 00:00:00,social,56+,T2,balanced,2465.32,0
10099,2024-05-20 00:00:00,organic,26-35,T1,balanced,4389.13,1
10100,2024-12-28 00:00:00,referral,36-45,T1,balanced,7747.43,0
10101,2024-07-23 00:00:00,paid_search,46-55,T1,cautious,2834.35,1
10102,2024-12-27 00:00:00,bank_partner,26-35,T3+,cautious,1082.06,1
10103,2024-07-07 00:00:00,organic,26-35,T2,balanced,18495.17,0
10104,2024-05-02 00:00:00,referral,46-55,T3+,balanced,120986.99,1
10105,2024-09-01 00:00:00,bank_partner,36-45,T2,cautious,13336.62,0
10106,2024-07-15 00:00:00,bank_partner,46-55,T1,balanced,17781.72,1
10107,2024-12-13 00:00:00,bank_partner,36-45,T2,aggressive,2675.1,1
10108,2024-05-18 00:00:00,organic,36-45,T1,aggressive,55072.85,1
10109,2024-04-26 00:00:00,paid_search,36-45,T3+,balanced,16780.89,1
10110,2024-07-31 00:00:00,organic,36-45,T3+,balanced,5553.55,0
10111,2024-03-01 00:00:00,organic,46-55,T2,cautious,758.21,1
10112,2024-02-05 00:00:00,social,36-45,T3+,cautious,5543.07,1
10113,2024-01-05 00:00:00,social,36-45,T1,balanced,152816.67,1
10114,2024-06-24 00:00:00,organic,18-25,T2,aggressive,6319.07,1
10115,2024-03-04 00:00:00,organic,26-35,T1,cautious,16068.27,0
10116,2024-07-08 00:00:00,social,36-45,T3+,aggressive,752.36,1
10117,2024-11-03 00:00:00,referral,18-25,T1,cautious,13401.53,1
10118,2024-06-28 00:00:00,organic,26-35,T3+,aggressive,77526.98,1
10119,2024-04-28 00:00:00,bank_partner,46-55,T2,balanced,1885.45,1
10120,2024-02-21 00:00:00,paid_search,18-25,T1,cautious,5600.94,1
10121,2024-11-12 00:00:00,organic,36-45,T1,balanced,12180.66,1
10122,2024-01-24 00:00:00,organic,56+,T1,cautious,4996.31,0
10123,2024-08-10 00:00:00,social,26-35,T1,balanced,2212.95,1
10124,2024-06-11 00:00:00,paid_search,36-45,T2,cautious,11338.36,1
10125,2024-06-02 00:00:00,organic,18-25,T3+,balanced,1245.15,0
10126,2024-05-19 00:00:00,paid_search,26-35,T3+,balanced,3230.21,1
10127,2024-05-27 00:00:00,organic,36-45,T3+,balanced,41367.89,1
10128,2024-02-01 00:00:00,paid_search,18-25,T3+,cautious,8778.35,1
10129,2024-12-31 00:00:00,social,18-25,T2,balanced,3933.88,0
10130,2024-03-14 00:00:00,social,46-55,T3+,cautious,81205.03,1
10131,2024-12-09 00:00:00,social,26-35,T3+,cautious,26315.41,1
10132,2024-03-26 00:00:00,social,18-25,T1,balanced,930.11,1
10133,2024-10-08 00:00:00,paid_search,18-25,T3+,balanced,2619.21,1
10134,2024-09-16 00:00:00,organic,46-55,T2,cautious,16229.35,0
10135,2024-06-14 00:00:00,paid_search,26-35,T2,cautious,49768.24,1
10136,2024-12-14 00:00:00,paid_search,46-55,T2,balanced,57157.99,0
10137,2024-06-27 00:00:00,referral,36-45,T2,balanced,1526.64,1
10138,2024-11-25 00:00:00,paid_search,26-35,T1,cautious,3459.79,0
10139,2024-06-01 00:00:00,organic,26-35,T3+,balanced,3106.6,0
10140,2024-06-12 00:00:00,organic,26-35,T3+,cautious,5432.91,1
10141,2024-11-03 00:00:00,bank_partner,46-55,T1,aggressive,4567.44,1
10142,2024-04-07 00:00:00,organic,36-45,T1,cautious,21507.36,0
10143,2024-11-22 00:00:00,paid_search,36-45,T2,balanced,10367.01,0
10144,2024-10-08 00:00:00,bank_partner,26-35,T1,cautious,8609.85,1
10145,2024-07-21 00:00:00,organic,46-55,T1,balanced,3565.46,1
10146,2024-10-14 00:00:00,social,18-25,T2,aggressive,4928.25,1
10147,2024-02-28 00:00:00,bank_partner,26-35,T3+,balanced,7694.73,0
10148,2024-04-05 00:00:00,organic,36-45,T1,aggressive,1945.13,1
10149,2024-11-23 00:00:00,bank_partner,36-45,T3+,balanced,2703.41,1
10150,2024-12-28 00:00:00,bank_partner,46-55,T2,balanced,8814.63,1
10151,2024-12-17 00:00:00,organic,36-45,T2,balanced,16854.34,1
10152,2024-03-03 00:00:00,organic,46-55,T2,aggressive,35880.7,1
10153,2024-09-29 00:00:00,bank_partner,26-35,T1,balanced,71692.09,0
10154,2024-11-13 00:00:00,paid_search,18-25,T1,balanced,8949.61,1
10155,2024-06-10 00:00:00,paid_search,46-55,T3+,balanced,11245.19,1
10156,2024-07-01 00:00:00,social,56+,T3+,balanced,5962.12,1
10157,2024-03-22 00:00:00,social,46-55,T2,balanced,2829.75,1
10158,2024-03-28 00:00:00,referral,26-35,T3+,aggressive,1311.21,0
10159,2024-03-16 00:00:00,referral,36-45,T3+,balanced,15465.52,0
10160,2024-06-13 00:00:00,paid_search,18-25,T1,balanced,2154.61,1
10161,2024-01-29 00:00:00,paid_search,46-55,T2,cautious,42516.68,1
10162,2024-12-29 00:00:00,organic,18-25,T3+,cautious,10345.38,1
10163,2024-05-17 00:00:00,social,18-25,T3+,balanced,2089.63,1
10164,2024-04-30 00:00:00,bank_partner,26-35,T1,cautious,12019.23,1
10165,2024-08-30 00:00:00,referral,36-45,T2,cautious,6708.85,1
10166,2024-05-06 00:00:00,paid_search,36-45,T1,cautious,3911.35,0
10167,2024-05-07 00:00:00,paid_search,36-45,T3+,balanced,6714.28,1
10168,2024-09-09 00:00:00,social,26-35,T3+,aggressive,9078.92,1
10169,2024-08-27 00:00:00,organic,36-45,T3+,cautious,7072.04,1
10170,2024-07-30 00:00:00,paid_search,46-55,T3+,balanced,10001.66,1
10171,2024-12-18 00:00:00,organic,36-45,T3+,balanced,10900.17,1
10172,2024-04-25 00:00:00,paid_search,46-55,T1,aggressive,27024.29,1
10173,2024-06-24 00:00:00,organic,18-25,T3+,balanced,49935.89,1
10174,2024-07-08 00:00:00,organic,36-45,T2,cautious,67439.47,1
10175,2024-03-26 00:00:00,organic,18-25,T3+,aggressive,12939.17,1
10176,2024-03-30 00:00:00,paid_search,36-45,T2,cautious,18951.65,1
10177,2024-01-07 00:00:00,paid_search,26-35,T1,cautious,5675.88,1
10178,2024-06-12 00:00:00,bank_partner,36-45,T3+,aggressive,4937.52,0
10179,2024-12-23 00:00:00,organic,36-45,T2,cautious,9200.22,0
10180,2024-01-16 00:00:00,bank_partner,36-45,T2,cautious,10974.57,1
10181,2024-08-23 00:00:00,organic,56+,T2,cautious,18778.07,1
10182,2024-12-24 00:00:00,social,46-55,T3+,balanced,7400.36,1
10183,2024-05-31 00:00:00,social,26-35,T2,balanced,10614.88,1
10184,2024-01-27 00:00:00,paid_search,18-25,T1,cautious,3655.75,0
10185,2024-07-05 00:00:00,social,46-55,T3+,aggressive,21885.8,1
10186,2024-06-18 00:00:00,organic,26-35,T2,cautious,63720.14,1
10187,2024-10-07 00:00:00,social,36-45,T2,cautious,63534.78,1
10188,2024-01-14 00:00:00,bank_partner,26-35,T2,balanced,12972.44,0
10189,2024-09-12 00:00:00,referral,26-35,T2,cautious,7514.19,1
10190,2024-05-04 00:00:00,organic,26-35,T2,cautious,10122.93,1
10191,2024-08-16 00:00:00,referral,26-35,T3+,balanced,12420.53,1
10192,2024-07-20 00:00:00,paid_search,26-35,T1,balanced,4951.2,1
10193,2024-01-06 00:00:00,organic,36-45,T1,balanced,9263.77,1
10194,2024-03-21 00:00:00,organic,46-55,T2,balanced,7224.27,1
10195,2024-07-23 00:00:00,bank_partner,36-45,T2,aggressive,15947.62,1
10196,2024-04-01 00:00:00,organic,36-45,T1,cautious,8486.07,0
10197,2024-12-01 00:00:00,social,56+,T1,balanced,36413.25,1
10198,2024-05-26 00:00:00,organic,18-25,T1,balanced,18007.95,1
10199,2024-08-11 00:00:00,paid_search,18-25,T2,cautious,2793.47,0
10200,2024-11-27 00:00:00,social,26-35,T3+,cautious,57212.61,0
10201,2024-10-24 00:00:00,organic,26-35,T1,aggressive,2693.65,1
10202,2024-11-30 00:00:00,referral,46-55,T2,aggressive,14798.02,1
10203,2024-01-04 00:00:00,organic,46-55,T3+,balanced,4095.01,1
10204,2024-04-13 00:00:00,referral,18-25,T2,balanced,3705.05,1
10205,2024-06-27 00:00:00,organic,18-25,T1,balanced,6612.85,0
10206,2024-07-26 00:00:00,referral,36-45,T3+,balanced,2971.99,0
10207,2024-06-03 00:00:00,bank_partner,36-45,T2,aggressive,7155.73,1
10208,2024-04-19 00:00:00,paid_search,56+,T1,aggressive,8358.64,1
10209,2024-04-09 00:00:00,social,26-35,T2,aggressive,20236.09,1
10210,2024-04-27 00:00:00,referral,26-35,T1,aggressive,33963.28,0
10211,2024-10-10 00:00:00,social,56+,T3+,balanced,111298.14,1
10212,2024-07-18 00:00:00,organic,26-35,T3+,balanced,16697.38,1
10213,2024-06-17 00:00:00,bank_partner,46-55,T3+,balanced,14329.64,1
10214,2024-12-03 00:00:00,social,26-35,T3+,aggressive,11332.01,1
10215,2024-10-28 00:00:00,social,46-55,T3+,balanced,17958.47,1
10216,2024-04-03 00:00:00,organic,18-25,T2,balanced,9672.67,1
10217,2024-10-20 00:00:00,organic,26-35,T1,aggressive,2390.46,1
10218,2024-04-06 00:00:00,bank_partner,18-25,T2,balanced,5584.19,0
10219,2024-03-28 00:00:00,referral,36-45,T3+,cautious,6424.59,0
10220,2024-04-24 00:00:00,bank_partner,18-25,T2,aggressive,851.39,0
10221,2024-08-28 00:00:00,organic,26-35,T1,aggressive,6417.1,0
10222,2024-06-02 00:00:00,referral,36-45,T2,cautious,28766.02,1
10223,2024-04-15 00:00:00,referral,18-25,T1,cautious,7368.46,1
10224,2024-05-12 00:00:00,organic,18-25,T3+,cautious,1410.96,1
10225,2024-06-07 00:00:00,paid_search,26-35,T1,balanced,5932.66,1
10226,2024-02-12 00:00:00,bank_partner,56+,T2,cautious,47214.71,1
10227,2024-04-23 00:00:00,social,26-35,T3+,balanced,5043.1,1
10228,2024-01-21 00:00:00,referral,26-35,T3+,balanced,19956.26,1
10229,2024-07-28 00:00:00,organic,36-45,T1,cautious,2822.09,0
10230,2024-05-16 00:00:00,paid_search,36-45,T2,balanced,2091.75,0
10231,2024-04-08 00:00:00,social,26-35,T2,cautious,6805.99,0
10232,2024-12-12 00:00:00,organic,18-25,T2,cautious,62858.25,0
10233,2024-07-02 00:00:00,social,36-45,T3+,cautious,14321.13,1
10234,2024-06-05 00:00:00,referral,26-35,T2,cautious,6596.05,0
10235,2024-11-03 00:00:00,referral,36-45,T1,cautious,3352.59,1
10236,2024-06-04 00:00:00,referral,26-35,T3+,balanced,9650.8,1
10237,2024-04-23 00:00:00,paid_search,26-35,T2,cautious,2136.36,0
10238,2024-10-29 00:00:00,organic,56+,T1,cautious,3059.66,0
10239,2024-05-18 00:00:00,organic,56+,T1,balanced,56646.91,0
10240,2024-08-01 00:00:00,social,26-35,T3+,balanced,10437.03,1
10241,2024-03-22 00:00:00,social,26-35,T2,balanced,8092.44,1
10242,2024-02-09 00:00:00,paid_search,26-35,T3+,cautious,14540.82,1
10243,2024-05-10 00:00:00,bank_partner,26-35,T2,balanced,2815.0,0
10244,2024-11-07 00:00:00,referral,36-45,T3+,aggressive,29295.77,1
10245,2024-01-25 00:00:00,referral,36-45,T3+,cautious,31051.0,1
10246,2024-03-21 00:00:00,social,26-35,T1,cautious,7875.01,0
10247,2024-03-14 00:00:00,referral,26-35,T2,balanced,13681.45,1
10248,2024-03-05 00:00:00,referral,46-55,T3+,balanced,30899.94,1
10249,2024-07-14 00:00:00,bank_partner,26-35,T2,cautious,3880.74,0
10250,2024-02-13 00:00:00,paid_search,26-35,T2,balanced,5789.09,0
10251,2024-05-22 00:00:00,organic,26-35,T1,balanced,161743.67,0
10252,2024-05-22 00:00:00,organic,36-45,T1,balanced,35504.36,0
10253,2024-12-17 00:00:00,social,36-45,T3+,aggressive,30124.8,1
10254,2024-08-09 00:00:00,bank_partner,36-45,T3+,cautious,7969.31,1
10255,2024-05-06 00:00:00,paid_search,26-35,T1,balanced,7334.27,0
10256,2024-07-06 00:00:00,organic,36-45,T2,cautious,23759.45,1
10257,2024-04-26 00:00:00,referral,46-55,T2,aggressive,2376.39,1
10258,2024-10-01 00:00:00,social,36-45,T3+,aggressive,4562.08,1
10259,2024-04-25 00:00:00,organic,46-55,T1,aggressive,3446.34,0
10260,2024-08-24 00:00:00,bank_partner,36-45,T3+,cautious,23251.71,1
10261,2024-01-23 00:00:00,social,26-35,T1,aggressive,22925.4,1
10262,2024-08-08 00:00:00,social,26-35,T1,aggressive,688.04,1
10263,2024-10-18 00:00:00,paid_search,36-45,T2,aggressive,3053.83,1
10264,2024-09-11 00:00:00,paid_search,46-55,T3+,balanced,7530.68,1
10265,2024-07-14 00:00:00,social,26-35,T1,balanced,14243.64,1
10266,2024-09-26 00:00:00,organic,18-25,T3+,balanced,4086.05,1
10267,2024-03-20 00:00:00,paid_search,56+,T3+,aggressive,16051.04,0
10268,2024-04-11 00:00:00,paid_search,36-45,T3+,aggressive,13785.4,1
10269,2024-01-21 00:00:00,paid_search,36-45,T1,cautious,7499.69,1
10270,2024-04-10 00:00:00,referral,46-55,T1,cautious,10204.21,1
10271,2024-07-04 00:00:00,organic,46-55,T3+,cautious,12253.96,1
10272,2024-12-26 00:00:00,bank_partner,46-55,T1,balanced,8966.74,1
10273,2024-08-22 00:00:00,referral,26-35,T3+,cautious,18607.71,1
10274,2024-05-22 00:00:00,organic,56+,T2,balanced,7948.99,1
10275,2024-01-19 00:00:00,paid_search,36-45,T2,cautious,20197.39,1
10276,2024-11-06 00:00:00,referral,26-35,T2,cautious,37534.73,1
10277,2024-11-06 00:00:00,organic,36-45,T2,cautious,2255.18,1
10278,2024-11-30 00:00:00,social,36-45,T3+,balanced,14716.11,1
10279,2024-02-09 00:00:00,social,46-55,T3+,aggressive,22647.18,1
10280,2024-04-01 00:00:00,organic,26-35,T3+,cautious,11535.35,1
10281,2024-06-10 00:00:00,paid_search,18-25,T2,balanced,8850.0,1
10282,2024-01-10 00:00:00,organic,26-35,T3+,balanced,1926.5,1
10283,2024-04-03 00:00:00,bank_partner,46-55,T1,aggressive,13104.2,1
10284,2024-09-08 00:00:00,social,56+,T3+,balanced,14643.79,0
10285,2024-12-22 00:00:00,bank_partner,26-35,T2,balanced,2696.2,0
10286,2024-04-03 00:00:00,paid_search,26-35,T2,balanced,858.54,1
10287,2024-07-28 00:00:00,paid_search,56+,T3+,balanced,48277.01,0
10288,2024-01-12 00:00:00,bank_partner,36-45,T3+,balanced,20281.87,1
10289,2024-05-18 00:00:00,organic,26-35,T2,cautious,19377.68,0
10290,2024-03-16 00:00:00,paid_search,26-35,T2,cautious,2454.85,0
10291,2024-10-31 00:00:00,social,26-35,T3+,balanced,14504.89,1
10292,2024-09-13 00:00:00,organic,56+,T1,balanced,2792.86,0
10293,2024-04-17 00:00:00,bank_partner,36-45,T1,cautious,25406.21,0
10294,2024-09-06 00:00:00,bank_partner,36-45,T1,balanced,12762.7,1
10295,2024-05-28 00:00:00,referral,56+,T2,cautious,23632.15,0
10296,2024-03-06 00:00:00,referral,26-35,T3+,cautious,9053.45,1
10297,2024-02-17 00:00:00,bank_partner,26-35,T2,cautious,41807.76,1
10298,2024-05-31 00:00:00,paid_search,26-35,T2,balanced,18561.6,1
10299,2024-09-07 00:00:00,organic,36-45,T2,balanced,15949.07,1
10300,2024-09-14 00:00:00,organic,36-45,T1,cautious,7046.82,1
10301,2024-05-26 00:00:00,organic,36-45,T1,cautious,7843.12,0
10302,2024-02-20 00:00:00,organic,26-35,T1,cautious,24709.67,1
10303,2024-03-19 00:00:00,social,36-45,T2,cautious,12915.43,0
10304,2024-12-19 00:00:00,paid_search,46-55,T2,aggressive,11516.63,1
10305,2024-05-22 00:00:00,organic,36-45,T1,balanced,11046.81,1
10306,2024-04-23 00:00:00,organic,36-45,T2,cautious,2165.51,1
10307,2024-12-18 00:00:00,paid_search,26-35,T3+,cautious,3036.6,1
10308,2024-09-04 00:00:00,organic,26-35,T2,cautious,6523.48,0
10309,2024-03-11 00:00:00,social,36-45,T2,aggressive,1749.23,1
10310,2024-09-25 00:00:00,bank_partner,26-35,T2,cautious,93236.04,1
10311,2024-10-11 00:00:00,social,46-55,T1,cautious,19770.76,0
10312,2024-08-05 00:00:00,paid_search,46-55,T2,balanced,57151.98,0
10313,2024-09-03 00:00:00,referral,56+,T2,cautious,18115.76,1
10314,2024-09-15 00:00:00,paid_search,46-55,T2,aggressive,49809.36,1
10315,2024-02-02 00:00:00,bank_partner,36-45,T2,balanced,27063.36,0
10316,2024-12-01 00:00:00,paid_search,18-25,T2,aggressive,1281.53,1
10317,2024-11-09 00:00:00,social,36-45,T1,cautious,9430.46,1
10318,2024-06-09 00:00:00,paid_search,18-25,T1,balanced,2399.16,0
10319,2024-06-12 00:00:00,bank_partner,18-25,T3+,cautious,2688.42,1
10320,2024-01-28 00:00:00,organic,36-45,T2,aggressive,1630.87,0
10321,2024-09-06 00:00:00,social,36-45,T3+,cautious,34021.86,1
10322,2024-01-01 00:00:00,bank_partner,26-35,T2,balanced,25263.46,0
10323,2024-05-10 00:00:00,organic,26-35,T3+,cautious,56215.18,1
10324,2024-01-08 00:00:00,referral,18-25,T1,cautious,10267.49,1
10325,2024-10-13 00:00:00,paid_search,26-35,T2,cautious,9535.35,1
10326,2024-01-19 00:00:00,bank_partner,18-25,T3+,balanced,1220.58,1
10327,2024-03-12 00:00:00,paid_search,18-25,T3+,balanced,30321.54,0
10328,2024-08-17 00:00:00,bank_partner,26-35,T1,balanced,21407.22,1
10329,2024-05-03 00:00:00,referral,36-45,T1,aggressive,12375.69,0
10330,2024-09-21 00:00:00,social,26-35,T1,cautious,2879.69,0
10331,2024-12-01 00:00:00,paid_search,46-55,T3+,cautious,9717.75,1
10332,2024-02-01 00:00:00,social,46-55,T3+,aggressive,31912.54,0
10333,2024-12-06 00:00:00,paid_search,18-25,T2,balanced,10923.72,1
10334,2024-03-02 00:00:00,organic,36-45,T2,cautious,5947.91,1
10335,2024-07-01 00:00:00,paid_search,26-35,T1,balanced,15490.83,1
10336,2024-05-12 00:00:00,paid_search,56+,T2,balanced,11896.77,1
10337,2024-06-07 00:00:00,organic,46-55,T3+,balanced,7055.48,1
10338,2024-09-14 00:00:00,social,36-45,T1,cautious,37835.04,1
10339,2024-08-20 00:00:00,organic,26-35,T1,balanced,7855.43,1
10340,2024-08-25 00:00:00,paid_search,36-45,T3+,balanced,17115.92,1
10341,2024-08-05 00:00:00,paid_search,36-45,T1,aggressive,95693.55,1
10342,2024-03-23 00:00:00,organic,36-45,T3+,cautious,4265.59,1
10343,2024-01-24 00:00:00,paid_search,26-35,T1,cautious,9353.01,0
10344,2024-10-28 00:00:00,referral,18-25,T1,balanced,27704.46,0
10345,2024-08-05 00:00:00,referral,56+,T3+,cautious,3203.64,1
10346,2024-02-22 00:00:00,bank_partner,46-55,T2,balanced,78765.88,1
10347,2024-02-09 00:00:00,social,46-55,T1,cautious,21224.32,1
10348,2024-08-18 00:00:00,paid_search,36-45,T2,aggressive,92047.3,0
10349,2024-04-29 00:00:00,bank_partner,46-55,T2,aggressive,27816.74,1
10350,2024-04-20 00:00:00,bank_partner,36-45,T1,balanced,2261.02,1
10351,2024-05-03 00:00:00,organic,46-55,T2,balanced,5885.59,0
10352,2024-09-29 00:00:00,referral,26-35,T2,balanced,30525.34,1
10353,2024-08-16 00:00:00,organic,18-25,T2,aggressive,4667.38,1
10354,2024-07-30 00:00:00,organic,56+,T1,balanced,3997.48,0
10355,2024-10-24 00:00:00,referral,46-55,T1,cautious,83600.36,0
10356,2024-03-24 00:00:00,paid_search,26-35,T3+,cautious,2314.28,1
10357,2024-10-30 00:00:00,referral,36-45,T2,cautious,16406.31,1
10358,2024-09-20 00:00:00,organic,26-35,T2,cautious,17562.21,1
10359,2024-07-10 00:00:00,organic,36-45,T2,balanced,7598.39,0
10360,2024-02-13 00:00:00,paid_search,36-45,T3+,cautious,5847.22,1
10361,2024-08-29 00:00:00,bank_partner,36-45,T1,aggressive,8630.76,1
10362,2024-07-29 00:00:00,paid_search,56+,T2,aggressive,10445.17,1
10363,2024-12-18 00:00:00,organic,18-25,T2,balanced,11826.93,1
10364,2024-05-19 00:00:00,paid_search,36-45,T1,cautious,3774.43,1
10365,2024-04-27 00:00:00,paid_search,56+,T1,balanced,11434.96,1
10366,2024-09-05 00:00:00,bank_partner,26-35,T3+,balanced,26396.59,0
10367,2024-07-05 00:00:00,paid_search,26-35,T3+,cautious,43160.06,1
10368,2024-11-09 00:00:00,social,56+,T2,balanced,36428.12,1
10369,2024-06-29 00:00:00,organic,18-25,T3+,cautious,3662.54,1
10370,2024-04-30 00:00:00,referral,18-25,T3+,balanced,1061.0,1
10371,2024-09-28 00:00:00,paid_search,46-55,T2,balanced,8241.67,1
10372,2024-11-12 00:00:00,organic,18-25,T2,balanced,4243.6,1
10373,2024-03-29 00:00:00,organic,26-35,T3+,aggressive,1811.71,1
10374,2024-12-24 00:00:00,bank_partner,46-55,T1,balanced,8230.63,1
10375,2024-02-24 00:00:00,referral,26-35,T3+,balanced,7728.83,1
10376,2024-06-24 00:00:00,organic,36-45,T2,balanced,8853.06,1
10377,2024-11-02 00:00:00,organic,36-45,T1,aggressive,54224.8,1
10378,2024-12-23 00:00:00,referral,26-35,T2,cautious,7588.67,1
10379,2024-06-30 00:00:00,paid_search,26-35,T2,balanced,9484.35,1
10380,2024-04-18 00:00:00,paid_search,46-55,T1,balanced,4485.79,1
10381,2024-08-25 00:00:00,organic,56+,T1,balanced,37865.79,1
10382,2024-08-23 00:00:00,bank_partner,56+,T1,balanced,61848.24,0
10383,2024-12-08 00:00:00,paid_search,26-35,T2,cautious,7480.3,1
10384,2024-01-02 00:00:00,organic,26-35,T2,balanced,5194.69,1
10385,2024-04-21 00:00:00,social,46-55,T3+,cautious,2842.31,1
10386,2024-05-24 00:00:00,organic,36-45,T1,cautious,10196.99,1
10387,2024-08-22 00:00:00,organic,56+,T1,aggressive,10832.01,0
10388,2024-09-14 00:00:00,bank_partner,46-55,T3+,cautious,20322.41,1
10389,2024-12-26 00:00:00,paid_search,36-45,T3+,cautious,5696.87,0
10390,2024-03-09 00:00:00,organic,26-35,T3+,cautious,11521.15,1
10391,2024-11-21 00:00:00,paid_search,18-25,T3+,aggressive,20041.7,1
10392,2024-12-03 00:00:00,paid_search,18-25,T1,balanced,22070.63,0
10393,2024-05-30 00:00:00,referral,46-55,T3+,balanced,14819.18,1
10394,2024-01-10 00:00:00,organic,36-45,T1,cautious,2542.53,1
10395,2024-01-08 00:00:00,referral,18-25,T2,cautious,3290.49,1
10396,2024-08-19 00:00:00,organic,18-25,T3+,aggressive,13722.35,0
10397,2024-03-25 00:00:00,organic,26-35,T2,aggressive,63455.77,1
10398,2024-04-29 00:00:00,social,26-35,T2,cautious,5556.33,1
10399,2024-06-24 00:00:00,referral,26-35,T2,balanced,29687.96,1
10400,2024-04-24 00:00:00,referral,26-35,T3+,aggressive,9570.5,1
10401,2024-07-15 00:00:00,paid_search,26-35,T3+,balanced,5391.16,1
10402,2024-03-15 00:00:00,referral,56+,T2,cautious,186167.24,1
10403,2024-11-27 00:00:00,bank_partner,46-55,T3+,cautious,7439.36,1
10404,2024-10-14 00:00:00,social,18-25,T2,balanced,11288.77,1
10405,2024-07-27 00:00:00,social,56+,T1,cautious,26320.14,0
10406,2024-04-13 00:00:00,organic,46-55,T3+,aggressive,2139.47,0
10407,2024-02-16 00:00:00,bank_partner,18-25,T3+,aggressive,12454.04,1
10408,2024-08-05 00:00:00,referral,26-35,T3+,cautious,15160.93,0
10409,2024-03-19 00:00:00,social,46-55,T3+,balanced,10605.27,1
10410,2024-05-02 00:00:00,referral,26-35,T1,cautious,2999.09,0
10411,2024-05-18 00:00:00,referral,26-35,T2,balanced,23306.53,1
10412,2024-07-06 00:00:00,paid_search,26-35,T3+,cautious,5020.5,1
10413,2024-05-10 00:00:00,organic,18-25,T2,cautious,4996.08,0
10414,2024-04-14 00:00:00,paid_search,26-35,T1,balanced,53110.67,1
10415,2024-11-17 00:00:00,social,36-45,T1,cautious,5617.97,1
10416,2024-11-08 00:00:00,bank_partner,26-35,T3+,balanced,6728.17,0
10417,2024-05-26 00:00:00,paid_search,56+,T3+,aggressive,14419.05,1
10418,2024-09-21 00:00:00,organic,36-45,T3+,balanced,14429.31,1
10419,2024-08-26 00:00:00,social,26-35,T2,balanced,4087.57,0
10420,2024-10-29 00:00:00,bank_partner,46-55,T3+,cautious,3363.12,1
10421,2024-03-12 00:00:00,referral,18-25,T3+,balanced,13171.28,0
10422,2024-02-24 00:00:00,social,18-25,T3+,balanced,38714.51,1
10423,2024-11-23 00:00:00,organic,36-45,T3+,balanced,6483.95,1
10424,2024-06-01 00:00:00,paid_search,36-45,T1,cautious,7136.75,1
10425,2024-02-27 00:00:00,paid_search,26-35,T3+,balanced,4378.82,1
10426,2024-03-07 00:00:00,organic,26-35,T3+,balanced,11654.38,0
10427,2024-09-26 00:00:00,bank_partner,36-45,T1,balanced,10184.79,1
10428,2024-04-29 00:00:00,social,36-45,T2,cautious,7624.03,1
10429,2024-11-29 00:00:00,paid_search,26-35,T1,balanced,16071.76,0
10430,2024-10-01 00:00:00,referral,18-25,T2,balanced,9078.75,1
10431,2024-09-27 00:00:00,organic,18-25,T1,cautious,16730.37,1
10432,2024-12-09 00:00:00,social,36-45,T1,cautious,27198.91,1
10433,2024-05-11 00:00:00,social,36-45,T2,cautious,12881.01,1
10434,2024-08-14 00:00:00,organic,26-35,T3+,balanced,8553.29,0
10435,2024-03-16 00:00:00,organic,26-35,T3+,balanced,14268.79,1
10436,2024-07-05 00:00:00,social,26-35,T1,cautious,6783.23,1
10437,2024-11-25 00:00:00,social,18-25,T2,cautious,1021.89,0
10438,2024-11-05 00:00:00,paid_search,26-35,T1,balanced,7283.21,0
10439,2024-11-15 00:00:00,referral,36-45,T2,balanced,6296.52,1
10440,2024-04-28 00:00:00,paid_search,36-45,T1,cautious,6465.33,1
10441,2024-10-10 00:00:00,paid_search,56+,T3+,aggressive,26206.28,1
10442,2024-12-15 00:00:00,organic,26-35,T3+,balanced,6312.77,1
10443,2024-05-02 00:00:00,organic,46-55,T2,balanced,44906.28,0
10444,2024-12-08 00:00:00,paid_search,26-35,T3+,cautious,2647.98,0
10445,2024-05-31 00:00:00,social,46-55,T2,balanced,29884.17,1
10446,2024-04-21 00:00:00,organic,36-45,T3+,balanced,7675.76,1
10447,2024-11-22 00:00:00,organic,36-45,T3+,cautious,2174.83,1
10448,2024-09-18 00:00:00,bank_partner,18-25,T2,balanced,728.44,1
10449,2024-03-14 00:00:00,bank_partner,26-35,T3+,balanced,7307.93,1
10450,2024-12-24 00:00:00,paid_search,26-35,T2,balanced,13362.57,1
10451,2024-04-27 00:00:00,organic,46-55,T3+,balanced,11558.05,0
10452,2024-04-21 00:00:00,social,46-55,T3+,balanced,31637.44,0
10453,2024-02-27 00:00:00,organic,18-25,T1,cautious,2282.64,1
10454,2024-05-27 00:00:00,social,36-45,T3+,cautious,26096.73,1
10455,2024-05-25 00:00:00,paid_search,26-35,T1,cautious,6392.33,0
10456,2024-08-31 00:00:00,social,26-35,T2,cautious,5645.95,1
10457,2024-08-19 00:00:00,organic,36-45,T3+,cautious,47201.4,1
10458,2024-09-11 00:00:00,bank_partner,26-35,T1,aggressive,46033.62,1
10459,2024-07-24 00:00:00,bank_partner,26-35,T2,balanced,20460.16,1
10460,2024-12-20 00:00:00,paid_search,26-35,T3+,balanced,8413.02,1
10461,2024-07-17 00:00:00,referral,36-45,T3+,cautious,2048.78,1
10462,2024-08-03 00:00:00,bank_partner,26-35,T2,cautious,6742.3,0
10463,2024-12-14 00:00:00,paid_search,26-35,T2,cautious,24703.86,0
10464,2024-08-02 00:00:00,organic,26-35,T2,balanced,16967.8,1
10465,2024-06-19 00:00:00,social,18-25,T3+,aggressive,6818.07,1
10466,2024-10-15 00:00:00,bank_partner,18-25,T2,balanced,5081.46,1
10467,2024-07-14 00:00:00,paid_search,36-45,T3+,aggressive,4245.09,1
10468,2024-01-25 00:00:00,organic,26-35,T1,cautious,16697.01,1
10469,2024-06-22 00:00:00,organic,26-35,T2,balanced,16964.58,1
10470,2024-02-22 00:00:00,social,56+,T1,balanced,15500.69,1
10471,2024-08-14 00:00:00,paid_search,36-45,T2,balanced,2953.74,1
10472,2024-11-20 00:00:00,organic,18-25,T3+,balanced,7090.49,1
10473,2024-08-31 00:00:00,referral,26-35,T1,balanced,9581.06,1
10474,2024-11-20 00:00:00,referral,56+,T2,balanced,12075.85,1
10475,2024-11-06 00:00:00,paid_search,26-35,T3+,cautious,19451.3,1
10476,2024-12-06 00:00:00,paid_search,26-35,T3+,balanced,19657.03,1
10477,2024-01-20 00:00:00,organic,46-55,T2,balanced,8758.33,1
10478,2024-06-28 00:00:00,organic,56+,T2,cautious,31047.13,0
10479,2024-08-21 00:00:00,referral,26-35,T1,cautious,9944.03,1
10480,2024-04-13 00:00:00,social,26-35,T2,balanced,42736.0,0
10481,2024-12-13 00:00:00,organic,36-45,T2,cautious,9192.7,0
10482,2024-07-21 00:00:00,bank_partner,18-25,T3+,balanced,4107.15,1
10483,2024-05-22 00:00:00,referral,26-35,T2,balanced,10790.82,0
10484,2024-02-11 00:00:00,paid_search,46-55,T1,balanced,18544.13,1
10485,2024-03-02 00:00:00,organic,46-55,T3+,balanced,59135.57,1
10486,2024-11-23 00:00:00,organic,36-45,T3+,balanced,1926.8,0
10487,2024-03-08 00:00:00,organic,18-25,T3+,cautious,2828.47,1
10488,2024-08-22 00:00:00,organic,18-25,T2,balanced,8507.77,1
10489,2024-10-17 00:00:00,bank_partner,46-55,T3+,aggressive,9637.43,1
10490,2024-07-09 00:00:00,paid_search,18-25,T2,cautious,3342.69,1
10491,2024-02-25 00:00:00,paid_search,46-55,T2,balanced,25477.08,0
10492,2024-06-28 00:00:00,paid_search,26-35,T1,cautious,6166.23,1
10493,2024-02-11 00:00:00,paid_search,36-45,T2,cautious,7739.7,1
10494,2024-04-27 00:00:00,paid_search,26-35,T3+,balanced,17549.83,0
10495,2024-02-21 00:00:00,organic,26-35,T2,balanced,14842.74,0
10496,2024-11-15 00:00:00,organic,26-35,T2,cautious,12797.71,0
10497,2024-05-05 00:00:00,social,56+,T2,balanced,9343.62,1
10498,2024-06-30 00:00:00,social,56+,T1,cautious,50135.85,1
10499,2024-11-15 00:00:00,organic,18-25,T2,cautious,22152.96,1
10500,2024-10-03 00:00:00,bank_partner,46-55,T3+,aggressive,8148.32,1
10501,2024-04-16 00:00:00,paid_search,18-25,T1,balanced,1241.33,1
10502,2024-03-16 00:00:00,bank_partner,36-45,T1,cautious,4766.24,1
10503,2024-12-08 00:00:00,paid_search,46-55,T2,aggressive,7153.11,1
10504,2024-03-14 00:00:00,paid_search,36-45,T2,cautious,14286.07,1
10505,2024-02-20 00:00:00,social,36-45,T3+,cautious,20914.9,0
10506,2024-10-17 00:00:00,paid_search,18-25,T3+,balanced,8426.17,0
10507,2024-04-29 00:00:00,organic,46-55,T1,balanced,2553.69,1
10508,2024-02-13 00:00:00,bank_partner,26-35,T3+,cautious,4415.6,0
10509,2024-10-24 00:00:00,referral,36-45,T2,cautious,10329.71,1
10510,2024-03-14 00:00:00,referral,46-55,T1,cautious,5103.67,1
10511,2024-06-10 00:00:00,organic,26-35,T2,balanced,1040.91,1
10512,2024-04-08 00:00:00,organic,18-25,T3+,balanced,14913.57,0
10513,2024-12-31 00:00:00,social,46-55,T2,aggressive,22403.88,0
10514,2024-07-01 00:00:00,social,36-45,T2,cautious,3575.5,1
10515,2024-01-30 00:00:00,organic,26-35,T2,cautious,13710.87,1
10516,2024-03-09 00:00:00,bank_partner,36-45,T2,balanced,8447.43,1
10517,2024-02-18 00:00:00,referral,46-55,T1,balanced,49666.4,1
10518,2024-08-12 00:00:00,paid_search,18-25,T1,cautious,1416.92,1
10519,2024-10-17 00:00:00,paid_search,26-35,T3+,cautious,21550.25,1
10520,2024-03-06 00:00:00,organic,26-35,T2,balanced,2748.0,1
10521,2024-10-09 00:00:00,organic,36-45,T2,balanced,18399.97,1
10522,2024-07-18 00:00:00,paid_search,56+,T1,cautious,12062.15,0
10523,2024-07-28 00:00:00,referral,36-45,T1,balanced,62136.73,1
10524,2024-09-12 00:00:00,paid_search,26-35,T3+,cautious,93741.39,1
10525,2024-06-14 00:00:00,bank_partner,36-45,T2,cautious,6728.23,1
10526,2024-01-02 00:00:00,paid_search,36-45,T1,aggressive,2441.69,0
10527,2024-09-26 00:00:00,referral,26-35,T3+,cautious,2906.82,1
10528,2024-03-13 00:00:00,organic,46-55,T1,aggressive,11188.61,0
10529,2024-07-30 00:00:00,social,56+,T2,cautious,46045.18,1
10530,2024-06-03 00:00:00,paid_search,56+,T1,balanced,4899.28,1
10531,2024-02-20 00:00:00,referral,18-25,T3+,balanced,13265.81,1
10532,2024-07-15 00:00:00,paid_search,26-35,T3+,balanced,3030.33,1
10533,2024-09-07 00:00:00,paid_search,18-25,T1,aggressive,1087.09,0
10534,2024-01-10 00:00:00,bank_partner,26-35,T2,balanced,5311.71,0
10535,2024-05-21 00:00:00,social,36-45,T2,balanced,4855.75,1
10536,2024-04-07 00:00:00,organic,26-35,T3+,balanced,2539.85,1
10537,2024-11-07 00:00:00,organic,26-35,T1,aggressive,6171.44,1
10538,2024-05-05 00:00:00,paid_search,36-45,T2,balanced,22160.09,0
10539,2024-11-28 00:00:00,organic,26-35,T3+,cautious,4838.95,1
10540,2024-03-31 00:00:00,paid_search,26-35,T2,balanced,33814.8,1
10541,2024-10-10 00:00:00,paid_search,18-25,T3+,balanced,13984.25,0
10542,2024-09-10 00:00:00,referral,46-55,T2,balanced,10020.65,0
10543,2024-02-17 00:00:00,bank_partner,18-25,T1,cautious,6019.69,1
10544,2024-09-22 00:00:00,referral,56+,T1,balanced,22995.6,1
10545,2024-08-28 00:00:00,organic,46-55,T3+,balanced,2159.48,1
10546,2024-08-31 00:00:00,referral,18-25,T3+,cautious,3244.89,1
10547,2024-08-23 00:00:00,bank_partner,46-55,T3+,cautious,14374.46,1
10548,2024-02-06 00:00:00,bank_partner,36-45,T2,aggressive,20170.31,1
10549,2024-07-26 00:00:00,bank_partner,26-35,T2,balanced,13382.25,0
10550,2024-12-29 00:00:00,bank_partner,36-45,T1,balanced,11860.27,0
10551,2024-01-12 00:00:00,bank_partner,46-55,T1,cautious,4818.56,1
10552,2024-02-11 00:00:00,social,36-45,T3+,cautious,16645.95,1
10553,2024-01-24 00:00:00,bank_partner,18-25,T2,balanced,2623.37,1
10554,2024-03-10 00:00:00,social,26-35,T1,cautious,4602.54,1
10555,2024-08-28 00:00:00,social,18-25,T1,balanced,7030.57,0
10556,2024-01-01 00:00:00,organic,26-35,T3+,cautious,11553.14,0
10557,2024-10-30 00:00:00,referral,36-45,T3+,balanced,2514.93,1
10558,2024-09-06 00:00:00,bank_partner,26-35,T3+,balanced,9372.07,1
10559,2024-02-10 00:00:00,referral,18-25,T3+,cautious,8612.54,1
10560,2024-10-18 00:00:00,social,56+,T2,balanced,18929.09,1
10561,2024-07-14 00:00:00,organic,26-35,T3+,cautious,42328.52,0
10562,2024-09-26 00:00:00,bank_partner,46-55,T2,cautious,4191.01,1
10563,2024-10-06 00:00:00,referral,36-45,T3+,balanced,8891.68,1
10564,2024-01-05 00:00:00,referral,36-45,T3+,cautious,2779.39,1
10565,2024-08-17 00:00:00,referral,36-45,T3+,aggressive,8987.69,1
10566,2024-02-27 00:00:00,organic,36-45,T1,cautious,3017.27,1
10567,2024-11-02 00:00:00,bank_partner,36-45,T2,cautious,9573.3,1
10568,2024-05-13 00:00:00,organic,26-35,T2,cautious,21669.91,0
10569,2024-01-23 00:00:00,social,56+,T1,balanced,11779.95,0
10570,2024-03-07 00:00:00,paid_search,26-35,T3+,cautious,1495.88,1
10571,2024-06-12 00:00:00,organic,18-25,T3+,cautious,5478.06,1
10572,2024-02-06 00:00:00,social,26-35,T1,balanced,46884.64,1
10573,2024-09-06 00:00:00,organic,46-55,T3+,cautious,6833.29,0
10574,2024-03-08 00:00:00,referral,26-35,T1,cautious,7557.59,1
10575,2024-03-04 00:00:00,referral,18-25,T3+,balanced,626.35,1
10576,2024-11-14 00:00:00,paid_search,18-25,T1,cautious,12962.88,1
10577,2024-03-31 00:00:00,social,56+,T3+,balanced,5176.37,0
10578,2024-01-29 00:00:00,bank_partner,36-45,T2,balanced,7177.5,1
10579,2024-07-10 00:00:00,bank_partner,46-55,T1,balanced,25499.01,1
10580,2024-03-08 00:00:00,social,36-45,T1,aggressive,4932.09,1
10581,2024-09-20 00:00:00,bank_partner,26-35,T3+,cautious,15510.5,1
10582,2024-11-14 00:00:00,social,26-35,T1,cautious,12395.9,1
10583,2024-05-31 00:00:00,social,26-35,T2,balanced,9264.02,1
10584,2024-11-04 00:00:00,organic,26-35,T1,cautious,7776.1,1
10585,2024-03-10 00:00:00,organic,36-45,T3+,cautious,2193.48,1
10586,2024-12-13 00:00:00,referral,18-25,T2,balanced,12860.39,0
10587,2024-09-11 00:00:00,social,26-35,T3+,balanced,18526.53,1
10588,2024-03-28 00:00:00,social,36-45,T1,aggressive,47411.89,1
10589,2024-11-09 00:00:00,bank_partner,26-35,T1,balanced,12505.89,0
10590,2024-05-09 00:00:00,referral,46-55,T1,balanced,37671.49,1
10591,2024-04-11 00:00:00,bank_partner,26-35,T3+,cautious,5819.82,1
10592,2024-12-18 00:00:00,organic,46-55,T1,balanced,23061.18,1
10593,2024-01-14 00:00:00,social,26-35,T3+,balanced,9739.65,1
10594,2024-01-30 00:00:00,social,26-35,T1,aggressive,20550.81,0
10595,2024-02-14 00:00:00,paid_search,56+,T1,balanced,56934.2,1
10596,2024-07-13 00:00:00,bank_partner,36-45,T2,balanced,7964.05,0
10597,2024-11-17 00:00:00,organic,26-35,T1,aggressive,16314.22,0
10598,2024-11-27 00:00:00,referral,26-35,T1,cautious,947.28,1
10599,2024-06-27 00:00:00,paid_search,18-25,T1,balanced,36923.81,1
10600,2024-08-12 00:00:00,organic,26-35,T3+,balanced,4314.17,1
10601,2024-07-09 00:00:00,social,56+,T3+,balanced,1849.4,1
10602,2024-03-07 00:00:00,organic,26-35,T3+,balanced,129955.23,1
10603,2024-08-21 00:00:00,paid_search,56+,T3+,aggressive,3677.43,1
10604,2024-08-24 00:00:00,social,26-35,T2,aggressive,14840.58,1
10605,2024-01-10 00:00:00,referral,46-55,T2,aggressive,49022.05,1
10606,2024-02-02 00:00:00,organic,46-55,T1,cautious,19704.75,0
10607,2024-01-30 00:00:00,referral,26-35,T3+,cautious,5312.16,1
10608,2024-07-19 00:00:00,social,36-45,T1,cautious,28768.41,0
10609,2024-12-29 00:00:00,paid_search,36-45,T2,cautious,6336.39,1
10610,2024-06-14 00:00:00,paid_search,46-55,T3+,cautious,14091.36,1
10611,2024-01-08 00:00:00,referral,18-25,T2,cautious,7533.38,1
10612,2024-08-17 00:00:00,referral,18-25,T1,balanced,798.59,1
10613,2024-10-09 00:00:00,social,26-35,T2,balanced,14092.0,0
10614,2024-08-14 00:00:00,organic,36-45,T2,cautious,10655.37,1
10615,2024-11-16 00:00:00,referral,36-45,T3+,cautious,24417.75,1
10616,2024-02-22 00:00:00,social,18-25,T2,aggressive,2865.88,1
10617,2024-02-26 00:00:00,organic,36-45,T2,aggressive,7786.02,0
10618,2024-08-31 00:00:00,organic,26-35,T1,cautious,11593.56,0
10619,2024-04-29 00:00:00,bank_partner,36-45,T3+,balanced,2112.01,1
10620,2024-04-25 00:00:00,organic,26-35,T2,balanced,1314.39,0
10621,2024-05-12 00:00:00,bank_partner,18-25,T1,balanced,1472.44,1
10622,2024-08-01 00:00:00,organic,46-55,T2,aggressive,11280.88,1
10623,2024-03-18 00:00:00,social,18-25,T2,balanced,13449.27,1
10624,2024-05-24 00:00:00,paid_search,36-45,T3+,balanced,21115.35,1
10625,2024-04-21 00:00:00,paid_search,36-45,T2,balanced,11011.09,0
10626,2024-09-16 00:00:00,social,36-45,T3+,cautious,18269.49,0
10627,2024-09-01 00:00:00,organic,26-35,T1,cautious,38548.75,1
10628,2024-06-30 00:00:00,social,36-45,T3+,cautious,10857.89,1
10629,2024-03-08 00:00:00,bank_partner,36-45,T3+,cautious,34441.06,1
10630,2024-05-22 00:00:00,referral,26-35,T3+,cautious,6159.4,1
10631,2024-09-28 00:00:00,referral,36-45,T3+,balanced,8537.15,0
10632,2024-04-28 00:00:00,paid_search,56+,T2,balanced,4965.43,1
10633,2024-07-31 00:00:00,paid_search,26-35,T2,cautious,5826.44,1
10634,2024-09-26 00:00:00,social,18-25,T3+,balanced,12050.36,1
10635,2024-02-12 00:00:00,organic,46-55,T1,balanced,24193.2,0
10636,2024-03-28 00:00:00,organic,26-35,T1,aggressive,4582.81,1
10637,2024-12-27 00:00:00,social,46-55,T2,aggressive,24513.31,1
10638,2024-12-09 00:00:00,organic,56+,T2,balanced,9048.07,1
10639,2024-11-20 00:00:00,organic,46-55,T2,cautious,66328.35,1
10640,2024-02-28 00:00:00,organic,18-25,T1,balanced,8416.81,0
10641,2024-09-15 00:00:00,paid_search,26-35,T3+,balanced,9483.35,1
10642,2024-08-18 00:00:00,paid_search,18-25,T3+,balanced,6932.71,1
10643,2024-01-09 00:00:00,organic,26-35,T2,balanced,10333.95,1
10644,2024-11-24 00:00:00,organic,46-55,T2,balanced,39707.43,1
10645,2024-12-13 00:00:00,social,36-45,T1,aggressive,8593.77,1
10646,2024-02-12 00:00:00,bank_partner,26-35,T3+,aggressive,8910.35,1
10647,2024-05-26 00:00:00,social,36-45,T1,cautious,8368.28,1
10648,2024-12-13 00:00:00,paid_search,26-35,T1,aggressive,68149.18,0
10649,2024-09-13 00:00:00,paid_search,18-25,T2,balanced,6972.08,0
10650,2024-11-07 00:00:00,paid_search,46-55,T2,cautious,14819.64,1
10651,2024-09-06 00:00:00,bank_partner,46-55,T1,cautious,14079.19,1
10652,2024-02-20 00:00:00,organic,36-45,T2,balanced,15924.05,0
10653,2024-05-26 00:00:00,paid_search,26-35,T3+,cautious,4949.74,0
10654,2024-04-26 00:00:00,referral,36-45,T2,balanced,1867.99,1
10655,2024-07-19 00:00:00,organic,56+,T1,balanced,21714.15,1
10656,2024-10-02 00:00:00,paid_search,46-55,T2,cautious,29874.57,1
10657,2024-08-10 00:00:00,paid_search,26-35,T2,cautious,20083.75,1
10658,2024-09-03 00:00:00,organic,36-45,T1,balanced,3072.44,0
10659,2024-03-01 00:00:00,paid_search,36-45,T2,balanced,6500.63,1
10660,2024-03-18 00:00:00,social,46-55,T1,balanced,2473.56,1
10661,2024-11-24 00:00:00,bank_partner,26-35,T1,cautious,9097.91,0
10662,2024-02-02 00:00:00,bank_partner,36-45,T2,cautious,68943.11,1
10663,2024-02-19 00:00:00,paid_search,36-45,T1,balanced,36281.28,0
10664,2024-08-12 00:00:00,paid_search,26-35,T2,balanced,2332.98,1
10665,2024-11-04 00:00:00,social,26-35,T3+,cautious,2722.12,1
10666,2024-07-28 00:00:00,organic,46-55,T1,balanced,1550.7,1
10667,2024-08-30 00:00:00,paid_search,26-35,T2,balanced,7556.19,0
10668,2024-05-27 00:00:00,social,18-25,T2,aggressive,726.36,1
10669,2024-06-27 00:00:00,social,46-55,T3+,balanced,25150.87,0
10670,2024-07-28 00:00:00,paid_search,36-45,T2,balanced,13661.07,1
10671,2024-10-01 00:00:00,paid_search,26-35,T2,cautious,26093.37,1
10672,2024-06-06 00:00:00,social,36-45,T2,balanced,4815.02,1
10673,2024-09-30 00:00:00,paid_search,36-45,T2,aggressive,6076.88,1
10674,2024-04-09 00:00:00,bank_partner,36-45,T3+,cautious,1480.41,0
10675,2024-12-17 00:00:00,social,46-55,T3+,cautious,93740.85,0
10676,2024-09-10 00:00:00,social,18-25,T2,cautious,9523.98,1
10677,2024-11-12 00:00:00,organic,46-55,T3+,balanced,27199.49,1
10678,2024-07-04 00:00:00,referral,18-25,T1,balanced,33752.51,1
10679,2024-01-17 00:00:00,social,26-35,T2,aggressive,39737.03,0
10680,2024-07-11 00:00:00,organic,56+,T2,cautious,15904.0,1
10681,2024-07-09 00:00:00,organic,18-25,T3+,balanced,500.0,1
10682,2024-01-03 00:00:00,referral,26-35,T2,balanced,149254.29,1
10683,2024-12-15 00:00:00,organic,18-25,T3+,balanced,2219.43,1
10684,2024-08-22 00:00:00,organic,36-45,T2,balanced,20918.55,1
10685,2024-12-11 00:00:00,organic,56+,T1,aggressive,3707.99,1
10686,2024-04-16 00:00:00,referral,18-25,T2,balanced,1574.79,1
10687,2024-10-17 00:00:00,social,36-45,T3+,aggressive,6666.42,0
10688,2024-01-02 00:00:00,organic,46-55,T1,balanced,53730.73,1
10689,2024-08-17 00:00:00,organic,36-45,T3+,balanced,11619.53,0
10690,2024-10-17 00:00:00,referral,26-35,T3+,cautious,28205.65,1
10691,2024-12-30 00:00:00,referral,56+,T2,balanced,16297.49,1
10692,2024-05-18 00:00:00,paid_search,26-35,T2,balanced,21831.07,0
10693,2024-02-06 00:00:00,social,18-25,T3+,balanced,35548.91,1
10694,2024-03-16 00:00:00,paid_search,26-35,T2,aggressive,93033.37,1
10695,2024-10-18 00:00:00,referral,26-35,T1,cautious,34658.24,1
10696,2024-07-07 00:00:00,paid_search,46-55,T3+,cautious,12979.47,1
10697,2024-06-12 00:00:00,organic,18-25,T3+,balanced,11035.25,1
10698,2024-11-20 00:00:00,bank_partner,46-55,T1,balanced,19861.32,1
10699,2024-01-16 00:00:00,bank_partner,46-55,T3+,balanced,4874.99,0
10700,2024-07-08 00:00:00,bank_partner,26-35,T1,balanced,1517.48,1
10701,2024-05-12 00:00:00,paid_search,18-25,T3+,cautious,1379.47,1
10702,2024-05-31 00:00:00,social,36-45,T3+,cautious,14086.79,1
10703,2024-03-06 00:00:00,social,18-25,T1,aggressive,8396.11,1
10704,2024-09-25 00:00:00,social,36-45,T3+,cautious,38483.1,1
10705,2024-07-09 00:00:00,organic,26-35,T3+,cautious,44776.65,1
10706,2024-10-04 00:00:00,referral,26-35,T1,cautious,22359.7,1
10707,2024-03-09 00:00:00,paid_search,36-45,T1,balanced,4103.87,1
10708,2024-11-06 00:00:00,paid_search,36-45,T3+,balanced,44070.82,1
10709,2024-03-24 00:00:00,paid_search,46-55,T1,balanced,38967.16,1
10710,2024-11-30 00:00:00,organic,26-35,T2,cautious,5554.42,1
10711,2024-09-15 00:00:00,bank_partner,26-35,T2,aggressive,2997.39,1
10712,2024-02-23 00:00:00,organic,36-45,T2,cautious,41422.5,1
10713,2024-12-16 00:00:00,social,26-35,T2,cautious,19334.58,1
10714,2024-05-23 00:00:00,bank_partner,46-55,T3+,balanced,23385.86,0
10715,2024-09-26 00:00:00,paid_search,46-55,T1,balanced,21522.87,1
10716,2024-12-12 00:00:00,organic,26-35,T2,cautious,8173.91,0
10717,2024-05-16 00:00:00,referral,26-35,T3+,balanced,4313.53,1
10718,2024-05-23 00:00:00,organic,46-55,T1,cautious,5804.27,1
10719,2024-07-29 00:00:00,organic,26-35,T1,cautious,74140.91,1
10720,2024-07-07 00:00:00,organic,46-55,T1,balanced,64758.57,1
10721,2024-12-19 00:00:00,social,46-55,T3+,cautious,6461.65,1
10722,2024-04-20 00:00:00,organic,36-45,T3+,balanced,3175.54,1
10723,2024-10-03 00:00:00,social,36-45,T1,balanced,11719.38,0
10724,2024-05-06 00:00:00,referral,46-55,T1,aggressive,6126.33,1
10725,2024-12-26 00:00:00,social,56+,T1,balanced,17696.92,1
10726,2024-09-19 00:00:00,referral,46-55,T3+,balanced,61286.94,0
10727,2024-10-15 00:00:00,organic,36-45,T3+,aggressive,4770.08,0
10728,2024-08-23 00:00:00,organic,46-55,T3+,cautious,8672.78,1
10729,2024-12-16 00:00:00,referral,26-35,T3+,cautious,8224.36,1
10730,2024-09-20 00:00:00,organic,56+,T1,cautious,53454.69,0
10731,2024-02-29 00:00:00,organic,26-35,T3+,cautious,7133.64,1
10732,2024-01-21 00:00:00,social,26-35,T2,cautious,3148.36,0
10733,2024-10-20 00:00:00,paid_search,26-35,T1,balanced,6035.9,1
10734,2024-12-22 00:00:00,organic,26-35,T1,balanced,4174.23,0
10735,2024-09-01 00:00:00,social,46-55,T2,balanced,20861.21,1
10736,2024-07-01 00:00:00,social,36-45,T3+,balanced,2109.71,1
10737,2024-11-25 00:00:00,organic,26-35,T1,cautious,6997.63,0
10738,2024-06-06 00:00:00,paid_search,18-25,T2,balanced,19596.35,0
10739,2024-02-22 00:00:00,organic,36-45,T3+,cautious,1906.12,0
10740,2024-09-24 00:00:00,paid_search,26-35,T2,cautious,3588.21,1
10741,2024-08-15 00:00:00,social,18-25,T2,cautious,3405.12,0
10742,2024-08-25 00:00:00,paid_search,36-45,T2,cautious,6461.0,1
10743,2024-05-15 00:00:00,referral,46-55,T3+,aggressive,4006.19,0
10744,2024-11-16 00:00:00,paid_search,36-45,T2,balanced,1933.24,1
10745,2024-03-23 00:00:00,paid_search,26-35,T1,balanced,3578.93,1
10746,2024-04-10 00:00:00,social,26-35,T3+,cautious,7792.5,1
10747,2024-04-08 00:00:00,organic,36-45,T3+,aggressive,1772.36,0
10748,2024-12-27 00:00:00,organic,18-25,T1,cautious,3984.47,1
10749,2024-03-16 00:00:00,paid_search,26-35,T1,aggressive,20611.09,1
10750,2024-02-16 00:00:00,referral,26-35,T1,aggressive,20431.58,1
10751,2024-03-30 00:00:00,referral,36-45,T1,balanced,40090.12,1
10752,2024-09-03 00:00:00,bank_partner,18-25,T3+,balanced,3943.67,1
10753,2024-05-18 00:00:00,paid_search,36-45,T2,cautious,5042.41,1
10754,2024-12-02 00:00:00,bank_partner,26-35,T2,aggressive,9183.01,1
10755,2024-05-26 00:00:00,paid_search,36-45,T2,aggressive,2649.64,0
10756,2024-08-19 00:00:00,paid_search,36-45,T2,aggressive,10020.84,0
10757,2024-05-13 00:00:00,bank_partner,26-35,T1,aggressive,7153.43,1
10758,2024-07-13 00:00:00,paid_search,18-25,T2,balanced,4727.19,0
10759,2024-07-13 00:00:00,social,36-45,T2,balanced,1827.61,1
10760,2024-02-25 00:00:00,paid_search,26-35,T3+,cautious,11039.66,1
10761,2024-03-28 00:00:00,bank_partner,46-55,T3+,balanced,16797.08,1
10762,2024-12-18 00:00:00,referral,46-55,T3+,balanced,6462.61,1
10763,2024-05-01 00:00:00,organic,26-35,T3+,cautious,4625.36,1
10764,2024-08-22 00:00:00,paid_search,18-25,T1,cautious,2676.79,0
10765,2024-01-08 00:00:00,organic,26-35,T2,balanced,11303.72,1
10766,2024-09-11 00:00:00,social,36-45,T3+,aggressive,3367.9,0
10767,2024-05-22 00:00:00,organic,26-35,T1,cautious,13815.85,1
10768,2024-03-05 00:00:00,bank_partner,46-55,T2,balanced,905.08,1
10769,2024-02-13 00:00:00,referral,36-45,T2,cautious,5184.44,1
10770,2024-07-11 00:00:00,paid_search,36-45,T3+,cautious,23175.66,1
10771,2024-03-11 00:00:00,social,18-25,T2,balanced,4506.72,1
10772,2024-12-12 00:00:00,paid_search,18-25,T3+,balanced,6849.13,1
10773,2024-01-11 00:00:00,paid_search,46-55,T2,cautious,19472.51,1
10774,2024-06-06 00:00:00,referral,26-35,T2,cautious,30238.65,1
10775,2024-10-25 00:00:00,organic,26-35,T1,cautious,51976.69,1
10776,2024-12-19 00:00:00,referral,26-35,T1,balanced,5689.42,1
10777,2024-01-08 00:00:00,organic,26-35,T1,balanced,8574.45,1
10778,2024-05-07 00:00:00,social,56+,T1,aggressive,5834.52,1
10779,2024-05-04 00:00:00,social,36-45,T2,balanced,6156.76,1
10780,2024-12-06 00:00:00,paid_search,26-35,T2,aggressive,20071.99,0
10781,2024-04-27 00:00:00,organic,36-45,T2,balanced,2108.48,1
10782,2024-12-11 00:00:00,paid_search,26-35,T1,cautious,3590.48,0
10783,2024-10-13 00:00:00,paid_search,56+,T2,balanced,52919.62,1
10784,2024-04-29 00:00:00,paid_search,26-35,T3+,cautious,9126.91,1
10785,2024-08-09 00:00:00,social,46-55,T3+,aggressive,11152.38,1
10786,2024-04-28 00:00:00,social,46-55,T3+,aggressive,4629.74,0
10787,2024-04-04 00:00:00,organic,18-25,T2,cautious,1745.95,1
10788,2024-09-08 00:00:00,bank_partner,18-25,T1,aggressive,1706.33,1
10789,2024-05-14 00:00:00,paid_search,18-25,T1,aggressive,2007.49,1
10790,2024-05-16 00:00:00,organic,26-35,T1,balanced,4948.48,1
10791,2024-09-02 00:00:00,referral,26-35,T1,aggressive,36231.33,1
10792,2024-03-23 00:00:00,social,36-45,T3+,balanced,2509.49,1
10793,2024-08-06 00:00:00,paid_search,36-45,T2,cautious,1463.39,0
10794,2024-04-03 00:00:00,organic,26-35,T2,cautious,4415.63,1
10795,2024-11-14 00:00:00,referral,26-35,T1,aggressive,53751.22,1
10796,2024-02-07 00:00:00,organic,56+,T3+,balanced,41066.63,0
10797,2024-04-07 00:00:00,organic,36-45,T2,balanced,43861.22,1
10798,2024-10-14 00:00:00,paid_search,26-35,T2,balanced,7302.38,1
10799,2024-09-05 00:00:00,organic,18-25,T2,cautious,2505.03,1
10800,2024-10-17 00:00:00,bank_partner,26-35,T3+,cautious,3118.02,1
10801,2024-06-26 00:00:00,bank_partner,36-45,T2,balanced,5540.52,1
10802,2024-03-14 00:00:00,organic,36-45,T3+,balanced,5595.53,0
10803,2024-02-10 00:00:00,social,26-35,T2,balanced,4721.93,1
10804,2024-04-04 00:00:00,social,18-25,T1,cautious,2052.67,0
10805,2024-01-12 00:00:00,organic,56+,T2,balanced,13321.35,1
10806,2024-12-02 00:00:00,social,36-45,T1,aggressive,3733.9,1
10807,2024-02-27 00:00:00,organic,18-25,T2,balanced,2163.86,0
10808,2024-07-30 00:00:00,social,36-45,T2,balanced,14019.81,1
10809,2024-10-21 00:00:00,organic,26-35,T3+,aggressive,12326.74,1
10810,2024-05-27 00:00:00,organic,46-55,T3+,cautious,7210.24,1
10811,2024-02-29 00:00:00,social,26-35,T2,cautious,2822.87,1
10812,2024-12-31 00:00:00,organic,26-35,T3+,balanced,62809.61,1
10813,2024-07-19 00:00:00,organic,26-35,T3+,balanced,17545.64,1
10814,2024-09-10 00:00:00,bank_partner,46-55,T1,cautious,3361.84,1
10815,2024-10-15 00:00:00,organic,56+,T3+,balanced,40412.78,1
10816,2024-11-03 00:00:00,organic,36-45,T2,cautious,18350.14,1
10817,2024-03-21 00:00:00,paid_search,26-35,T2,balanced,37234.39,0
10818,2024-04-04 00:00:00,referral,18-25,T1,balanced,38198.07,1
10819,2024-03-28 00:00:00,referral,36-45,T2,balanced,8203.57,0
10820,2024-12-10 00:00:00,social,18-25,T3+,aggressive,9657.52,1
10821,2024-05-12 00:00:00,social,26-35,T1,aggressive,86511.73,1
10822,2024-12-24 00:00:00,paid_search,26-35,T1,aggressive,8236.71,1
10823,2024-05-01 00:00:00,organic,56+,T2,cautious,10675.17,1
10824,2024-10-02 00:00:00,organic,18-25,T3+,balanced,4239.1,1
10825,2024-06-02 00:00:00,paid_search,18-25,T1,balanced,7617.47,0
10826,2024-08-22 00:00:00,organic,46-55,T2,balanced,31191.59,1
10827,2024-06-01 00:00:00,organic,46-55,T1,aggressive,21082.49,0
10828,2024-02-06 00:00:00,organic,26-35,T1,balanced,1011.97,0
10829,2024-04-21 00:00:00,paid_search,36-45,T2,balanced,10073.2,1
10830,2024-02-05 00:00:00,paid_search,26-35,T1,balanced,18400.53,1
10831,2024-08-23 00:00:00,bank_partner,18-25,T3+,cautious,41518.61,1
10832,2024-08-25 00:00:00,paid_search,26-35,T3+,cautious,21279.19,1
10833,2024-03-05 00:00:00,organic,18-25,T3+,balanced,14256.2,0
10834,2024-08-29 00:00:00,organic,26-35,T1,cautious,4391.92,1
10835,2024-09-16 00:00:00,bank_partner,36-45,T2,balanced,5113.17,1
10836,2024-09-25 00:00:00,paid_search,36-45,T2,cautious,13317.57,1
10837,2024-11-23 00:00:00,paid_search,26-35,T2,balanced,12611.06,1
10838,2024-10-26 00:00:00,organic,26-35,T2,balanced,58754.12,1
10839,2024-01-06 00:00:00,organic,26-35,T3+,cautious,6279.51,1
10840,2024-03-02 00:00:00,social,18-25,T2,cautious,7894.55,1
10841,2024-12-21 00:00:00,paid_search,26-35,T1,cautious,10968.84,1
10842,2024-04-10 00:00:00,social,46-55,T2,cautious,5166.94,1
10843,2024-11-22 00:00:00,social,26-35,T2,cautious,10307.45,0
10844,2024-10-14 00:00:00,organic,26-35,T2,cautious,18787.7,1
10845,2024-07-04 00:00:00,paid_search,26-35,T1,balanced,5303.95,1
10846,2024-04-28 00:00:00,organic,18-25,T1,balanced,7679.39,1
10847,2024-10-17 00:00:00,organic,18-25,T2,cautious,1814.45,1
10848,2024-10-05 00:00:00,paid_search,18-25,T1,cautious,500.0,0
10849,2024-01-02 00:00:00,paid_search,36-45,T2,cautious,2451.96,1
10850,2024-01-12 00:00:00,social,26-35,T1,aggressive,18844.02,1
10851,2024-02-03 00:00:00,social,26-35,T3+,cautious,61861.7,1
10852,2024-03-03 00:00:00,paid_search,26-35,T1,aggressive,105059.57,1
10853,2024-05-01 00:00:00,social,26-35,T2,balanced,61426.84,1
10854,2024-08-04 00:00:00,organic,46-55,T1,balanced,3394.98,1
10855,2024-07-17 00:00:00,referral,36-45,T2,balanced,20139.56,1
10856,2024-07-13 00:00:00,paid_search,46-55,T3+,cautious,61702.55,0
10857,2024-09-07 00:00:00,paid_search,26-35,T2,aggressive,8568.64,0
10858,2024-11-29 00:00:00,bank_partner,36-45,T2,balanced,30749.06,1
10859,2024-09-25 00:00:00,organic,18-25,T1,balanced,3439.88,1
10860,2024-09-01 00:00:00,organic,36-45,T2,cautious,5787.92,0
10861,2024-09-16 00:00:00,referral,46-55,T1,aggressive,4073.06,1
10862,2024-02-11 00:00:00,referral,36-45,T1,balanced,31238.58,1
10863,2024-12-17 00:00:00,social,26-35,T1,balanced,5267.87,1
10864,2024-03-29 00:00:00,bank_partner,26-35,T3+,cautious,8130.77,1
10865,2024-01-30 00:00:00,organic,36-45,T2,balanced,6261.41,0
10866,2024-04-21 00:00:00,organic,18-25,T3+,balanced,6145.0,1
10867,2024-08-15 00:00:00,organic,46-55,T3+,cautious,17808.45,1
10868,2024-03-12 00:00:00,organic,56+,T2,balanced,5083.48,1
10869,2024-12-30 00:00:00,organic,36-45,T1,cautious,3738.97,0
10870,2024-04-19 00:00:00,organic,36-45,T3+,cautious,10265.2,1
10871,2024-10-12 00:00:00,social,18-25,T3+,balanced,4194.6,1
10872,2024-07-14 00:00:00,referral,26-35,T2,cautious,6035.83,1
10873,2024-01-10 00:00:00,social,36-45,T3+,cautious,8500.83,1
10874,2024-05-11 00:00:00,referral,26-35,T3+,aggressive,9046.01,1
10875,2024-02-20 00:00:00,bank_partner,26-35,T2,balanced,5604.58,1
10876,2024-05-23 00:00:00,organic,36-45,T2,balanced,11280.18,1
10877,2024-07-18 00:00:00,organic,46-55,T1,balanced,39972.63,0
10878,2024-02-26 00:00:00,social,26-35,T2,aggressive,9287.68,1
10879,2024-04-05 00:00:00,paid_search,26-35,T1,balanced,6573.11,1
10880,2024-06-20 00:00:00,organic,26-35,T1,cautious,16127.5,1
10881,2024-03-27 00:00:00,paid_search,26-35,T3+,balanced,18166.8,1
10882,2024-04-05 00:00:00,bank_partner,36-45,T1,aggressive,8269.79,1
10883,2024-12-29 00:00:00,social,18-25,T3+,balanced,13699.78,1
10884,2024-12-05 00:00:00,social,26-35,T3+,balanced,4788.4,0
10885,2024-08-03 00:00:00,paid_search,36-45,T3+,balanced,46968.35,1
10886,2024-02-24 00:00:00,paid_search,56+,T1,cautious,10995.17,1
10887,2024-09-25 00:00:00,paid_search,18-25,T1,balanced,6598.09,1
10888,2024-05-09 00:00:00,referral,26-35,T3+,cautious,12425.29,1
10889,2024-06-23 00:00:00,paid_search,46-55,T3+,aggressive,7927.34,1
10890,2024-03-27 00:00:00,social,18-25,T3+,aggressive,3756.92,0
10891,2024-01-31 00:00:00,bank_partner,36-45,T2,cautious,8378.54,0
10892,2024-01-06 00:00:00,bank_partner,18-25,T3+,balanced,3537.92,1
10893,2024-06-05 00:00:00,paid_search,46-55,T1,cautious,62139.0,1
10894,2024-05-19 00:00:00,organic,18-25,T1,cautious,953.76,1
10895,2024-02-27 00:00:00,organic,26-35,T3+,balanced,3695.48,1
10896,2024-07-16 00:00:00,social,26-35,T2,cautious,6923.03,0
10897,2024-03-04 00:00:00,referral,18-25,T2,balanced,2768.37,1
10898,2024-03-22 00:00:00,social,26-35,T2,balanced,6628.45,1
10899,2024-03-21 00:00:00,referral,26-35,T2,aggressive,9844.45,1
10900,2024-08-09 00:00:00,social,26-35,T3+,balanced,1502.52,1
10901,2024-10-18 00:00:00,paid_search,56+,T2,aggressive,21724.54,0
10902,2024-02-27 00:00:00,organic,36-45,T1,cautious,17599.89,1
10903,2024-10-17 00:00:00,social,46-55,T2,cautious,6174.14,0
10904,2024-05-10 00:00:00,organic,56+,T1,balanced,3169.48,0
10905,2024-11-09 00:00:00,social,36-45,T3+,cautious,40966.79,1
10906,2024-02-23 00:00:00,referral,36-45,T1,balanced,832.24,0
10907,2024-11-02 00:00:00,referral,46-55,T2,cautious,47349.31,1
10908,2024-02-16 00:00:00,organic,56+,T1,balanced,35949.96,1
10909,2024-03-06 00:00:00,social,36-45,T3+,cautious,10888.64,1
10910,2024-01-01 00:00:00,organic,36-45,T1,aggressive,4619.91,0
10911,2024-02-05 00:00:00,social,26-35,T3+,cautious,16916.34,1
10912,2024-11-25 00:00:00,organic,26-35,T1,aggressive,6041.06,1
10913,2024-02-03 00:00:00,paid_search,26-35,T3+,balanced,6513.82,1
10914,2024-03-06 00:00:00,organic,36-45,T2,balanced,5120.71,1
10915,2024-06-09 00:00:00,paid_search,36-45,T3+,balanced,22915.32,1
10916,2024-07-23 00:00:00,referral,26-35,T1,balanced,6888.16,0
10917,2024-04-13 00:00:00,organic,26-35,T2,balanced,3798.69,1
10918,2024-06-20 00:00:00,paid_search,36-45,T3+,balanced,18623.69,1
10919,2024-10-20 00:00:00,social,26-35,T2,balanced,10298.94,1
10920,2024-02-14 00:00:00,referral,26-35,T3+,balanced,12795.11,1
10921,2024-12-29 00:00:00,paid_search,36-45,T2,balanced,33940.77,0
10922,2024-11-02 00:00:00,bank_partner,36-45,T2,aggressive,10813.62,1
10923,2024-12-13 00:00:00,referral,26-35,T3+,aggressive,1225.28,0
10924,2024-11-13 00:00:00,organic,36-45,T2,balanced,3560.56,1
10925,2024-12-07 00:00:00,paid_search,18-25,T2,balanced,2675.92,1
10926,2024-06-26 00:00:00,organic,18-25,T2,balanced,4979.77,0
10927,2024-02-05 00:00:00,paid_search,36-45,T2,cautious,5840.44,0
10928,2024-07-18 00:00:00,organic,36-45,T1,cautious,2130.68,1
10929,2024-11-30 00:00:00,social,26-35,T3+,cautious,11589.91,1
10930,2024-11-21 00:00:00,paid_search,26-35,T3+,balanced,24955.89,1
10931,2024-03-07 00:00:00,referral,46-55,T3+,aggressive,11815.34,1
10932,2024-12-12 00:00:00,social,36-45,T2,balanced,34735.95,1
10933,2024-09-17 00:00:00,paid_search,36-45,T2,balanced,198772.65,0
10934,2024-05-03 00:00:00,social,36-45,T3+,balanced,648.81,1
10935,2024-11-26 00:00:00,paid_search,18-25,T1,cautious,5270.04,1
10936,2024-12-03 00:00:00,organic,18-25,T1,aggressive,7011.42,1
10937,2024-08-16 00:00:00,organic,36-45,T3+,balanced,11066.16,1
10938,2024-11-16 00:00:00,social,26-35,T2,aggressive,3231.08,1
10939,2024-04-23 00:00:00,social,26-35,T1,cautious,2244.51,0
10940,2024-08-27 00:00:00,social,36-45,T2,aggressive,8157.88,1
10941,2024-05-16 00:00:00,bank_partner,26-35,T2,balanced,5623.21,0
10942,2024-06-09 00:00:00,social,36-45,T3+,balanced,14001.64,1
10943,2024-10-27 00:00:00,organic,56+,T1,balanced,195271.82,1
10944,2024-02-20 00:00:00,paid_search,36-45,T3+,balanced,7469.46,1
10945,2024-01-15 00:00:00,paid_search,18-25,T2,balanced,7633.81,1
10946,2024-06-13 00:00:00,organic,18-25,T1,balanced,837.44,0
10947,2024-03-21 00:00:00,organic,26-35,T2,cautious,68069.96,0
10948,2024-12-20 00:00:00,paid_search,18-25,T2,cautious,2131.16,1
10949,2024-12-18 00:00:00,paid_search,46-55,T2,cautious,16442.35,1
10950,2024-08-20 00:00:00,bank_partner,18-25,T2,cautious,3987.16,1
10951,2024-03-12 00:00:00,organic,26-35,T3+,balanced,7329.12,1
10952,2024-04-03 00:00:00,organic,18-25,T3+,balanced,1663.23,1
10953,2024-09-27 00:00:00,organic,46-55,T2,aggressive,3811.46,1
10954,2024-01-28 00:00:00,referral,18-25,T2,balanced,2121.79,1
10955,2024-12-14 00:00:00,referral,56+,T2,cautious,3489.87,1
10956,2024-08-01 00:00:00,referral,18-25,T1,balanced,2035.96,0
10957,2024-07-20 00:00:00,paid_search,46-55,T3+,aggressive,18508.29,1
10958,2024-07-21 00:00:00,bank_partner,26-35,T2,cautious,2590.99,0
10959,2024-11-12 00:00:00,paid_search,46-55,T1,cautious,3711.83,1
10960,2024-06-19 00:00:00,social,36-45,T2,cautious,3190.7,1
10961,2024-04-12 00:00:00,organic,26-35,T3+,cautious,10076.1,1
10962,2024-02-03 00:00:00,referral,36-45,T1,aggressive,48155.41,0
10963,2024-01-12 00:00:00,organic,56+,T2,aggressive,19106.63,1
10964,2024-02-12 00:00:00,bank_partner,36-45,T3+,aggressive,4889.3,1
10965,2024-06-25 00:00:00,organic,26-35,T1,cautious,6260.12,1
10966,2024-06-13 00:00:00,paid_search,36-45,T3+,balanced,4410.23,1
10967,2024-03-18 00:00:00,organic,26-35,T2,cautious,22813.22,1
10968,2024-03-25 00:00:00,social,36-45,T2,aggressive,11818.27,1
10969,2024-01-02 00:00:00,bank_partner,36-45,T2,balanced,23061.64,1
10970,2024-10-03 00:00:00,organic,26-35,T2,cautious,5030.56,1
10971,2024-08-28 00:00:00,paid_search,26-35,T1,balanced,14306.29,1
10972,2024-08-02 00:00:00,organic,56+,T2,balanced,90114.26,0
10973,2024-10-17 00:00:00,social,18-25,T2,aggressive,700.96,0
10974,2024-04-05 00:00:00,organic,46-55,T1,cautious,15641.08,1
10975,2024-05-28 00:00:00,social,46-55,T2,balanced,24057.74,1
10976,2024-01-01 00:00:00,social,36-45,T1,aggressive,63837.62,1
10977,2024-04-05 00:00:00,paid_search,56+,T2,cautious,8120.51,0
10978,2024-06-09 00:00:00,paid_search,26-35,T3+,aggressive,44171.1,0
10979,2024-01-27 00:00:00,bank_partner,46-55,T2,cautious,36955.22,1
10980,2024-05-31 00:00:00,referral,46-55,T2,balanced,8557.1,1
10981,2024-09-03 00:00:00,paid_search,46-55,T1,cautious,5086.77,1
10982,2024-11-21 00:00:00,referral,46-55,T1,aggressive,6915.4,1
10983,2024-12-29 00:00:00,paid_search,46-55,T2,cautious,37444.44,0
10984,2024-01-04 00:00:00,paid_search,18-25,T3+,aggressive,7644.99,1
10985,2024-01-19 00:00:00,social,46-55,T1,aggressive,6881.32,1
10986,2024-03-04 00:00:00,organic,26-35,T2,cautious,17036.71,1
10987,2024-12-05 00:00:00,organic,18-25,T1,cautious,7112.13,1
10988,2024-06-01 00:00:00,referral,36-45,T1,balanced,5222.28,1
10989,2024-10-25 00:00:00,organic,46-55,T3+,balanced,72467.16,1
10990,2024-05-12 00:00:00,organic,26-35,T1,cautious,38559.31,0
10991,2024-12-11 00:00:00,social,26-35,T1,aggressive,15766.58,1
10992,2024-08-02 00:00:00,referral,26-35,T2,balanced,6444.63,1
10993,2024-01-20 00:00:00,organic,18-25,T3+,balanced,3271.75,1
10994,2024-12-27 00:00:00,bank_partner,36-45,T1,balanced,4422.05,0
10995,2024-01-13 00:00:00,organic,46-55,T3+,cautious,13796.82,0
10996,2024-02-10 00:00:00,bank_partner,46-55,T2,balanced,33998.87,0
10997,2024-12-06 00:00:00,referral,36-45,T2,balanced,17926.29,1
10998,2024-04-05 00:00:00,social,46-55,T1,cautious,2211.04,1
10999,2024-05-05 00:00:00,paid_search,18-25,T3+,balanced,3096.2,1
11000,2024-05-18 00:00:00,bank_partner,18-25,T1,cautious,5859.92,1
11001,2024-11-15 00:00:00,bank_partner,36-45,T1,balanced,42472.14,1
11002,2024-03-19 00:00:00,referral,26-35,T3+,cautious,6148.9,1
11003,2024-11-06 00:00:00,organic,26-35,T1,cautious,17647.95,1
11004,2024-11-22 00:00:00,paid_search,36-45,T1,balanced,1526.08,1
11005,2024-05-18 00:00:00,referral,56+,T2,aggressive,66257.73,1
11006,2024-03-09 00:00:00,social,46-55,T3+,cautious,37268.07,1
11007,2024-05-01 00:00:00,paid_search,36-45,T1,balanced,1229.14,1
11008,2024-07-21 00:00:00,social,36-45,T3+,balanced,1682.93,1
11009,2024-11-22 00:00:00,paid_search,18-25,T1,cautious,98518.55,1
11010,2024-07-27 00:00:00,social,56+,T1,cautious,12068.46,0
11011,2024-10-06 00:00:00,organic,26-35,T2,cautious,24171.11,1
11012,2024-07-20 00:00:00,referral,46-55,T1,cautious,6195.48,1
11013,2024-07-11 00:00:00,organic,18-25,T2,cautious,35194.96,0
11014,2024-08-23 00:00:00,bank_partner,18-25,T2,balanced,13796.65,1
11015,2024-12-06 00:00:00,referral,26-35,T3+,balanced,3306.3,1
11016,2024-02-25 00:00:00,organic,36-45,T1,balanced,10598.14,1
11017,2024-04-24 00:00:00,referral,26-35,T3+,balanced,7063.44,1
11018,2024-04-04 00:00:00,social,36-45,T1,balanced,15531.97,1
11019,2024-07-14 00:00:00,paid_search,36-45,T3+,cautious,3545.07,1
11020,2024-02-25 00:00:00,social,46-55,T3+,balanced,5781.31,0
11021,2024-09-20 00:00:00,referral,46-55,T1,cautious,11292.31,1
11022,2024-11-20 00:00:00,social,26-35,T2,balanced,2314.96,1
11023,2024-09-14 00:00:00,social,26-35,T2,balanced,5630.72,1
11024,2024-04-23 00:00:00,paid_search,26-35,T3+,balanced,3651.11,0
11025,2024-09-28 00:00:00,bank_partner,18-25,T2,balanced,773.6,1
11026,2024-02-01 00:00:00,organic,46-55,T2,cautious,12239.1,1
11027,2024-05-16 00:00:00,social,18-25,T2,balanced,3579.02,1
11028,2024-03-19 00:00:00,organic,36-45,T3+,balanced,4050.01,1
11029,2024-11-14 00:00:00,paid_search,36-45,T3+,balanced,35329.4,1
11030,2024-03-31 00:00:00,social,18-25,T3+,balanced,910.83,0
11031,2024-09-28 00:00:00,paid_search,46-55,T1,cautious,27735.82,0
11032,2024-12-24 00:00:00,organic,26-35,T1,aggressive,4982.58,1
11033,2024-06-19 00:00:00,bank_partner,18-25,T1,cautious,16658.49,0
11034,2024-03-03 00:00:00,social,36-45,T3+,balanced,6630.47,0
11035,2024-03-29 00:00:00,paid_search,36-45,T3+,aggressive,41139.32,1
11036,2024-03-30 00:00:00,paid_search,26-35,T3+,balanced,20329.07,0
11037,2024-03-21 00:00:00,referral,36-45,T2,cautious,20750.76,1
11038,2024-11-04 00:00:00,paid_search,26-35,T1,aggressive,9296.88,1
11039,2024-02-18 00:00:00,social,36-45,T2,balanced,10764.74,1
11040,2024-01-09 00:00:00,paid_search,26-35,T2,cautious,9740.71,1
11041,2024-05-07 00:00:00,paid_search,46-55,T3+,cautious,19853.62,1
11042,2024-08-23 00:00:00,paid_search,26-35,T1,aggressive,139289.66,0
11043,2024-08-27 00:00:00,organic,26-35,T3+,aggressive,10042.59,0
11044,2024-10-15 00:00:00,social,36-45,T3+,cautious,17942.83,1
11045,2024-08-27 00:00:00,paid_search,46-55,T1,cautious,7778.87,1
11046,2024-02-05 00:00:00,organic,18-25,T1,aggressive,8348.58,1
11047,2024-11-29 00:00:00,social,26-35,T1,balanced,5713.81,0
11048,2024-09-22 00:00:00,bank_partner,18-25,T3+,aggressive,2560.13,1
11049,2024-07-04 00:00:00,referral,36-45,T3+,aggressive,1714.22,1
11050,2024-08-04 00:00:00,paid_search,36-45,T1,cautious,40452.58,1
11051,2024-03-03 00:00:00,organic,26-35,T2,cautious,77852.57,1
11052,2024-08-26 00:00:00,paid_search,36-45,T3+,aggressive,8460.96,1
11053,2024-01-01 00:00:00,organic,36-45,T1,cautious,1971.19,1
11054,2024-04-09 00:00:00,paid_search,26-35,T2,balanced,6101.59,1
11055,2024-08-24 00:00:00,organic,18-25,T3+,cautious,1977.46,0
11056,2024-06-20 00:00:00,paid_search,26-35,T1,cautious,12425.23,1
11057,2024-07-22 00:00:00,organic,46-55,T1,balanced,42231.25,0
11058,2024-06-09 00:00:00,bank_partner,36-45,T3+,aggressive,27815.76,1
11059,2024-07-28 00:00:00,bank_partner,36-45,T2,balanced,3946.36,0
11060,2024-02-19 00:00:00,paid_search,46-55,T1,cautious,12763.09,1
11061,2024-08-26 00:00:00,referral,36-45,T3+,cautious,2619.12,0
11062,2024-09-24 00:00:00,social,46-55,T2,balanced,3066.56,1
11063,2024-10-03 00:00:00,referral,46-55,T2,balanced,14939.68,1
11064,2024-11-12 00:00:00,social,18-25,T3+,cautious,2815.08,1
11065,2024-01-15 00:00:00,social,36-45,T3+,aggressive,20917.78,1
11066,2024-08-18 00:00:00,organic,36-45,T2,cautious,40702.54,1
11067,2024-10-27 00:00:00,organic,26-35,T2,cautious,6321.02,1
11068,2024-06-04 00:00:00,referral,26-35,T3+,aggressive,21517.54,1
11069,2024-09-16 00:00:00,organic,26-35,T1,balanced,1416.25,1
11070,2024-06-01 00:00:00,social,18-25,T2,cautious,1879.44,1
11071,2024-12-23 00:00:00,organic,26-35,T2,balanced,8113.42,0
11072,2024-03-15 00:00:00,paid_search,26-35,T2,cautious,8660.86,1
11073,2024-02-13 00:00:00,referral,36-45,T2,balanced,35305.58,1
11074,2024-09-13 00:00:00,organic,46-55,T3+,balanced,5142.66,1
11075,2024-02-16 00:00:00,social,26-35,T2,aggressive,23019.06,0
11076,2024-08-09 00:00:00,bank_partner,36-45,T2,balanced,5602.9,1
11077,2024-07-23 00:00:00,bank_partner,36-45,T3+,balanced,2195.68,1
11078,2024-02-28 00:00:00,referral,26-35,T3+,cautious,7911.22,1
11079,2024-01-15 00:00:00,referral,18-25,T1,balanced,6099.54,1
11080,2024-07-07 00:00:00,referral,46-55,T3+,balanced,50199.82,1
11081,2024-11-28 00:00:00,social,18-25,T1,aggressive,5815.66,1
11082,2024-10-03 00:00:00,bank_partner,26-35,T3+,aggressive,3873.51,1
11083,2024-08-24 00:00:00,referral,26-35,T2,cautious,4254.45,1
11084,2024-11-15 00:00:00,paid_search,18-25,T2,aggressive,950.83,1
11085,2024-07-31 00:00:00,organic,36-45,T2,balanced,21991.28,1
11086,2024-09-10 00:00:00,paid_search,26-35,T1,balanced,7487.21,1
11087,2024-11-16 00:00:00,social,46-55,T2,aggressive,14901.53,0
11088,2024-12-14 00:00:00,bank_partner,36-45,T1,cautious,25110.58,1
11089,2024-07-04 00:00:00,social,46-55,T3+,cautious,1112.46,1
11090,2024-03-25 00:00:00,organic,26-35,T3+,balanced,16296.27,1
11091,2024-10-31 00:00:00,social,36-45,T2,cautious,9026.49,1
11092,2024-06-28 00:00:00,social,36-45,T1,cautious,34340.78,1
11093,2024-04-05 00:00:00,organic,46-55,T3+,balanced,9895.89,1
11094,2024-11-11 00:00:00,paid_search,26-35,T1,cautious,15276.3,1
11095,2024-11-25 00:00:00,bank_partner,18-25,T1,cautious,46810.89,1
11096,2024-01-22 00:00:00,paid_search,36-45,T2,balanced,16638.7,1
11097,2024-09-12 00:00:00,referral,46-55,T1,cautious,30429.07,1
11098,2024-12-13 00:00:00,social,46-55,T1,aggressive,10807.91,1
11099,2024-08-23 00:00:00,social,26-35,T3+,cautious,14253.21,1
11100,2024-08-07 00:00:00,referral,26-35,T3+,balanced,3924.35,0
11101,2024-02-10 00:00:00,organic,18-25,T1,balanced,10213.29,1
11102,2024-06-29 00:00:00,social,46-55,T2,balanced,6017.4,1
11103,2024-08-12 00:00:00,organic,26-35,T3+,cautious,2704.34,1
11104,2024-02-19 00:00:00,social,46-55,T3+,cautious,58520.84,1
11105,2024-11-17 00:00:00,referral,36-45,T2,balanced,2326.32,1
11106,2024-01-16 00:00:00,referral,36-45,T2,balanced,33045.18,0
11107,2024-03-18 00:00:00,social,36-45,T3+,balanced,5608.83,0
11108,2024-11-02 00:00:00,paid_search,26-35,T2,cautious,17300.18,1
11109,2024-07-20 00:00:00,organic,26-35,T3+,balanced,50275.47,1
11110,2024-01-07 00:00:00,paid_search,26-35,T2,balanced,11250.82,1
11111,2024-07-24 00:00:00,referral,36-45,T3+,balanced,4571.84,1
11112,2024-10-14 00:00:00,social,46-55,T1,balanced,25839.87,0
11113,2024-02-17 00:00:00,organic,26-35,T2,balanced,13170.64,1
11114,2024-03-26 00:00:00,organic,36-45,T3+,balanced,5537.3,1
11115,2024-01-12 00:00:00,organic,26-35,T2,aggressive,3087.62,0
11116,2024-10-20 00:00:00,paid_search,46-55,T1,balanced,15234.68,1
11117,2024-01-05 00:00:00,social,36-45,T1,cautious,17867.35,0
11118,2024-11-10 00:00:00,social,56+,T2,aggressive,5038.56,0
11119,2024-06-23 00:00:00,paid_search,36-45,T1,balanced,20441.62,1
11120,2024-03-19 00:00:00,bank_partner,36-45,T1,cautious,18762.38,1
11121,2024-02-14 00:00:00,social,26-35,T2,aggressive,4114.0,1
11122,2024-05-29 00:00:00,referral,56+,T2,aggressive,8955.06,1
11123,2024-07-04 00:00:00,social,26-35,T1,cautious,29786.61,1
11124,2024-06-23 00:00:00,organic,18-25,T3+,cautious,953.55,1
11125,2024-08-04 00:00:00,organic,46-55,T2,cautious,42588.51,1
11126,2024-10-29 00:00:00,referral,56+,T1,cautious,9790.75,1
11127,2024-02-27 00:00:00,social,18-25,T1,cautious,5593.61,1
11128,2024-12-31 00:00:00,paid_search,18-25,T2,balanced,3515.3,1
11129,2024-07-21 00:00:00,social,26-35,T1,cautious,14392.49,1
11130,2024-04-30 00:00:00,organic,26-35,T2,balanced,3216.47,1
11131,2024-09-01 00:00:00,bank_partner,18-25,T1,aggressive,3786.92,1
11132,2024-03-19 00:00:00,organic,26-35,T3+,balanced,4181.53,0
11133,2024-03-25 00:00:00,referral,36-45,T2,aggressive,4980.78,1
11134,2024-03-08 00:00:00,social,36-45,T1,balanced,18904.13,1
11135,2024-12-29 00:00:00,paid_search,26-35,T2,aggressive,30718.99,1
11136,2024-07-29 00:00:00,organic,26-35,T3+,balanced,4224.4,1
11137,2024-10-15 00:00:00,social,26-35,T3+,balanced,23945.23,0
11138,2024-04-14 00:00:00,paid_search,56+,T2,cautious,29579.31,0
11139,2024-01-24 00:00:00,organic,46-55,T2,balanced,9808.73,0
11140,2024-03-21 00:00:00,social,46-55,T2,cautious,31934.89,0
11141,2024-07-24 00:00:00,paid_search,26-35,T2,balanced,10067.47,0
11142,2024-02-12 00:00:00,referral,36-45,T2,cautious,13885.44,0
11143,2024-10-31 00:00:00,paid_search,26-35,T3+,balanced,7925.93,0
11144,2024-05-03 00:00:00,organic,26-35,T3+,balanced,3962.43,0
11145,2024-01-22 00:00:00,organic,18-25,T1,balanced,3152.33,1
11146,2024-04-19 00:00:00,paid_search,56+,T3+,balanced,23248.46,1
11147,2024-03-14 00:00:00,organic,26-35,T3+,cautious,10042.69,0
11148,2024-08-02 00:00:00,social,46-55,T3+,cautious,151387.86,1
11149,2024-02-04 00:00:00,referral,18-25,T3+,balanced,24935.32,0
11150,2024-08-16 00:00:00,bank_partner,26-35,T3+,cautious,8881.2,1
11151,2024-09-10 00:00:00,organic,46-55,T2,aggressive,11207.61,1
11152,2024-09-29 00:00:00,bank_partner,36-45,T1,aggressive,61993.97,0
11153,2024-06-14 00:00:00,social,26-35,T2,cautious,13173.62,1
11154,2024-10-17 00:00:00,organic,36-45,T3+,balanced,6951.32,0
11155,2024-09-05 00:00:00,paid_search,36-45,T3+,balanced,10524.14,1
11156,2024-05-27 00:00:00,bank_partner,18-25,T3+,aggressive,5876.2,0
11157,2024-05-29 00:00:00,paid_search,36-45,T1,aggressive,9981.52,0
11158,2024-11-13 00:00:00,social,36-45,T3+,balanced,27525.07,1
11159,2024-06-20 00:00:00,paid_search,36-45,T1,balanced,6934.54,0
11160,2024-09-03 00:00:00,paid_search,26-35,T2,balanced,24367.5,1
11161,2024-10-27 00:00:00,paid_search,18-25,T2,balanced,1622.23,0
11162,2024-12-27 00:00:00,social,26-35,T2,balanced,3947.76,1
11163,2024-09-21 00:00:00,organic,26-35,T2,cautious,24124.58,0
11164,2024-10-09 00:00:00,bank_partner,36-45,T3+,balanced,26355.19,1
11165,2024-10-19 00:00:00,paid_search,36-45,T1,balanced,30199.61,0
11166,2024-08-04 00:00:00,social,18-25,T2,balanced,4730.36,0
11167,2024-08-21 00:00:00,paid_search,46-55,T1,balanced,25533.87,0
11168,2024-06-21 00:00:00,paid_search,36-45,T3+,balanced,10712.19,1
11169,2024-10-27 00:00:00,referral,18-25,T2,cautious,12486.69,1
11170,2024-10-06 00:00:00,referral,36-45,T3+,balanced,20037.46,0
11171,2024-06-12 00:00:00,organic,46-55,T1,balanced,1362.92,1
11172,2024-08-11 00:00:00,organic,18-25,T2,aggressive,3454.43,1
11173,2024-12-13 00:00:00,organic,26-35,T3+,cautious,13982.48,0
11174,2024-04-18 00:00:00,organic,46-55,T3+,balanced,7347.34,1
11175,2024-09-29 00:00:00,social,26-35,T1,aggressive,2988.91,1
11176,2024-10-22 00:00:00,organic,26-35,T2,cautious,10995.62,1
11177,2024-08-06 00:00:00,paid_search,18-25,T1,balanced,13915.45,0
11178,2024-11-10 00:00:00,organic,36-45,T2,balanced,1399.47,1
11179,2024-05-17 00:00:00,social,26-35,T1,balanced,2608.32,1
11180,2024-03-10 00:00:00,organic,26-35,T1,cautious,27359.99,0
11181,2024-05-01 00:00:00,social,36-45,T3+,balanced,47982.61,1
11182,2024-02-07 00:00:00,social,36-45,T2,balanced,3989.19,1
11183,2024-02-13 00:00:00,referral,26-35,T1,balanced,2996.44,1
11184,2024-03-06 00:00:00,organic,56+,T1,balanced,13121.78,1
11185,2024-06-29 00:00:00,referral,26-35,T1,balanced,23910.39,0
11186,2024-10-21 00:00:00,paid_search,36-45,T1,balanced,715.85,1
11187,2024-07-11 00:00:00,social,36-45,T2,balanced,6527.05,1
11188,2024-01-17 00:00:00,bank_partner,46-55,T1,balanced,20810.44,0
11189,2024-07-16 00:00:00,referral,26-35,T1,balanced,107938.86,1
11190,2024-04-22 00:00:00,social,18-25,T3+,balanced,11782.01,1
11191,2024-04-19 00:00:00,bank_partner,26-35,T2,cautious,2361.88,0
11192,2024-05-01 00:00:00,bank_partner,26-35,T2,balanced,12470.2,1
11193,2024-05-07 00:00:00,organic,46-55,T3+,aggressive,8413.91,1
11194,2024-01-13 00:00:00,referral,36-45,T3+,balanced,16387.25,1
11195,2024-10-15 00:00:00,organic,46-55,T2,balanced,9898.96,1
11196,2024-01-28 00:00:00,social,26-35,T2,balanced,5940.38,1
11197,2024-09-29 00:00:00,bank_partner,36-45,T3+,aggressive,6457.92,1
11198,2024-11-19 00:00:00,referral,26-35,T3+,cautious,21930.07,1
11199,2024-05-15 00:00:00,organic,46-55,T3+,cautious,1950.22,1
11200,2024-03-03 00:00:00,social,36-45,T3+,balanced,12437.72,1
11201,2024-08-30 00:00:00,paid_search,26-35,T1,balanced,11818.95,0
11202,2024-11-14 00:00:00,paid_search,18-25,T1,balanced,4487.2,1
11203,2024-08-09 00:00:00,organic,26-35,T3+,aggressive,4457.91,1
11204,2024-01-04 00:00:00,organic,36-45,T2,balanced,12940.07,1
11205,2024-12-19 00:00:00,bank_partner,36-45,T3+,cautious,12263.49,1
11206,2024-01-24 00:00:00,paid_search,36-45,T2,cautious,4126.62,0
11207,2024-05-27 00:00:00,paid_search,18-25,T2,balanced,2927.15,1
11208,2024-02-19 00:00:00,organic,26-35,T3+,balanced,1916.42,0
11209,2024-04-19 00:00:00,paid_search,36-45,T3+,balanced,2364.93,0
11210,2024-06-12 00:00:00,organic,18-25,T2,cautious,500.0,1
11211,2024-01-14 00:00:00,social,56+,T3+,balanced,168402.89,1
11212,2024-10-22 00:00:00,social,36-45,T3+,balanced,2402.44,1
11213,2024-08-21 00:00:00,bank_partner,26-35,T3+,balanced,6334.74,1
11214,2024-10-14 00:00:00,referral,18-25,T1,cautious,8360.45,0
11215,2024-10-03 00:00:00,social,36-45,T1,cautious,17590.69,1
11216,2024-12-16 00:00:00,referral,36-45,T3+,aggressive,16884.46,1
11217,2024-09-23 00:00:00,organic,26-35,T1,balanced,2907.61,1
11218,2024-06-13 00:00:00,organic,46-55,T3+,cautious,12375.33,1
11219,2024-05-19 00:00:00,paid_search,26-35,T2,cautious,18160.44,0
11220,2024-11-25 00:00:00,referral,26-35,T1,cautious,24448.05,1
11221,2024-05-11 00:00:00,organic,46-55,T1,balanced,42267.82,1
11222,2024-02-09 00:00:00,paid_search,36-45,T2,balanced,8257.06,0
11223,2024-10-24 00:00:00,referral,56+,T2,aggressive,14279.07,0
11224,2024-12-09 00:00:00,referral,36-45,T3+,balanced,1679.68,1
11225,2024-04-20 00:00:00,bank_partner,26-35,T3+,cautious,47360.78,0
11226,2024-07-08 00:00:00,organic,26-35,T3+,cautious,5222.04,1
11227,2024-06-30 00:00:00,organic,36-45,T1,cautious,5854.27,1
11228,2024-05-27 00:00:00,social,18-25,T1,cautious,1581.82,0
11229,2024-07-21 00:00:00,organic,26-35,T3+,aggressive,27542.37,1
11230,2024-01-20 00:00:00,social,18-25,T2,aggressive,4417.43,1
11231,2024-10-16 00:00:00,referral,18-25,T1,cautious,1042.97,1
11232,2024-08-02 00:00:00,organic,36-45,T1,aggressive,18003.3,1
11233,2024-01-12 00:00:00,organic,56+,T2,balanced,23615.76,0
11234,2024-05-29 00:00:00,referral,46-55,T2,cautious,14518.73,1
11235,2024-05-08 00:00:00,referral,46-55,T2,balanced,3466.23,1
11236,2024-08-25 00:00:00,organic,46-55,T1,balanced,9693.6,1
11237,2024-11-14 00:00:00,social,26-35,T1,cautious,8894.56,0
11238,2024-03-17 00:00:00,organic,36-45,T1,balanced,4218.06,1
11239,2024-10-04 00:00:00,social,26-35,T3+,cautious,13420.26,0
11240,2024-11-06 00:00:00,paid_search,26-35,T2,cautious,500.0,0
11241,2024-07-31 00:00:00,organic,26-35,T2,aggressive,9469.38,1
11242,2024-10-12 00:00:00,bank_partner,18-25,T1,cautious,25061.62,0
11243,2024-12-06 00:00:00,referral,18-25,T3+,cautious,5190.94,1
11244,2024-11-24 00:00:00,referral,36-45,T3+,aggressive,11200.86,1
11245,2024-05-15 00:00:00,organic,26-35,T1,cautious,8832.6,1
11246,2024-05-26 00:00:00,organic,18-25,T2,cautious,522.26,1
11247,2024-07-26 00:00:00,social,26-35,T1,balanced,6781.17,0
11248,2024-11-14 00:00:00,paid_search,26-35,T3+,cautious,3782.61,1
11249,2024-08-22 00:00:00,bank_partner,26-35,T3+,aggressive,5791.26,0
11250,2024-10-21 00:00:00,paid_search,26-35,T2,balanced,30633.66,1
11251,2024-12-30 00:00:00,organic,26-35,T2,aggressive,10674.84,1
11252,2024-09-14 00:00:00,social,26-35,T1,balanced,11796.24,0
11253,2024-08-27 00:00:00,organic,46-55,T2,balanced,16428.15,1
11254,2024-07-24 00:00:00,organic,46-55,T3+,cautious,16104.04,1
11255,2024-01-07 00:00:00,referral,46-55,T1,balanced,13481.23,1
11256,2024-10-20 00:00:00,social,36-45,T1,cautious,5325.52,1
11257,2024-11-24 00:00:00,paid_search,26-35,T3+,balanced,2971.4,0
11258,2024-02-21 00:00:00,bank_partner,46-55,T1,balanced,59616.04,1
11259,2024-11-09 00:00:00,referral,26-35,T2,cautious,11546.74,1
11260,2024-01-25 00:00:00,organic,56+,T1,cautious,56041.04,1
11261,2024-07-22 00:00:00,organic,18-25,T2,cautious,2305.64,1
11262,2024-12-04 00:00:00,social,18-25,T3+,cautious,3881.56,0
11263,2024-11-14 00:00:00,social,26-35,T1,aggressive,10831.44,1
11264,2024-10-17 00:00:00,referral,18-25,T2,cautious,16434.19,1
11265,2024-03-26 00:00:00,paid_search,56+,T2,balanced,2795.09,1
11266,2024-12-10 00:00:00,paid_search,26-35,T3+,cautious,4764.99,1
11267,2024-03-26 00:00:00,paid_search,26-35,T3+,aggressive,535.15,1
11268,2024-09-26 00:00:00,bank_partner,46-55,T1,balanced,5975.64,1
11269,2024-07-16 00:00:00,paid_search,36-45,T2,aggressive,62603.87,1
11270,2024-06-20 00:00:00,referral,26-35,T1,cautious,16615.49,1
11271,2024-06-20 00:00:00,paid_search,18-25,T1,balanced,1229.7,1
11272,2024-02-06 00:00:00,paid_search,26-35,T1,balanced,1885.45,0
11273,2024-07-29 00:00:00,social,26-35,T1,cautious,28670.31,1
11274,2024-11-22 00:00:00,referral,36-45,T3+,aggressive,28067.3,1
11275,2024-01-10 00:00:00,organic,56+,T2,balanced,4733.83,1
11276,2024-11-17 00:00:00,paid_search,18-25,T2,balanced,10269.04,1
11277,2024-05-31 00:00:00,organic,46-55,T1,aggressive,12962.73,1
11278,2024-10-26 00:00:00,social,36-45,T3+,balanced,3620.63,0
11279,2024-12-24 00:00:00,referral,36-45,T3+,aggressive,1797.31,1
11280,2024-03-12 00:00:00,social,56+,T1,cautious,26443.27,1
11281,2024-07-01 00:00:00,paid_search,18-25,T2,aggressive,3352.45,1
11282,2024-07-20 00:00:00,bank_partner,56+,T3+,balanced,1168.96,0
11283,2024-07-20 00:00:00,referral,36-45,T2,aggressive,20646.49,1
11284,2024-11-09 00:00:00,bank_partner,18-25,T2,balanced,7259.26,1
11285,2024-06-17 00:00:00,referral,46-55,T2,cautious,6727.77,0
11286,2024-01-11 00:00:00,organic,36-45,T1,cautious,14344.4,1
11287,2024-02-29 00:00:00,paid_search,46-55,T3+,balanced,27926.02,0
11288,2024-08-10 00:00:00,social,36-45,T2,cautious,10729.86,0
11289,2024-09-16 00:00:00,social,46-55,T3+,cautious,34646.64,1
11290,2024-07-23 00:00:00,paid_search,26-35,T2,aggressive,8029.22,0
11291,2024-09-11 00:00:00,social,18-25,T1,balanced,4250.37,1
11292,2024-01-24 00:00:00,referral,26-35,T1,balanced,8184.96,1
11293,2024-12-31 00:00:00,paid_search,36-45,T2,aggressive,8166.81,0
11294,2024-04-11 00:00:00,referral,36-45,T3+,cautious,12060.75,0
11295,2024-02-03 00:00:00,social,36-45,T3+,cautious,16965.31,1
11296,2024-12-26 00:00:00,social,26-35,T3+,cautious,2014.51,0
11297,2024-08-14 00:00:00,organic,36-45,T2,cautious,25571.35,1
11298,2024-03-04 00:00:00,organic,26-35,T2,cautious,25980.09,0
11299,2024-10-23 00:00:00,organic,36-45,T3+,balanced,139623.8,1
11300,2024-06-27 00:00:00,referral,26-35,T2,aggressive,5857.06,1
11301,2024-01-25 00:00:00,organic,26-35,T2,aggressive,4482.37,1
11302,2024-12-20 00:00:00,social,26-35,T1,balanced,3513.65,0
11303,2024-09-03 00:00:00,social,36-45,T2,balanced,3101.72,1
11304,2024-04-26 00:00:00,bank_partner,46-55,T3+,aggressive,19030.4,1
11305,2024-08-02 00:00:00,bank_partner,36-45,T3+,balanced,11867.34,1
11306,2024-07-28 00:00:00,organic,18-25,T1,balanced,5213.16,1
11307,2024-01-22 00:00:00,organic,46-55,T3+,balanced,48236.86,1
11308,2024-07-01 00:00:00,bank_partner,18-25,T1,balanced,686.91,1
11309,2024-03-29 00:00:00,social,36-45,T1,cautious,3222.08,1
11310,2024-04-21 00:00:00,organic,18-25,T1,balanced,1514.67,1
11311,2024-03-27 00:00:00,social,26-35,T2,cautious,16165.36,0
11312,2024-05-06 00:00:00,bank_partner,26-35,T1,aggressive,4949.12,0
11313,2024-10-22 00:00:00,social,36-45,T1,cautious,10001.88,0
11314,2024-11-07 00:00:00,social,36-45,T3+,cautious,9282.17,1
11315,2024-02-03 00:00:00,organic,56+,T1,balanced,9067.06,1
11316,2024-07-13 00:00:00,bank_partner,26-35,T2,balanced,10406.51,1
11317,2024-10-03 00:00:00,organic,26-35,T3+,cautious,3994.27,0
11318,2024-07-05 00:00:00,referral,46-55,T3+,cautious,4671.97,0
11319,2024-10-24 00:00:00,organic,36-45,T1,cautious,49382.23,1
11320,2024-04-13 00:00:00,organic,18-25,T3+,cautious,5697.14,1
11321,2024-11-10 00:00:00,bank_partner,18-25,T1,aggressive,16117.1,1
11322,2024-01-12 00:00:00,organic,36-45,T2,balanced,28228.88,1
11323,2024-03-14 00:00:00,bank_partner,56+,T2,cautious,21827.59,1
11324,2024-12-06 00:00:00,social,36-45,T2,aggressive,29392.22,1
11325,2024-07-16 00:00:00,organic,56+,T1,cautious,8922.62,1
11326,2024-02-22 00:00:00,organic,36-45,T2,balanced,4542.46,1
11327,2024-06-18 00:00:00,referral,46-55,T1,aggressive,12944.71,0
11328,2024-11-20 00:00:00,paid_search,26-35,T2,balanced,2274.23,1
11329,2024-12-23 00:00:00,paid_search,18-25,T2,cautious,2850.14,0
11330,2024-12-31 00:00:00,social,36-45,T1,aggressive,31321.65,1
11331,2024-08-13 00:00:00,organic,26-35,T1,balanced,1409.82,0
11332,2024-04-26 00:00:00,paid_search,18-25,T2,cautious,4076.47,1
11333,2024-03-13 00:00:00,referral,46-55,T1,cautious,18366.68,1
11334,2024-11-18 00:00:00,referral,26-35,T3+,cautious,8298.83,1
11335,2024-03-05 00:00:00,organic,36-45,T3+,balanced,1003.7,1
11336,2024-08-19 00:00:00,referral,18-25,T1,balanced,3970.47,1
11337,2024-07-09 00:00:00,social,26-35,T2,balanced,12684.79,0
11338,2024-11-23 00:00:00,paid_search,18-25,T1,balanced,2687.34,1
11339,2024-12-08 00:00:00,paid_search,36-45,T2,balanced,8219.44,0
11340,2024-02-04 00:00:00,organic,18-25,T1,balanced,3432.61,0
11341,2024-03-20 00:00:00,social,56+,T3+,cautious,55398.65,1
11342,2024-08-10 00:00:00,social,36-45,T3+,balanced,1592.55,0
11343,2024-09-28 00:00:00,organic,36-45,T2,cautious,4186.93,1
11344,2024-07-13 00:00:00,social,36-45,T1,balanced,6535.73,1
11345,2024-04-18 00:00:00,social,26-35,T3+,aggressive,6390.2,1
11346,2024-12-21 00:00:00,organic,26-35,T3+,balanced,2394.49,0
11347,2024-05-22 00:00:00,social,36-45,T2,aggressive,6174.21,1
11348,2024-12-14 00:00:00,bank_partner,26-35,T3+,cautious,45530.51,1
11349,2024-03-01 00:00:00,organic,18-25,T2,balanced,3497.54,1
11350,2024-12-08 00:00:00,organic,26-35,T2,cautious,5986.41,1
11351,2024-03-11 00:00:00,organic,26-35,T2,cautious,19502.67,1
11352,2024-07-11 00:00:00,bank_partner,36-45,T3+,balanced,2019.39,1
11353,2024-08-10 00:00:00,social,46-55,T1,balanced,25267.33,1
11354,2024-01-04 00:00:00,organic,26-35,T1,balanced,3690.24,1
11355,2024-10-07 00:00:00,organic,46-55,T3+,cautious,15873.84,0
11356,2024-02-29 00:00:00,referral,26-35,T3+,aggressive,5338.26,0
11357,2024-06-02 00:00:00,social,36-45,T3+,cautious,6480.27,0
11358,2024-01-29 00:00:00,social,26-35,T1,balanced,4742.33,1
11359,2024-05-28 00:00:00,bank_partner,36-45,T1,cautious,4200.81,1
11360,2024-08-11 00:00:00,paid_search,36-45,T3+,balanced,4023.23,0
11361,2024-08-30 00:00:00,organic,36-45,T3+,aggressive,9577.52,1
11362,2024-10-07 00:00:00,organic,46-55,T3+,aggressive,51214.49,0
11363,2024-02-21 00:00:00,paid_search,18-25,T2,balanced,5771.01,0
11364,2024-11-01 00:00:00,referral,26-35,T2,cautious,2689.18,0
11365,2024-11-01 00:00:00,bank_partner,26-35,T3+,cautious,12035.98,0
11366,2024-01-23 00:00:00,social,18-25,T1,cautious,500.0,1
11367,2024-04-08 00:00:00,organic,26-35,T3+,balanced,4423.19,0
11368,2024-08-03 00:00:00,paid_search,26-35,T3+,cautious,27302.43,1
11369,2024-05-05 00:00:00,referral,56+,T2,cautious,65639.32,1
11370,2024-08-07 00:00:00,bank_partner,26-35,T3+,aggressive,7328.49,1
11371,2024-12-27 00:00:00,referral,26-35,T3+,cautious,13420.05,1
11372,2024-09-25 00:00:00,paid_search,18-25,T3+,cautious,13988.11,1
11373,2024-09-04 00:00:00,bank_partner,26-35,T3+,aggressive,16352.33,1
11374,2024-02-14 00:00:00,referral,26-35,T1,cautious,25597.76,1
11375,2024-12-07 00:00:00,bank_partner,26-35,T3+,aggressive,2384.05,0
11376,2024-03-22 00:00:00,social,18-25,T2,cautious,8277.94,1
11377,2024-01-12 00:00:00,referral,36-45,T2,cautious,17190.02,1
11378,2024-09-05 00:00:00,bank_partner,46-55,T1,cautious,6362.18,0
11379,2024-07-31 00:00:00,organic,18-25,T2,balanced,9332.74,1
11380,2024-09-09 00:00:00,paid_search,26-35,T1,balanced,8143.81,1
11381,2024-03-27 00:00:00,paid_search,46-55,T2,balanced,22219.66,1
11382,2024-05-10 00:00:00,organic,26-35,T3+,aggressive,15098.56,1
11383,2024-08-19 00:00:00,referral,26-35,T1,cautious,34980.57,0
11384,2024-10-23 00:00:00,social,26-35,T2,balanced,10193.3,1
11385,2024-05-20 00:00:00,bank_partner,26-35,T2,cautious,18007.49,1
11386,2024-12-31 00:00:00,organic,46-55,T2,cautious,36781.45,1
11387,2024-10-27 00:00:00,paid_search,18-25,T2,cautious,1769.88,1
11388,2024-06-01 00:00:00,organic,36-45,T1,cautious,13656.26,0
11389,2024-09-22 00:00:00,bank_partner,26-35,T3+,aggressive,3139.93,1
11390,2024-04-10 00:00:00,referral,36-45,T2,cautious,88909.74,1
11391,2024-03-26 00:00:00,paid_search,56+,T2,balanced,13146.88,1
11392,2024-08-18 00:00:00,referral,36-45,T1,cautious,3134.71,1
11393,2024-02-22 00:00:00,organic,46-55,T3+,cautious,3121.58,1
11394,2024-10-11 00:00:00,bank_partner,26-35,T1,aggressive,9130.21,1
11395,2024-01-15 00:00:00,paid_search,46-55,T2,cautious,11792.9,1
11396,2024-08-12 00:00:00,bank_partner,46-55,T1,aggressive,44905.85,1
11397,2024-06-28 00:00:00,social,36-45,T1,balanced,22925.63,1
11398,2024-01-29 00:00:00,bank_partner,36-45,T3+,balanced,5926.8,1
11399,2024-05-21 00:00:00,bank_partner,26-35,T2,cautious,23146.82,0
11400,2024-08-21 00:00:00,referral,36-45,T3+,cautious,15086.66,1
11401,2024-07-24 00:00:00,social,26-35,T2,balanced,14121.9,1
11402,2024-11-03 00:00:00,organic,18-25,T2,balanced,11535.78,0
11403,2024-12-15 00:00:00,referral,18-25,T2,aggressive,4734.66,1
11404,2024-10-15 00:00:00,organic,46-55,T2,cautious,4174.07,0
11405,2024-06-16 00:00:00,social,18-25,T3+,cautious,12237.73,1
11406,2024-12-20 00:00:00,paid_search,26-35,T1,cautious,51682.85,0
11407,2024-12-04 00:00:00,paid_search,36-45,T1,balanced,6027.61,0
11408,2024-12-25 00:00:00,organic,36-45,T3+,balanced,500.0,1
11409,2024-01-05 00:00:00,bank_partner,18-25,T1,aggressive,3393.66,1
11410,2024-04-01 00:00:00,referral,36-45,T1,cautious,2403.21,1
11411,2024-05-23 00:00:00,paid_search,36-45,T3+,balanced,2105.07,1
11412,2024-11-18 00:00:00,social,46-55,T3+,aggressive,12138.82,0
11413,2024-04-22 00:00:00,organic,18-25,T3+,balanced,5308.13,0
11414,2024-06-15 00:00:00,organic,18-25,T3+,aggressive,30838.84,0
11415,2024-05-26 00:00:00,referral,26-35,T1,balanced,5375.78,1
11416,2024-08-25 00:00:00,organic,26-35,T3+,aggressive,2857.72,1
11417,2024-02-19 00:00:00,organic,26-35,T1,aggressive,122955.54,1
11418,2024-10-05 00:00:00,bank_partner,26-35,T3+,balanced,14728.81,1
11419,2024-03-08 00:00:00,referral,26-35,T3+,balanced,6759.55,0
11420,2024-06-20 00:00:00,bank_partner,46-55,T2,balanced,14281.77,0
11421,2024-04-10 00:00:00,social,18-25,T3+,cautious,64687.31,0
11422,2024-02-19 00:00:00,bank_partner,26-35,T1,balanced,10799.66,1
11423,2024-07-03 00:00:00,social,36-45,T1,balanced,10511.52,0
11424,2024-03-23 00:00:00,organic,36-45,T2,cautious,14366.89,0
11425,2024-07-16 00:00:00,organic,36-45,T3+,balanced,36026.02,1
11426,2024-04-26 00:00:00,referral,36-45,T1,cautious,3262.97,1
11427,2024-02-13 00:00:00,paid_search,36-45,T2,balanced,44944.1,1
11428,2024-06-07 00:00:00,organic,18-25,T2,cautious,4714.89,1
11429,2024-02-15 00:00:00,paid_search,26-35,T2,balanced,16654.98,1
11430,2024-01-13 00:00:00,social,18-25,T2,cautious,2590.71,1
11431,2024-10-06 00:00:00,organic,46-55,T3+,balanced,13914.01,1
11432,2024-12-30 00:00:00,organic,18-25,T3+,balanced,3798.48,0
11433,2024-12-24 00:00:00,referral,46-55,T2,balanced,23255.13,1
11434,2024-07-08 00:00:00,paid_search,26-35,T1,cautious,5706.49,1
11435,2024-07-30 00:00:00,organic,46-55,T1,balanced,18648.57,1
11436,2024-03-14 00:00:00,organic,26-35,T1,balanced,5032.65,0
11437,2024-01-01 00:00:00,bank_partner,26-35,T3+,balanced,7093.28,1
11438,2024-01-18 00:00:00,bank_partner,26-35,T1,balanced,18918.64,0
11439,2024-09-05 00:00:00,organic,36-45,T2,cautious,18994.17,1
11440,2024-09-04 00:00:00,bank_partner,36-45,T2,balanced,3761.61,1
11441,2024-05-21 00:00:00,bank_partner,18-25,T1,balanced,4111.9,1
11442,2024-08-16 00:00:00,bank_partner,18-25,T2,cautious,3820.8,0
11443,2024-10-03 00:00:00,paid_search,26-35,T2,aggressive,9805.0,0
11444,2024-02-01 00:00:00,referral,18-25,T3+,balanced,11212.17,1
11445,2024-11-08 00:00:00,organic,36-45,T1,aggressive,21719.47,1
11446,2024-06-02 00:00:00,social,26-35,T1,balanced,42292.25,1
11447,2024-01-08 00:00:00,paid_search,36-45,T3+,balanced,1125.23,1
11448,2024-10-22 00:00:00,organic,36-45,T1,balanced,3904.65,0
11449,2024-08-02 00:00:00,social,46-55,T1,balanced,6468.5,0
11450,2024-02-24 00:00:00,organic,26-35,T1,cautious,3354.81,0
11451,2024-05-23 00:00:00,social,36-45,T1,balanced,3170.04,1
11452,2024-03-18 00:00:00,referral,26-35,T3+,cautious,5587.64,1
11453,2024-09-10 00:00:00,referral,36-45,T3+,balanced,3350.04,0
11454,2024-09-24 00:00:00,bank_partner,18-25,T3+,aggressive,18983.33,1
11455,2024-12-06 00:00:00,bank_partner,36-45,T2,balanced,10653.25,1
11456,2024-11-08 00:00:00,referral,26-35,T2,aggressive,10441.17,1
11457,2024-01-22 00:00:00,social,26-35,T2,balanced,2793.09,1
11458,2024-03-08 00:00:00,organic,26-35,T2,cautious,1675.35,0
11459,2024-11-05 00:00:00,bank_partner,26-35,T1,cautious,64604.7,1
11460,2024-09-26 00:00:00,social,26-35,T3+,balanced,48749.17,1
11461,2024-09-04 00:00:00,bank_partner,26-35,T3+,cautious,9675.11,1
11462,2024-09-12 00:00:00,social,26-35,T2,cautious,2134.24,1
11463,2024-03-13 00:00:00,organic,46-55,T3+,cautious,15507.4,1
11464,2024-05-30 00:00:00,organic,36-45,T2,cautious,15721.61,1
11465,2024-10-18 00:00:00,paid_search,18-25,T3+,balanced,500.0,1
11466,2024-11-05 00:00:00,social,36-45,T3+,aggressive,3355.55,1
11467,2024-05-30 00:00:00,referral,18-25,T3+,cautious,35730.2,0
11468,2024-05-17 00:00:00,referral,36-45,T2,aggressive,8234.32,1
11469,2024-02-11 00:00:00,referral,36-45,T3+,balanced,20235.36,1
11470,2024-04-06 00:00:00,social,36-45,T2,aggressive,2967.44,1
11471,2024-10-30 00:00:00,social,26-35,T1,cautious,15770.46,1
11472,2024-06-03 00:00:00,organic,26-35,T1,balanced,15060.27,0
11473,2024-09-20 00:00:00,social,36-45,T3+,cautious,115332.45,0
11474,2024-11-12 00:00:00,bank_partner,36-45,T1,balanced,4878.78,0
11475,2024-05-22 00:00:00,organic,36-45,T2,cautious,4019.09,1
11476,2024-10-01 00:00:00,referral,18-25,T2,balanced,500.0,0
11477,2024-07-14 00:00:00,organic,18-25,T3+,aggressive,5287.53,1
11478,2024-09-12 00:00:00,organic,46-55,T3+,balanced,36441.35,1
11479,2024-11-30 00:00:00,organic,26-35,T1,aggressive,15722.18,1
11480,2024-10-14 00:00:00,bank_partner,46-55,T1,cautious,117501.42,1
11481,2024-10-07 00:00:00,paid_search,46-55,T1,cautious,4315.93,1
11482,2024-10-05 00:00:00,organic,46-55,T1,cautious,4297.85,0
11483,2024-04-18 00:00:00,social,36-45,T2,aggressive,9315.51,0
11484,2024-05-23 00:00:00,referral,56+,T1,aggressive,17573.16,0
11485,2024-11-16 00:00:00,organic,18-25,T3+,aggressive,2368.73,1
11486,2024-03-12 00:00:00,referral,56+,T2,aggressive,46262.44,1
11487,2024-04-14 00:00:00,social,36-45,T1,cautious,8150.0,1
11488,2024-04-23 00:00:00,organic,26-35,T2,cautious,10018.99,0
11489,2024-10-03 00:00:00,paid_search,46-55,T3+,cautious,8289.9,1
11490,2024-09-14 00:00:00,social,26-35,T2,aggressive,3826.72,1
11491,2024-01-08 00:00:00,paid_search,18-25,T3+,balanced,2150.47,1
11492,2024-09-20 00:00:00,organic,18-25,T2,cautious,16173.67,1
11493,2024-09-12 00:00:00,paid_search,46-55,T3+,cautious,32466.11,1
11494,2024-07-30 00:00:00,bank_partner,36-45,T3+,cautious,7134.05,0
11495,2024-11-06 00:00:00,organic,26-35,T3+,cautious,13358.83,1
11496,2024-03-31 00:00:00,referral,46-55,T2,aggressive,8131.34,1
11497,2024-11-01 00:00:00,bank_partner,46-55,T2,cautious,5808.76,1
11498,2024-03-23 00:00:00,referral,56+,T1,balanced,17758.44,0
11499,2024-04-23 00:00:00,social,36-45,T2,aggressive,28219.26,0
11500,2024-11-14 00:00:00,social,26-35,T1,cautious,7194.72,1
11501,2024-05-21 00:00:00,bank_partner,26-35,T3+,balanced,35862.58,1
11502,2024-08-16 00:00:00,social,18-25,T1,balanced,9739.98,1
11503,2024-12-29 00:00:00,organic,36-45,T2,balanced,10352.55,0
11504,2024-11-10 00:00:00,bank_partner,26-35,T2,balanced,7537.83,0
11505,2024-09-12 00:00:00,bank_partner,36-45,T2,balanced,7976.25,1
11506,2024-09-23 00:00:00,paid_search,56+,T1,cautious,45703.82,1
11507,2024-01-31 00:00:00,referral,18-25,T2,cautious,128239.71,1
11508,2024-05-02 00:00:00,organic,36-45,T1,cautious,8586.11,0
11509,2024-08-29 00:00:00,bank_partner,36-45,T2,balanced,1488.42,1
11510,2024-08-12 00:00:00,referral,46-55,T1,cautious,9139.81,0
11511,2024-04-26 00:00:00,bank_partner,46-55,T1,cautious,1885.29,0
11512,2024-09-19 00:00:00,bank_partner,18-25,T3+,aggressive,11777.2,0
11513,2024-06-11 00:00:00,organic,36-45,T3+,cautious,10237.67,0
11514,2024-07-27 00:00:00,referral,46-55,T1,balanced,32476.12,1
11515,2024-06-18 00:00:00,bank_partner,36-45,T2,aggressive,4552.63,1
11516,2024-04-30 00:00:00,paid_search,26-35,T2,balanced,24032.46,1
11517,2024-09-23 00:00:00,social,56+,T1,balanced,11970.54,1
11518,2024-11-09 00:00:00,organic,56+,T3+,cautious,9837.98,1
11519,2024-03-01 00:00:00,paid_search,46-55,T2,cautious,5705.0,0
11520,2024-04-16 00:00:00,referral,26-35,T3+,aggressive,6455.56,1
11521,2024-08-14 00:00:00,bank_partner,18-25,T3+,balanced,22095.67,0
11522,2024-12-23 00:00:00,social,26-35,T3+,cautious,66121.26,1
11523,2024-10-01 00:00:00,paid_search,26-35,T3+,cautious,1779.88,0
11524,2024-08-13 00:00:00,organic,36-45,T3+,balanced,2668.22,0
11525,2024-12-12 00:00:00,organic,26-35,T3+,cautious,20517.08,1
11526,2024-08-17 00:00:00,organic,26-35,T3+,balanced,5962.61,1
11527,2024-12-17 00:00:00,organic,26-35,T1,balanced,12997.19,1
11528,2024-01-13 00:00:00,organic,36-45,T2,aggressive,2991.69,1
11529,2024-07-16 00:00:00,social,36-45,T2,cautious,24481.66,0
11530,2024-06-07 00:00:00,social,18-25,T3+,cautious,3243.17,1
11531,2024-10-13 00:00:00,organic,26-35,T3+,cautious,3662.32,1
11532,2024-06-14 00:00:00,organic,26-35,T2,balanced,2550.0,1
11533,2024-05-22 00:00:00,paid_search,36-45,T2,balanced,36500.84,1
11534,2024-03-03 00:00:00,organic,26-35,T2,aggressive,15565.08,1
11535,2024-02-11 00:00:00,social,36-45,T2,aggressive,14293.02,1
11536,2024-01-15 00:00:00,referral,46-55,T1,balanced,5491.74,0
11537,2024-10-18 00:00:00,social,26-35,T3+,balanced,8833.81,1
11538,2024-09-04 00:00:00,organic,46-55,T2,cautious,47676.12,1
11539,2024-11-18 00:00:00,organic,26-35,T2,balanced,26788.77,0
11540,2024-12-12 00:00:00,organic,26-35,T1,aggressive,16629.43,0
11541,2024-08-09 00:00:00,bank_partner,36-45,T3+,cautious,5032.62,1
11542,2024-02-23 00:00:00,paid_search,36-45,T1,balanced,4290.11,1
11543,2024-07-07 00:00:00,organic,56+,T1,aggressive,14084.64,1
11544,2024-03-28 00:00:00,referral,26-35,T2,balanced,4244.02,1
11545,2024-02-02 00:00:00,organic,18-25,T2,balanced,22437.11,1
11546,2024-07-10 00:00:00,paid_search,36-45,T2,balanced,7099.18,1
11547,2024-08-07 00:00:00,social,26-35,T3+,balanced,4185.66,1
11548,2024-11-16 00:00:00,organic,56+,T2,cautious,1493.17,1
11549,2024-09-30 00:00:00,paid_search,18-25,T3+,cautious,10914.46,0
11550,2024-11-25 00:00:00,bank_partner,26-35,T1,cautious,31394.64,0
11551,2024-10-04 00:00:00,social,36-45,T3+,aggressive,19582.12,1
11552,2024-06-21 00:00:00,paid_search,46-55,T2,balanced,7935.7,1
11553,2024-07-12 00:00:00,organic,46-55,T2,aggressive,24771.82,0
11554,2024-09-04 00:00:00,referral,46-55,T3+,cautious,3232.05,1
11555,2024-12-19 00:00:00,organic,26-35,T2,aggressive,2154.74,1
11556,2024-07-06 00:00:00,referral,26-35,T2,balanced,1635.78,0
11557,2024-12-10 00:00:00,paid_search,56+,T3+,aggressive,3118.11,0
11558,2024-04-01 00:00:00,social,26-35,T1,aggressive,8475.69,0
11559,2024-06-06 00:00:00,organic,36-45,T1,balanced,23972.6,1
11560,2024-03-27 00:00:00,referral,36-45,T2,aggressive,1733.27,1
11561,2024-12-20 00:00:00,organic,36-45,T2,balanced,8103.55,0
11562,2024-02-26 00:00:00,social,26-35,T2,balanced,9721.02,1
11563,2024-12-23 00:00:00,organic,18-25,T3+,cautious,653.33,1
11564,2024-06-14 00:00:00,organic,46-55,T1,balanced,38912.11,0
11565,2024-12-03 00:00:00,organic,46-55,T1,aggressive,29118.57,1
11566,2024-07-19 00:00:00,referral,18-25,T1,cautious,23879.74,0
11567,2024-11-23 00:00:00,paid_search,36-45,T3+,balanced,22936.22,1
11568,2024-02-29 00:00:00,paid_search,36-45,T3+,balanced,23649.49,1
11569,2024-11-21 00:00:00,bank_partner,26-35,T3+,cautious,7209.57,1
11570,2024-12-23 00:00:00,social,26-35,T1,balanced,1698.14,1
11571,2024-02-26 00:00:00,paid_search,46-55,T2,cautious,1221.18,1
11572,2024-10-06 00:00:00,paid_search,26-35,T2,balanced,13705.43,1
11573,2024-07-16 00:00:00,referral,36-45,T1,balanced,20706.8,1
11574,2024-09-17 00:00:00,bank_partner,26-35,T1,balanced,8242.51,1
11575,2024-12-01 00:00:00,paid_search,36-45,T2,cautious,6731.11,1
11576,2024-01-20 00:00:00,organic,36-45,T3+,aggressive,26884.79,0
11577,2024-11-29 00:00:00,bank_partner,36-45,T1,balanced,6692.94,1
11578,2024-03-23 00:00:00,referral,36-45,T3+,aggressive,21306.67,1
11579,2024-04-13 00:00:00,social,36-45,T2,cautious,5509.53,1
11580,2024-05-02 00:00:00,paid_search,36-45,T1,aggressive,4543.94,1
11581,2024-06-07 00:00:00,social,36-45,T1,balanced,3996.83,1
11582,2024-12-24 00:00:00,social,18-25,T1,cautious,8227.19,1
11583,2024-01-15 00:00:00,organic,26-35,T3+,aggressive,23444.75,1
11584,2024-09-29 00:00:00,paid_search,18-25,T1,balanced,3072.08,0
11585,2024-10-13 00:00:00,organic,36-45,T3+,aggressive,4244.99,1
11586,2024-12-23 00:00:00,social,36-45,T3+,balanced,5062.79,0
11587,2024-01-11 00:00:00,bank_partner,26-35,T1,cautious,18878.75,1
11588,2024-06-13 00:00:00,organic,46-55,T3+,cautious,31861.63,1
11589,2024-05-30 00:00:00,organic,56+,T2,balanced,264506.35,0
11590,2024-08-06 00:00:00,organic,36-45,T2,balanced,14806.36,1
11591,2024-05-25 00:00:00,paid_search,26-35,T3+,balanced,5441.58,1
11592,2024-07-17 00:00:00,referral,26-35,T3+,aggressive,2557.34,1
11593,2024-09-02 00:00:00,organic,46-55,T1,balanced,18256.91,1
11594,2024-07-31 00:00:00,social,26-35,T2,balanced,8591.16,1
11595,2024-12-08 00:00:00,organic,36-45,T3+,balanced,13955.66,0
11596,2024-07-02 00:00:00,social,26-35,T1,cautious,125784.37,0
11597,2024-09-23 00:00:00,organic,36-45,T2,aggressive,8785.84,1
11598,2024-12-31 00:00:00,social,36-45,T2,cautious,60185.19,1
11599,2024-04-23 00:00:00,bank_partner,46-55,T2,cautious,9286.67,1
11600,2024-07-13 00:00:00,social,36-45,T1,balanced,12038.64,1
11601,2024-10-15 00:00:00,paid_search,18-25,T1,aggressive,7513.32,1
11602,2024-08-21 00:00:00,organic,18-25,T1,cautious,27038.76,1
11603,2024-08-23 00:00:00,paid_search,26-35,T3+,balanced,34464.18,1
11604,2024-08-12 00:00:00,social,36-45,T2,balanced,1439.97,1
11605,2024-07-12 00:00:00,referral,26-35,T3+,balanced,2666.48,1
11606,2024-11-12 00:00:00,organic,36-45,T2,cautious,13470.51,1
11607,2024-08-03 00:00:00,referral,46-55,T2,aggressive,13834.45,1
11608,2024-06-11 00:00:00,organic,18-25,T1,balanced,889.06,0
11609,2024-06-21 00:00:00,paid_search,36-45,T3+,cautious,1719.3,1
11610,2024-12-17 00:00:00,organic,36-45,T1,balanced,7088.62,0
11611,2024-07-03 00:00:00,paid_search,36-45,T2,cautious,5382.03,1
11612,2024-11-04 00:00:00,organic,26-35,T1,cautious,1180.57,1
11613,2024-09-07 00:00:00,referral,18-25,T1,cautious,4768.49,1
11614,2024-07-01 00:00:00,organic,18-25,T2,balanced,2920.1,1
11615,2024-11-22 00:00:00,organic,26-35,T1,cautious,8272.06,1
11616,2024-03-17 00:00:00,organic,18-25,T2,balanced,16108.88,1
11617,2024-05-22 00:00:00,social,36-45,T2,balanced,25574.82,0
11618,2024-11-11 00:00:00,organic,26-35,T2,balanced,14750.11,0
11619,2024-07-24 00:00:00,referral,26-35,T3+,cautious,32818.32,1
11620,2024-03-12 00:00:00,bank_partner,26-35,T2,aggressive,503.13,1
11621,2024-03-23 00:00:00,bank_partner,26-35,T2,balanced,5015.39,0
11622,2024-02-22 00:00:00,organic,36-45,T2,aggressive,44796.45,0
11623,2024-04-15 00:00:00,bank_partner,56+,T2,balanced,45915.49,1
11624,2024-06-09 00:00:00,social,26-35,T2,cautious,12002.98,1
11625,2024-02-16 00:00:00,paid_search,36-45,T3+,cautious,2604.83,1
11626,2024-08-22 00:00:00,paid_search,46-55,T1,balanced,5114.39,0
11627,2024-03-24 00:00:00,organic,18-25,T2,balanced,7489.78,1
11628,2024-12-13 00:00:00,paid_search,36-45,T1,aggressive,45782.95,1
11629,2024-12-02 00:00:00,social,26-35,T2,cautious,5515.48,1
11630,2024-06-29 00:00:00,social,26-35,T3+,balanced,15604.29,0
11631,2024-07-27 00:00:00,organic,36-45,T2,aggressive,7355.37,1
11632,2024-06-19 00:00:00,bank_partner,26-35,T1,balanced,3594.4,1
11633,2024-05-29 00:00:00,organic,36-45,T1,aggressive,5445.5,1
11634,2024-08-04 00:00:00,referral,36-45,T2,balanced,3906.22,1
11635,2024-07-29 00:00:00,paid_search,46-55,T1,balanced,8170.71,1
11636,2024-01-29 00:00:00,paid_search,26-35,T1,balanced,3504.84,1
11637,2024-11-13 00:00:00,paid_search,46-55,T3+,balanced,5009.66,1
11638,2024-01-01 00:00:00,organic,26-35,T1,balanced,2158.23,1
11639,2024-05-09 00:00:00,social,46-55,T3+,aggressive,42376.2,1
11640,2024-06-11 00:00:00,social,46-55,T3+,balanced,39948.81,1
11641,2024-11-12 00:00:00,organic,18-25,T3+,cautious,13950.17,0
11642,2024-05-25 00:00:00,organic,26-35,T3+,balanced,500.0,0
11643,2024-06-20 00:00:00,referral,18-25,T3+,aggressive,2361.5,0
11644,2024-11-27 00:00:00,organic,36-45,T1,cautious,6439.37,1
11645,2024-07-06 00:00:00,referral,18-25,T3+,aggressive,3446.64,1
11646,2024-01-15 00:00:00,social,26-35,T2,aggressive,3985.08,1
11647,2024-07-28 00:00:00,paid_search,36-45,T1,cautious,21216.84,1
11648,2024-04-29 00:00:00,referral,26-35,T3+,balanced,6506.39,1
11649,2024-09-11 00:00:00,organic,26-35,T3+,balanced,2650.47,1
11650,2024-02-16 00:00:00,bank_partner,18-25,T1,balanced,13896.76,1
11651,2024-07-19 00:00:00,bank_partner,36-45,T1,cautious,571.82,1
11652,2024-12-04 00:00:00,referral,26-35,T2,cautious,27766.88,1
11653,2024-08-17 00:00:00,paid_search,26-35,T2,cautious,6501.2,0
11654,2024-02-09 00:00:00,organic,26-35,T2,cautious,4712.49,1
11655,2024-06-01 00:00:00,paid_search,26-35,T1,aggressive,8345.15,1
11656,2024-10-03 00:00:00,social,18-25,T1,cautious,2837.78,1
11657,2024-12-27 00:00:00,bank_partner,56+,T2,aggressive,32595.41,1
11658,2024-02-04 00:00:00,paid_search,26-35,T1,cautious,8768.54,1
11659,2024-08-14 00:00:00,referral,26-35,T3+,cautious,3290.45,1
11660,2024-09-04 00:00:00,organic,26-35,T2,cautious,23801.76,1
11661,2024-12-02 00:00:00,social,18-25,T1,aggressive,4103.02,1
11662,2024-10-29 00:00:00,organic,36-45,T3+,cautious,6331.64,1
11663,2024-06-25 00:00:00,organic,26-35,T3+,balanced,2514.87,0
11664,2024-12-16 00:00:00,organic,26-35,T1,balanced,6721.45,0
11665,2024-05-09 00:00:00,organic,26-35,T2,cautious,4757.18,0
11666,2024-05-07 00:00:00,bank_partner,36-45,T2,cautious,6009.62,0
11667,2024-01-16 00:00:00,organic,46-55,T2,balanced,26984.5,1
11668,2024-08-09 00:00:00,bank_partner,36-45,T1,balanced,22537.92,1
11669,2024-04-17 00:00:00,paid_search,18-25,T2,balanced,5560.58,1
11670,2024-09-11 00:00:00,paid_search,36-45,T1,cautious,8307.81,1
11671,2024-02-13 00:00:00,organic,46-55,T1,balanced,13102.96,0
11672,2024-12-13 00:00:00,bank_partner,36-45,T1,aggressive,2044.27,0
11673,2024-06-29 00:00:00,social,36-45,T3+,balanced,29033.14,1
11674,2024-08-16 00:00:00,paid_search,18-25,T1,balanced,1741.65,0
11675,2024-09-22 00:00:00,bank_partner,26-35,T2,balanced,1011.36,1
11676,2024-10-12 00:00:00,social,36-45,T3+,cautious,4114.87,0
11677,2024-10-15 00:00:00,referral,26-35,T3+,balanced,8187.8,1
11678,2024-07-03 00:00:00,organic,18-25,T2,balanced,8760.06,1
11679,2024-04-14 00:00:00,social,18-25,T3+,balanced,7499.63,1
11680,2024-08-02 00:00:00,social,26-35,T2,cautious,10469.51,1
11681,2024-05-12 00:00:00,referral,46-55,T1,balanced,12743.13,1
11682,2024-06-12 00:00:00,organic,36-45,T2,balanced,5261.93,0
11683,2024-09-06 00:00:00,paid_search,36-45,T2,cautious,2241.75,1
11684,2024-08-24 00:00:00,paid_search,18-25,T3+,aggressive,696.73,1
11685,2024-10-24 00:00:00,organic,18-25,T3+,cautious,5334.8,1
11686,2024-04-29 00:00:00,organic,26-35,T2,aggressive,2056.81,0
11687,2024-05-22 00:00:00,paid_search,36-45,T2,balanced,2260.36,1
11688,2024-08-20 00:00:00,social,36-45,T3+,cautious,5606.37,1
11689,2024-01-29 00:00:00,social,46-55,T3+,cautious,159186.34,0
11690,2024-12-03 00:00:00,organic,18-25,T1,aggressive,500.0,1
11691,2024-11-28 00:00:00,social,18-25,T1,balanced,13771.9,0
11692,2024-09-23 00:00:00,referral,36-45,T2,balanced,11234.77,1
11693,2024-07-03 00:00:00,organic,46-55,T3+,aggressive,1983.19,1
11694,2024-10-24 00:00:00,organic,26-35,T3+,balanced,83709.5,0
11695,2024-07-10 00:00:00,organic,56+,T2,balanced,18823.02,1
11696,2024-12-06 00:00:00,social,56+,T3+,balanced,3514.58,0
11697,2024-11-01 00:00:00,organic,36-45,T2,cautious,30328.57,0
11698,2024-09-06 00:00:00,social,36-45,T1,cautious,27195.26,0
11699,2024-12-21 00:00:00,paid_search,18-25,T2,cautious,1856.91,1
11700,2024-08-09 00:00:00,social,18-25,T3+,balanced,500.0,0
11701,2024-12-11 00:00:00,referral,26-35,T1,cautious,14183.54,1
11702,2024-02-15 00:00:00,organic,26-35,T2,balanced,3076.56,0
11703,2024-05-23 00:00:00,referral,26-35,T2,balanced,20274.41,1
11704,2024-01-19 00:00:00,social,56+,T2,cautious,33200.57,0
11705,2024-01-02 00:00:00,referral,26-35,T2,cautious,9716.68,0
11706,2024-10-16 00:00:00,organic,56+,T2,balanced,6528.29,1
11707,2024-08-06 00:00:00,organic,26-35,T2,balanced,2690.12,1
11708,2024-10-02 00:00:00,paid_search,56+,T1,cautious,13272.71,1
11709,2024-09-11 00:00:00,paid_search,46-55,T3+,cautious,4966.72,0
11710,2024-12-25 00:00:00,organic,26-35,T1,aggressive,3099.17,0
11711,2024-10-08 00:00:00,organic,36-45,T3+,cautious,66494.07,0
11712,2024-01-14 00:00:00,paid_search,26-35,T3+,balanced,53028.25,1
11713,2024-12-05 00:00:00,social,26-35,T1,cautious,5055.4,1
11714,2024-01-27 00:00:00,referral,26-35,T1,cautious,8856.25,1
11715,2024-05-30 00:00:00,organic,26-35,T1,cautious,5819.63,1
11716,2024-12-06 00:00:00,organic,36-45,T2,balanced,40025.43,1
11717,2024-12-29 00:00:00,paid_search,26-35,T2,cautious,6788.93,0
11718,2024-09-24 00:00:00,paid_search,36-45,T2,aggressive,5133.37,1
11719,2024-12-11 00:00:00,paid_search,36-45,T1,cautious,5689.42,1
11720,2024-04-23 00:00:00,social,56+,T3+,cautious,12987.21,1
11721,2024-11-02 00:00:00,paid_search,26-35,T2,balanced,42846.01,1
11722,2024-09-19 00:00:00,organic,46-55,T2,cautious,25443.34,0
11723,2024-01-05 00:00:00,paid_search,46-55,T1,balanced,9338.91,1
11724,2024-05-17 00:00:00,organic,26-35,T3+,balanced,28184.23,1
11725,2024-04-03 00:00:00,paid_search,46-55,T2,cautious,41374.81,1
11726,2024-06-05 00:00:00,bank_partner,26-35,T1,cautious,23840.1,1
11727,2024-07-26 00:00:00,referral,26-35,T3+,cautious,7109.0,0
11728,2024-06-18 00:00:00,referral,26-35,T1,balanced,19928.01,1
11729,2024-06-20 00:00:00,bank_partner,26-35,T2,balanced,6710.4,1
11730,2024-01-06 00:00:00,paid_search,18-25,T2,balanced,40101.75,1
11731,2024-08-17 00:00:00,social,18-25,T3+,balanced,7620.66,1
11732,2024-11-25 00:00:00,bank_partner,26-35,T1,cautious,2327.78,1
11733,2024-08-27 00:00:00,social,36-45,T2,balanced,7789.84,0
11734,2024-06-13 00:00:00,organic,26-35,T2,cautious,14774.63,1
11735,2024-06-03 00:00:00,organic,26-35,T2,aggressive,10676.09,1
11736,2024-03-06 00:00:00,organic,26-35,T1,aggressive,3541.11,1
11737,2024-09-09 00:00:00,organic,18-25,T2,cautious,2937.82,1
11738,2024-03-17 00:00:00,social,36-45,T3+,balanced,3030.81,1
11739,2024-06-08 00:00:00,bank_partner,46-55,T1,balanced,17448.55,1
11740,2024-12-13 00:00:00,organic,18-25,T1,aggressive,10477.06,0
11741,2024-09-06 00:00:00,referral,26-35,T2,balanced,14905.13,1
11742,2024-09-21 00:00:00,social,26-35,T3+,balanced,6847.37,0
11743,2024-08-13 00:00:00,referral,26-35,T3+,cautious,3053.34,0
11744,2024-07-08 00:00:00,social,26-35,T3+,aggressive,28155.8,1
11745,2024-06-17 00:00:00,social,46-55,T1,balanced,19085.18,1
11746,2024-06-13 00:00:00,bank_partner,26-35,T3+,balanced,29893.24,0
11747,2024-10-16 00:00:00,referral,26-35,T3+,aggressive,10959.59,1
11748,2024-01-10 00:00:00,organic,26-35,T3+,aggressive,8440.79,1
11749,2024-06-01 00:00:00,bank_partner,26-35,T1,aggressive,3301.19,0
11750,2024-04-22 00:00:00,referral,26-35,T3+,aggressive,17267.81,1
11751,2024-04-22 00:00:00,organic,26-35,T3+,aggressive,14780.05,1
11752,2024-01-09 00:00:00,paid_search,26-35,T3+,aggressive,29253.41,1
11753,2024-09-12 00:00:00,organic,18-25,T3+,balanced,2635.04,0
11754,2024-06-08 00:00:00,bank_partner,18-25,T3+,cautious,12563.38,1
11755,2024-10-21 00:00:00,organic,46-55,T2,balanced,6800.44,1
11756,2024-07-07 00:00:00,organic,18-25,T3+,aggressive,16683.29,1
11757,2024-10-18 00:00:00,referral,36-45,T3+,cautious,11860.39,1
11758,2024-05-25 00:00:00,referral,46-55,T2,aggressive,11810.34,1
11759,2024-04-10 00:00:00,referral,26-35,T1,balanced,12875.94,1
11760,2024-01-28 00:00:00,organic,46-55,T1,cautious,2068.12,1
11761,2024-05-27 00:00:00,organic,46-55,T3+,balanced,23503.32,0
11762,2024-02-05 00:00:00,organic,46-55,T1,balanced,9624.17,0
11763,2024-01-03 00:00:00,social,26-35,T3+,aggressive,4345.51,1
11764,2024-04-28 00:00:00,organic,36-45,T1,balanced,3361.08,1
11765,2024-05-18 00:00:00,bank_partner,18-25,T3+,balanced,5994.45,1
11766,2024-12-10 00:00:00,referral,36-45,T3+,balanced,19618.29,1
11767,2024-12-02 00:00:00,referral,18-25,T2,cautious,3776.9,1
11768,2024-05-28 00:00:00,organic,36-45,T2,cautious,7009.37,1
11769,2024-02-21 00:00:00,paid_search,46-55,T3+,balanced,17066.36,1
11770,2024-12-14 00:00:00,referral,18-25,T1,balanced,789.47,0
11771,2024-06-15 00:00:00,paid_search,18-25,T3+,balanced,17116.63,0
11772,2024-11-30 00:00:00,paid_search,36-45,T2,aggressive,32442.95,1
11773,2024-02-20 00:00:00,paid_search,46-55,T3+,cautious,9262.01,1
11774,2024-04-14 00:00:00,paid_search,36-45,T1,balanced,7638.98,1
11775,2024-07-18 00:00:00,bank_partner,26-35,T2,balanced,5561.66,1
11776,2024-10-15 00:00:00,organic,18-25,T3+,cautious,14670.76,1
11777,2024-04-05 00:00:00,social,36-45,T1,balanced,1889.77,0
11778,2024-02-11 00:00:00,bank_partner,18-25,T2,cautious,500.0,1
11779,2024-01-10 00:00:00,paid_search,26-35,T2,balanced,2315.94,1
11780,2024-01-04 00:00:00,social,26-35,T1,cautious,3088.0,1
11781,2024-02-17 00:00:00,referral,36-45,T3+,aggressive,1162.65,1
11782,2024-06-06 00:00:00,organic,26-35,T3+,aggressive,3454.68,1
11783,2024-01-02 00:00:00,organic,46-55,T3+,balanced,44248.51,0
11784,2024-06-16 00:00:00,paid_search,18-25,T1,cautious,500.0,1
11785,2024-06-29 00:00:00,organic,26-35,T1,cautious,11375.06,1
11786,2024-07-07 00:00:00,organic,26-35,T3+,balanced,20559.95,1
11787,2024-08-29 00:00:00,bank_partner,56+,T1,balanced,4699.62,1
11788,2024-10-01 00:00:00,organic,18-25,T2,balanced,5973.17,1
11789,2024-09-27 00:00:00,paid_search,36-45,T1,aggressive,15621.94,1
11790,2024-06-09 00:00:00,organic,36-45,T2,aggressive,2524.36,1
11791,2024-02-16 00:00:00,social,36-45,T3+,balanced,7591.34,1
11792,2024-12-02 00:00:00,organic,46-55,T3+,balanced,22312.99,0
11793,2024-01-04 00:00:00,paid_search,26-35,T2,balanced,38820.42,0
11794,2024-02-01 00:00:00,referral,18-25,T3+,cautious,13347.96,1
11795,2024-10-10 00:00:00,referral,26-35,T3+,balanced,68953.24,1
11796,2024-03-05 00:00:00,bank_partner,46-55,T3+,balanced,57494.17,1
11797,2024-07-13 00:00:00,social,46-55,T1,cautious,51443.54,1
11798,2024-03-14 00:00:00,organic,36-45,T2,aggressive,13946.09,1
11799,2024-01-11 00:00:00,social,36-45,T1,cautious,3261.83,1
11800,2024-06-12 00:00:00,organic,46-55,T1,cautious,13093.59,0
11801,2024-11-24 00:00:00,bank_partner,46-55,T3+,balanced,9080.43,1
11802,2024-11-15 00:00:00,bank_partner,36-45,T3+,balanced,6584.04,1
11803,2024-01-21 00:00:00,social,36-45,T1,cautious,241555.26,1
11804,2024-05-25 00:00:00,paid_search,26-35,T2,cautious,6293.79,1
11805,2024-09-20 00:00:00,organic,18-25,T2,cautious,34714.76,0
11806,2024-12-17 00:00:00,bank_partner,18-25,T1,cautious,1141.78,1
11807,2024-04-11 00:00:00,referral,36-45,T2,cautious,3514.7,1
11808,2024-08-05 00:00:00,social,46-55,T2,aggressive,27003.8,0
11809,2024-03-18 00:00:00,social,36-45,T1,cautious,2904.38,0
11810,2024-05-15 00:00:00,paid_search,26-35,T2,cautious,4156.83,1
11811,2024-05-05 00:00:00,referral,36-45,T2,balanced,2803.6,1
11812,2024-04-09 00:00:00,social,26-35,T2,cautious,7801.52,0
11813,2024-10-31 00:00:00,bank_partner,26-35,T2,balanced,23551.6,1
11814,2024-09-04 00:00:00,referral,26-35,T1,cautious,3730.54,1
11815,2024-08-07 00:00:00,social,46-55,T1,cautious,44150.68,1
11816,2024-02-02 00:00:00,social,36-45,T1,balanced,4369.01,1
11817,2024-01-09 00:00:00,organic,26-35,T2,balanced,957.74,1
11818,2024-03-05 00:00:00,paid_search,18-25,T2,balanced,3765.25,1
11819,2024-12-11 00:00:00,organic,36-45,T2,cautious,3095.17,1
11820,2024-04-06 00:00:00,bank_partner,36-45,T3+,balanced,27209.38,1
11821,2024-09-04 00:00:00,bank_partner,36-45,T1,balanced,8675.32,0
11822,2024-06-10 00:00:00,referral,26-35,T2,cautious,5067.83,1
11823,2024-06-21 00:00:00,organic,36-45,T3+,balanced,2964.44,1
11824,2024-09-24 00:00:00,paid_search,18-25,T1,balanced,1551.01,1
11825,2024-09-07 00:00:00,referral,36-45,T2,balanced,25625.42,0
11826,2024-02-08 00:00:00,referral,26-35,T1,cautious,17579.67,1
11827,2024-07-17 00:00:00,paid_search,26-35,T2,balanced,563.88,0
11828,2024-07-02 00:00:00,organic,56+,T3+,balanced,3045.14,0
11829,2024-09-03 00:00:00,paid_search,36-45,T2,balanced,33077.48,0
11830,2024-05-24 00:00:00,organic,26-35,T2,aggressive,4437.52,1
11831,2024-12-22 00:00:00,paid_search,26-35,T3+,balanced,7332.56,0
11832,2024-07-16 00:00:00,organic,26-35,T1,balanced,19767.35,1
11833,2024-09-27 00:00:00,paid_search,26-35,T2,cautious,10512.58,1
11834,2024-02-11 00:00:00,referral,36-45,T1,cautious,4656.94,1
11835,2024-11-10 00:00:00,paid_search,36-45,T2,balanced,29498.99,1
11836,2024-03-10 00:00:00,referral,26-35,T3+,cautious,26764.52,1
11837,2024-12-21 00:00:00,referral,46-55,T2,aggressive,2032.39,1
11838,2024-07-26 00:00:00,organic,46-55,T2,balanced,10810.54,1
11839,2024-12-25 00:00:00,bank_partner,26-35,T3+,cautious,10777.15,1
11840,2024-12-01 00:00:00,organic,36-45,T3+,cautious,1260.85,0
11841,2024-08-27 00:00:00,paid_search,18-25,T3+,balanced,2226.65,1
11842,2024-08-31 00:00:00,referral,36-45,T3+,balanced,5567.7,1
11843,2024-10-11 00:00:00,organic,18-25,T3+,cautious,4140.95,1
11844,2024-07-12 00:00:00,organic,18-25,T2,aggressive,2827.82,1
11845,2024-02-02 00:00:00,paid_search,36-45,T1,balanced,3696.4,1
11846,2024-12-26 00:00:00,social,56+,T3+,balanced,16857.01,0
11847,2024-11-08 00:00:00,referral,36-45,T3+,cautious,4215.05,1
11848,2024-06-29 00:00:00,organic,26-35,T1,cautious,9870.79,1
11849,2024-08-03 00:00:00,paid_search,36-45,T1,balanced,12312.41,0
11850,2024-08-28 00:00:00,organic,46-55,T1,aggressive,46336.21,0
11851,2024-03-12 00:00:00,organic,26-35,T2,cautious,12329.91,0
11852,2024-01-21 00:00:00,organic,26-35,T3+,aggressive,9217.55,0
11853,2024-07-11 00:00:00,organic,26-35,T3+,cautious,2434.47,1
11854,2024-01-17 00:00:00,bank_partner,18-25,T3+,cautious,1939.41,0
11855,2024-08-13 00:00:00,paid_search,26-35,T2,cautious,1512.49,1
11856,2024-05-06 00:00:00,social,18-25,T3+,aggressive,9100.48,1
11857,2024-01-29 00:00:00,social,26-35,T3+,cautious,5106.01,1
11858,2024-11-28 00:00:00,paid_search,26-35,T2,balanced,6786.75,1
11859,2024-09-08 00:00:00,referral,26-35,T3+,balanced,12155.32,1
11860,2024-10-08 00:00:00,social,26-35,T2,balanced,17559.7,0
11861,2024-07-26 00:00:00,referral,46-55,T1,balanced,3468.86,1
11862,2024-08-19 00:00:00,organic,26-35,T2,balanced,78110.35,1
11863,2024-03-01 00:00:00,social,26-35,T3+,aggressive,11629.22,1
11864,2024-02-17 00:00:00,organic,26-35,T3+,cautious,1659.73,1
11865,2024-01-07 00:00:00,bank_partner,56+,T2,cautious,131673.05,0
11866,2024-07-17 00:00:00,organic,36-45,T1,cautious,16028.76,0
11867,2024-02-15 00:00:00,organic,18-25,T1,balanced,2018.38,1
11868,2024-09-03 00:00:00,referral,26-35,T1,balanced,7983.85,0
11869,2024-11-29 00:00:00,referral,26-35,T3+,balanced,1552.09,1
11870,2024-10-29 00:00:00,social,46-55,T3+,cautious,8257.81,1
11871,2024-03-25 00:00:00,referral,36-45,T2,cautious,24269.82,1
11872,2024-09-03 00:00:00,referral,46-55,T2,balanced,1335.07,0
11873,2024-02-21 00:00:00,organic,26-35,T2,cautious,7486.77,1
11874,2024-09-05 00:00:00,bank_partner,36-45,T2,cautious,32941.81,1
11875,2024-07-07 00:00:00,social,26-35,T1,aggressive,2712.19,1
11876,2024-06-27 00:00:00,paid_search,36-45,T1,cautious,4283.4,0
11877,2024-07-08 00:00:00,paid_search,36-45,T1,aggressive,7726.89,0
11878,2024-06-01 00:00:00,organic,36-45,T3+,cautious,14781.2,0
11879,2024-12-19 00:00:00,paid_search,26-35,T2,aggressive,2723.7,0
11880,2024-09-24 00:00:00,paid_search,26-35,T3+,balanced,3242.49,1
11881,2024-06-30 00:00:00,social,26-35,T3+,cautious,18225.6,1
11882,2024-02-21 00:00:00,organic,36-45,T1,cautious,6768.48,1
11883,2024-05-30 00:00:00,organic,56+,T1,balanced,14724.71,0
11884,2024-06-24 00:00:00,organic,26-35,T2,cautious,7978.12,0
11885,2024-12-04 00:00:00,organic,36-45,T1,balanced,9086.66,1
11886,2024-11-22 00:00:00,referral,18-25,T3+,balanced,1030.64,1
11887,2024-04-15 00:00:00,paid_search,36-45,T3+,cautious,4255.73,1
11888,2024-12-01 00:00:00,social,36-45,T2,balanced,9321.83,0
11889,2024-07-04 00:00:00,social,26-35,T1,aggressive,10345.92,1
11890,2024-10-05 00:00:00,bank_partner,36-45,T2,balanced,7178.56,1
11891,2024-11-13 00:00:00,organic,26-35,T1,cautious,24111.1,0
11892,2024-03-10 00:00:00,organic,56+,T2,balanced,35640.73,0
11893,2024-08-21 00:00:00,referral,18-25,T1,cautious,3034.83,0
11894,2024-02-03 00:00:00,paid_search,56+,T2,balanced,16042.18,1
11895,2024-10-19 00:00:00,paid_search,18-25,T3+,balanced,4561.0,1
11896,2024-01-28 00:00:00,organic,46-55,T3+,cautious,8503.6,1
11897,2024-07-27 00:00:00,organic,26-35,T1,cautious,24975.94,1
11898,2024-10-21 00:00:00,paid_search,26-35,T2,balanced,22718.79,1
11899,2024-12-22 00:00:00,referral,26-35,T2,cautious,4782.06,1
11900,2024-06-06 00:00:00,paid_search,26-35,T2,cautious,4986.19,1
11901,2024-08-19 00:00:00,paid_search,36-45,T1,balanced,76370.74,1
11902,2024-09-03 00:00:00,referral,36-45,T1,balanced,17270.2,0
11903,2024-12-27 00:00:00,paid_search,36-45,T1,cautious,3040.74,0
11904,2024-10-08 00:00:00,organic,26-35,T1,cautious,22338.48,1
11905,2024-10-10 00:00:00,bank_partner,26-35,T2,balanced,17626.4,1
11906,2024-07-09 00:00:00,referral,18-25,T3+,aggressive,5835.1,1
11907,2024-11-21 00:00:00,bank_partner,26-35,T2,aggressive,2975.51,1
11908,2024-11-13 00:00:00,paid_search,26-35,T3+,balanced,8812.41,1
11909,2024-06-20 00:00:00,paid_search,36-45,T2,aggressive,14826.07,0
11910,2024-10-24 00:00:00,bank_partner,36-45,T3+,cautious,3401.36,1
11911,2024-08-23 00:00:00,bank_partner,18-25,T1,balanced,8681.66,1
11912,2024-07-25 00:00:00,organic,36-45,T2,cautious,20795.39,1
11913,2024-09-18 00:00:00,paid_search,26-35,T1,balanced,7193.83,1
11914,2024-09-13 00:00:00,bank_partner,46-55,T3+,aggressive,20087.44,0
11915,2024-11-02 00:00:00,referral,36-45,T3+,cautious,5515.04,1
11916,2024-03-15 00:00:00,bank_partner,26-35,T3+,balanced,18879.24,1
11917,2024-06-22 00:00:00,social,36-45,T3+,cautious,2193.4,1
11918,2024-04-12 00:00:00,paid_search,36-45,T2,aggressive,1482.28,0
11919,2024-10-03 00:00:00,paid_search,46-55,T3+,balanced,38243.89,1
11920,2024-12-02 00:00:00,organic,36-45,T3+,cautious,7324.16,1
11921,2024-08-02 00:00:00,paid_search,26-35,T3+,balanced,18244.11,1
11922,2024-06-08 00:00:00,social,26-35,T1,cautious,6833.69,1
11923,2024-03-15 00:00:00,paid_search,26-35,T2,balanced,27372.05,1
11924,2024-02-05 00:00:00,paid_search,56+,T3+,balanced,191430.55,1
11925,2024-11-07 00:00:00,bank_partner,36-45,T1,balanced,1930.54,1
11926,2024-12-17 00:00:00,social,46-55,T2,aggressive,7776.4,1
11927,2024-01-05 00:00:00,paid_search,46-55,T3+,balanced,2283.78,0
11928,2024-08-20 00:00:00,organic,36-45,T3+,cautious,11470.61,1
11929,2024-11-03 00:00:00,paid_search,46-55,T2,cautious,13292.92,0
11930,2024-03-03 00:00:00,organic,26-35,T2,aggressive,2393.56,1
11931,2024-05-26 00:00:00,organic,36-45,T1,aggressive,8045.1,1
11932,2024-05-02 00:00:00,organic,46-55,T2,aggressive,6875.93,0
11933,2024-01-02 00:00:00,paid_search,26-35,T2,cautious,13634.97,1
11934,2024-01-29 00:00:00,referral,56+,T2,aggressive,15569.02,1
11935,2024-06-08 00:00:00,bank_partner,56+,T3+,balanced,6310.95,1
11936,2024-01-06 00:00:00,organic,18-25,T2,cautious,34887.75,1
11937,2024-08-21 00:00:00,social,46-55,T3+,cautious,17808.86,0
11938,2024-06-20 00:00:00,organic,18-25,T3+,cautious,4376.23,1
11939,2024-03-07 00:00:00,organic,46-55,T3+,balanced,4979.89,1
11940,2024-10-04 00:00:00,paid_search,18-25,T1,aggressive,10833.04,1
11941,2024-12-15 00:00:00,organic,46-55,T3+,balanced,38277.73,1
11942,2024-01-09 00:00:00,social,26-35,T2,cautious,8812.97,1
11943,2024-05-10 00:00:00,paid_search,46-55,T3+,aggressive,35827.58,1
11944,2024-06-12 00:00:00,referral,56+,T2,balanced,9521.83,1
11945,2024-06-28 00:00:00,social,26-35,T2,balanced,1298.56,0
11946,2024-03-20 00:00:00,referral,18-25,T1,balanced,2572.05,1
11947,2024-08-25 00:00:00,organic,36-45,T1,balanced,24327.59,1
11948,2024-07-24 00:00:00,organic,18-25,T3+,cautious,7927.73,1
11949,2024-12-24 00:00:00,referral,18-25,T1,cautious,14822.8,0
11950,2024-02-23 00:00:00,paid_search,18-25,T1,balanced,15140.72,1
11951,2024-12-05 00:00:00,organic,18-25,T1,cautious,4175.6,1
11952,2024-01-30 00:00:00,social,26-35,T1,cautious,12239.9,0
11953,2024-05-01 00:00:00,organic,18-25,T1,balanced,4678.64,0
11954,2024-07-27 00:00:00,organic,36-45,T1,aggressive,906.64,0
11955,2024-02-11 00:00:00,social,36-45,T2,balanced,10262.49,1
11956,2024-04-20 00:00:00,referral,36-45,T1,cautious,9612.25,1
11957,2024-11-15 00:00:00,referral,26-35,T3+,aggressive,1589.29,0
11958,2024-03-15 00:00:00,organic,26-35,T1,balanced,16128.7,0
11959,2024-02-28 00:00:00,social,46-55,T1,cautious,11586.34,1
11960,2024-10-21 00:00:00,paid_search,26-35,T1,cautious,20906.38,1
11961,2024-02-21 00:00:00,referral,36-45,T1,balanced,3604.45,1
11962,2024-02-02 00:00:00,social,26-35,T2,aggressive,3465.55,1
11963,2024-06-17 00:00:00,organic,26-35,T1,balanced,3855.19,1
11964,2024-03-27 00:00:00,organic,18-25,T1,aggressive,12787.11,0
11965,2024-04-28 00:00:00,paid_search,26-35,T1,balanced,28111.25,0
11966,2024-12-07 00:00:00,social,46-55,T1,cautious,6048.74,1
11967,2024-03-21 00:00:00,organic,46-55,T1,balanced,19771.84,1
11968,2024-12-18 00:00:00,organic,56+,T1,cautious,30789.01,1
11969,2024-05-10 00:00:00,paid_search,18-25,T2,balanced,13369.74,1
11970,2024-08-24 00:00:00,referral,36-45,T1,balanced,3343.73,1
11971,2024-06-30 00:00:00,bank_partner,26-35,T1,cautious,20822.77,1
11972,2024-10-13 00:00:00,paid_search,56+,T1,aggressive,125640.47,1
11973,2024-12-08 00:00:00,social,56+,T3+,cautious,19095.99,1
11974,2024-10-28 00:00:00,referral,36-45,T3+,aggressive,24191.65,1
11975,2024-11-05 00:00:00,paid_search,36-45,T3+,balanced,3401.42,1
11976,2024-09-06 00:00:00,paid_search,36-45,T1,balanced,41014.75,1
11977,2024-03-17 00:00:00,social,26-35,T2,balanced,3086.88,1
11978,2024-09-12 00:00:00,bank_partner,36-45,T3+,aggressive,886.58,1
11979,2024-07-16 00:00:00,bank_partner,56+,T3+,aggressive,107757.93,1
11980,2024-05-08 00:00:00,bank_partner,26-35,T2,cautious,3811.32,0
11981,2024-02-15 00:00:00,organic,26-35,T3+,balanced,7941.76,1
11982,2024-01-04 00:00:00,referral,26-35,T3+,balanced,23270.32,1
11983,2024-11-26 00:00:00,social,36-45,T3+,balanced,61031.74,1
11984,2024-12-26 00:00:00,referral,26-35,T3+,balanced,11527.66,1
11985,2024-03-05 00:00:00,referral,36-45,T3+,cautious,5331.57,1
11986,2024-04-23 00:00:00,paid_search,36-45,T3+,cautious,16853.81,1
11987,2024-11-24 00:00:00,social,46-55,T2,balanced,11175.52,1
11988,2024-01-24 00:00:00,referral,36-45,T2,balanced,8542.69,1
11989,2024-06-05 00:00:00,referral,46-55,T1,aggressive,2110.4,1
11990,2024-01-28 00:00:00,paid_search,26-35,T3+,cautious,11720.23,0
11991,2024-10-30 00:00:00,organic,56+,T2,balanced,32099.05,0
11992,2024-06-19 00:00:00,organic,46-55,T2,balanced,26872.18,0
11993,2024-12-07 00:00:00,referral,56+,T1,balanced,6468.45,1
11994,2024-08-16 00:00:00,organic,26-35,T1,balanced,1976.44,0
11995,2024-07-30 00:00:00,organic,36-45,T1,balanced,1321.09,1
11996,2024-05-06 00:00:00,social,26-35,T1,cautious,10631.13,1
11997,2024-07-07 00:00:00,paid_search,46-55,T1,cautious,68305.55,1
11998,2024-09-26 00:00:00,paid_search,46-55,T1,cautious,7475.58,1
11999,2024-10-26 00:00:00,paid_search,26-35,T3+,balanced,15519.21,1
12000,2024-04-08 00:00:00,referral,26-35,T2,cautious,2653.86,1
